{"type":"FeatureCollection","features":[{"type":"Feature","geometry":{"type":"MultiLineString","coordinates":[[[-9.102749315587062,38.443079483141986],[-8.999919388432772,38.12273010839229],[-9.224919229040808,37.232354321556215],[-8.999919389028747,36.90321229501777],[-8.887419468724744,36.90321229501777],[-8.774539548689916,37.073387515315204]]]},"properties":{"id":"sagres","name":"Sagres","type":"submarine_cable","color":"#4ab970"}},{"type":"Feature","geometry":{"type":"MultiLineString","coordinates":[[[-9.331559153496016,38.69016197235561],[-10.799918113296798,38.29952060596935],[-13.949915881808863,35.60293032290622],[-16.199914288484848,34.06399293012595],[-16.818663850156838,32.81231878328768],[-16.908893785641084,32.64727814971002]]]},"properties":{"id":"continente-madeira","name":"Continente-Madeira","type":"submarine_cable","color":"#37b98e"}},{"type":"Feature","geometry":{"type":"MultiLineString","coordinates":[[[-2.463794019281238,36.84186246473152],[-2.474924011396666,36.452085168401965],[-2.587423931700698,35.72479789980608],[-2.938093683283,35.29227411254928]]]},"properties":{"id":"almera-melilla-alme","name":"Almería-Melilla (ALME)","type":"submarine_cable","color":"#2dbdbd"}},{"type":"Feature","geometry":{"type":"MultiLineString","coordinates":[[[-2.612503913933836,36.76384217382926],[-2.587423931700698,36.452085168401965],[-2.699923852004702,35.72479789980608],[-2.938093683283,35.29227411254928]]]},"properties":{"id":"roquetas-melilla-cam","name":"Roquetas-Melilla (CAM)","type":"submarine_cable","color":"#2fa685"}},{"type":"Feature","geometry":{"type":"MultiLineString","coordinates":[[[10.575066743867296,58.95251729542423],[10.687566664171413,59.06836550247505],[10.627410456786663,59.30270062107644],[10.432776844666904,59.420833],[10.575066743867296,59.52787100202244],[10.713429844666706,59.716322],[10.743816624323387,59.755303236949885],[10.749978844667083,59.91228]],[[7.994848571718109,58.143805],[8.325068337787286,58.071153849283064],[8.662568098699438,58.18995038432837],[8.775068019003356,58.30835113805557],[8.758668030621124,58.470047],[9.112567779915338,58.48521196181832],[9.450067540827291,58.60262683506721],[9.900067222043361,58.836278671696704],[10.016391030621492,59.081111],[10.237566982955343,59.01049014866166],[10.575066743867296,58.95251729542423],[10.912566504779448,58.9234942737622],[11.20667303062163,58.914588]],[[5.730790175598344,58.97083300000011],[5.681320210643349,58.95251729542423],[5.574100286598963,58.936182],[5.287570489579423,58.81686755183256],[5.400070409883341,58.641677771384906],[5.625070250491405,58.48521196181832],[5.98870999288556,58.42414318521941],[6.075069931707276,58.26235337816772],[6.525069612923346,58.04800849338315],[6.786929427419381,58.06443999999988],[6.883089359298907,57.91562072284151],[7.762568737459446,57.93205658695149],[7.994848571718109,58.143805]],[[5.332770458155238,60.390723705809705],[5.231320529427279,60.4006285487248],[5.175070569275306,60.37283301419319],[5.175070569275306,60.20556098402312],[5.287570489579423,60.14961328483298],[5.343820449731396,60.06551290255851],[5.343820449731396,60.009326600079135],[5.512570330187287,59.89666699242801],[5.512570330187287,59.78362399299567],[5.400070409883341,59.72695845149599],[5.287570489579423,59.64177978429328],[5.298330481956754,59.446389],[5.287570489579423,59.3849418504106],[5.297950482226156,59.324351],[5.400070409883341,59.15499595157121],[5.625070250491405,59.09726664990825],[5.737570170795323,59.039440006437644],[5.730790175598344,58.97083300000011]]]},"properties":{"id":"n0r5ke-viking-2","name":"N0r5ke Viking 2","type":"submarine_cable","color":"#939597"}},{"type":"Feature","geometry":{"type":"MultiLineString","coordinates":[[[-3.445566038986811,47.69743263943647],[-3.487423294132753,47.679325091117676],[-3.482272326026703,47.650237709593256]]]},"properties":{"id":"groix-4","name":"Groix 4","type":"submarine_cable","color":"#d41f77"}},{"type":"Feature","geometry":{"type":"MultiLineString","coordinates":[[[25.160525741214457,37.53871578201091],[25.031181503020235,37.53033301336055],[24.936036453932786,37.44158260544046]],[[25.32858123375334,37.439068852078265],[25.256431343450913,37.53033301336055],[25.207101363906816,37.53871578201091]],[[25.23814603454855,37.12223292912822],[25.42505622399557,37.26220545235364],[25.419566227884786,37.439068852078265]],[[25.375976258764183,37.101840262262925],[25.368681263932217,37.1278819376671],[25.289696105851903,37.12524684923886]],[[25.402346240083602,36.47742641187406],[25.537556144299515,36.63285342448927],[25.537556144299515,36.8131986057773],[25.4036362391696,36.97726017314534]],[[26.99507401460926,36.771580493133],[26.816614586178503,36.86493814541953],[26.550055427035574,36.87321951208918],[26.100055745819503,36.60275474032986],[25.76255598490755,36.452085168401965],[25.650056064603433,36.36154264004162],[25.464805590265655,36.34542571389255]],[[28.120055780442613,36.41157986414535],[27.900054470683443,36.452085168401965],[27.337554869163455,36.63285342448927],[27.14344500667275,36.78290060770803]],[[26.107170134812577,35.20695416056722],[26.32505558642754,35.511407641688464],[26.887555187947555,35.63341465389544],[27.11255502855559,35.90725015614032],[27.56255470977166,35.998318944906714],[27.851088976705284,35.927851575374916]],[[20.11287183870283,39.385367990966586],[20.192934930479254,39.42299840248003],[20.2774113097486,39.449988876096256]],[[19.858511225015405,39.64154007419046],[19.956685097840875,39.64097793514631],[20.02100005227959,39.683031225295395]]]},"properties":{"id":"thetis","name":"Thetis","type":"submarine_cable","color":"#939597"}},{"type":"Feature","geometry":{"type":"MultiLineString","coordinates":[[[24.011428,37.88817800000015],[24.300057020955563,37.88634204539153],[24.750056702171463,37.70855130533482],[24.936036453932786,37.44158260544046]]]},"properties":{"id":"vodafone-greece-domestic","name":"Vodafone Greece Domestic","type":"submarine_cable","color":"#aebf3c"}},{"type":"Feature","geometry":{"type":"MultiLineString","coordinates":[[[-0.210385615616985,39.66255600000014],[0.450073917103168,39.438156638047246],[2.250072641967279,39.438156638047246],[2.462767999999841,39.49995262687452]]]},"properties":{"id":"romulo","name":"Romulo","type":"submarine_cable","color":"#e1b524"}},{"type":"Feature","geometry":{"type":"MultiLineString","coordinates":[[[-0.376975497007066,39.459646713436825],[0.450073917103168,39.264170198047566],[0.900073597723349,39.03151487972863],[1.418889999999891,38.906115],[1.800072960155291,38.94407095870682],[2.475072482575314,39.264170198047566],[2.911560000000463,39.61353499999987]]]},"properties":{"id":"penbal-4","name":"Penbal-4","type":"submarine_cable","color":"#11b690"}},{"type":"Feature","geometry":{"type":"MultiLineString","coordinates":[[[18.405157000000173,40.30200700000023],[18.575061076596427,40.50147554220263],[19.125060686971437,40.757615606267876],[19.376194000000368,40.786713]]]},"properties":{"id":"trans-adriatic-express","name":"Trans Adriatic Express","type":"submarine_cable","color":"#939597"}},{"type":"Feature","geometry":{"type":"MultiLineString","coordinates":[[[-9.337909149593656,38.68884285232525],[-9.48588404476692,38.61206568189243],[-9.465249059384888,38.44269570155157],[-9.20269924478157,38.1880826025359],[-9.112419308736776,37.99143181402275],[-8.86959721512926,37.95721527519197]]]},"properties":{"id":"sines-to-lisbon","name":"Sines to Lisbon","type":"submarine_cable","color":"#939597"}},{"type":"Feature","geometry":{"type":"MultiLineString","coordinates":[[[5.400070409883341,55.35590422837552],[5.287570489579423,55.32391450012926],[5.1805,55.32214999999985]],[[8.406946000000488,55.44848],[7.650068816559269,55.39851702575686],[5.400070409883341,55.35590422837552],[4.513130000000331,55.41867]]]},"properties":{"id":"hronn","name":"Hronn","type":"submarine_cable","color":"#009f94"}},{"type":"Feature","geometry":{"type":"MultiLineString","coordinates":[[[23.035747220000616,36.52322222000015],[23.287557738815394,36.240655233214795],[23.51255757823165,36.05897312258671],[23.72250000000031,35.51233333000022],[23.400057657331615,36.05897312258671],[23.175057819107565,36.240655233214795],[23.035747220000616,36.52322222000015]]]},"properties":{"id":"minoas-east-and-west","name":"Minoas East and West","type":"submarine_cable","color":"#939597"}},{"type":"Feature","geometry":{"type":"MultiLineString","coordinates":[[[23.363239415358947,37.97395211499247],[23.344432695544725,37.76786242517883],[23.400552658172842,37.67887792909195],[23.51255757942343,37.58978657360316],[23.96255726004344,36.51238821239372],[24.41255694125951,35.90725015614032],[24.93160657356006,35.40468665209255],[24.525056861563428,35.90725015614032],[24.075057180943446,36.51238821239372],[23.625057499727376,37.58978657360316],[23.45667262080096,37.67887792909195],[23.400557656381352,37.76786242517883],[23.363239415358947,37.97395211499247]]]},"properties":{"id":"apollo-east-and-west","name":"Apollo East and West","type":"submarine_cable","color":"#939597"}},{"type":"Feature","geometry":{"type":"MultiLineString","coordinates":[[[65.75491565746177,16.45525448044245],[65.47502785162396,20.375041253465525],[66.15002737344807,23.298598065875808],[67.02854675228852,24.889731701235718]],[[70.25491246962179,13.251828813229451],[71.10002386801577,16.965102599435824],[72.76336607969563,19.07608000000056]],[[74.70002131714793,5.659359572411404],[74.25002163652775,4.837826391986653],[73.54027200000024,4.211916943628012]],[[90.00001047908799,1.018588540518891],[90.90000984092407,5.061986954416028],[91.35000952273603,9.524411345019587],[92.7000085663839,14.801154224791475],[92.70000856578818,17.823934412537824],[91.99482906593991,21.42927456664907]],[[101.25000250948804,2.030661890474562],[101.47500234950016,2.592701464601845],[101.44360237174422,2.751228763607116]],[[79.65001781052402,2.967259208499712],[79.87501765113208,3.191933974144717],[80.55001717295599,5.435413643888296],[80.53985718074958,5.940820740520053]],[[44.55004267627157,10.963556857789229],[43.6500433138396,11.399928123027479],[43.147993669496344,11.594869371447714]],[[33.08276564295244,28.365936333863488],[33.3568006038885,28.161052262220892],[33.806300287239566,27.364667993860166],[34.34067490927956,26.562513149236622],[34.76254961101566,25.754704263415306],[35.775048893751716,24.12261698700334],[37.01254801709567,22.05298561667763],[37.80004745922369,20.375041253465525],[39.15004650227564,18.251816319028308],[40.16254578501355,16.53419619825962],[41.68129470911566,14.801154224791475],[42.187544350483705,13.929303843271725],[42.834418892231554,13.054150695298716],[43.14379367306765,12.834868817846598],[43.22816861329568,12.615395567393307],[43.5094184134596,12.395734000022884],[44.55004267627157,10.963556857789229],[45.450042037511906,10.853089690745378],[48.60003980602389,11.625479959569759],[52.65003693696784,12.615395567393307],[54.00003598061588,12.834868817846598],[55.35003502307174,13.054150695298716],[58.95003247279979,14.801154224791475],[65.75491565746177,16.45525448044245],[70.25491246962179,13.251828813229451],[71.71468744134648,9.199470523025639],[73.90979788338853,6.52510525956319],[74.70002131714793,5.659359572411404],[78.30001876747187,3.491423322320486],[79.65001781052402,2.967259208499712],[81.00001685476795,2.592701464601845],[85.50001366692797,0.118642751260523],[90.00001047908799,1.018588540518891],[92.7000085663839,4.389285926050889],[94.27500745064,5.286069860821101],[95.40000665367998,5.957818681088611],[97.42500521915215,5.510071711803135],[97.87500490036805,5.286069860821101],[98.55000442219213,4.613591578862867],[99.90000346584,3.266814816815753],[101.25000250948804,2.030661890474562],[102.15000187192001,1.524657538529198],[102.68279723997185,1.417686731666521],[103.34065102845304,1.074949758433263],[103.50000091556822,1.144999057563268],[103.64609081207684,1.338585852071589]],[[32.28445136473579,31.259278146448963],[31.950051601627564,30.83702058239723],[31.950051601627564,30.077385962079745],[32.17500143988693,29.63833609362638],[32.287551362539546,29.082725788288855],[33.08276564295244,28.365936333863488]],[[32.28445136473579,31.259278146448963],[32.06255152193168,30.83702058239723],[32.06255152193168,30.077385962079745],[32.23124640063858,29.63833609362638],[32.400051282843634,29.082725788288855],[33.08276564295244,28.365936333863488]],[[5.372530429989041,43.29362778902916],[5.287570490175341,41.744358789482135],[5.850070091695329,38.651811712711236],[6.750069455319476,37.94551049545976],[9.00006786020731,37.41128363492314],[10.348617230365335,37.41128363492314],[11.137566345387313,37.232354321556215],[11.812565868412491,35.419780517080454],[14.400064035395388,33.565491482352144],[16.65006244147537,32.62301664000799],[19.35006052877148,33.00121852265437],[22.05005861487558,33.17402209671795],[25.20005638457954,32.43331330641712],[27.90005447187562,31.766210259726904],[31.050052239195594,31.79808736758517],[32.28445136473579,31.259278146448963]],[[35.775048893751716,24.12261698700334],[36.900048095003655,24.361968609765853],[37.80004745803154,24.32780311165172],[38.10697724059963,24.070648010417926]]]},"properties":{"id":"seamewe-6","name":"SeaMeWe-6","type":"submarine_cable","color":"#939597"}},{"type":"Feature","geometry":{"type":"MultiLineString","coordinates":[[[9.000067859611391,37.94551049545976],[9.562567461131408,37.58978657360316],[9.867357245811377,37.27681625347506]],[[23.400057658523423,34.52869067055079],[24.300057020955563,34.89859296336232],[24.7684,35.07162999999974]],[[11.812565866615529,37.232354321556215],[12.060515691561449,37.54682622128206],[12.591375316091586,37.650586172786205]],[[8.10006849777534,38.21117903702327],[6.975069294139445,37.44106375352243],[6.557241714000355,37.00295935602452]],[[2.250072641967279,37.41128363492314],[2.812572243487267,37.232354321556215],[3.035712085412854,36.76212778210993]],[[4.950070728667271,41.18233034647952],[2.70007232258726,41.26694507168793],[2.168725042748747,41.38560270176822]],[[6.075069932303194,38.651811712711236],[5.400070410479259,41.744358789482135],[5.372530429989041,43.29362778902916],[5.062570649567277,41.744358789482135],[4.950070728667271,41.18233034647952],[4.837570808959242,40.04369219282995],[4.725070888059435,38.651811712711236]],[[-2.249924170192742,35.876870570092734],[-2.474924011396666,35.450334489671604],[-2.93303499999962,35.170020000000136]],[[-4.499922576272752,35.78566189952613],[-4.724922416880787,35.60293032290622],[-5.391811944449927,35.565918934421404]],[[-9.449919069648843,38.12273010839229],[-9.112419308736776,37.94551049545976],[-8.86959721512926,37.95721527519197]],[[-9.331559153496016,38.69016197235561],[-9.449919069648843,38.12273010839229],[-9.674918909064814,37.232354321556215],[-9.562418989356786,36.69301553274448],[-8.999919388432772,36.33133835588808],[-5.843848196000124,36.13475690999988],[-5.512421859604729,36.180141298407335],[-5.279170071717544,36.29793294218615],[-4.499922576272752,35.78566189952613],[-2.249924170192742,35.876870570092734],[2.250072641967279,37.41128363492314],[4.725070888059435,38.651811712711236],[6.075069932303194,38.651811712711236],[8.10006849777534,38.21117903702327],[9.000067859611391,37.94551049545976],[10.348617229769246,37.94551049545976],[10.912566505375338,37.58978657360316],[11.812565866615529,37.232354321556215],[12.993815030999286,35.96797434759347],[14.4000640347993,35.23621340052833],[16.65006244087931,34.867831005273246],[19.35006052817539,35.23621340052833],[22.05005861487558,34.85244570884623],[23.400057658523423,34.52869067055079],[25.20005638398345,34.12610104005762],[28.8000538337115,32.717717936758305],[31.500051920411693,31.79808736758517],[32.28445136473579,31.259278146448963]]]},"properties":{"id":"medusa-submarine-cable-system","name":"Medusa Submarine Cable System","type":"submarine_cable","color":"#939597"}},{"type":"Feature","geometry":{"type":"MultiLineString","coordinates":[[[-5.809831648320881,54.85780200253134],[-5.624921779312757,55.04558670490414],[-5.174922098096772,55.23848220955432],[-4.854172325318928,55.240403607445785]]]},"properties":{"id":"scotland-northern-ireland-4","name":"Scotland-Northern Ireland 4","type":"submarine_cable","color":"#939597"}},{"type":"Feature","geometry":{"type":"MultiLineString","coordinates":[[[-5.538691840398826,54.6430377426982],[-5.287422018400775,54.68951871778469],[-5.174922098096772,54.75449236881684],[-5.115502140190387,54.844025368730655]]]},"properties":{"id":"scotland-northern-ireland-3","name":"Scotland-Northern Ireland 3","type":"submarine_cable","color":"#939597"}},{"type":"Feature","geometry":{"type":"MultiLineString","coordinates":[[[31.050052239791512,33.18971466460036],[31.500051920411693,34.06399293012595],[32.46665123625965,34.76657169708608]],[[24.01216722549529,35.51204255863749],[23.737557420031465,35.876870570092734],[22.95005797790344,36.05897312258671],[22.05005861487558,35.541926812580044]],[[10.575066743867296,41.520132020893186],[9.900067222043361,41.18233034647952],[9.521447490261124,40.923576400000115]],[[14.850063715419452,38.68109155517462],[13.95006435298751,38.41714222345635],[13.358654772543531,38.116121616583314]],[[11.025066425083367,41.23875232896668],[11.700065946907301,41.520132020893186],[12.495760000000303,41.90311000000014]],[[9.787567301143554,43.07331078300331],[9.562567461131408,42.90873242772045],[9.45088100000018,42.68833887338428]],[[8.775068019003356,43.5100310084091],[8.887567939307473,44.051519228735145],[8.938867903561913,44.41035752885395]],[[35.00509500000021,29.602772333573512],[34.76254960922759,31.030017262986235],[34.769679604772676,32.04501185826473],[33.75005032708759,32.43331330641712],[31.050052239791512,33.18971466460036],[25.20005638398345,34.544136272978676],[23.400057658523423,34.99080971857586],[22.05005861487558,35.541926812580044],[18.00006148452735,37.05299936423356],[15.75006307844734,37.67887792909195],[15.525063237243387,38.06370455144145],[15.637563157547504,38.24063815947207],[15.30006339663555,38.50523297944315],[14.850063715419452,38.68109155517462],[13.500064671771412,38.856519049872816],[12.150065628123372,39.69832335493328],[11.025066425083367,41.23875232896668],[10.575066743867296,41.520132020893186],[10.0125671411555,42.41235450073577],[9.787567301143554,43.07331078300331],[8.775068019003356,43.5100310084091],[7.200069135343199,43.155434676482145],[6.412569692619428,42.8262780103758],[5.962570011403358,42.8262780103758],[5.372530429989041,43.29362778902916]]]},"properties":{"id":"blue","name":"Blue","type":"submarine_cable","color":"#939597"}},{"type":"Feature","geometry":{"type":"MultiLineString","coordinates":[[[20.50804500000038,54.708935],[20.250059890011443,55.16357807203099],[20.250059890011443,56.178604166899504],[20.475059730619478,57.571890279005004],[21.375059093051448,58.641677771384906],[22.275058456079336,59.16460804545571],[23.175057818511476,59.394489266856795],[23.85005734033541,59.56588346342974],[24.4125569418554,59.6796637072089],[25.31255630428737,59.736409384078485],[27.45005479006346,59.622821769410336],[28.669815,59.445881]]]},"properties":{"id":"kaliningrad-cable","name":"Kaliningrad Cable","type":"submarine_cable","color":"#12b5d6"}},{"type":"Feature","geometry":{"type":"MultiLineString","coordinates":[[[5.730770176208466,58.97082148666851],[3.600071685019429,59.90606992457441],[0.000074235291265,60.978877356942235],[-2.249924170788745,60.978877356942235],[-5.399921938704722,60.46539258705809],[-7.649920344784732,60.01869762196867],[-8.999919388432772,59.6796637072089],[-12.599916838756798,59.06836550247485],[-23.39990918734489,57.08606597586797],[-39.59989771112103,55.33458061322915],[-53.99988751062921,54.64614507279089],[-56.24988591670922,54.51574605479345],[-58.04988464157316,54.25369445417246],[-59.3998836852212,53.72455893284996],[-60.32608400000028,53.301683]]]},"properties":{"id":"leif-erikson","name":"Leif Erikson","type":"submarine_cable","color":"#939597"}},{"type":"Feature","geometry":{"type":"MultiLineString","coordinates":[[[1.729273010906667,52.46882263773057],[2.250072641967279,52.623261418527164],[3.825071526223184,52.623261418527164],[4.275071207439254,52.55491468334145],[4.613670967572091,52.45850170510121]]]},"properties":{"id":"scylla","name":"Scylla","type":"submarine_cable","color":"#b82a3f"}},{"type":"Feature","geometry":{"type":"MultiLineString","coordinates":[[[132.87400354365312,42.81266817722016],[132.2999805127964,42.688609263361],[131.9107473900959,43.15461540791463],[132.2999805127964,42.356956853355285],[133.19997987522854,41.85617959436382],[134.5499789188764,41.744358789482135],[137.9249765279964,43.07331078300331],[140.84997445590054,45.59408578894727],[141.9749736589405,45.75130568537162],[142.64997318076465,45.90808394896206],[142.64997318076465,46.375769707492964],[142.7262426579845,46.94899298742823],[142.87497302137248,46.375769707492964],[143.09997286198055,45.90808394896206],[143.99997222441252,45.75130568537162],[148.49996903657254,46.375769707492964],[153.44996552994863,48.35656994073389],[158.8499617045408,50.835111137952765],[159.2999613857567,52.23455229126495],[158.65001067431294,53.016667896883945],[159.74996106697276,52.509290959647046],[161.99995947305277,52.782322857763916],[168.2999550100769,53.8574734403048],[174.02495095443587,55.90629872677903],[179.97797408100845,60.528451203359]],[[-179.99979825111026,60.528451203359],[-179.5278259292099,60.869535166329314],[-178.62782656677786,62.781080493725966],[-179.9778256104259,63.79239592397769]],[[179.99994672169302,63.79239592397769],[178.6499476780448,64.38232115988146],[177.5021457567835,64.72719091772652],[178.6499476780448,64.4794309101757],[179.99994672169302,64.1870673067454]],[[-179.99979825111026,64.1870673067454],[-172.79980335165416,63.99042806051594],[-170.09980526435817,64.76870273314239],[-169.1998059019262,66.07850491576798],[-170.54980494557398,67.66857826204097],[-175.94980112016623,69.47590081058132],[-179.99979672288995,70.17422909007658]],[[179.99994824991276,70.17422909007658],[177.749948315613,70.55228024514142],[171.89995245980478,70.70155250919242],[170.09995373494084,70.25039973315279],[170.30700000000033,69.70289999999989],[169.64995405372477,70.25039973315279],[159.74996106697276,72.13481545023674],[148.9499687177886,72.81230997105112],[141.7499738183325,73.07627580961613],[134.99997860009248,72.81230997105112],[131.39998115036443,71.99624816540918],[128.8645,71.6375],[130.49998178793246,72.27235077127645],[130.94998146914853,74.09330000483297],[123.74998656969242,76.27568108311115],[112.94999422050827,77.49983814503042],[104.8499999586202,77.883517178072],[99.45000378402821,77.49983814503042],[94.50000729065212,77.20425577257376],[86.85001270998012,75.95170116422631],[81.00001685417206,74.45913348599123],[80.531,73.5077],[78.75001844809205,73.71908229166698],[71.55002354863595,73.9695009786144],[65.70002769282789,72.81230997105112],[63.00002960553181,70.55228024514122],[61.66370000000029,69.7512],[60.7500311994518,70.4018983878988],[59.40003215580393,70.55228024514142],[57.60003343093982,70.4018983878988],[53.1000366187798,69.94402310253798],[44.100042994459585,69.63309228121122],[34.650049688923644,69.47590081058132],[33.750050326491674,69.3175488665178],[33.08685,68.97279]]]},"properties":{"id":"polar-express","name":"Polar Express","type":"submarine_cable","color":"#939597"}},{"type":"Feature","geometry":{"type":"MultiLineString","coordinates":[[[1.729273010906667,52.46882263773057],[2.250072641967279,52.486461320100375],[3.825071526223184,52.486461320100375],[4.524191030960452,52.3636663818082]]]},"properties":{"id":"zeus","name":"Zeus","type":"submarine_cable","color":"#2181bf"}},{"type":"Feature","geometry":{"type":"MultiLineString","coordinates":[[[25.20005638398345,34.40502275071583],[24.975056542779498,34.867831005273246],[24.7684,35.07162999999974]],[[35.521924071875446,26.562513149236622],[35.550049051355614,27.097918575216056],[35.6965489475738,27.354010300438773]],[[37.34051417738746,24.138084599448433],[37.80004745803154,24.12261698700334],[38.10697724059963,24.070648010417926]],[[44.55004267627157,11.515266158038685],[43.6500433138396,11.620598816364094],[43.147993669496344,11.594869371447714]],[[54.000035981807684,13.382708036125592],[54.112535901515685,14.583511645118676],[54.112535901515685,16.53419619825962],[54.14808587692781,17.095827186725558]],[[32.65318110412005,29.113614162980156],[33.07505080526349,28.951554732193216],[33.53928797639452,28.161052262220892],[34.537549769215445,27.364667993860166],[35.521924071875446,26.562513149236622],[36.337548494079556,25.754704263415306],[37.350047776813625,24.12261698700334],[38.587546900159566,22.05298561667763],[39.037546580779576,20.93646800014895],[39.37504634228762,20.375041253465525],[41.737544668671546,16.53419619825962],[42.468794150647625,14.801154224791475],[42.97504379201547,13.929303843271725],[43.22816861269959,13.054150695298716],[43.32660604296558,12.834868817846598],[43.41098098319361,12.615395567393307],[43.87504315444764,12.395734000022884],[44.55004267627157,11.515266158038685],[45.450042038703714,11.405009147532837],[48.600039807215495,12.17588718550806],[52.650036938159616,13.163718917913684],[54.000035981807684,13.382708036125592],[55.35003502426392,13.492128176464178],[58.95003247399197,15.23578178303569],[60.97503103946394,16.53419619825962],[66.60002705585575,18.67864702215462],[70.2000245055838,18.89166158430325],[72.87590260996691,19.076074257285313]],[[29.672353215170432,31.047641997876354],[29.98130299690345,30.85311851188075],[30.375052717967577,30.78065656729467],[31.050052239791512,30.41752891425901],[31.725051761615447,30.174689758499085],[32.17505144283152,29.589085940778546],[32.65318110412005,29.113614162980156]],[[29.672353215170432,31.047641997876354],[29.98130299690345,30.80481662242596],[30.375052717967577,30.6839556754382],[31.050052239791512,30.320465424761352],[31.725051761615447,30.077385962079745],[32.17505144283152,29.54020324258323],[32.65318110412005,29.113614162980156]],[[8.483758225965857,44.305748230542434],[9.112567779915338,44.051519228735145],[9.675067381435326,43.07331078300331],[9.900067221447472,42.41235450073577],[10.462566823563378,41.520132020893186],[11.475066106299465,39.69832335493328],[11.812565867211418,37.85673997565843],[13.668814552823221,35.96797434759347],[14.4000640347993,35.648652461506344],[16.65006244087931,35.419780517080454],[19.35006052817539,35.78566189952613],[22.05005861487558,35.26683686030964],[23.400057658523423,34.80627255689055],[25.20005638398345,34.40502275071583],[27.900054471279333,32.52821504536482],[29.672353215170432,31.047641997876354]]]},"properties":{"id":"india-europe-xpress-iex","name":"India Europe Xpress (IEX)","type":"submarine_cable","color":"#939597"}},{"type":"Feature","geometry":{"type":"MultiLineString","coordinates":[[[17.1271521023086,39.08066915816414],[17.775061643323397,39.03151487972863],[19.80006020879557,38.94407095870682],[20.751719534631093,38.95926674743771]]]},"properties":{"id":"ionian","name":"Ionian","type":"submarine_cable","color":"#939597"}},{"type":"Feature","geometry":{"type":"MultiLineString","coordinates":[[[28.9882337004031,41.04061756347724],[29.02505367372345,41.43584595024919],[28.350054151899513,41.85617959436382],[27.985354410256235,41.884178753453995],[28.237554231595595,42.19047067556437],[28.237554231595595,42.85377505385463],[28.350054151899513,43.18278481586091]],[[27.91285446161595,43.20837344983079],[28.350054151899513,43.18278481586091],[28.800053833115584,43.42838486264793],[28.800053833115584,43.67299239292208],[28.582753987052882,43.81718785722393]]]},"properties":{"id":"kafos","name":"KAFOS","type":"submarine_cable","color":"#bc74b0"}},{"type":"Feature","geometry":{"type":"MultiLineString","coordinates":[[[-16.199914288484848,23.848523186488023],[-16.087414368180845,23.745587983103547],[-15.934424476560338,23.721081977553723]],[[-3.7124231341447,3.266814816815753],[-4.026242911831901,5.323508791824736]],[[1.350073278939419,4.164912849976844],[1.350073279535309,5.061986954416028],[1.2278033661525,6.126307297218631]],[[2.250072641967279,4.052702097268195],[2.250072641967279,5.061986954416028],[2.440112507341183,6.356673335458169]],[[-7.631920358132049,33.60539511325592],[-8.999919389028747,33.315153958129144],[-12.149917156944838,30.126049846722907],[-13.274916359984843,28.161052262220892],[-14.399915563024848,26.964304734562802],[-16.199914288484848,23.848523186488023],[-16.64991396910486,22.884654113882362],[-17.999913012752813,19.952622905164304],[-17.999913013348873,16.53419619825962],[-17.999913012752813,11.735650161405744],[-16.64991396910486,8.635699417327544],[-15.299914926648881,7.744889052551343],[-14.399915564216826,6.852191098754417],[-12.149917156944838,5.061986954416028],[-10.799918113296798,3.715978119297972],[-6.299921301732752,3.715978119297972],[-3.7124231341447,3.266814816815753],[-0.899925126544701,3.279837005485092],[1.350073278939419,4.164912849976844],[2.250072641967279,4.052702097268195],[5.400070410479259,1.918228780215685],[7.200069135343199,0.793562652607278],[8.55006817899124,0.568578852526286],[9.454267538448192,0.394465191855375]]]},"properties":{"id":"maroc-telecom-west-africa","name":"Maroc Telecom West Africa","type":"submarine_cable","color":"#b27032"}},{"type":"Feature","geometry":{"type":"MultiLineString","coordinates":[[[32.28445136473579,31.259278146448963],[32.1750514422356,30.83702058239723],[32.17505144283152,30.077385962079745],[32.28748136258923,29.63833609362638],[32.45645624288596,29.34456698948989],[32.878270945260255,28.951554732193216],[33.08276564295244,28.365936333863488]],[[35.6965489475738,27.354010300438773],[35.100049370139544,27.097918575216056],[34.50942478913956,26.562513149236622]],[[42.89066885178764,13.054150695298716],[43.1786936471521,13.1445250990119],[43.24734359852002,13.320340603999938]],[[60.97503104005983,16.749771315644608],[60.97503104005983,22.469443964829594],[59.85003183701983,23.401884131852626],[58.50003279396768,24.04558710925602],[56.92503390911571,24.711631506331287],[56.339934323605746,25.0514826710928]],[[32.28445136473579,31.259278146448963],[31.27505207980363,31.79808736758517],[27.900054470683443,31.957307911004875],[25.200056383387533,32.717717936758305],[22.05005861487558,33.45605770170522],[19.350060527579473,33.37780603565923],[16.650062440283392,33.00121852265437],[14.400064034203382,33.84625607000376],[12.150065628130307,35.419780517080454],[11.925065787515337,35.78566189952613],[11.700065946907301,36.240655233214795],[11.36256618480337,37.232354321556215],[10.348617229173357,37.58978657360316],[9.000067859015502,37.58978657360316],[7.425068975355316,37.94551049545976],[6.75006945353141,38.651811712711236],[5.737570170795323,41.744358789482135],[5.372530429392953,43.29362778902916]],[[32.28445136473579,31.259278146448963],[32.287551362539546,30.83702058239723],[32.287551363135435,30.077385962079745],[32.343736322141524,29.63833609362638],[32.512711202438425,29.34456698948989],[32.934525904812716,28.951554732193216],[33.08276564295244,28.365936333863488],[33.38487558519094,28.161052262220892],[33.918800206947566,27.364667993860166],[34.50942478854367,26.562513149236622],[34.987549450431516,25.754704263415306],[36.0000487331676,24.12261698700334],[37.237547856511526,22.05298561667763],[38.02504729863958,20.375041253465525],[39.37504634228762,18.251816319028308],[40.387545625025695,16.53419619825962],[41.79379462882369,14.801154224791475],[42.30004427019156,13.929303843271725],[42.89066885178764,13.054150695298716],[43.17191865195173,12.834868817846598],[43.25629359217959,12.615395567393307],[43.50941841286368,12.395734000022884],[44.550042675675655,11.073982781226704],[45.450042038107796,10.963556857789229],[48.600039806619776,11.735650161405744],[52.650036937563726,12.725155923562937],[54.000035981807684,12.944533868662859],[54.67503550363159,12.615395567393307],[53.550036300591586,9.524411345019587],[50.850038213295704,5.510071711803135],[47.700040444187806,1.468426767332062],[45.22504219809568,-1.006358951224712],[42.30004427019156,-3.254657364797595],[39.67289613069207,-4.052924364763157]],[[44.550042675675655,11.184367066436806],[43.650043313243685,11.489461709300429],[43.147993668900284,11.594869371447714]],[[45.450042038107796,10.963556857789229],[45.23580218987712,10.705441883254508],[45.01088234921272,10.435118748992778]],[[54.00003598121177,12.944533868662859],[55.35003502485981,13.710817738179543],[58.95003247458786,15.452760959322148],[60.97503104005983,16.749771315644608],[65.70002769282789,20.375041253465525],[66.2625272943479,23.298598065875808],[67.02854675169263,24.889731701235718]]]},"properties":{"id":"africa-1","name":"Africa-1","type":"submarine_cable","color":"#939597"}},{"type":"Feature","geometry":{"type":"MultiLineString","coordinates":[[[1.440993215126866,51.35857144425913],[1.800072960751208,51.37665177535368],[2.475072482575314,51.37665177535368],[2.912772172504702,51.231220564626796]],[[1.693573035600792,52.71519390619602],[2.250072641371389,52.782322857763916],[3.150072003803359,52.782322857763916],[4.050071366235301,52.91820015099415],[4.700770905273572,52.83690603960173]]]},"properties":{"id":"bt-north-sea","name":"BT North Sea","type":"submarine_cable","color":"#939597"}},{"type":"Feature","geometry":{"type":"MultiLineString","coordinates":[[[-9.048319354741835,53.273886331643325],[-9.899918751460802,53.05365242709044],[-10.799918113892772,53.05365242709044],[-11.249917795108757,53.32328423459367],[-12.599916838160823,54.94878902385568],[-12.599916838756798,55.67438282806273],[-12.374916998148876,56.42826046882331],[-12.599916838756798,58.836278671696704],[-13.949915882404753,59.52787100202244],[-21.149910781860854,60.869535166329314],[-21.824910303684874,62.15710017959802],[-22.72490966611693,62.98618902459583],[-22.27490998490086,63.49271968258239],[-21.37812062019495,63.85625749318217]]]},"properties":{"id":"iris","name":"IRIS","type":"submarine_cable","color":"#939597"}},{"type":"Feature","geometry":{"type":"MultiLineString","coordinates":[[[-10.799918113296798,49.441203723128126],[-7.199920663568747,50.88245364291035],[-5.399921938704722,51.02419288763869],[-4.544402544762761,50.82820142743802]],[[-70.9502755028152,42.46364601310964],[-69.2998766713773,42.41235450073577],[-61.199882409489234,41.744358789482135],[-50.39989006030518,43.564400497117504],[-39.999995084534305,46.17414676370771],[-23.39990918734489,50.16726116292705],[-16.199914287888873,50.16726116292705],[-10.799918113296798,49.441203723128126],[-5.849921620516682,46.99317357497881],[-3.149923533220687,45.11977579961189],[-1.2118249061879,44.893811870344166]]]},"properties":{"id":"amitie","name":"Amitie","type":"submarine_cable","color":"#939597"}},{"type":"Feature","geometry":{"type":"MultiLineString","coordinates":[[[8.616168131569623,57.1116502612407],[8.662568098699438,57.289273621719786],[7.987568576875333,57.93205658695149],[7.996258571315195,58.15106571642474]]]},"properties":{"id":"havsil","name":"Havsil","type":"submarine_cable","color":"#2b2f83"}},{"type":"Feature","geometry":{"type":"MultiLineString","coordinates":[[[-16.199914287888873,46.272182853813746],[-9.899918750864742,46.89076287862241],[-5.849921619920792,45.96024524125332],[-4.274922736260805,44.694829089578064],[-2.94919367482359,43.27422025200056]],[[-72.93786409419286,40.75584308487123],[-71.09987539624133,39.78482855593708],[-68.39987730894534,39.524987333511575],[-61.199882409489234,38.651811712711236],[-50.39989006030518,39.00237890905848],[-39.59989771112103,40.387320290775165],[-23.39990918734489,44.694829089578064],[-16.199914287888873,46.272182853813746],[-10.799918113296798,49.294684219425534],[-8.099920026000802,49.73293362369091],[-4.544402544762761,50.82820142743802]]]},"properties":{"id":"grace-hopper","name":"Grace Hopper","type":"submarine_cable","color":"#28b08c"}},{"type":"Feature","geometry":{"type":"MultiLineString","coordinates":[[[25.20005638398345,34.33537907402828],[24.943931564828745,34.867831005273246],[24.7684,35.07162999999974]],[[45.450042038703714,11.073982781226704],[45.17955222972515,10.705441883254508],[45.01088234980861,10.435118748992778]],[[55.350035025455725,26.26024097157773],[54.900035344239626,25.754704263415306],[54.45003566183195,24.8393128255928],[54.41907568495611,24.443964572625504]],[[60.52503135943985,16.10232559580288],[60.975031038867854,16.31838002635962],[66.60002705585575,18.251816319028308],[70.2000245055838,18.785187974742087],[72.87590260996691,19.076074257285313]],[[60.52503135943985,22.469443964829594],[65.25002801161182,24.259444485784854],[67.02854675228852,24.889731701235718]],[[58.50003279396768,23.891388761253097],[58.16253303305572,23.865671119262572],[58.004427676309035,23.679602315303896]],[[57.03753383001572,25.348717422116806],[57.38011358673319,24.420846844473175],[57.71253335183965,24.12261698700334],[58.50003279396768,23.891388761253097],[59.85003183761572,23.19523175611701],[60.52503135943985,22.469443964829594],[60.52503135943985,19.104405475930548],[60.52503135943985,16.10232559580288],[58.95003247339588,15.018578573757566],[55.35003502366783,13.273238157547667],[54.900035344239626,12.615395567393307]],[[51.300037894511576,26.964304734562802],[50.96253813359962,26.562513149236622],[50.576018407413954,26.22949483839116]],[[52.200037256943745,26.562513149236622],[51.86253749603159,26.058287560298936],[51.51927773920005,25.294608758024538]],[[50.62503837268767,27.364667993860166],[50.28753861177569,26.964304734562802],[50.21419866373054,26.285375359318067]],[[49.16253940873568,28.75448641587161],[47.97484025011303,29.37410420420028]],[[48.531779855571585,29.92363278689706],[49.16253940873568,28.75448641587161],[50.17503869147157,28.061823659710228],[50.62503837268767,27.364667993860166],[51.300037894511576,26.964304734562802],[52.200037256943745,26.562513149236622],[53.550036300591586,26.26024097157773],[55.350035025455725,26.26024097157773],[55.800034706671596,26.361086325391653],[56.250034387887666,26.713351447732805],[56.86878394955983,26.562513149236622],[57.03753383001572,26.159307970773796],[57.03753383001572,25.348717422116806],[56.339934323605746,25.0514826710928]],[[34.59379972936759,26.562513149236622],[35.21254929044366,27.097918575216056],[35.6965489475738,27.354010300438773]],[[37.350047776815444,22.05298561667763],[39.182756478507656,21.481533475503085]],[[41.850044588975464,-11.943944931746927],[42.0750444295835,-12.053986862571492],[42.75004395140763,-12.053986862571492],[43.24330360197786,-11.70058928227246]],[[-18.67491253517281,31.28673881439167],[-16.649913969700833,30.25570294203996],[-15.862414526976806,28.951554732193216],[-15.59656471590344,27.95773368288536]],[[55.45302495190066,-4.565748350533681],[55.35003502485981,-3.928327304142726],[54.90003534364374,-1.081346446098905],[54.00003598121177,1.168506749040887],[51.750037576323734,5.510071711803135]],[[5.400070410479259,2.367912558705314],[7.200069135343199,3.154491498099929],[7.650068816559269,3.491423322320486],[7.999287318573636,4.541590692825167]],[[1.800072960155291,-11.356308769001004],[11.70006594750339,-8.846050186819042],[12.60006530993536,-8.830631937053113],[13.2350248601241,-8.812561807472918]],[[27.000055108251473,-34.734661512708556],[25.875055905211468,-34.364025894526776],[25.62325608358887,-33.96247066676]],[[5.372530429989041,43.29362778902916],[5.175070569275306,42.85377505385463],[4.050071366235301,41.85617959436382],[2.70007232258726,41.351450286896835],[2.168725042748747,41.38560270176822]],[[8.938867903561913,44.41035752885395],[8.775068019003356,44.051519228735145],[8.325068338383204,43.72721479104973],[7.200069135343199,43.07331078300331],[6.412569692619428,42.74371346443661],[5.962570011403358,42.74371346443661],[5.175070569275306,42.85377505385463]],[[32.28445136473579,31.259278146448963],[31.72505176101953,31.79808736758517],[30.60005255857544,32.24321001626265],[28.8000538337115,32.90681902852478],[25.20005638398345,34.33537907402828],[23.400057658523423,34.71384862261547],[22.05005861487558,35.12894023821613],[19.35006052817539,35.60293032290622],[16.65006244087931,35.23621340052833],[14.4000640347993,35.511407641688464],[13.162564911455348,35.96797434759347],[12.487565389631243,36.87321951208918],[11.70006594750339,37.85673997565843],[11.250066265691402,39.69832335493328],[10.35006690325946,41.520132020893186],[9.787567301739443,42.41235450073577],[9.562567461727298,43.07331078300331],[9.337567620523373,43.40114497315386],[9.000067859611391,44.051519228735145],[8.938867903561913,44.41035752885395]],[[33.41295056589729,28.161052262220892],[33.300050645275604,28.293214058016247],[33.08276564295244,28.365936333863488]],[[36.11254865347152,24.12261698700334],[36.900048095003655,24.259444485784854],[37.80004745803154,24.225251377401804],[38.10697724059963,24.070648010417926]],[[38.137547218943496,20.375041253465525],[37.589237574003334,19.9190434481514],[37.21967786917094,19.615566594546237]],[[44.55004267627157,11.184367066436806],[43.6500433138396,11.45511199738803],[43.147993669496344,11.594869371447714]],[[54.000035981807684,13.054150695298716],[54.112535901515685,13.382708036125592],[54.2250358218198,14.583511645118676],[54.2250358218198,16.53419619825962],[54.14808587692781,17.095827186725558]],[[48.600039807215495,1.468426767332062],[46.800041082351555,1.918228780215685],[45.34418211369595,2.041205223228673]],[[41.17504506655564,-4.900422453147314],[40.72504538533957,-4.676208028750978],[39.67289769319086,-4.028086271839726]],[[40.95004522654352,-5.273944363641391],[40.500045544731705,-4.676208028750978],[39.67289769319086,-4.053024114605478]],[[40.387545625023506,-6.169450529574419],[39.8250460229076,-6.467627592690604],[39.2696764169327,-6.823132108349142]],[[42.300044269595645,-14.861883917662055],[45.000042356891726,-15.296387760621855],[46.315441425050665,-15.713729798684284]],[[42.30004427019156,-15.22403228464728],[41.400044907163675,-14.644301977123689],[40.68539697592695,-14.565582936090522]],[[35.3250492113435,-26.55162080165701],[33.75005032708759,-26.350174904573805],[32.580621155522095,-25.968268155408055]],[[33.75005032708759,-28.348517239947398],[32.85005096465545,-28.842401214006088],[31.757961738301788,-28.95055966653794]],[[32.65318110412005,29.113614162980156],[32.62520112394134,29.34456698948989],[32.456226243644636,29.63833609362638],[32.529931191431416,29.972545436050268],[32.62505112345167,30.25570294203996],[32.51255120314758,30.83702058239723],[32.28445136473579,31.259278146448963]],[[18.42196118505379,-33.9190837726064],[17.775061643323397,-34.11602012163186],[17.325061962107526,-34.857839362235865],[18.000061483931432,-36.321527759917814],[19.80006020939146,-36.683250670190546],[23.40005765911934,-36.683250670190546],[26.100055745819503,-35.836608037492084],[27.000055108251473,-34.734661512708556],[33.30005064587152,-29.92069711126888],[33.75005032708759,-28.348517239947398],[35.3250492113435,-26.55162080165701],[41.17504506715156,-23.287413403488756],[42.30004427019156,-20.57441905727606],[42.30004427019156,-15.22403228464728],[42.300044269595645,-14.861883917662055],[41.850044588975464,-11.943944931746927],[41.40004490775959,-9.290424301035614],[40.387545625023506,-6.169450529574419],[40.95004522654352,-5.273944363641391],[41.17504506655564,-4.900422453147314],[42.30004427019156,-3.479268678969987],[45.450042038703714,-1.231315750217505],[48.600039807215495,1.468426767332062],[51.750037576323734,5.510071711803135],[54.000035981807684,9.524411345019587],[54.900035344239626,12.615395567393307],[54.000035981807684,13.054150695298716],[52.650036938159616,12.834868817846598],[48.600039807215495,11.845776373625682],[45.450042038703714,11.073982781226704],[44.55004267627157,11.184367066436806],[43.31254355292762,12.615395567393307],[43.21410612266146,12.834868817846598],[42.97504379201547,13.054150695298716],[42.35629423034351,13.929303843271725],[41.850044588975464,14.801154224791475],[40.50004554532981,16.53419619825962],[39.487546262591536,18.251816319028308],[38.137547218943496,20.375041253465525],[37.350047776815444,22.05298561667763],[36.11254865347152,24.12261698700334],[35.10004937073546,25.754704263415306],[34.59379972936759,26.562513149236622],[33.918800207543484,27.364667993860166],[33.41295056589729,28.161052262220892],[32.906450924701346,28.951554732193216],[32.65318110412005,29.113614162980156],[32.56895616318988,29.34456698948989],[32.39998128289315,29.63833609362638],[32.529931191431416,29.972545436050268],[32.51255120314758,30.25570294203996],[32.400051282843634,30.83702058239723],[32.28445136473579,31.259278146448963]],[[10.800066584475331,-5.124561675456391],[11.250066265691402,-5.572600905016571],[12.349965487108477,-5.933373731471249]],[[0.000074235291265,-6.467627592690604],[10.800066584475331,-5.124561675456391],[11.863635831628983,-4.778787768919273]],[[-3.599923213840782,-2.580536704984041],[0.000074235291265,-6.467627592690604],[1.800072960155291,-11.356308769001004],[6.750069454127299,-18.026426383713385],[8.10006849777534,-23.493922445897766],[13.05006499115126,-30.309953344646914],[15.30006339723144,-32.61276000573585],[16.65006244087931,-33.74264465652948],[17.55006180331145,-33.92953699245888],[18.42196118505379,-33.9190837726064]],[[3.423511810692077,6.439066911484701],[3.825071526223184,4.164912849976844],[2.250072641967279,1.131014326431796],[1.575073120143173,0.343586284889255],[0.450073917103168,-0.631398185258206],[-3.599923213840782,-2.580536704984041],[-10.799918113296798,-2.580536704984041],[-15.299914925456818,1.918228780215685],[-19.799911737616924,8.635699417327544],[-21.14991078126488,11.735650161405744],[-21.14092484990462,14.365653759228536],[-21.14991078126488,19.952622905164304],[-20.299911384604457,22.884654113882362],[-18.67491253517281,31.28673881439167],[-17.099913650320843,35.05222991093683],[-16.246065123519145,39.46712719019058],[-16.199914287888873,39.69832335493328],[-16.199914288484848,44.694829089578064],[-11.249917795108757,48.70423463096077],[-7.199920663568747,50.740281893948264],[-5.399921938704722,50.95337730033461],[-4.544402544762761,50.82820142743802]],[[-0.204315619320994,5.558285889905761],[0.450073917103168,3.279837005485092],[0.450073917103168,-0.631398185258206]],[[-3.599923213840782,-2.580536704984041],[-4.374922664823828,1.468426767332062],[-4.499922576272752,2.367912558705314],[-4.274922735664717,3.266814816815753],[-4.026242911831901,5.323508791824736]],[[-21.14092484990462,14.365653759228536],[-18.449912693968884,14.365653759228536],[-17.44571340535299,14.686594841995088]],[[-16.199914287888873,39.69832335493328],[-13.949915882404753,38.768859224553665],[-10.799918113296798,38.47588134813884],[-9.337919149586526,38.68882888776801]],[[3.825071526223184,4.164912849976844],[5.400070410479259,2.367912558705314],[7.200069135343199,1.243490076978134],[8.55006817899124,1.01853421661562],[9.454267538448192,0.394465191855375]]]},"properties":{"id":"2africa","name":"2Africa","type":"submarine_cable","color":"#939597"}},{"type":"Feature","geometry":{"type":"MultiLineString","coordinates":[[[-5.604462809431084,36.014276783200074],[-5.399921938704722,35.96797434759347],[-5.334736438007837,35.89388140994376],[-5.323321992968886,35.889837117183504],[-5.313642702950744,35.89388140994376],[-5.287422018400775,36.05897312258671],[-5.325166132287478,36.210325320952876]]]},"properties":{"id":"dos-continentes-l-ll","name":"DOS CONTINENTES l & ll","type":"submarine_cable","color":"#939597"}},{"type":"Feature","geometry":{"type":"MultiLineString","coordinates":[[[-0.134425668831739,50.82847935144261],[0.000074235887269,50.597677199053464],[0.450073917103168,50.02292045625484],[0.797773670193607,49.87730699116304]]]},"properties":{"id":"crosschannel-fibre","name":"CrossChannel Fibre","type":"submarine_cable","color":"#547cbe"}},{"type":"Feature","geometry":{"type":"MultiLineString","coordinates":[[[5.332770458155238,60.390723705809705],[5.400120410443975,60.35426474321949],[5.46882036177621,60.29859553499119],[5.512570330783177,60.18692233975918],[5.456320370631232,60.07486799642308],[5.456325370031891,59.94835018490326],[5.568820290339431,59.89666699242801],[5.568820290339431,59.78362399299567],[5.540705310256158,59.68439114114261],[5.512575330183864,59.64177978429328],[5.498517840142142,59.613338746875456],[5.512575330183864,59.584873612944676],[5.4844453501114,59.549258289422255],[5.456320370035314,59.52787100202244],[5.4844453501114,59.47077184460525],[5.568825290335838,59.413568401417535],[5.596945270415318,59.37061568324745],[5.596945270415318,59.327600860309644],[5.568820290339431,59.29889402722176],[5.524480322346278,59.279267580371936],[5.850070091695329,59.1068949571908],[5.850070091695329,59.049084544661525],[5.730770176208466,58.97082148666851]]]},"properties":{"id":"eviny-digital","name":"Eviny Digital","type":"submarine_cable","color":"#ca3693"}},{"type":"Feature","geometry":{"type":"MultiLineString","coordinates":[[[-6.114621432404959,53.49317504982963],[-5.624921779312757,53.669053535347956],[-4.499922576272752,53.768910566668154],[-3.599923213840782,53.768910566668154],[-3.006373634316702,53.64793339883286]]]},"properties":{"id":"rockabill","name":"Rockabill","type":"submarine_cable","color":"#35b44a"}},{"type":"Feature","geometry":{"type":"MultiLineString","coordinates":[[[1.575073120143173,0.793562652607278],[1.687573039851372,3.828234303320954],[1.575073120143173,5.061986954416028],[1.2278033661525,6.126307297218631]],[[7.650068815963351,-13.99027116703789],[-3.599923214436672,-15.296387760621855],[-5.711521717964501,-15.918564131427416]],[[1.575073120143173,0.793562652607278],[2.250072641967279,1.580886840914019],[3.600071685615319,4.164912849976844],[3.423511810692077,6.439066911484701]],[[9.00006786020731,-23.493922445897766],[13.05006499115126,-22.665969967794723],[14.533463940297622,-22.68542973223063]],[[18.445861168718807,-33.72721819637752],[17.55006180331145,-33.74264465652948],[16.65006244087931,-33.55534420877598],[15.525063237839305,-32.61276000573585],[13.50006467236733,-30.309953344646914],[9.00006786020731,-23.493922445897766],[7.650068816559269,-18.026426383713385],[7.650068815963351,-13.99027116703789],[8.325068338383204,-10.620064860363328],[7.650068816559269,-6.616650693475464],[7.200069135343199,-4.825692499217524],[4.050071366831219,-1.231315750217505],[2.250072641967279,1.580886840914019]],[[1.575073120143173,0.793562652607278],[0.225074076495304,-0.093411304877662],[-3.599923213840782,-1.681168935905106],[-10.799918113296798,-1.681168935905106],[-14.849915244240833,2.367912558705314],[-19.349912056400854,8.635699417327544],[-20.699911100048894,11.735650161405744],[-20.699911100048894,19.952622905164304],[-19.84991170219638,22.884654113882362],[-19.12491221579282,27.763588526057674],[-17.999913013348873,30.25570294203996],[-17.099913650320843,31.67051304708704],[-13.949915881808863,33.93964008831958],[-10.349918432080813,38.034173900641946],[-9.56241898995276,38.29952060596935],[-9.102749315587062,38.443079483141986]]]},"properties":{"id":"equiano","name":"Equiano","type":"submarine_cable","color":"#939597"}},{"type":"Feature","geometry":{"type":"MultiLineString","coordinates":[[[9.637665064777536,63.61946636684087],[9.815742282376135,63.576280591644036],[9.90006722263928,63.48851288982226],[10.293816943703206,63.46341549544039],[10.392059061607597,63.43100204742538]],[[7.160713694473003,62.73722946432855],[7.425068975951234,62.66077045886655],[7.681611762963911,62.563956240896886]],[[9.663153327971344,63.68839703736208],[9.618817421879271,63.67623095645985],[9.637665064777536,63.61946636684087],[9.00006786020731,63.5010867925096],[8.55006817899124,63.42562743079097],[8.16374032766953,63.358030578753215],[7.906025665891121,63.38757389977738],[7.76256873567138,63.22367528305821],[7.72966876017,63.11078338854429],[7.537568896255323,63.12213306123374],[7.200069135343199,63.12213306123374],[6.948609313479835,63.03295735917101],[6.862569374431217,62.91797878525176],[6.975069294735334,62.81536487879316],[7.160713694473003,62.73722946432855],[6.862569374431217,62.76392332890575],[6.637569533823182,62.738168854300056],[6.465792311761874,62.613002975496556],[6.300069772911229,62.66077045886655],[6.187569852607282,62.609058908203394],[6.174386268196514,62.471487316816024],[5.962570011999247,62.50536500000058],[5.850070091695329,62.453382412508034],[5.400070410479259,62.29689073879055],[5.287570488983533,62.244545161699875],[5.343820449731396,62.13958079203451],[5.522335948269301,62.03599154304587],[5.456320370035314,61.9814494856501],[5.49850784014933,61.93554024603813],[5.062570648375498,61.9814494856501],[4.837570808959242,61.92855599360783],[4.725070888655324,61.822493741892],[4.725070888655324,61.71606370959984],[4.97585196040373,61.596307262996845],[4.725070888655324,61.5557270894935],[4.725070888655324,61.448373642843535],[4.950070729263189,61.23255301306608],[5.293429861024407,61.172244368269645],[4.837570808959242,61.01524141470435],[4.725070888655324,60.79643169535018],[4.855539546229977,60.621972493449306],[5.062570649567277,60.57611674038779],[5.287570490175341,60.46539258705809],[5.332770458155238,60.390723705809705]]]},"properties":{"id":"n0r5ke-viking","name":"N0r5ke Viking","type":"submarine_cable","color":"#939597"}},{"type":"Feature","geometry":{"type":"MultiLineString","coordinates":[[[10.216466998498731,63.33348031552026],[9.90006722263928,63.475978110242295],[9.787617302300049,63.576280591644036],[9.675067382031244,63.65127632517789],[9.45006754142321,63.62629973033458],[9.337567621119263,63.65127632517789],[9.225067700815345,63.72607438667927],[9.00006786020731,63.82549832634285],[8.775068019599274,63.87507906940428],[7.875068657167304,63.72607438667927],[6.750069454127299,63.72607438667927],[0.450073917103168,62.29689073879055],[-3.149923532624712,61.23255301306608],[-5.399921938704722,60.35428947498107],[-7.649920344784732,59.6796637072089],[-8.999919388432772,58.75856894488285],[-10.349918432080813,57.571890279005004],[-10.799918113296798,56.345222926819986],[-10.349918432080813,55.33458061322915],[-9.449919069648843,54.559258765782204],[-9.232149223918952,54.207113520678774]]]},"properties":{"id":"celtic-norse","name":"Celtic Norse","type":"submarine_cable","color":"#939597"}},{"type":"Feature","geometry":{"type":"MultiLineString","coordinates":[[[18.062756752613467,59.332308261070324],[18.90006084695932,59.451717318905224],[20.25005989060736,59.56588346342974],[21.375059093647366,59.6796637072089],[22.725058137295406,59.736409384078485],[22.96675718482345,59.82340942681512],[23.175057818511476,59.736409384078485],[23.85005734033541,59.736409384078485],[24.4125569418554,59.849612385021544],[24.932478448538234,60.17116346096182],[25.20005638398345,60.07486799642308],[26.10005574641542,60.07486799642308],[26.775055268239356,60.29859553499119],[26.883648941310668,60.50114056075515]]]},"properties":{"id":"eastern-light","name":"Eastern Light","type":"submarine_cable","color":"#944098"}},{"type":"Feature","geometry":{"type":"MultiLineString","coordinates":[[[14.550263928396447,36.784772286316525],[14.625063875407335,36.60275474032986],[14.512563955103388,36.14986678681771],[14.458763993215797,35.934055517066156]]]},"properties":{"id":"malta-italy-interconnector","name":"Malta-Italy Interconnector","type":"submarine_cable","color":"#bf3b28"}},{"type":"Feature","geometry":{"type":"MultiLineString","coordinates":[[[10.88716652336899,57.256997748271914],[11.025066425679285,57.17764775045606],[11.70006594750339,57.08606597586797],[12.251265557028319,57.10529657756172]]]},"properties":{"id":"energinet-laeso-varberg","name":"Energinet Laeso-Varberg","type":"submarine_cable","color":"#373996"}},{"type":"Feature","geometry":{"type":"MultiLineString","coordinates":[[[10.514616787286627,57.24491811100583],[10.687566664767303,57.22335372144116],[10.88716652336899,57.256997748271914]]]},"properties":{"id":"energinet-lyngsa-laeso","name":"Energinet Lyngsa-Laeso","type":"submarine_cable","color":"#a74234"}},{"type":"Feature","geometry":{"type":"MultiLineString","coordinates":[[[10.016367140251418,59.08111069751331],[10.012567142943197,58.93317132635269],[9.90006722263928,58.34773024524864],[9.90006722263928,57.812399750516676],[9.959267180701602,57.58818834277187]]]},"properties":{"id":"skagenfiber-west","name":"Skagenfiber West","type":"submarine_cable","color":"#2ab34a"}},{"type":"Feature","geometry":{"type":"MultiLineString","coordinates":[[[10.392059061607597,63.43100204742538],[10.293816943703206,63.475978110242664],[9.90006722263928,63.5010867925096],[9.843817262487306,63.576280591644036],[9.675067382031244,63.676208784313815],[9.506323501571046,63.67623095645985],[9.45006754142321,63.72607438667927],[9.45006754142321,63.82549832634285],[9.618817421879271,63.9245724837925],[9.90006722263928,64.12167519439029],[10.237566983551233,64.31739001144422],[10.462566824159268,64.46326983353543],[10.80006658507125,64.53591955943637],[11.025066425679285,64.70468599661166],[11.237370962780744,64.86207950442943],[11.475066106895355,64.96778031868584],[11.70006594750339,65.01533984410813],[11.925065788111255,65.13386892664585],[12.207765587844165,65.47355705315002],[12.178190608795347,65.55616358500063],[12.262565549023208,65.6259608208081],[12.543815349783216,65.83404693088383],[12.631465287691299,66.02153874887077],[12.768815190391422,66.1544195909438],[13.0182650136789,66.19806628775794],[12.993815030999286,66.3808044991722],[13.05006499115126,66.44832399589339],[12.937565070847313,66.56045213116752],[13.05006499115126,66.7165854620128],[13.50006467236733,66.95995474248622],[13.9500643535834,67.13543790495441],[14.4000640347993,67.2860055353949],[14.512563955103388,67.4394931950778],[14.906313676167343,67.61151472096557],[15.131313516775379,67.65432532704776],[15.356313357383414,67.78229156045435],[15.581313197991449,67.90956187665077],[15.887562981041043,67.97293705344714],[16.143812799511437,68.05716856580699],[16.171887779622978,68.1411682869288],[16.127072811370283,68.22074777678267],[16.06516285522781,68.28972225489503],[16.152422793411944,68.36187412811796],[16.31256267996733,68.38642806305168],[16.66881242759669,68.4173574082686],[17.073261876821988,68.4078545509303],[17.560022733754863,68.42054850557756]]]},"properties":{"id":"polar-circle-cable","name":"Polar Circle Cable","type":"submarine_cable","color":"#51b847"}},{"type":"Feature","geometry":{"type":"MultiLineString","coordinates":[[[13.018229076204165,66.19806628775794],[13.05006499115126,66.24521776261767],[13.218814871607321,66.290494626255],[13.387564752063213,66.31310255415389],[13.563638846080806,66.29296835834745],[13.563638846080806,66.24773433541898],[13.624478646731319,66.22416306028722],[13.781314473127338,66.25652447701611],[13.9500643535834,66.25652447701611],[14.141958748893472,66.31371064643912]]]},"properties":{"id":"tverrlinken","name":"Tverrlinken","type":"submarine_cable","color":"#1bbaae"}},{"type":"Feature","geometry":{"type":"MultiLineString","coordinates":[[[12.371865471594333,55.256124793284926],[12.825065150543395,55.14215100378169],[14.4000640347993,55.07780072164758],[14.708363816396854,55.101035976100604]]]},"properties":{"id":"rnne-rdvig","name":"Rønne-Rødvig","type":"submarine_cable","color":"#2aaf8a"}},{"type":"Feature","geometry":{"type":"MultiLineString","coordinates":[[[-1.968324369680687,46.69399663348955],[-2.699923851408727,46.58235508209589],[-5.399921938704722,46.58235508209589],[-9.899918750864742,46.272182853813746],[-16.199914287888873,45.33107107332478],[-23.39990918734489,42.74371346443661],[-39.59989771112103,38.29952060596935],[-50.39989006030518,37.41128363492314],[-61.199882409489234,37.58978657360316],[-72.44987443988929,37.232354321556215],[-74.69987284596938,36.72307894944538],[-76.05919805488558,36.755008440642456]]]},"properties":{"id":"dunant","name":"Dunant","type":"submarine_cable","color":"#ab7a2b"}},{"type":"Feature","geometry":{"type":"MultiLineString","coordinates":[[[15.908662966093914,56.74380010331279],[16.087562839359293,56.59379297841909],[16.20006275966341,56.345222926819986],[16.31256267996733,56.03221697111684],[17.325061962703415,55.71665209382169],[20.475059731215396,55.71665209382169],[21.14995925311044,55.69574860959892]]]},"properties":{"id":"nordbalt","name":"NordBalt","type":"submarine_cable","color":"#7b439a"}},{"type":"Feature","geometry":{"type":"MultiLineString","coordinates":[[[-1.617778330734808,54.978249214505325],[-0.899925126544701,55.33458061322915],[0.900073598319238,55.84318584148099],[2.534972440141729,56.549192472345595],[3.375071845007284,58.05131589106017],[4.050071366831219,58.641677771384906],[5.175070569871224,58.8750683108978],[5.512570330783177,58.99117670269845],[5.730770176208466,58.97082148666851]]]},"properties":{"id":"no-uk","name":"NO-UK","type":"submarine_cable","color":"#ac84bb"}},{"type":"Feature","geometry":{"type":"MultiLineString","coordinates":[[[7.996258571315195,58.15106571642474],[7.875068657167304,57.93205658695149],[6.300069772911229,57.571890279005004],[4.500071048047289,57.571890279005004]],[[-74.06286329723287,40.15283384719578],[-71.09987539624133,40.55848045058687],[-68.39987730894534,41.23875232896668],[-61.199882409489234,42.41235450073577],[-50.39989006030518,44.694829089578064],[-39.59989771112103,47.50228998113275],[-23.39990918734489,52.963398105593654],[-16.199914287888873,55.07780072164758],[-8.999919388432772,58.99117670269845],[-5.399921938704722,59.6796637072089],[-1.799924488976671,59.451717318905224],[1.800072960751208,58.52439396084483],[4.500071048047289,57.571890279005004],[5.400070410479259,56.717468482041056],[6.300069772911229,56.22032688484515],[7.200069135343199,55.84318584148099],[7.650068816559269,55.779970327098255],[8.329168335478954,55.75165023178093]]]},"properties":{"id":"havfrueaec-2","name":"Havfrue/AEC-2","type":"submarine_cable","color":"#30aa9f"}},{"type":"Feature","geometry":{"type":"MultiLineString","coordinates":[[[-16.199914287888873,55.07780072164758],[-12.599916838160823,54.81936191424907],[-10.799918113296798,54.165971787151676],[-10.349918432080813,53.901684726074365],[-9.696518894955119,53.770801861757974]]]},"properties":{"id":"havfrueaec-2","name":"Havfrue/AEC-2","type":"submarine_cable","color":"#939597"}},{"type":"Feature","geometry":{"type":"MultiLineString","coordinates":[[[12.070165685321228,67.50255969476498],[12.15006562871929,67.4394931950778],[13.9500643535834,67.2662194729948],[14.4000640347993,67.28599754127353]]]},"properties":{"id":"bodo-rost-cable","name":"Bodo-Rost Cable","type":"submarine_cable","color":"#395eab"}},{"type":"Feature","geometry":{"type":"MultiLineString","coordinates":[[[14.271364125971758,36.02048335169246],[14.307914100079415,35.97958759177732],[14.344464074187073,35.938670628992185]]]},"properties":{"id":"malta-gozo-cable","name":"Malta-Gozo Cable","type":"submarine_cable","color":"#af2724"}},{"type":"Feature","geometry":{"type":"MultiLineString","coordinates":[[[1.729273010906667,52.46882263773057],[2.250072641967279,52.55491468334145],[3.825071526223184,52.55491468334145],[4.275071207439254,52.52070133452017],[4.613670967572091,52.45850170510121]]]},"properties":{"id":"ulysses-2","name":"Ulysses 2","type":"submarine_cable","color":"#b96528"}},{"type":"Feature","geometry":{"type":"MultiLineString","coordinates":[[[32.65318110412005,29.113614162980156],[31.725051761615447,29.197363639715576],[31.050052239791512,29.442584645837485],[30.375052717967577,29.80930712715275],[29.98130299690345,30.320335942474912],[29.700933195520264,31.072270031660224]],[[37.91254737893155,20.375041253465525],[38.100047245508904,20.515592009193767],[39.182756478507656,21.481533475503085]],[[11.981315748271214,35.419780517080454],[13.668814552823221,35.694348446523605],[14.350104069595545,35.95240101739202]],[[27.900054471279333,31.861808602270827],[31.500051920411693,34.25018044028607],[32.46665123625965,34.76657169708608]],[[44.55004267627157,11.625479959569759],[43.24223110273755,12.615395567393307],[43.15785616250969,12.834868817846598],[42.86254387230764,13.054150695298716],[42.24379431063568,13.929303843271725],[41.737544669267635,14.801154224791475],[40.275045705317666,16.53419619825962],[39.26254642257959,18.251816319028308],[37.91254737893155,20.375041253465525],[37.1250479368035,22.05298561667763],[35.887548813459574,24.12261698700334],[34.87504953072349,25.754704263415306],[34.42504984891153,26.562513149236622],[33.86255024739151,27.364667993860166],[33.370838095731244,28.161052262220892],[32.65318110412005,29.113614162980156],[31.725051761615447,29.099110450974905],[31.050052239791512,29.34456698948989],[30.375052717967577,29.711645057947948],[29.98130299690345,30.223089656566856],[29.700933195520264,31.072270031660224]],[[29.700933195520264,31.072270031660224],[27.900054471279333,31.861808602270827],[25.20005638398345,32.575628370353314],[22.05005861487558,33.315153958129144],[19.35006052817539,33.18971466460036],[16.65006244087931,32.81231878328768],[14.4000640347993,33.70598849685862],[11.981315748271214,35.419780517080454],[11.812565867807308,35.78566189952613],[11.250066265095512,37.232354321556215],[10.348617229769246,37.500588446053314],[9.000067859611391,37.500588446053314],[7.200069135343199,37.94551049545976],[6.525069613519264,38.651811712711236],[5.625070251087294,41.744358789482135],[5.372530429989041,43.29362778902916]],[[65.25002801220771,22.884654113882362],[63.0000296061277,24.532657566160623],[62.32496971795777,25.132264042220044]],[[55.350035025455725,13.929303843271725],[55.350035025455725,12.615395567393307],[54.900035344239626,9.524411345019587],[53.55003630118787,5.510071711803135],[50.400038532079606,1.468426767332062],[45.900041719919614,-1.681168935905106],[42.30004427019156,-3.928327304142726],[39.672896131287985,-4.052924364763157]],[[67.02854675228852,24.889731701235718],[65.25002801220771,22.884654113882362],[64.35002864977574,20.375041253465525],[60.97503104065572,16.965102599435824],[58.950032475183775,15.669513225155328],[55.350035025455725,13.929303843271725]],[[55.350035025455725,13.929303843271725],[48.600039807215495,12.285833556268273],[45.450042038703714,11.515266158038685],[44.55004267627157,11.625479959569759]]]},"properties":{"id":"peace-cable","name":"PEACE Cable","type":"submarine_cable","color":"#0090c5"}},{"type":"Feature","geometry":{"type":"MultiLineString","coordinates":[[[8.193168431226582,55.764614544717034],[7.650068816559269,55.526080187888624],[5.400070409883341,55.5473006113408],[3.150072004399249,55.462350188098384],[-0.899925126544701,55.07780072164758],[-1.617778330734808,54.978249214505325]]]},"properties":{"id":"havhingstennorth-sea-connect-nsc","name":"Havhingsten/North Sea Connect (NSC)","type":"submarine_cable","color":"#3075bb"}},{"type":"Feature","geometry":{"type":"MultiLineString","coordinates":[[[-4.499922576272752,53.83535026397598],[-4.499722576414371,53.96791403087386],[-4.566622529021913,54.10028616652036]],[[-4.949922257488737,53.802143574575354],[-4.949922257488737,53.96791403087386],[-4.760422391732305,54.08721396659914]],[[-6.085471453650968,53.549690264818906],[-5.624921779312757,53.60536470257486],[-4.949922257488737,53.802143574575354],[-4.499922576272752,53.83535026397598],[-3.599923213840782,53.83535026397598],[-3.050753602877677,53.80897597127557]]]},"properties":{"id":"havhingstenceltixconnect-2-cc-2","name":"Havhingsten/CeltixConnect-2 (CC-2)","type":"submarine_cable","color":"#3567b1"}},{"type":"Feature","geometry":{"type":"MultiLineString","coordinates":[[[8.718388991504298,55.523118197393956],[8.10006849777534,55.526080187888624],[7.650068816559269,55.33458061322915],[6.975069294735334,54.03403825672413],[6.816022175096919,53.44280469148259]]]},"properties":{"id":"cobracable","name":"COBRAcable","type":"submarine_cable","color":"#59af46"}},{"type":"Feature","geometry":{"type":"MultiLineString","coordinates":[[[-76.05920188300789,36.75500543613887],[-74.69987284596938,36.8131986057773],[-72.44987443988929,37.41128363492314],[-61.199882409489234,37.94551049545976],[-50.39989006030518,37.94551049545976],[-39.59989771112103,39.00237890905848],[-23.39990918734489,43.40114497315386],[-16.199914287888873,45.64654149518748],[-9.899918750864742,46.58235508209589],[-5.849921619920792,45.64654149518748],[-4.499922576272752,44.694829089578064],[-2.94919367482359,43.27422025200056]]]},"properties":{"id":"marea","name":"MAREA","type":"submarine_cable","color":"#288da3"}},{"type":"Feature","geometry":{"type":"MultiLineString","coordinates":[[[7.996258571315195,58.15106571642474],[8.437568258687293,57.93205658695149],[8.775068019599274,57.571890279005004],[9.112567780511228,57.14714566273739],[9.112567780511228,56.840738642145595],[9.225067700815345,56.717468482041056],[9.281317660967318,56.59379297841909],[9.337567621119263,56.5628106790318],[9.611687426930246,56.510791530389184]]]},"properties":{"id":"skagerrak-4","name":"Skagerrak 4","type":"submarine_cable","color":"#60bb46"}},{"type":"Feature","geometry":{"type":"MultiLineString","coordinates":[[[-9.331559153496016,38.69016197235561],[-9.431509082690525,38.61206568189243],[-9.352749138484882,38.44269570155157],[-9.20269924478157,38.36471443161014],[-9.102749315587062,38.443079483141986]]]},"properties":{"id":"bugio","name":"BUGIO","type":"submarine_cable","color":"#d33894"}},{"type":"Feature","geometry":{"type":"MultiLineString","coordinates":[[[-6.428881209780371,36.73129423644173],[-7.199920663568747,36.42191605012607],[-8.774919547824737,35.419780517080454],[-10.799918113296798,33.93964008831958],[-14.399915563024848,29.73606949729205],[-14.849915244240833,28.951554732193216],[-15.450744818607603,28.09637444868102]]]},"properties":{"id":"pencan-9","name":"Pencan-9","type":"submarine_cable","color":"#86c440"}},{"type":"Feature","geometry":{"type":"MultiLineString","coordinates":[[[-38.542964866112186,-3.718736532579186],[-36.44989994260905,-0.781386636225506],[-35.09990089896101,0.568578852526286],[-31.049903768016975,3.715978119297972],[-27.85950075469046,7.716632622882912],[-25.649907593424984,11.294709319565555],[-24.299908549776944,14.365653759228536],[-24.07490870916891,14.801154224791475],[-23.39990918734489,16.10232559580288],[-21.599910462480864,19.952622905164304],[-19.599911879298674,22.884654113882362],[-18.449912693968884,24.941363171753835],[-17.66241325184083,27.763588526057674],[-17.470384579281784,28.275606244082894],[-17.099913650320843,28.951554732193216],[-17.198548585293963,29.690264251007818],[-17.54520361315727,32.07431422012104],[-17.32491349092888,32.81231878328768],[-17.099913650320843,33.18971466460036],[-16.199914288484848,34.435956905755745],[-13.949915881808863,35.78566189952613],[-12.149917156944838,36.69301553274448],[-9.449919069648843,37.85673997565843],[-9.112419308736776,37.899560460110024],[-8.86959721512926,37.95721527519197]],[[-23.521209101414883,14.923035560171769],[-23.849908868560874,14.801154224791475],[-24.07490870916891,14.801154224791475]],[[-17.099913650320843,33.18971466460036],[-16.874913809712808,32.81231878328768],[-16.908898160638017,32.647276965637786]]]},"properties":{"id":"ellalink","name":"EllaLink","type":"submarine_cable","color":"#c22c75"}},{"type":"Feature","geometry":{"type":"MultiLineString","coordinates":[[[-3.354957518022701,59.051457394755545],[-3.599923213840782,58.99117670269845],[-3.599923213840782,58.75856894488285],[-3.376583372056757,58.67032899288881]]]},"properties":{"id":"northern-lights","name":"Northern Lights","type":"submarine_cable","color":"#b3c134"}},{"type":"Feature","geometry":{"type":"MultiLineString","coordinates":[[[-2.939523681673961,59.27976821327732],[-3.093673573068742,59.241407618692165],[-3.149923533220687,59.183824132138824],[-3.095073572076927,59.118039875964286]],[[-5.028092202112504,55.75184157675699],[-4.985982231943467,55.74730813687762],[-4.943872261774544,55.742774170166626]],[[-4.86730231601743,55.79334124050908],[-4.883882304272134,55.78675194417505],[-4.900462292526612,55.78016153313595]],[[-5.141422121828413,55.643559473635236],[-5.000747221483891,55.65942265518194],[-4.889372300382831,55.69304893491429]],[[-5.019992207850606,55.86941398754456],[-5.0417921924072,55.864001988519874],[-5.063592176963908,55.858589235368186]],[[-5.533421844132192,55.47654965962829],[-5.420921923828161,55.47654965962829],[-5.332101986748995,55.50194290033235]],[[-6.125411424761126,55.63612077746126],[-5.96242154022471,55.58970711313168],[-5.697581727839776,55.565501435695694]],[[-6.089911449909636,55.846750945319116],[-6.098116444097258,55.84724498115801],[-6.106321438284681,55.84773901071773]],[[-5.614571786644802,55.89168249844937],[-5.858221614040986,55.833673555351936],[-5.953831546309999,55.833673555351936]],[[-5.365791962882753,56.01942001909663],[-5.343501978673203,56.01385285953853],[-5.321211994463596,56.00828489747781]],[[-5.669351747838164,56.4558441736221],[-5.556821827555467,56.4558441736221],[-5.47580188495067,56.43776501147141]],[[-6.09396144704067,56.68857026168783],[-6.070281463815718,56.65279887225901],[-6.070281463815718,56.62185065462566]],[[-6.808510940847043,56.50378880151479],[-6.715941006424458,56.4660986568791],[-6.35617126128875,56.582124582372074],[-6.27238132064636,56.582124582372074]],[[-5.24538204818225,56.722533265758415],[-5.239522052333541,56.7220504122194],[-5.233662056484746,56.721567552480195]],[[-5.906461579867312,57.05920793730024],[-5.850171619743605,57.02861361880741],[-5.820431640811762,57.00848292332864]],[[-7.328140572736515,57.1055355392275],[-7.320160578389704,57.093533957744626],[-7.31218058404275,57.081528490010754],[-7.307195587574256,57.07757471896545],[-7.302210591105592,57.07362052649796],[-7.316690580847848,57.04945954995475],[-7.331170570590132,57.02528284471751],[-7.390325528684144,57.02528284471751],[-7.449480486778242,57.02528284471751]],[[-7.274140610990628,57.36669044941743],[-7.038200778132733,57.36669044941743],[-6.792990951841603,57.54483225323753],[-6.69289102275323,57.54483225323753],[-6.581661101549599,57.43632363474572]],[[-7.008370799264441,57.76940715085976],[-6.91462086567779,57.67895376061],[-7.022330789375133,57.585685134484436],[-7.163350689475209,57.59937295262881]],[[-6.310761293457659,58.20906859046727],[-6.119061429259602,58.136377321810016],[-5.475071885467827,57.976955282546385],[-5.196212083014672,57.934079351013565]]]},"properties":{"id":"bt-highlands-and-islands-submarine-cable-system","name":"BT Highlands and Islands Submarine Cable System","type":"submarine_cable","color":"#48c1c4"}},{"type":"Feature","geometry":{"type":"MultiLineString","coordinates":[[[24.93247657353959,60.171163188940454],[24.4125569418554,59.736409384078485],[23.85005734033541,59.622821769410336],[23.175057818511476,59.451717318905224],[22.275058456079336,59.22222391484422],[21.15005925303933,58.641677771384906],[20.25005989060736,57.571890279005004],[19.125060687567355,56.46971137654694],[17.325061962703415,55.84318584148099],[15.30006339723144,55.58970711313168],[14.4000640347993,55.33458061322915],[13.50006467236733,54.94878902385568],[12.60006530993536,54.68951871778469],[12.15006562871929,54.29748595281848],[12.037565708415343,54.165971787151676],[12.132485641173247,54.079177416570104]],[[23.175057818511476,59.451717318905224],[22.95005797790344,59.736409384078485],[22.966757966073033,59.82340864139897]]]},"properties":{"id":"c-lion1","name":"C-Lion1","type":"submarine_cable","color":"#7dc042"}},{"type":"Feature","geometry":{"type":"MultiLineString","coordinates":[[[-6.30817129529234,49.919910522553806],[-6.074921460528742,50.02292045625484],[-5.654511758350935,50.04314791189421]]]},"properties":{"id":"isles-of-scilly-cable","name":"Isles of Scilly Cable","type":"submarine_cable","color":"#804399"}},{"type":"Feature","geometry":{"type":"MultiLineString","coordinates":[[[36.477388395015794,45.35698507082441],[36.67504825499154,45.372006522678475],[36.770848187126035,45.42360971041049]]]},"properties":{"id":"kerch-strait-cable","name":"Kerch Strait Cable","type":"submarine_cable","color":"#36ada8"}},{"type":"Feature","geometry":{"type":"MultiLineString","coordinates":[[[19.91959012471534,39.61953623629293],[19.575060368783426,39.78482855593708],[19.01256076726341,40.04369219282995],[18.90006084695932,40.387320290775165],[19.125060687567355,41.0693404382163],[19.4500604573345,41.31691028026597],[19.125060687567355,41.40772623743587],[18.11256140483144,42.41235450073577],[18.10651140911733,42.642077955426515]]]},"properties":{"id":"adria-1","name":"Adria-1","type":"submarine_cable","color":"#65b545"}},{"type":"Feature","geometry":{"type":"MultiLineString","coordinates":[[[-18.449912693968884,11.735650161405744],[-16.64991396910486,11.735650161405744],[-16.199914287888873,11.680570534838523],[-15.791145687384272,11.774131923775144]],[[6.300069772911229,2.367912558705314],[8.10006849777534,2.592701464601845],[9.00006786020731,2.705081160335851],[9.91022721544212,2.933124533518679]],[[18.449961165814358,-33.69332014378628],[17.55006180331145,-33.55534420877598],[16.20006275966341,-32.61276000573585],[14.85006371601537,-30.309953344646914],[11.70006594750339,-23.493922445897766],[10.35006690385535,-18.026426383713385],[10.35006690385535,-10.620064860363328],[9.00006786020731,-6.616650693475464],[8.55006817899124,-4.825692499217524],[6.987569285284223,0.118588418888407],[6.733269466028645,0.333286471885856]],[[7.200069135343199,1.01853421661562],[8.55006817899124,0.793562652607278],[9.454267538448192,0.394465191855375]],[[7.200069135343199,1.468426767332062],[9.00006786020731,1.468426767332062],[9.768227316036075,1.860150409321903]],[[3.423511810692077,6.439066911484701],[2.475072482575314,4.164912849976844],[2.250072641967279,3.828234303320954]],[[2.440112507341183,6.356673335458169],[1.800072960751208,5.061986954416028],[1.800072960751208,3.828234303320954]],[[-0.204315619320994,5.558285889905761],[-0.674925285936666,3.279837005485092],[-0.674925285936666,2.830478071896835]],[[-10.797188115230767,6.300378530564558],[-12.599916838160823,4.613591578862867]],[[-13.238096386068491,8.485442435793999],[-14.849915244240833,6.852191098754417]],[[-15.749914606672803,7.744889052551343],[-13.70382605614111,9.513434601362718]],[[-17.999913012752813,13.492128176464178],[-17.099913650320843,13.492128176464178],[-16.58136401766629,13.456136894896872]],[[-15.978284444893546,18.083868491706937],[-17.099913650320843,18.251816319028308],[-18.449912693968884,18.251816319028308]],[[-4.338542690595716,47.81102015174923],[-5.849921619920792,47.65407102366086],[-7.649920344784732,46.89076287862241],[-10.799918113296798,43.40114497315386],[-10.799918113296798,39.69832335493328],[-10.349918432080813,39.00237890905848],[-9.331559153496016,38.69016197235561],[-9.899918750864742,38.29952060596935],[-11.249917794512783,36.51238821239372],[-11.699917475728853,35.419780517080454],[-13.274916359984843,32.052708023486105],[-14.174915722416813,29.73606949729205],[-14.737415323936801,28.161052262220892],[-15.299914925456818,26.964304734562802]],[[2.475072482575314,4.164912849976844],[5.400070410479259,2.592701464601845],[6.300069772911229,2.367912558705314],[7.200069135343199,1.468426767332062],[7.200069135343199,1.01853421661562],[6.733269466028645,0.333286471885856]],[[-16.51801406254387,28.059088061264703],[-16.199914287888873,27.56430948794184],[-15.299914925456818,26.964304734562802],[-17.099913650320843,22.884654113882362],[-18.449912693968884,19.952622905164304],[-18.449912693968884,16.53419619825962],[-17.999913012752813,15.23578178303569],[-17.44571340535299,14.686594841995088],[-17.999913012752813,13.929303843271725],[-17.999913012752813,13.492128176464178],[-18.449912693968884,11.735650161405744],[-17.099913650320843,8.635699417327544],[-15.749914606672803,7.744889052551343],[-14.849915244240833,6.852191098754417],[-12.599916838160823,4.613591578862867],[-10.799918113296798,2.817450442654064],[-5.399921938704722,2.817450442654064],[-4.38742265596872,3.266814816815753],[-4.026242911831901,5.323508791824736],[-3.824923054448732,3.266814816815753],[-3.149923532624712,2.817450442654064],[-0.674925285936666,2.830478071896835],[1.575073120143173,3.828234303320954],[2.250072641967279,3.828234303320954]]]},"properties":{"id":"africa-coast-to-europe-ace","name":"Africa Coast to Europe (ACE)","type":"submarine_cable","color":"#8cc63f"}},{"type":"Feature","geometry":{"type":"MultiLineString","coordinates":[[[29.893513059094772,31.191465077638554],[30.150052877359542,31.67051304708704],[35.55004905195153,34.77547607575676],[35.897798805602406,34.89170328553857]]]},"properties":{"id":"aletar","name":"Aletar","type":"submarine_cable","color":"#57b947"}},{"type":"Feature","geometry":{"type":"MultiLineString","coordinates":[[[2.901442180531063,36.800219896643256],[2.700072323183178,37.232354321556215],[2.700072323183178,38.651811712711236],[2.970972131275403,39.35484412819346]]]},"properties":{"id":"alpal-2","name":"ALPAL-2","type":"submarine_cable","color":"#b55927"}},{"type":"Feature","geometry":{"type":"MultiLineString","coordinates":[[[-72.87218414072119,40.80058099504518],[-71.09987539624133,40.21572406083388],[-68.39987730894534,40.55848045058687],[-61.199882409489234,40.72920412488665],[-50.39989006030518,42.079235618164205],[-39.59989771112103,44.37405751055866],[-23.39990918734489,48.40638249553794],[-16.199914287888873,49.294684219425534],[-10.799918113296798,50.16726116292705],[-8.099920026000802,50.45463912589386],[-5.399921938704722,50.88245364291035],[-4.544402544762761,50.82820142743802]],[[-74.0470933084045,40.123492658236984],[-71.09987539624133,39.69832335493328],[-68.39987730894534,39.351217571171134],[-61.199882409489234,38.29952060596935],[-50.39989006030518,38.47588134813884],[-39.59989771112103,39.69832335493328],[-23.39990918734489,44.051519228735145],[-16.199914287888873,45.96024524125332],[-5.399921938704722,49.14772788577403],[-4.499922576272752,49.00033438946335],[-3.459883313046362,48.730552979168635]]]},"properties":{"id":"apollo","name":"Apollo","type":"submarine_cable","color":"#d36f27"}},{"type":"Feature","geometry":{"type":"MultiLineString","coordinates":[[[-72.9122741123211,40.773520734289946],[-71.09987539624133,40.64389687373827],[-68.39987730894534,41.40772623743587],[-61.199882409489234,42.74371346443661],[-50.39989006030518,45.172673246984374],[-39.59989771112103,48.1067757091962],[-23.39990918734489,53.502097882664344],[-16.199914287888873,55.58970711313168],[-8.999919388432772,59.22222391484422],[-5.399921938704722,59.79305890746801],[-1.799924488976671,59.56588346342974],[1.800072960751208,58.641677771384906],[5.400070410479259,56.46971137654694],[7.650068816559269,55.07780072164758],[8.10006849777534,54.94878902385568],[8.38336829708311,54.8984194044711]],[[-5.698461727216397,50.07870033214297],[-6.299921301136777,50.16726116292705],[-8.099920026000802,50.16726116292705],[-10.799918113296798,49.87814473780409],[-16.199914287888873,48.70423463096077],[-23.39990918734489,47.19740739556977],[-39.59989771112103,43.07331078300331],[-50.39989006030518,41.0693404382163],[-61.199882409489234,40.04369219282995],[-68.39987730894534,40.21572406083388],[-71.09987539624133,40.04369219282995],[-72.9122741123211,40.773520734289946]],[[8.38336829708311,54.8984194044711],[8.10006849777534,54.81936191424907],[7.200069135343199,54.559258765782204],[5.400070410479259,53.768910566668154],[4.500071048047289,53.23359531864921],[4.275071207439254,52.827662548128615],[4.387571127743172,52.623261418527164],[4.656810937011386,52.48640042521362],[4.275071207439254,52.486461320100375],[3.600071685615319,52.35686935757306],[3.150072004399249,52.14259270367222],[2.475072482575314,51.586833980054195],[1.46147320061857,50.981023970649176],[0.900073598319238,50.526212361408795],[0.000074235887269,50.16726116292705],[-2.249924170192742,50.02292045625484],[-3.599923213840782,49.87814473780409],[-4.499922576272752,49.80559362880811],[-5.399921938704722,49.87814473780409],[-5.698461727216397,50.07870033214297]]]},"properties":{"id":"atlantic-crossing-1-ac-1","name":"Atlantic Crossing-1 (AC-1)","type":"submarine_cable","color":"#50429a"}},{"type":"Feature","geometry":{"type":"MultiLineString","coordinates":[[[-6.035761488270055,35.470615921385786],[-5.849921619920792,35.78566189952613],[-5.624921779312757,35.83127933955626],[-4.499922576272752,36.14986678681771],[-2.249924170192742,36.240655233214795],[2.250072641967279,38.12273010839229],[4.050071366831219,39.00237890905848],[5.062570648971388,40.04369219282995],[5.175070569871224,41.744358789482135],[5.372530429989041,43.29362778902916]]]},"properties":{"id":"atlas-offshore","name":"Atlas Offshore","type":"submarine_cable","color":"#5ab946"}},{"type":"Feature","geometry":{"type":"MultiLineString","coordinates":[[[-27.963385954535113,39.01140845880104],[-28.124905840112945,38.82731109526628],[-28.34990568072098,38.82731109526628],[-28.34990568072098,38.739615313825766],[-28.213135777610034,38.68429209182298],[-28.462405601024983,38.651811712711236],[-28.647515469891403,38.52540431175973],[-28.57490552132893,38.47588134813884],[-28.461235601853815,38.43266966366386],[-28.34990568072098,38.29952060596935],[-25.296927843479097,36.90250859939607],[-25.14121795378537,36.95715362213733],[-25.07226800263024,36.87595534218087],[-24.91860811148439,36.95684197844173],[-24.97490807160088,37.232354321556215],[-25.537407673120953,37.58978657360316],[-25.668707580106883,37.73960462631459],[-25.874907434032934,37.58978657360316],[-26.77490679646499,37.94551049545976],[-26.99990663707294,38.47588134813884],[-27.215776484148705,38.658902437108935],[-27.449906318288924,38.651811712711236],[-27.67490615889696,38.651811712711236],[-27.963385954535113,39.01140845880104]]]},"properties":{"id":"azores-fiber-optic-system-afos","name":"Azores Fiber Optic System (AFOS)","type":"submarine_cable","color":"#514da0"}},{"type":"Feature","geometry":{"type":"MultiLineString","coordinates":[[[-0.376975497007066,39.459646713436825],[0.450073917103168,39.351217571171134],[2.250072641967279,39.351217571171134],[2.605252390354707,39.55232618527285]]]},"properties":{"id":"balalink","name":"Balalink","type":"submarine_cable","color":"#3a4ea1"}},{"type":"Feature","geometry":{"type":"MultiLineString","coordinates":[[[11.940005777527603,54.5772362672833],[12.60006530993536,54.624440877767114],[13.50006467236733,54.88412743786745],[14.85006371601537,54.94878902385568],[14.992153615357665,55.031146415148356]],[[13.828284439853434,55.43133165094372],[13.9500643535834,55.33458061322915],[14.4000640347993,55.0133467567922],[14.85006371601537,55.0133467567922],[14.992153615357665,55.031146415148356],[15.075063556623405,54.88412743786745],[15.412563317535358,54.559258765782204],[15.575063202418846,54.17263354490274]]]},"properties":{"id":"baltica","name":"Baltica","type":"submarine_cable","color":"#5f459b"}},{"type":"Feature","geometry":{"type":"MultiLineString","coordinates":[[[21.570078955493614,57.389720408424836],[21.15005925303933,57.39045872350093],[19.35006052817539,57.752422007042185],[19.04186074650724,57.86298070545203],[18.90006084695932,58.05131589106017],[18.56256108604734,58.641677771384906],[18.56256108604734,59.1068949571908],[18.337561245439304,59.279742670960275],[18.062761440110165,59.332309018187175]]]},"properties":{"id":"sweden-latvia","name":"Sweden-Latvia","type":"submarine_cable","color":"#42b985"}},{"type":"Feature","geometry":{"type":"MultiLineString","coordinates":[[[21.082679300772185,56.02850685047366],[20.70005957182343,56.15772578558838],[19.125060687567355,57.32978111682823],[18.829450896980262,57.43973589319194]]]},"properties":{"id":"bcs-east-west-interlink","name":"BCS East-West Interlink","type":"submarine_cable","color":"#348bcb"}},{"type":"Feature","geometry":{"type":"MultiLineString","coordinates":[[[24.93247657353959,60.171163188940454],[24.4125569418554,59.90606992457441],[23.85005734033541,59.79305890746801],[22.966757966073033,59.82340864139897],[22.61255821699146,59.90606992457441],[22.275058456079336,60.01869762196867],[22.298598439403577,60.305754431168936],[22.05005861547147,60.07486799642308],[21.375059093647366,59.849612385021544],[20.25005989060736,59.736409384078485],[19.91256012969538,59.962431634152296],[19.93776011184346,60.11403575461435],[19.687560289087344,59.962431634152296],[19.125060687567355,59.622821769410336],[18.688360996929788,59.29276676569168]]]},"properties":{"id":"bcs-north---phase-1","name":"BCS North - Phase 1","type":"submarine_cable","color":"#38b77b"}},{"type":"Feature","geometry":{"type":"MultiLineString","coordinates":[[[26.883645191313576,60.501141253200814],[27.00005510884756,60.35428947498107],[27.168804989303453,60.130942866098394],[27.45005479006346,59.962431634152296],[28.125054311887567,59.849612385021544],[28.49995404630505,59.799986209492914]],[[26.883645191313576,60.501141253200814],[26.775055268239356,60.35428947498107],[26.10005574641542,60.130942866098394],[25.20005638398345,60.130942866098394],[24.93247657353959,60.171163188940454]]]},"properties":{"id":"bcs-north---phase-2","name":"BCS North - Phase 2","type":"submarine_cable","color":"#b1d235"}},{"type":"Feature","geometry":{"type":"MultiLineString","coordinates":[[[35.897798805602406,34.89170328553857],[35.77504889255957,34.68301765985788],[35.85922883292588,34.43974246013238],[35.55004905195153,34.31215165223537],[35.485109097955785,33.89263712836993],[35.3250492113435,33.565491482352144],[35.38637916789688,33.45019231608532]]]},"properties":{"id":"berytar","name":"BERYTAR","type":"submarine_cable","color":"#c02028"}},{"type":"Feature","geometry":{"type":"MultiLineString","coordinates":[[[21.616368922701383,63.095388681301586],[21.375059093647366,63.09669186983908],[21.15005925303933,63.09669186983908],[20.70005957182343,63.27431307074423],[20.475059731215396,63.526173423791136],[20.394303098455197,63.70251569426429],[20.26304988140535,63.82595266205354]]]},"properties":{"id":"botnia","name":"Botnia","type":"submarine_cable","color":"#dba926"}},{"type":"Feature","geometry":{"type":"MultiLineString","coordinates":[[[-3.357053385891987,54.210914913404395],[-3.599923213840782,54.165971787151676],[-4.274922735664717,54.165971787151676],[-4.423852630161463,54.16728900359925],[-4.209052782327632,54.25163802974663],[-4.265272742500855,54.440993353921044],[-4.522672560156451,54.440993353921044],[-4.635172480460398,54.37549446567266],[-4.691422440612428,54.222445613689786],[-5.235222055379666,54.30232935229833],[-5.559391825734764,54.30232935229833]]]},"properties":{"id":"bt-mt-1","name":"BT-MT-1","type":"submarine_cable","color":"#d12c7d"}},{"type":"Feature","geometry":{"type":"MultiLineString","coordinates":[[[35.485109097955785,33.89263712836993],[35.52192407127956,33.90074250722242],[35.563039042153434,33.89189835097628]],[[33.61060042587516,34.82728147271527],[33.97505016769546,34.68301765985788],[35.485109097955785,33.89263712836993]]]},"properties":{"id":"cadmos","name":"CADMOS","type":"submarine_cable","color":"#5d4a9e"}},{"type":"Feature","geometry":{"type":"MultiLineString","coordinates":[[[-16.34766418322141,33.047315908721146],[-16.42491412849691,32.81231878328768],[-16.64991396910486,32.62301664000799],[-16.908893785641084,32.64727814971002],[-17.125113632468896,32.55889959458756],[-18.449912693968884,32.81231878328768],[-24.74990823099293,36.14986678681771],[-25.649907593424984,36.87321951208918],[-25.762407513728903,37.58978657360316],[-25.668707580106883,37.73960462631459]]]},"properties":{"id":"cam-ring","name":"CAM Ring","type":"submarine_cable","color":"#a85137"}},{"type":"Feature","geometry":{"type":"MultiLineString","coordinates":[[[-16.412574137834554,28.310603161410427],[-16.031164407432783,28.39196396138891],[-15.749914606672803,28.55704546571141],[-14.962415164544836,28.951554732193216],[-13.724916040604825,29.73606949729205],[-10.124918591472778,33.93964008831958],[-8.324919866608838,35.419780517080454],[-6.749920982352762,36.14986678681771],[-6.087131451879088,36.27672346192381]],[[-7.199920663568747,36.51238821239372],[-6.299921301136777,35.60293032290622],[-6.035761488270055,35.470615921385786]],[[-15.524914766064853,28.359233526108653],[-15.487704792424722,28.1343621820335]],[[-15.412414845760821,28.55704546571141],[-15.749914606672803,28.50762719638061],[-16.031164407432783,28.34246846660676],[-16.41256413724568,28.31058555362941]],[[-16.51801406254387,28.059088061264703],[-16.42491412849691,27.962503359972544],[-16.537414048800827,27.863091576993526],[-16.76241388940886,27.863091576993526],[-16.98121373440904,28.159242763304235],[-17.099913650320843,28.359233526108653],[-17.364803462670494,28.663271035325494],[-17.58982330326421,28.712616152639697],[-17.765193179030604,28.663271035325494]],[[-15.412414845760821,28.55704546571141],[-15.299914925456818,28.458185766004647],[-15.243664965304845,28.161052262220892],[-15.299914925456818,28.061823659710228],[-15.398744855444761,27.95939426104593]],[[-6.363011256443286,36.62627284935817],[-7.199920663568747,36.51238821239372],[-8.999919388432772,35.419780517080454],[-11.024917953904747,33.93964008831958],[-14.624915403632798,29.73606949729205],[-15.074915084848868,28.951554732193216],[-15.412414845760821,28.55704546571141],[-15.524914766064853,28.359233526108653],[-16.031164407432783,28.29295870317665],[-16.51801406254387,28.059088061264703]]]},"properties":{"id":"canalink","name":"Canalink","type":"submarine_cable","color":"#5a4a9e"}},{"type":"Feature","geometry":{"type":"MultiLineString","coordinates":[[[7.199969135414307,55.58982013593325],[7.650068816559269,55.58970711313168],[8.329168335478954,55.75165023178093]],[[-7.424920504176782,62.71239189403053],[-7.199920663568747,62.50536500000058],[-7.147190700923147,62.290125832285554]],[[4.500071048047289,55.96930907315377],[4.950070729263189,56.09502251152725]],[[4.228491240437108,56.078513174181296],[4.500071048047289,55.96930907315377],[4.56433100252508,55.80429094977458],[4.612570968351207,55.747268737822395],[4.748510872050332,55.715908549840066]],[[7.200069135343199,55.58970711313168],[7.650068816559269,55.20639768894037],[8.10006849777534,55.0133467567922],[8.38336829708311,54.8984194044711]],[[7.200069135343199,55.58970711313168],[6.300069772911229,55.84318584148099],[4.950070729263189,56.09502251152725],[3.600071685615319,58.05131589106017],[2.700072323183178,60.35428947498107],[1.800072960751208,61.23255301306608],[0.450073917103168,61.9814494856501],[-2.249924170192742,62.4013092496138],[-7.424920504176782,62.71239189403053],[-10.799918113296798,62.609058908203394],[-16.199914287888873,63.031574219730345],[-18.449912693968884,63.12213306123374],[-19.799911737616924,63.22367528305821],[-20.26729140652074,63.437770648439766]]]},"properties":{"id":"cantat-3","name":"CANTAT-3","type":"submarine_cable","color":"#a6469a"}},{"type":"Feature","geometry":{"type":"MultiLineString","coordinates":[[[41.66752471827439,42.14675635811534],[41.40004490775959,42.079235618164205],[35.55004905195153,42.41235450073577],[28.575053993103467,43.23744835244082],[28.1674342818651,43.41462116994657]]]},"properties":{"id":"caucasus-cable-system","name":"Caucasus Cable System","type":"submarine_cable","color":"#d02c91"}},{"type":"Feature","geometry":{"type":"MultiLineString","coordinates":[[[-6.248311337697743,53.348124632595216],[-5.624921779312757,53.30087964873988],[-4.630392483846578,53.30633550153618]]]},"properties":{"id":"celtixconnect-1-cc-1","name":"CeltixConnect-1 (CC-1)","type":"submarine_cable","color":"#aa4f9e"}},{"type":"Feature","geometry":{"type":"MultiLineString","coordinates":[[[-9.331559153496016,38.69016197235561],[-10.349918432080813,38.21117903702327],[-13.949915882404753,36.993119919861954],[-23.399909187940864,36.993119919861954],[-24.74990823099293,37.232354321556215],[-25.42490775281695,37.58978657360316],[-25.668707580106883,37.73960462631459]]]},"properties":{"id":"columbus-iii-azores-portugal","name":"Columbus-III Azores-Portugal","type":"submarine_cable","color":"#c35437"}},{"type":"Feature","geometry":{"type":"MultiLineString","coordinates":[[[7.017449264712866,43.55300871311741],[7.200069135343199,43.40114497315386],[8.55006817899124,42.74371346443661],[8.937177904759153,42.63668577913154]]]},"properties":{"id":"corse-continent-4-cc4","name":"Corse-Continent 4 (CC4)","type":"submarine_cable","color":"#34bfc8"}},{"type":"Feature","geometry":{"type":"MultiLineString","coordinates":[[[5.878200071767793,43.10319473312765],[6.075069932303194,42.74371346443661],[6.300069772911229,42.57825408607275],[8.414618274945298,41.919502734658465],[8.73873804533585,41.919502734658465]]]},"properties":{"id":"corse-continent-5-cc5","name":"Corse-Continent 5 (CC5)","type":"submarine_cable","color":"#32c0cf"}},{"type":"Feature","geometry":{"type":"MultiLineString","coordinates":[[[12.955535058117334,55.77057758158506],[12.716565227405795,55.779970327098255],[12.54557534853663,55.720775126305966]]]},"properties":{"id":"danica-north","name":"Danica North","type":"submarine_cable","color":"#3c61ad"}},{"type":"Feature","geometry":{"type":"MultiLineString","coordinates":[[[-20.14185149538352,63.642367197144665],[-20.699911101240872,63.3248621310789],[-20.69991110064487,62.98618902459583],[-19.799911737616924,62.50536500000058],[-14.399915563024848,62.29689073879055],[-10.799918113296798,62.71239189403053],[-7.424920504176782,62.81536487879316],[-2.249924170192742,62.50536500000058],[0.450073917103168,62.08696177092739],[2.025072801359244,61.23255301306608],[2.925072163791214,60.35428947498107],[3.825071526223184,58.05131589106017],[5.175070569871224,56.22032688484515],[6.300069772911229,55.96930907315377],[7.200069135343199,55.71665209382169],[7.650068816559269,55.65323105219801],[8.329168335478954,55.75165023178093]]]},"properties":{"id":"danice","name":"DANICE","type":"submarine_cable","color":"#5bba46"}},{"type":"Feature","geometry":{"type":"MultiLineString","coordinates":[[[14.966663633414868,55.01278483536163],[14.962563636319288,54.88412743786745],[15.30006339723144,54.559258765782204],[16.062272857274962,54.260143483877215]]]},"properties":{"id":"denmark-poland-2","name":"Denmark-Poland 2","type":"submarine_cable","color":"#ae4a9b"}},{"type":"Feature","geometry":{"type":"MultiLineString","coordinates":[[[12.592155315538946,56.03063574342079],[12.643960278839899,56.03727869909534],[12.695765242140624,56.043920511503416]]]},"properties":{"id":"denmark-sweden-15","name":"Denmark-Sweden 15","type":"submarine_cable","color":"#94c83d"}},{"type":"Feature","geometry":{"type":"MultiLineString","coordinates":[[[12.273115541549828,55.576074176494586],[12.375065469327325,55.526080187888624],[12.543815349783216,55.462350188098384],[12.712565230239278,55.462350188098384],[12.963935052166732,55.47137495553801]]]},"properties":{"id":"denmark-sweden-16","name":"Denmark-Sweden 16","type":"submarine_cable","color":"#cb2026"}},{"type":"Feature","geometry":{"type":"MultiLineString","coordinates":[[[12.536885354692657,56.0750809772897],[12.562760336362658,56.105017291564536],[12.588635318032487,56.134930342754785]]]},"properties":{"id":"denmark-sweden-17","name":"Denmark-Sweden 17","type":"submarine_cable","color":"#34a89e"}},{"type":"Feature","geometry":{"type":"MultiLineString","coordinates":[[[12.592155315538946,56.03063574342079],[12.643960278839899,56.03727869909534],[12.695765242140624,56.043920511503416]]]},"properties":{"id":"denmark-sweden-18","name":"Denmark-Sweden 18","type":"submarine_cable","color":"#373e98"}},{"type":"Feature","geometry":{"type":"MultiLineString","coordinates":[[[11.940005777527603,54.5772362672833],[11.925065788111255,54.49397229925464],[11.925065788111255,54.29748595281848],[12.132485641173247,54.079177416570104]]]},"properties":{"id":"elektra-globalconnect-1-gc1","name":"Elektra-GlobalConnect 1 (GC1)","type":"submarine_cable","color":"#c88129"}},{"type":"Feature","geometry":{"type":"MultiLineString","coordinates":[[[-6.197971373358996,53.41013850693267],[-5.624921779312757,53.54157968163065],[-5.090742157730631,53.54186491531689],[-4.630392483846578,53.30633550153618]]]},"properties":{"id":"emerald-bridge-fibres","name":"Emerald Bridge Fibres","type":"submarine_cable","color":"#ec1c24"}},{"type":"Feature","geometry":{"type":"MultiLineString","coordinates":[[[-9.232149223918952,54.207113520678774],[-9.56241898995276,54.559258765782204],[-10.799918113296798,55.07780072164758],[-12.599916838160823,55.07780072164758],[-16.199914287888873,54.29748595281848],[-23.39990918734489,52.4179012603154],[-39.59989771112103,46.89076287862241],[-50.39989006030518,44.21300917863164],[-61.199882409489234,42.079235618164205],[-68.39987730894534,41.0693404382163],[-71.09987539624133,40.47295490579842],[-72.87218414072119,40.80058099504518]]]},"properties":{"id":"aec-1","name":"AEC-1","type":"submarine_cable","color":"#923c96"}},{"type":"Feature","geometry":{"type":"MultiLineString","coordinates":[[[-6.215401361011459,53.331711289007416],[-5.624921779312757,53.43513085622595],[-3.599923213840782,53.63571515699499],[-3.006373634316702,53.64793339883286]]]},"properties":{"id":"esat-2","name":"ESAT-2","type":"submarine_cable","color":"#27baad"}},{"type":"Feature","geometry":{"type":"MultiLineString","coordinates":[[[-5.391811944449927,35.565918934421404],[-5.174922098096772,35.78566189952613],[-5.174922098096772,36.240655233214795],[-5.145872118676039,36.42741977174609]]]},"properties":{"id":"estepona-tetouan","name":"Estepona-Tetouan","type":"submarine_cable","color":"#2ca887"}},{"type":"Feature","geometry":{"type":"MultiLineString","coordinates":[[[-6.927950856234673,62.24411205903692],[-6.897247538141272,62.40594616938375],[-7.199920663568747,62.71239189403053],[-7.199920663568747,63.3248621310789]],[[-3.346213393571077,58.615419520861536],[-3.824923054448732,58.75856894488285],[-3.824923054448732,59.451717318905224],[-3.149923532624712,60.35428947498107],[-2.699923851408727,61.875570783571504],[-2.699923851408727,62.08696177092739],[-5.399921938704722,62.91797878525176],[-7.199920663568747,63.3248621310789],[-10.799918113296798,64.70468599661166],[-10.799918113296798,65.08652060243708],[-12.149917156944838,65.27540872550341],[-13.499916200592793,65.27540872550341],[-14.018075833523653,65.25084981890586]]]},"properties":{"id":"farice-1","name":"FARICE-1","type":"submarine_cable","color":"#62bd60"}},{"type":"Feature","geometry":{"type":"MultiLineString","coordinates":[[[11.212566292852728,54.49618504236204],[11.25006626628732,54.59302163749791],[11.35856618942509,54.66306630403628]]]},"properties":{"id":"fehmarn-blt","name":"Fehmarn Bält","type":"submarine_cable","color":"#af4298"}},{"type":"Feature","geometry":{"type":"MultiLineString","coordinates":[[[24.752496701038922,59.43639985926242],[25.087556463679334,59.6796637072089],[25.20005638398345,59.962431634152296],[25.087556463679334,60.07486799642308],[24.93247657353959,60.171163188940454]]]},"properties":{"id":"finland-estonia-2-eesf-2","name":"Finland-Estonia 2 (EESF-2)","type":"submarine_cable","color":"#b91e4e"}},{"type":"Feature","geometry":{"type":"MultiLineString","coordinates":[[[-5.674921743892327,50.06393817056218],[-6.299921301136777,50.09514516168238],[-8.099920026000802,49.87814473780409],[-10.799918113296798,49.58728674004675],[-16.199914287888873,48.1067757091962],[-23.39990918734489,45.96024524125332],[-39.59989771112103,41.744358789482135],[-50.39989006030518,40.04369219282995],[-61.199882409489234,39.351217571171134],[-68.39987730894534,39.871225135616044],[-71.67868498620714,41.097018351055965],[-72.16564464124035,41.217596026703234],[-72.3658444994169,41.217596026703234],[-72.82077417714045,41.14638300214594],[-73.19440391245772,41.022498134754784],[-73.34411380640178,40.90945238298872]],[[-73.65597358547735,40.60068600870835],[-71.09987539624133,39.871225135616044],[-68.39987730894534,39.69832335493328],[-61.199882409489234,39.00237890905848],[-50.39989006030518,39.524987333511575],[-39.59989771112103,41.0693404382163],[-23.39990918734489,45.33107107332478],[-16.199914287888873,46.58235508209589],[-5.399921938704722,49.294684219425534],[-4.499922576272752,49.294684219425534],[-3.599923213840782,49.14772788577403],[-2.81242377171273,48.85250340834858],[-2.767793803328971,48.534938683234884]]]},"properties":{"id":"flag-atlantic-1-fa-1","name":"FLAG Atlantic-1 (FA-1)","type":"submarine_cable","color":"#80479b"}},{"type":"Feature","geometry":{"type":"MultiLineString","coordinates":[[[-6.165841396120214,53.52654276893227],[-5.624921779312757,53.702365556682366],[-3.330833404466404,53.45193909085103],[-3.027563619305653,53.20172844509676]]]},"properties":{"id":"geo-eirgrid","name":"Geo-Eirgrid","type":"submarine_cable","color":"#50c3c9"}},{"type":"Feature","geometry":{"type":"MultiLineString","coordinates":[[[37.77279747733587,44.72369712320864],[37.80004745803154,44.37405751055866],[38.47504697985545,43.889587736299546],[39.37504634228762,43.564400497117504],[39.726116093586484,43.61550655407004],[39.82504602350352,43.40114497315386],[40.50004554532762,42.74371346443661],[41.40004490775959,42.24601493182962],[41.66752471827439,42.14675635811534]]]},"properties":{"id":"georgia-russia","name":"Georgia-Russia","type":"submarine_cable","color":"#ee7122"}},{"type":"Feature","geometry":{"type":"MultiLineString","coordinates":[[[11.940005777527603,54.5772362672833],[12.037565708415343,54.49397229925464],[12.037565708415343,54.29748595281848],[12.149575629066447,54.19157680986666]]]},"properties":{"id":"germany-denmark-3","name":"Germany-Denmark 3","type":"submarine_cable","color":"#e61d2d"}},{"type":"Feature","geometry":{"type":"MultiLineString","coordinates":[[[-0.204315619320994,5.558285889905761],[-0.449925445328716,3.279837005485092],[-0.449925445328716,2.156121468705749]],[[-4.544402544762761,50.82820142743802],[-6.074881460557094,50.382957439948456],[-7.649920344784732,49.73293362369091],[-9.899918750864742,48.70423463096077],[-14.399915563024848,44.051519228735145],[-14.399915563024848,39.69832335493328],[-13.499916200592793,35.78566189952613],[-12.824916678768858,33.18971466460036],[-12.599916838160823,30.126049846722907],[-13.499916200592793,28.161052262220892],[-14.624915403632798,26.964304734562802],[-17.549913331536914,22.884654113882362],[-18.89991237518487,19.952622905164304],[-18.89991237518487,14.801154224791475],[-18.89991237518487,11.735650161405744],[-17.549913331536914,8.635699417327544],[-13.049916519376808,4.164912849976844],[-10.799918113296798,1.918228780215685],[-3.599923213840782,1.918228780215685],[-0.449925445328716,2.156121468705749],[1.575073120143173,3.266814816815753],[2.250072641967279,3.379125568250004],[2.700072323183178,4.164912849976844],[3.423511810692077,6.439066911484701]]]},"properties":{"id":"glo-1","name":"Glo-1","type":"submarine_cable","color":"#3665b0"}},{"type":"Feature","geometry":{"type":"MultiLineString","coordinates":[[[10.516666785834417,57.33104423288563],[10.80006658507125,57.4510360539646],[11.70006594750339,57.51151320633309],[12.076235681021274,57.48768909927358]]]},"properties":{"id":"globalconnect-2-gc2","name":"GlobalConnect 2 (GC2)","type":"submarine_cable","color":"#3880c2"}},{"type":"Feature","geometry":{"type":"MultiLineString","coordinates":[[[11.149386337610053,55.32605364145988],[11.025066425679285,55.33458061322915],[10.799576585418407,55.32441516057577]]]},"properties":{"id":"globalconnect-3-gc3","name":"GlobalConnect 3 (GC3)","type":"submarine_cable","color":"#d13829"}},{"type":"Feature","geometry":{"type":"MultiLineString","coordinates":[[[11.940005777527603,54.5772362672833],[11.812565867807308,54.49397229925464],[11.812565867807308,54.29748595281848],[12.132485641173247,54.079177416570104]]]},"properties":{"id":"globalconnect-kpn","name":"GlobalConnect-KPN","type":"submarine_cable","color":"#e03225"}},{"type":"Feature","geometry":{"type":"MultiLineString","coordinates":[[[12.591375316091586,37.650586172786205],[12.712565230239278,37.232354321556215],[13.05006499115126,36.87321951208918],[14.062564273887318,36.05897312258671],[14.411884026425952,35.95058770661464]]]},"properties":{"id":"go-1-mediterranean-cable-system","name":"GO-1 Mediterranean Cable System","type":"submarine_cable","color":"#49b751"}},{"type":"Feature","geometry":{"type":"MultiLineString","coordinates":[[[16.86881228591494,41.125709058522546],[18.00006148452735,41.15410110990115],[18.675061006351456,40.89949091487156],[19.125060687567355,40.387320290775165],[19.237560607871444,40.04369219282995],[19.92399012159845,39.75405284068893],[19.125060687567355,40.04369219282995],[19.01256076726341,40.387320290775165],[18.56256108604734,40.814402154698826],[18.00006148452735,41.0693404382163],[16.86881228591494,41.125709058522546]]]},"properties":{"id":"oteglobe-kokkini-bari","name":"OTEGLOBE Kokkini-Bari","type":"submarine_cable","color":"#eb8d22"}},{"type":"Feature","geometry":{"type":"MultiLineString","coordinates":[[[-53.960277538689255,48.20755282132379],[-53.54988782881715,48.0692013806549],[-53.09988814760116,48.256798568947545],[-52.19988878516919,48.70423463096077],[-49.49989069787313,50.740281893948264],[-49.04989101665714,51.8655716555981],[-50.84988974152117,60.130942866098394],[-51.74988910395311,61.23255301306608],[-52.64988846638518,62.71239189403053],[-52.64988846638518,63.526173423791136],[-51.97488894456117,63.82549832634285],[-51.72996911806467,64.1812188111395],[-51.86238902425714,63.82549832634285],[-52.42488862577723,63.526173423791136],[-52.19988878516919,62.71239189403053],[-50.39989006030518,61.23255301306608],[-48.59989133544116,60.35428947498107],[-46.79989261057713,59.6796637072089],[-45.89989324814505,59.451717318905224],[-43.19989516084908,59.22222391484422],[-27.899905999504995,61.01524141470435],[-22.49990982491292,62.08696177092739],[-20.92491094065693,63.3248621310789],[-20.14185149538352,63.642367197144665]],[[-46.035393152155706,60.719028410192635],[-46.34989292936115,60.35428947498107],[-46.79989261057713,59.6796637072089]]]},"properties":{"id":"greenland-connect","name":"Greenland Connect","type":"submarine_cable","color":"#f47920"}},{"type":"Feature","geometry":{"type":"MultiLineString","coordinates":[[[-2.201384204578886,49.24804518533196],[-2.362424090496745,49.294684219425534],[-2.558073951896546,49.42332570943023]]]},"properties":{"id":"guernsey-jersey-4","name":"Guernsey-Jersey-4","type":"submarine_cable","color":"#3d7abe"}},{"type":"Feature","geometry":{"type":"MultiLineString","coordinates":[[[32.46665123625965,34.76657169708608],[31.500051920411693,34.157137999942535],[29.645663234673975,32.84186407440686],[28.8000538337115,32.33831157801282]],[[5.372530429989041,43.29362778902916],[5.850070091695329,41.744358789482135],[6.975069294735334,38.651811712711236],[7.650068816559269,37.94551049545976],[9.000067859611391,37.67887792909195],[10.348617229769246,37.67887792909195],[10.912566505375338,37.32187222983512],[11.475066105703547,37.232354321556215],[12.262565549023208,36.240655233214795],[12.60006530993536,35.78566189952613],[13.162564911457537,35.419780517080454],[14.4000640347993,34.68301765985788],[16.65006244087931,34.12610104005762],[19.35006052817539,34.49779087043359],[22.05005861487558,34.29666313310531],[25.20005638398345,33.565491482352144],[28.8000538337115,32.33831157801282],[29.893513059094772,31.191465077638554]]]},"properties":{"id":"hawk","name":"Hawk","type":"submarine_cable","color":"#ad4599"}},{"type":"Feature","geometry":{"type":"MultiLineString","coordinates":[[[-70.9502755028152,42.46364601310964],[-69.2998766713773,42.57825408607275],[-65.69987922164925,42.74371346443661],[-63.899880496785315,44.051519228735145],[-63.5724907287112,44.653228704914795],[-61.199882409489234,44.53466416326725],[-50.39989006030518,46.73677946695426],[-39.59989771112103,49.87814473780409],[-23.39990918734489,54.03403825672413],[-16.199914287888873,54.81936191424907],[-12.599916838160823,55.33458061322915],[-8.999919388432772,55.58970711313168],[-6.676191034583809,55.415759313160976],[-6.074921460528742,55.33458061322915],[-4.949922257488737,54.36308597431912],[-4.949922257488737,54.100057482410676],[-4.837372337220188,53.96791403087386],[-3.599923213840782,53.702365556682366],[-3.006373634316702,53.64793339883286],[-3.599923213840782,53.56895929103041],[-5.624921779312757,53.36805813650224],[-6.248311337697743,53.348124632595216],[-5.624921779312757,53.23359531864921],[-5.399921938704722,52.691501594646866],[-5.624921779312757,52.14259270367222],[-7.199920663568747,51.44682015166964],[-10.799918113296798,50.740281893948264],[-16.199914287888873,50.740281893948264],[-23.39990918734489,51.30637567738265],[-39.59989771112103,49.294684219425534],[-50.39989006030518,46.116434772202325],[-61.199882409489234,44.37405751055866],[-63.5724907287112,44.653228704914795]],[[-6.676191034583809,55.13093005815972],[-6.676191034583809,55.415759313160976]]]},"properties":{"id":"exa-north-and-south","name":"EXA North and South","type":"submarine_cable","color":"#4cb96a"}},{"type":"Feature","geometry":{"type":"MultiLineString","coordinates":[[[-3.010863631136061,51.29364574899657],[-4.049922895056767,51.44682015166964],[-5.399921938704722,51.37665177535368],[-7.199920663568747,51.30637567738265],[-10.799918113296798,50.597677199053464],[-16.199914287888873,50.45463912589386],[-23.39990918734489,50.740281893948264],[-39.59989771112103,48.70423463096077],[-50.39989006030518,45.489027144440826],[-61.199882409489234,44.21300917863164],[-63.57581072635929,44.646178570763]],[[-8.472719761905978,51.89860855381119],[-7.649920344784732,51.586833980054195],[-7.199920663568747,51.30637567738265]]]},"properties":{"id":"exa-express","name":"EXA Express","type":"submarine_cable","color":"#b03d2b"}},{"type":"Feature","geometry":{"type":"MultiLineString","coordinates":[[[-2.537573966418904,49.50954697267542],[-3.599923213840782,49.58728674004675],[-4.499922576272752,49.73293362369091],[-5.399921938704722,49.80559362880811],[-5.654511758350935,50.04314791189421]],[[-2.558223951790211,49.42685110088382],[-2.924923692016677,49.294684219425534],[-3.459883313046362,48.87341683445018],[-3.459883313046362,48.730552979168635]]]},"properties":{"id":"high-capacity-undersea-guernsey-optical-fibre-hugo","name":"High-capacity Undersea Guernsey Optical-fibre (HUGO)","type":"submarine_cable","color":"#57bf9b"}},{"type":"Feature","geometry":{"type":"MultiLineString","coordinates":[[[-2.021314332142055,49.22527732021615],[-1.916424406447106,49.25668077735244],[-1.650024595167196,49.28328299965523]],[[-2.529413972199507,49.451047180325105],[-2.304174131761641,49.294684219425534],[-2.201384204578886,49.24804518533196]]]},"properties":{"id":"ingrid","name":"INGRID","type":"submarine_cable","color":"#41b549"}},{"type":"Feature","geometry":{"type":"MultiLineString","coordinates":[[[12.415005441033458,55.647554790974624],[12.487565389631243,55.55790652931407],[12.60006530993536,55.526080187888624],[12.712565230239278,55.526080187888624],[12.916665085653108,55.53356806062777]]]},"properties":{"id":"ip-only-denmark-sweden","name":"IP-Only Denmark-Sweden","type":"submarine_cable","color":"#3465b0"}},{"type":"Feature","geometry":{"type":"MultiLineString","coordinates":[[[16.86881228591494,41.125709058522546],[18.00006148452735,41.23875232896668],[19.125060687567355,41.23875232896668],[19.4500604573345,41.31691028026597]]]},"properties":{"id":"italy-albania","name":"Italy-Albania","type":"submarine_cable","color":"#a8842d"}},{"type":"Feature","geometry":{"type":"MultiLineString","coordinates":[[[12.257409117404194,45.496082427884346],[12.376065468618947,45.33107107332478],[13.275064831759295,45.33107107332478],[13.533478213424985,45.433276695186294]]]},"properties":{"id":"italy-croatia","name":"Italy-Croatia","type":"submarine_cable","color":"#c23f2f"}},{"type":"Feature","geometry":{"type":"MultiLineString","coordinates":[[[18.485701140495706,40.14820187022195],[18.675061006351456,40.04369219282995],[19.80006020939146,39.871225135616044],[19.968810089847352,39.7847901333038],[19.968810089847352,39.741589529321175],[20.01546005680015,39.68362591227577]]]},"properties":{"id":"italy-greece-1","name":"Italy-Greece 1","type":"submarine_cable","color":"#55b847"}},{"type":"Feature","geometry":{"type":"MultiLineString","coordinates":[[[12.591375316091586,37.650586172786205],[12.543815349783216,37.232354321556215],[12.60006530993536,36.87321951208918],[12.825065150547204,35.419780517080454],[13.162564911455348,33.18971466460036],[13.187364893886866,32.87762290319543]]]},"properties":{"id":"italy-libya","name":"Italy-Libya","type":"submarine_cable","color":"#2767b2"}},{"type":"Feature","geometry":{"type":"MultiLineString","coordinates":[[[7.426728974775415,43.73825568793552],[7.875068657167304,43.72721479104973],[8.325068338383204,43.889587736299546],[8.483758225965857,44.305748230542434]]]},"properties":{"id":"italy-monaco","name":"Italy-Monaco","type":"submarine_cable","color":"#51459c"}},{"type":"Feature","geometry":{"type":"MultiLineString","coordinates":[[[9.109447782721531,39.215608817480586],[9.45006754142321,38.82731109526628],[11.70006594750339,37.72338353997506],[12.591375316091586,37.650586172786205]],[[9.486887515339816,40.92273704364533],[9.900067222043361,41.097606154138276],[10.575066743867296,41.43584595024919],[11.25006626628732,41.744358789482135],[11.796845878943572,42.09141425047335]]]},"properties":{"id":"janna","name":"Janna","type":"submarine_cable","color":"#ba9f39"}},{"type":"Feature","geometry":{"type":"MultiLineString","coordinates":[[[34.769679604772676,32.04501185826473],[33.75005032708759,32.52821504536482],[31.050052239791512,33.283811019051],[25.20005638398345,34.61360601019041],[23.400057658523423,35.082922700290226],[22.05005861547147,35.876870570092734],[19.80006020939146,37.67887792909195],[19.18276064669223,39.48474996079955],[18.90006084695932,40.04369219282995],[18.787560926655374,40.387320290775165],[18.00006148452735,40.98447035812865],[16.86881228591494,41.125709058522546]]]},"properties":{"id":"jonah","name":"Jonah","type":"submarine_cable","color":"#43b549"}},{"type":"Feature","geometry":{"type":"MultiLineString","coordinates":[[[10.514616787286627,57.24491811100583],[10.687566664767303,57.23857647500998],[10.966956466845033,57.272647240874335]],[[11.199286302260361,57.31375088583721],[11.70006594750339,57.02488552657641],[12.15006562871929,56.840738642145595],[12.68336525092488,56.683369081239334]]]},"properties":{"id":"kattegat-2","name":"Kattegat 2","type":"submarine_cable","color":"#7fc241"}},{"type":"Feature","geometry":{"type":"MultiLineString","coordinates":[[[-3.050753602877677,53.80897597127557],[-3.599923213840782,53.868530644567244],[-4.387222656110339,53.96791403087386],[-4.566622529021913,54.10028616652036]]]},"properties":{"id":"lanis-1","name":"Lanis-1","type":"submarine_cable","color":"#53bc84"}},{"type":"Feature","geometry":{"type":"MultiLineString","coordinates":[[[-4.691422440612428,54.222445613689786],[-4.791422369771567,54.28083898900164],[-5.384291949777236,54.54294403514453],[-5.484341878900892,54.54294403514453]]]},"properties":{"id":"lanis-2","name":"Lanis-2","type":"submarine_cable","color":"#324ca0"}},{"type":"Feature","geometry":{"type":"MultiLineString","coordinates":[[[21.570078955493614,57.389720408424836],[21.15005925303933,57.4510360539646],[19.575060368783426,58.05131589106017],[18.45006116574342,58.40671668748652],[18.00006148452735,58.75856894488285],[17.946541522441493,58.90309907219313]]]},"properties":{"id":"latvia-sweden-1-lv-se-1","name":"Latvia-Sweden 1 (LV-SE 1)","type":"submarine_cable","color":"#43b549"}},{"type":"Feature","geometry":{"type":"MultiLineString","coordinates":[[[12.083365675970299,32.93354641183947],[12.375065469327325,33.00121852265437],[12.529855359672894,32.774885686861666],[12.642240573027038,32.96372252942484],[13.05006499115126,33.00121852265437],[13.187364893886866,32.87762290319543],[13.50006467236733,33.00121852265437],[14.175064194191435,32.81231878328768],[14.264514130824125,32.649989370963],[14.4000640347993,32.81231878328768],[14.85006371601537,32.81231878328768],[15.075063556623405,32.62301664000799],[15.094983542511955,32.37460980808484],[15.30006339723144,32.33831157801282],[16.425062600271445,31.478822672736243],[16.588442484531726,31.20558735149686],[16.875062281487345,31.28673881439167],[17.55006180331145,31.28673881439167],[18.225061325135385,30.901396088515583],[18.411971192726753,30.586989976235827],[18.675061006351456,30.70813999354155],[19.35006052817539,30.70813999354155],[19.57652036774914,30.378447643853804],[19.575060368783426,30.70813999354155],[19.80006020939146,31.861808602270827],[20.066760020458872,32.11691354443619],[20.025060049999325,32.43331330641712],[20.25005989060736,32.717717936758305],[20.70005957182343,32.81231878328768],[20.949959394792188,32.71697755177149],[21.15005925303933,33.00121852265437],[21.6000589342554,33.00121852265437],[21.741758833873917,32.882141080671744],[22.05005861547147,33.00121852265437],[22.50005829668737,33.00121852265437],[22.63911819817619,32.76363502668917],[22.95005797790344,32.81231878328768],[23.85005734033541,32.43331330641712],[23.960407262162676,32.07985133144845]]]},"properties":{"id":"lfon-libyan-fiber-optic-network","name":"LFON (Libyan Fiber Optic Network)","type":"submarine_cable","color":"#36af8a"}},{"type":"Feature","geometry":{"type":"MultiLineString","coordinates":[[[-3.599923213840782,0.118588418888407],[-3.924922983607843,1.468426767332062],[-4.049922895056767,2.367912558705314],[-4.049922895056767,3.266814816815753],[-4.026242911831901,5.323508791824736]],[[-19.803965545293096,15.23578178303569],[-18.449912693968884,15.23578178303569],[-17.44571340535299,14.686594841995088]],[[-0.204315619320994,5.558285889905761],[0.000074235887269,3.279837005485092],[0.000074235887269,0.806604849908751]],[[-9.107439312264688,38.64265833034625],[-9.449919069648843,38.21117903702327],[-9.787418830560796,37.232354321556215],[-10.124918591472778,35.78566189952613],[-10.574918272688848,33.93964008831958],[-13.949915881808863,29.73606949729205],[-14.399915563024848,28.951554732193216],[-14.624915403632798,28.161052262220892],[-15.074915084848868,26.964304734562802],[-18.449912693968884,22.884654113882362],[-19.799911737616924,19.952622905164304],[-19.804120576691247,15.23578178303569],[-19.799911737616924,11.735650161405744],[-18.449912693968884,8.635699417327544],[-13.949915881808863,3.266814816815753],[-10.799918113296798,0.118588418888407],[-3.599923213840782,0.118588418888407],[0.000074235887269,0.806604849908751],[1.575073120143173,1.918228780215685],[2.250072641967279,2.480311786858834],[3.150072004399249,4.164912849976844],[3.423511810692077,6.439066911484701]]]},"properties":{"id":"mainone","name":"MainOne","type":"submarine_cable","color":"#603f98"}},{"type":"Feature","geometry":{"type":"MultiLineString","coordinates":[[[7.755438741914361,36.90282046530186],[7.650068816559269,37.232354321556215],[6.300069772911229,38.651811712711236],[5.512570330783177,41.744358789482135],[5.372530429989041,43.29362778902916]],[[6.300069772911229,38.651811712711236],[5.400070410479259,38.21117903702327],[3.150072004399249,37.05299936423356],[3.035712085412854,36.76212778210993],[2.812572243487267,37.05299936423356],[1.800072960751208,37.05299936423356],[0.000074235887269,36.33133835588808],[-0.642015309250468,35.701641134808256]]]},"properties":{"id":"med-cable-network","name":"Med Cable Network","type":"submarine_cable","color":"#3d80bf"}},{"type":"Feature","geometry":{"type":"MultiLineString","coordinates":[[[14.458753993222814,35.93413648626421],[14.625063875407335,36.14986678681771],[14.85006371601537,36.60275474032986],[14.853873713316574,36.733882871591675]]]},"properties":{"id":"melita-1","name":"Melita 1","type":"submarine_cable","color":"#824c9e"}},{"type":"Feature","geometry":{"type":"MultiLineString","coordinates":[[[2.700072323183178,58.99117670269845],[3.375071845007284,59.90606992457441],[4.500071048047289,60.57611674038759],[4.830250814144932,60.587340230884934]],[[3.600071685615319,56.345222926819986],[4.500071048047289,56.59379297841909],[6.300069772911229,57.69234458026085],[6.752799452193415,58.082771129772794]],[[-2.106804271580245,57.15379590661516],[-1.799924488976671,57.08606597586797],[2.700072323183178,56.840738642145595]],[[1.729273010906667,52.46882263773057],[1.912572881055326,52.623261418527164],[2.250072641967279,53.23359531864921],[2.475072482575314,54.03403825672413],[2.812572243487267,54.81936191424907],[3.600071685615319,56.345222926819986],[2.984972121357828,56.549192472345595],[2.700072323183178,56.840738642145595],[2.475072482575314,57.812399750516676],[2.700072323183178,58.99117670269845],[4.050071366831219,58.8750683108978],[5.175070569871224,58.99117670269845],[5.524480322346278,59.279267580371936]]]},"properties":{"id":"tampnet-offshore-foc-network","name":"Tampnet Offshore FOC Network","type":"submarine_cable","color":"#97489b"}},{"type":"Feature","geometry":{"type":"MultiLineString","coordinates":[[[0.675073757711203,37.58978657360316],[2.812572243487267,37.14273000200086],[3.035712085412854,36.76212778210993]],[[-0.376975497007066,39.459646713436825],[0.450073917103168,39.17701458492104],[0.900073598319238,38.651811712711236],[0.675073757711203,37.58978657360316],[0.000074235887269,36.51238821239372],[-0.642015309250468,35.701641134808256]]]},"properties":{"id":"oran-valencia-orval","name":"Oran-Valencia (ORVAL)","type":"submarine_cable","color":"#939597"}},{"type":"Feature","geometry":{"type":"MultiLineString","coordinates":[[[2.00134281816986,41.30436622489077],[1.800072960751208,40.72920412488665],[1.800072960751208,40.04369219282995],[2.025072801359244,39.351217571171134],[2.475072482575314,39.17701458492104],[2.970972131275403,39.35484412819346]]]},"properties":{"id":"penbal-5","name":"Penbal-5","type":"submarine_cable","color":"#a82990"}},{"type":"Feature","geometry":{"type":"MultiLineString","coordinates":[[[-6.087131451879088,36.27672346192381],[-6.749920982352762,36.240655233214795],[-8.549919707216787,35.876870570092734],[-9.449919069648843,35.419780517080454],[-11.249917794512783,33.93964008831958],[-14.849915244240833,29.73606949729205],[-15.187415005152786,28.951554732193216],[-16.031164407432783,28.441436356005823],[-16.371744166162927,28.355537519987053]]]},"properties":{"id":"pencan-8","name":"Pencan-8","type":"submarine_cable","color":"#a52d5f"}},{"type":"Feature","geometry":{"type":"MultiLineString","coordinates":[[[32.46665123625965,34.76657169708608],[32.737551044351505,34.49779087043359],[33.30005064587152,34.49779087043359],[33.61060042587516,34.82728147271527]]]},"properties":{"id":"poseidon","name":"POSEIDON","type":"submarine_cable","color":"#939597"}},{"type":"Feature","geometry":{"type":"MultiLineString","coordinates":[[[-10.349918432080813,33.93964008831958],[-8.549919707216787,35.419780517080454],[-7.199920663568747,36.33133835588808],[-6.428881209780371,36.73129423644173]],[[7.650068816559269,0.343586284889255],[8.55006817899124,0.343586284889255],[9.454267538448192,0.394465191855375]],[[2.250072641967279,2.92980888035018],[2.025072801359244,3.828234303320954],[2.025072801359244,5.061986954416028],[2.440112507341183,6.356673335458169]],[[-14.849915244240833,26.964304734562802],[-15.862464526941437,27.807911809695895],[-15.862464526941437,27.94275199342127],[-15.699964642057836,27.99976141196052]],[[13.37242476278874,-8.776668856663491],[12.60006530993536,-9.014619375760589],[11.70006594750339,-9.512401827330194],[9.675067382031244,-10.620064860363328]],[[9.706417359822666,4.047345511205606],[9.225067700815345,3.266814816815753],[8.10006849777534,2.817450442654064],[6.300069772911229,2.592701464601845]],[[-0.204315619320994,5.558285889905761],[-0.224925604720681,3.279837005485092],[-0.224925604720681,1.481465914707456]],[[-4.026242911831901,5.323508791824736],[-3.937422974752735,3.266814816815753],[-3.824923054448732,2.367912558705314],[-3.699923142999808,1.468426767332062],[-3.599923213840782,1.01853421661562]],[[-17.44571340535299,14.686594841995088],[-18.449912693968884,15.018578573757566],[-19.349912056400854,15.018578573757566]],[[2.925072163791214,4.164912849976844],[5.400070410479259,2.817450442654064],[6.300069772911229,2.592701464601845],[7.425068975951234,1.468426767332062],[7.650068816559269,0.343586284889255],[8.10006849777534,-4.825692499217524],[8.55006817899124,-6.616650693475464],[9.675067382031244,-10.620064860363328],[9.45006754142321,-18.026426383713385],[10.80006658507125,-23.493922445897766],[14.4000640347993,-30.309953344646914],[15.975062919055375,-32.61276000573585],[17.55006180331145,-33.6490453774241],[18.445861168718807,-33.72721819637752]],[[-9.102749315587062,38.443079483141986],[-9.224919229040808,38.12273010839229],[-9.56241898995276,37.232354321556215],[-9.899918750864742,35.78566189952613],[-10.349918432080813,33.93964008831958],[-12.824916678768858,30.126049846722907],[-13.724916041200828,28.161052262220892],[-14.849915244240833,26.964304734562802],[-17.999913012752813,22.884654113882362],[-19.349912056400854,19.952622905164304],[-19.349912056400854,15.018578573757566],[-19.349912056400854,11.735650161405744],[-17.999913012752813,8.635699417327544],[-13.499916200592793,3.715978119297972],[-10.799918113296798,1.01853421661562],[-3.599923213840782,1.01853421661562],[-0.224925604720681,1.481465914707456],[1.575073120143173,2.592701464601845],[2.250072641967279,2.92980888035018],[2.925072163791214,4.164912849976844],[3.423511810692077,6.439066911484701]]]},"properties":{"id":"sat-3wasc","name":"SAT-3/WASC","type":"submarine_cable","color":"#04a6c7"}},{"type":"Feature","geometry":{"type":"MultiLineString","coordinates":[[[12.640495281294534,56.07069401721387],[12.668130261717408,56.05730958788601],[12.695765242140624,56.043920511503416],[12.68302025116924,56.02474048982961],[12.670275260198025,56.00555093561886],[12.64176028039833,56.01947311565067],[12.613245300598663,56.03339027842571],[12.6268702909465,56.05204665760559],[12.640495281294534,56.07069401721387]]]},"properties":{"id":"scandinavian-ring-north","name":"Scandinavian Ring North","type":"submarine_cable","color":"#79c042"}},{"type":"Feature","geometry":{"type":"MultiLineString","coordinates":[[[12.670275260198025,55.5937361749767],[12.825115150508111,55.58967885738048],[12.918815084129932,55.55680364719609],[12.768815190391422,55.55790652931407],[12.670275260198025,55.5937361749767]]]},"properties":{"id":"scandinavian-ring-south","name":"Scandinavian Ring South","type":"submarine_cable","color":"#84489c"}},{"type":"Feature","geometry":{"type":"MultiLineString","coordinates":[[[-5.115502140190387,54.844025368730655],[-5.174922098096772,54.75449236881684],[-5.287422018400775,54.68951871778469],[-5.538691840398826,54.6430377426982]]]},"properties":{"id":"scotland-northern-ireland-1","name":"Scotland-Northern Ireland 1","type":"submarine_cable","color":"#c0b230"}},{"type":"Feature","geometry":{"type":"MultiLineString","coordinates":[[[-4.333322694293685,60.333364648814836],[-4.049922895056767,60.242806526349625],[-3.599923213840782,60.242806526349625],[-2.924923692016677,60.35428947498107],[-2.699923851408727,60.409888455789456],[-2.294924138314343,60.44103177964078]],[[-2.523653976279945,57.66686302746419],[-2.699923851408727,57.93205658695149],[-2.699923851408727,58.52439396084483],[-2.900023709656125,58.833370284296706],[-2.474924010800777,58.8750683108978],[-1.349924807760772,59.6796637072089],[-1.238544886663306,59.99607269143408],[-1.267374866239862,60.004077667524854],[-1.323654826370586,60.004077667524854],[-1.799924488976671,60.01869762196867],[-2.924923692016677,60.35428947498107],[-6.299921301136777,61.875570783571504],[-6.77184096682447,62.01764624983275]]]},"properties":{"id":"shefa-2","name":"SHEFA-2","type":"submarine_cable","color":"#ca2026"}},{"type":"Feature","geometry":{"type":"MultiLineString","coordinates":[[[22.63911819817619,32.76363502668917],[22.95005797790344,33.565491482352144],[23.175057818511476,35.419780517080454],[23.51255757942343,35.74001826386845],[23.737557420031465,35.74001826386845],[24.01216722549529,35.51204255863749]]]},"properties":{"id":"silphium","name":"Silphium","type":"submarine_cable","color":"#ce1e4c"}},{"type":"Feature","geometry":{"type":"MultiLineString","coordinates":[[[-3.050753602877677,53.80897597127557],[-3.599923213840782,53.802143574575354],[-5.624921779312757,53.502097882664344],[-6.248311337697743,53.348124632595216]]]},"properties":{"id":"sirius-south","name":"Sirius South","type":"submarine_cable","color":"#8f4a9c"}},{"type":"Feature","geometry":{"type":"MultiLineString","coordinates":[[[-5.808121649532183,54.71395525212927],[-5.592111802555621,54.71395525212927],[-4.949922257488737,55.33458061322915],[-4.783462375410465,55.63788181039317]]]},"properties":{"id":"sirius-north","name":"Sirius North","type":"submarine_cable","color":"#208ecb"}},{"type":"Feature","geometry":{"type":"MultiLineString","coordinates":[[[15.557773214667378,78.2219497310868],[14.4000640347993,78.17901554875422],[13.50006467236733,78.17901554875422],[12.60006530993536,78.0399386484226],[11.70006594750339,77.0706895251933],[12.60006530993536,73.42211510500309],[16.20006275966341,69.73724550802262],[16.875062281487345,69.10459505606227],[16.875062281487345,68.86251864159411],[16.512462538356544,68.7069030402871],[16.987562201791434,68.86251864159411],[17.10006212209538,69.10459505606227],[16.65006244087931,69.73724550802262],[13.05006499115126,73.42211510500309],[12.15006562871929,77.0706895251933],[13.05006499115126,78.0399386484226],[13.50006467236733,78.13283461740872],[14.4000640347993,78.15594726944346],[15.557773214667378,78.2219497310868]]]},"properties":{"id":"svalbard-undersea-cable-system","name":"Svalbard Undersea Cable System","type":"submarine_cable","color":"#944c9d"}},{"type":"Feature","geometry":{"type":"MultiLineString","coordinates":[[[24.752496701038922,59.43639985926242],[24.4125569418554,59.50884868221257],[23.85005734033541,59.451717318905224],[23.175057818511476,59.22222391484422],[22.736388129269216,59.00008283504653],[22.05005861547147,59.1068949571908],[20.25005989060736,59.279742670960275],[18.90006084695932,59.279742670960275],[18.688360996929788,59.29276676569168]]]},"properties":{"id":"sweden-estonia-ee-s-1","name":"Sweden-Estonia (EE-S 1)","type":"submarine_cable","color":"#e23825"}},{"type":"Feature","geometry":{"type":"MultiLineString","coordinates":[[[18.701330987741642,59.75975559219617],[19.125060687567355,59.736409384078485],[20.25005989060736,59.6796637072089],[21.375059093647366,59.79305890746801],[21.828885165385003,60.186073480185],[21.989438792538294,60.284564842450095],[22.259238467286707,60.449407251735124]]]},"properties":{"id":"sweden-finland-4-sfs-4","name":"Sweden-Finland 4 (SFS-4)","type":"submarine_cable","color":"#5abc74"}},{"type":"Feature","geometry":{"type":"MultiLineString","coordinates":[[[19.93776011184346,60.11403575461435],[19.575060368783426,60.01869762196867],[19.125060687567355,59.962431634152296],[18.816660906040738,59.98346880444112]]]},"properties":{"id":"sweden-finland-link-sfl","name":"Sweden-Finland Link (SFL)","type":"submarine_cable","color":"#a13048"}},{"type":"Feature","geometry":{"type":"MultiLineString","coordinates":[[[32.46665123625965,34.76657169708608],[32.62505112404759,34.49779087043359],[33.52505048647936,33.565491482352144],[34.20005000830349,33.00121852265437],[34.99877944247609,32.811579184632706]]]},"properties":{"id":"tamares-north","name":"Tamares North","type":"submarine_cable","color":"#d41577"}},{"type":"Feature","geometry":{"type":"MultiLineString","coordinates":[[[1.440993215126866,51.35857144425913],[1.800072960751208,51.235991798271044],[2.475072482575314,51.235991798271044],[2.912772172504702,51.231220564626796]]]},"properties":{"id":"tangerine","name":"Tangerine","type":"submarine_cable","color":"#25ae73"}},{"type":"Feature","geometry":{"type":"MultiLineString","coordinates":[[[-2.974873656631701,51.22244696599773],[-4.049922895056767,51.37665177535368],[-5.399921938704722,51.235991798271044],[-7.199920663568747,51.02419288763869],[-10.799918113296798,50.31116725161084],[-16.199914287888873,49.58728674004675],[-23.39990918734489,49.00033438946335],[-39.59989771112103,45.01383364395318],[-50.39989006030518,42.57825408607275],[-61.199882409489234,41.0693404382163],[-68.39987730894534,40.72920412488665],[-71.09987539624133,40.30157665795872],[-74.06286329723287,40.15283384719578]],[[-2.974873656631701,51.22244696599773],[-4.049922895056767,51.41174942497889],[-5.399921938704722,51.30637567738265],[-7.199920663568747,51.165500079092226],[-10.799918113296798,50.45463912589386],[-16.199914287888873,49.87814473780409],[-23.39990918734489,49.58728674004675],[-39.59989771112103,45.64654149518748],[-50.39989006030518,43.07331078300331],[-61.199882409489234,41.40772623743587],[-68.39987730894534,40.89949091487156],[-71.09987539624133,40.387320290775165],[-74.06286329723287,40.15283384719578]]]},"properties":{"id":"tata-tgn-atlantic","name":"Tata TGN-Atlantic","type":"submarine_cable","color":"#b86d35"}},{"type":"Feature","geometry":{"type":"MultiLineString","coordinates":[[[-2.94919367482359,43.27422025200056],[-4.049922895056767,44.694829089578064],[-5.849921619920792,46.272182853813746],[-6.974920822960797,48.1067757091962],[-6.974920822960797,50.45463912589386],[-5.399921938704722,51.02419288763869],[-4.049922895056767,51.27119721416548],[-2.974873656631701,51.22244696599773],[-4.049922895056767,51.30637567738265],[-5.399921938704722,51.09490046148102],[-7.199920663568747,50.597677199053464],[-10.799918113296798,48.70423463096077],[-15.299914925456818,44.694829089578064],[-15.299914925456818,39.69832335493328],[-13.949915881808863,39.00237890905848],[-10.799918113296798,38.651811712711236],[-9.107439312264688,38.64265833034625]]]},"properties":{"id":"tata-tgn-western-europe","name":"Tata TGN-Western Europe","type":"submarine_cable","color":"#613e98"}},{"type":"Feature","geometry":{"type":"MultiLineString","coordinates":[[[8.10006849777534,37.94551049545976],[7.987568577471222,37.232354321556215],[7.755438741914361,36.90282046530186]],[[27.900054471279333,32.24321001626265],[30.60005255857544,32.43331330641712],[32.40005128343955,33.18971466460036],[33.41255056617544,34.49779087043359],[33.61060042587516,34.82728147271527]],[[5.372530429989041,43.29362778902916],[6.075069932303194,41.744358789482135],[7.425068975951234,38.651811712711236],[8.10006849777534,37.94551049545976],[9.000067859611391,37.85673997565843],[10.348617229769246,37.85673997565843],[10.912566505375338,37.500588446053314],[11.700065946311412,37.232354321556215],[11.812565867807308,36.240655233214795],[12.262565549023208,35.78566189952613],[12.65631527009242,35.419780517080454],[14.4000640347993,34.2656775265242],[16.65006244087931,33.565491482352144],[19.35006052817539,33.93964008831958],[22.05005861487558,33.87739543625136],[25.20005638398345,33.14262853088806],[27.900054471279333,32.24321001626265],[29.700933195520264,31.072270031660224]]]},"properties":{"id":"te-northtgn-eurasiaseacomalexandrosmedex","name":"TE North/TGN-Eurasia/SEACOM/Alexandros/Medex","type":"submarine_cable","color":"#3c54a4"}},{"type":"Feature","geometry":{"type":"MultiLineString","coordinates":[[[23.960407262162676,32.07985133144845],[24.30005702155148,32.24321001626265],[24.975056543375416,32.052708023486105],[25.087356463821237,31.761227937714636]]]},"properties":{"id":"tobrok-emasaed-cable-system","name":"Tobrok-Emasaed Cable System","type":"submarine_cable","color":"#65ac44"}},{"type":"Feature","geometry":{"type":"MultiLineString","coordinates":[[[11.090886379051994,36.849936993962615],[11.427366140686559,37.02916052566792],[12.173015612461455,37.54682622128206],[12.375065469327325,37.94551049545976],[12.513735371092366,38.018253909057734]]]},"properties":{"id":"trapani-kelibia","name":"Trapani-Kelibia","type":"submarine_cable","color":"#3859a8"}},{"type":"Feature","geometry":{"type":"MultiLineString","coordinates":[[[32.96670088142375,36.099997364015536],[32.96255088436365,35.90725015614032],[33.07505080466757,35.541926812580044],[33.236280691046744,35.299121866076945]]]},"properties":{"id":"turcyos-1","name":"Turcyos-1","type":"submarine_cable","color":"#97b93c"}},{"type":"Feature","geometry":{"type":"MultiLineString","coordinates":[[[35.99936873364928,36.08234081367351],[35.55004905195153,35.78566189952613],[34.8750495301276,35.419780517080454],[34.20005000830349,35.23621340052833],[33.91945020708306,35.28438909238437]]]},"properties":{"id":"turcyos-2","name":"Turcyos-2","type":"submarine_cable","color":"#81c341"}},{"type":"Feature","geometry":{"type":"MultiLineString","coordinates":[[[35.897798805602406,34.89170328553857],[35.55004905195153,34.867831005273246],[33.97505016769546,34.77547607575676],[33.61060042587516,34.82728147271527]]]},"properties":{"id":"ugarit","name":"UGARIT","type":"submarine_cable","color":"#267cb5"}},{"type":"Feature","geometry":{"type":"MultiLineString","coordinates":[[[-2.225994187144892,49.21570868235557],[-2.420674049231877,49.218648051531005],[-3.599923213840782,49.441203723128126],[-4.499922576272752,49.58728674004675],[-5.17297209947813,50.02254139117184]]]},"properties":{"id":"uk-channel-islands-8","name":"UK-Channel Islands-8","type":"submarine_cable","color":"#8fc73e"}},{"type":"Feature","geometry":{"type":"MultiLineString","coordinates":[[[14.533463940297622,-22.68542973223063],[13.05006499115126,-22.87343495354625],[9.90006722263928,-23.493922445897766]],[[12.349965487108477,-5.933373731471249],[10.80006658507125,-5.945707155070551],[8.10006849777534,-6.616650693475464]],[[9.00006786020731,-10.620064860363328],[11.70006594750339,-9.290424301035614],[12.60006530993536,-9.290424301035614],[13.20144038206871,-9.490080988806199]],[[7.650068816559269,-4.825692499217524],[10.80006658507125,-4.825692499217524],[11.863635831628983,-4.778787768919273]],[[4.500071048047289,0.118588418888407],[6.300069772911229,1.693340822791811],[8.10006849777534,2.367912558705314],[9.00006786020731,3.266814816815753],[9.20865771244047,4.014706479784223]],[[3.423511810692077,6.439066911484701],[3.375071845007284,4.164912849976844],[2.250072641967279,2.030661890474562]],[[1.2278033661525,6.126307297218631],[1.462573199243337,5.061986954416028],[1.575073120143173,1.355961034999325]],[[-9.107439312264688,38.64265833034625],[-9.449919069648843,38.29952060596935],[-11.024917953904747,36.51238821239372],[-11.924917316336803,35.419780517080454],[-13.499916200592793,32.052708023486105],[-14.624915403632798,30.514495959759188],[-15.299914925456818,28.951554732193216],[-16.199914287888873,27.763588526057674],[-17.999913012752813,24.941363171753835],[-18.89991237518487,22.884654113882362],[-20.24991141883291,19.952622905164304],[-20.24991141883291,15.23578178303569],[-20.24991141883291,11.735650161405744],[-18.89991237518487,8.635699417327544],[-14.399915563024848,2.817450442654064],[-10.799918113296798,-0.781386636225506],[-3.599923213840782,-0.781386636225506],[0.225074076495304,0.131631856785162],[1.575073120143173,1.355961034999325],[2.250072641967279,2.030661890474562],[4.500071048047289,0.118588418888407],[6.300069772911229,-1.231315750217505],[7.650068816559269,-4.825692499217524],[8.10006849777534,-6.616650693475464],[9.00006786020731,-10.620064860363328],[8.55006817899124,-18.026426383713385],[9.90006722263928,-23.493922445897766],[13.9500643535834,-30.309953344646914],[15.75006307844734,-32.61276000573585],[16.65006244087931,-33.273630771422376],[18.155531374391046,-33.34805845646778]],[[-0.204315619320994,5.558285889905761],[0.225074076495304,3.279837005485092],[0.225074076495304,0.131631856785162]],[[-4.026242911831901,5.323508791824736],[-4.16242281536077,3.266814816815753],[-4.274922735664717,2.367912558705314],[-4.149922824215793,1.468426767332062],[-3.599923213840782,-0.781386636225506]],[[-23.521209101414883,14.923035560171769],[-22.49990982491292,15.018578573757566],[-20.24991141883291,15.018578573757566]],[[-16.199914287888873,27.763588526057674],[-15.749914606672803,27.56430948794184],[-15.468664805912795,27.56430948794184],[-15.299914925456818,27.663994423746914],[-15.299914925456818,27.813351446514247],[-15.398744855444761,27.95939426104593]]]},"properties":{"id":"west-africa-cable-system-wacs","name":"West Africa Cable System (WACS)","type":"submarine_cable","color":"#394da1"}},{"type":"Feature","geometry":{"type":"MultiLineString","coordinates":[[[-72.93786409419286,40.75584308487123],[-71.09987539624133,40.129762553931045],[-68.39987730894534,40.387320290775165],[-61.199882409489234,40.387320290775165],[-50.39989006030518,41.57626183009805],[-39.59989771112103,43.72721479104973],[-23.39990918734489,47.805412175893],[-16.199914287888873,49.00033438946335],[-10.799918113296798,50.02292045625484],[-8.099920026000802,50.31116725161084],[-5.399921938704722,50.81142185928286],[-4.544402544762761,50.82820142743802]]]},"properties":{"id":"yellow","name":"Yellow","type":"submarine_cable","color":"#b99633"}},{"type":"Feature","geometry":{"type":"MultiLineString","coordinates":[[[21.375059093647366,59.53737813890871],[20.25005989060736,59.451717318905224],[18.90006084695932,59.33716441962133],[18.062761440110165,59.332309018187175],[18.90006084695932,59.394489266856795],[20.25005989060736,59.50884868221257],[21.375059093647366,59.622821769410336],[23.85005734033541,59.6796637072089],[24.4125569418554,59.79305890746801],[24.93247657353959,60.171163188940454],[24.918806583223443,60.07486799642308],[24.86255662307147,59.962431634152296],[24.75005670276738,59.6796637072089],[24.752496701038922,59.43639985926242],[24.4125569418554,59.56588346342974],[23.85005734033541,59.56588346342974],[21.375059093647366,59.53737813890871]]]},"properties":{"id":"baltic-sea-submarine-cable","name":"Baltic Sea Submarine Cable","type":"submarine_cable","color":"#2fbfcc"}},{"type":"Feature","geometry":{"type":"MultiLineString","coordinates":[[[-4.169502810345278,51.55809471609601],[-5.399921938704722,51.44682015166964],[-5.849921620516682,51.586833980054195],[-6.585031099162222,52.17164795778544]]]},"properties":{"id":"solas","name":"Solas","type":"submarine_cable","color":"#af3143"}},{"type":"Feature","geometry":{"type":"MultiLineString","coordinates":[[[-6.558811117736752,52.18425556836888],[-5.962421540820714,51.586833980054195],[-5.737421700212764,50.740281893948264],[-5.698461727216397,50.07870033214297]],[[-4.544402544762761,50.82820142743802],[-5.399921938704722,51.586833980054195],[-5.849921619920792,52.14259270367222],[-6.364861255132695,52.40176042819701]]]},"properties":{"id":"pan-european-crossing-uk-ireland","name":"Pan European Crossing (UK-Ireland)","type":"submarine_cable","color":"#59b947"}},{"type":"Feature","geometry":{"type":"MultiLineString","coordinates":[[[32.529931191431416,29.972545436050268],[32.287551363135435,30.466024503890736],[31.950051602223482,30.877238883975252],[31.387552000703465,31.094220011720097],[30.825052399183477,31.19054975154404],[29.893513059094772,31.191465077638554]],[[56.333724328601164,25.121690004958737],[56.9250339097116,24.864833316508822],[58.50003279396768,24.507068968791344],[59.85003183761572,23.91710129093613],[62.10003024369573,22.469443964829594],[62.10003024369573,19.104405475930548]],[[35.85922883292588,34.43974246013238],[35.55004905195153,34.40502275071583],[32.40005128343955,33.283811019051],[30.60005255857544,32.62301664000799],[28.8000538337115,32.62301664000799]],[[15.067443562021538,37.51344748573402],[15.75006307844734,37.41128363492314],[16.256312719815384,36.87321951208918],[16.425062600271445,35.78566189952613],[16.65006244087931,34.68301765985788]],[[5.372530429989041,43.29362778902916],[5.962570011999247,41.744358789482135],[7.200069135343199,38.651811712711236],[7.875068657167304,37.94551049545976],[9.000067859611391,37.76786242517883],[10.348617229769246,37.76786242517883],[10.912566505375338,37.41128363492314],[11.587566026007465,37.232354321556215],[12.712565230239278,35.96797434759347],[13.668814552822482,35.419780517080454],[14.4000640347993,35.098264766303174],[16.65006244087931,34.68301765985788],[19.35006052817539,35.05222991093683],[22.05005861487558,34.71384862261547],[25.20005638398345,33.98629373718458],[28.8000538337115,32.62301664000799],[29.893513059094772,31.191465077638554],[30.825052399183477,31.118343723670165],[31.387552000703465,30.997835356024154],[31.950051602223482,30.780635088989612],[32.287551363135435,30.41752891425901],[32.529931191431416,29.972545436050268]],[[32.529931191431416,29.972545436050268],[32.56877616391327,29.63833609362638],[32.737551044351505,29.34456698948989],[33.018800845111514,28.951554732193216],[33.511262996247694,28.161052262220892],[34.31254992860758,27.364667993860166],[35.18442431096349,26.562513149236622],[35.887548812863486,25.754704263415306],[36.90004809559866,24.12261698700334],[38.137547218943496,22.05298561667763],[38.92504666107155,20.375041253465525],[40.27504570471959,18.251816319028308],[41.287544987456556,16.53419619825962],[42.24379431003959,14.801154224791475],[42.75004395140763,13.929303843271725],[43.11566869239567,13.054150695298716],[43.270356082813606,12.834868817846598],[43.35473102304164,12.615395567393307],[43.734418254067634,12.395734000022884],[44.55004267627157,12.01088236045885],[45.450042038703714,12.17588718550806],[48.600039807215495,12.944533868662859],[55.350035025455725,15.23578178303569],[58.950032475183775,16.965102599435824],[62.10003024369573,19.104405475930548],[66.60002705585575,19.529070924351004],[70.2000245055838,19.316876111628602],[72.87590260996691,19.076074257285313]],[[67.02854675228852,24.889731701235718],[66.48752713555183,23.298598065875808],[66.15002737463988,20.375041253465525],[66.60002705585575,19.529070924351004]],[[38.137547218943496,22.05298561667763],[39.182756478507656,21.481533475503085]]]},"properties":{"id":"imewe","name":"IMEWE","type":"submarine_cable","color":"#2966b1"}},{"type":"Feature","geometry":{"type":"MultiLineString","coordinates":[[[44.55004267627157,12.17588718550806],[43.6500433138396,11.845776373625682],[43.35585139948304,11.721608446415672]],[[58.50003279396768,24.12261698700334],[58.331282913511615,23.917101290935022],[58.17620302337187,23.684877531684634]],[[32.65318110412005,29.113614162980156],[33.426988055952876,28.161052262220892],[34.0313001278476,27.364667993860166],[34.76254960982348,26.562513149236622],[35.3250492113435,25.754704263415306],[36.337548494079556,24.12261698700334],[37.57504761742351,22.05298561667763],[38.36254705955153,20.375041253465525],[39.71254610319957,18.251816319028308],[40.72504538593765,16.53419619825962],[41.96254450927958,14.801154224791475],[42.468794150647625,13.929303843271725],[42.97504379201547,13.054150695298716],[43.200043632623704,12.834868817846598],[43.284418572851564,12.615395567393307],[43.59379335368763,12.395734000022884],[44.55004267627157,12.17588718550806],[45.450042038703714,12.615395567393307],[48.600039807215495,13.382708036125592],[55.350035025455725,16.10232559580288],[58.950032475183775,17.823934412537824],[60.300031518831815,19.104405475930548],[60.300031518831815,22.469443964829594],[59.85003183761572,23.091785476922468],[58.50003279396768,24.12261698700334]],[[29.700933195520264,31.072270031660224],[29.98130299690345,30.61136637963392],[30.375052717967577,30.29618450441947],[31.050052239791512,29.931250704427015],[31.725051761615447,29.687214675557016],[32.17505144283152,29.3934133712784],[32.65318110412005,29.113614162980156]],[[29.700933195520264,31.072270031660224],[29.98130299690345,30.65976529855473],[30.375052717967577,30.393272076386182],[31.050052239791512,30.028698127877362],[31.725051761615447,29.784900534878517],[32.17505144283152,29.4423669335807],[32.65318110412005,29.113614162980156]],[[12.591375316091586,37.650586172786205],[12.173015612461455,37.27875778048957],[12.037565708415343,36.87321951208918],[12.15006562871929,35.78566189952613],[12.48756538963653,35.419780517080454],[14.4000640347993,34.12610104005762],[16.65006244087931,33.37780603565923],[19.35006052817539,33.75276987113051],[22.05005861487558,33.73717891339021],[25.20005638398345,33.00121852265437],[27.900054471279333,32.148008778540714],[29.700933195520264,31.072270031660224]],[[37.57504761742351,22.05298561667763],[39.182756478507656,21.481533475503085]]]},"properties":{"id":"middle-east-north-africa-mena-cable-systemgulf-bridge-international","name":"Middle East North Africa (MENA) Cable System/Gulf Bridge International","type":"submarine_cable","color":"#51b847"}},{"type":"Feature","geometry":{"type":"MultiLineString","coordinates":[[[29.893513059094772,31.191465077638554],[30.825052399183477,30.75649044225247],[31.387552000703465,30.51445288474386],[31.950051602223482,30.296162918703686],[32.287551363135435,30.174689758499085],[32.529931191431416,29.972545436050268]],[[-5.654511758350935,50.04314791189421],[-6.074921460528742,49.950586997728095],[-6.299921301136777,49.80559362880811],[-7.499920451046137,49.34357257392173],[-8.549919707216787,48.70423463096077],[-12.599916838160823,44.051519228735145],[-12.599916838160823,39.69832335493328],[-11.024917953904747,37.94551049545976],[-9.787418830560796,36.51238821239372],[-8.999919388432772,36.14986678681771],[-6.299921301136777,35.96797434759347],[-5.624921779312757,35.967933880341064],[-5.347581975782816,36.156019514134556],[-4.499922576272752,36.05897312258671],[-2.249924170192742,36.14986678681771],[2.250072641967279,37.94551049545976],[5.400070410479259,38.29952060596935],[9.000067859611391,38.38775473578434],[10.348617229769246,38.38775473578434],[12.15006562871929,38.29952060596935],[12.60006530993536,38.43179231910082],[13.05006499115126,38.34365110568987],[13.358654772543531,38.116121616583314],[13.05006499115126,38.29948136690871],[12.60006530993536,38.34361189050912],[12.15006562871929,38.21117903702327],[12.15006562871929,36.87321951208918],[12.375065469327325,36.240655233214795],[12.712565230239278,35.78566189952613],[13.331314791912519,35.419780517080454],[14.4000640347993,34.82166648408236],[16.65006244087931,34.31215165223537],[19.35006052817539,34.68301765985788],[22.05005861487558,34.435956905755745],[25.20005638398345,33.70598849685862],[28.8000538337115,32.43331330641712],[29.893513059094772,31.191465077638554],[30.825052399183477,30.6839556754382],[31.387552000703465,30.417485796339378],[31.950051602223482,30.198979110224087],[32.287551363135435,30.126049846722907],[32.529931191431416,29.972545436050268],[32.48440122368541,29.63833609362638],[32.65327610405271,29.34456698948989],[32.65318110412005,29.113614162980156],[33.41295056589729,28.161052262220892],[34.14380004815152,27.364667993860166],[34.93129949027957,26.562513149236622],[35.55004905195153,25.754704263415306],[36.56254833468651,24.12261698700334],[37.80004745803154,22.05298561667763],[38.587546900159566,20.375041253465525],[39.937545943807606,18.251816319028308],[40.9500452265446,16.53419619825962],[42.0750444295835,14.801154224791475],[42.58129407095154,13.929303843271725],[43.03129375216761,13.054150695298716],[43.22816861269959,12.834868817846598],[43.31254355292762,12.615395567393307],[43.6500433138396,12.395734000022884],[44.55004267627157,11.900822861999615],[45.450042038703714,11.95585820711483],[48.600039807215495,12.725155923562937],[55.350035025455725,14.801154224791475],[58.950032475183775,16.53419619825962],[61.650030562479856,18.251816319028308],[66.60002705585575,19.104405475930548],[70.2000245055838,19.104405475930548],[72.87590260996691,19.076074257285313]],[[-5.145872118676039,36.42741977174609],[-4.724922416880787,36.240655233214795],[-4.499922576272752,36.05897312258671]],[[56.333724328601164,25.121690004958737],[56.9250339097116,24.8393128255928],[58.50003279396768,24.353428099494664],[59.85003183761572,23.711258142485292],[61.650030562479856,22.469443964829594],[61.650030562479856,18.251816319028308]],[[100.0661133481664,6.613518860854185],[100.29385318683333,6.908035999527129],[100.59971297015935,7.075917959575207],[101.70000219070411,7.298762754459602],[103.04883123518098,7.340023741610707],[105.29999964043216,7.521883237406598],[107.99999772772824,8.41318535956026],[109.34999677137611,9.96791518697421],[110.24999613380825,12.615395567393307],[112.94999422110416,18.251816319028308],[113.28749398201612,20.796306105108954],[113.6249937429283,21.635297384859456],[113.94911351331862,22.27149389584997],[114.187543344413,21.84429407917378],[115.19999262718417,21.21639789994191],[116.54999167083221,21.00649984517682],[118.79999007691222,21.32123529551194],[121.02775554672925,21.143107267679284],[122.84998720785634,21.32123529551194],[123.97498641089615,22.05298561667763],[124.87498577332835,24.12261698700334],[125.09998561393635,25.55188275942578],[125.32498545454442,26.159307970773796],[126.22498481697616,28.55704546571141],[126.4499846575844,29.540507745394393],[127.57498386062443,32.43331330641712],[127.57498386062443,33.18971466460036],[128.02498354184027,34.31215165223537],[128.62078311977027,34.88072781981958]],[[100.36299313785392,5.35384659465538],[99.67500362523216,5.510071711803135],[97.42500521915215,6.908035999527129]],[[72.87590260996691,19.076074257285313],[72.67502275227184,16.965102599435824],[73.74513399127406,13.492128176464178],[75.09513303492213,9.524411345019587],[77.29024347696432,6.852191098754417],[78.69513048464998,5.061986954416028],[81.00001685476795,4.389285926050889],[85.50001366692797,5.510071711803135],[90.00001047908799,6.405200795356109],[92.7000085663839,6.405200795356109],[94.27500745064,6.628746603597904],[95.40000665367998,6.628746603597904],[97.42500521915215,6.908035999527129],[99.00000410340803,6.852191098754417],[99.67500362523216,6.740481724921096],[100.0661133481664,6.613518860854185]],[[121.92508786246773,30.86475026744725],[122.17498768603221,30.997878215321975],[122.84998720785634,31.19054975154404],[124.64998593272028,30.80481662242596],[125.6624852154562,30.223305674181546],[126.4499846575844,29.540507745394393]],[[139.6208753272019,35.144036508332505],[139.44372545269644,34.40502275071583],[139.38747549254444,33.93964008831958],[139.49997541284839,32.43331330641712],[139.0499757316325,31.28673881439167],[137.69997668798445,30.514495959759188],[134.99997860068837,29.73606949729205],[132.74998019460836,29.73606949729205],[130.49998178852834,29.931250704427015],[129.37498258548837,30.901396088515583],[128.02498354184027,32.43331330641712],[127.79998370123226,33.18971466460036],[128.1374834621444,34.31215165223537],[128.62078311977027,34.88072781981958]],[[35.007079436596456,29.53192911521984],[34.71137964666866,29.089044023022637],[34.517629783327095,28.01631543236988],[34.76254960982348,26.964304734562802],[35.55004905195153,25.754704263415306]],[[39.18783647490889,21.48407381384692],[37.80004745803154,22.05298561667763]]]},"properties":{"id":"flag-europe-asia-fea","name":"FLAG Europe-Asia (FEA)","type":"submarine_cable","color":"#c52159"}},{"type":"Feature","geometry":{"type":"MultiLineString","coordinates":[[[12.15006562871929,38.38775473578434],[12.262565549023208,38.21117903702327],[12.262565549023208,36.87321951208918],[12.487565389631243,36.240655233214795],[12.712565230239278,35.876870570092734],[13.50006467236733,35.419780517080454],[14.4000640347993,34.96008232454844],[16.65006244087931,34.49779087043359],[19.35006052817539,34.867831005273246],[22.05005861487558,34.57501887961877],[25.20005638398345,33.84625607000376],[28.8000538337115,32.52821504536482],[29.893513059094772,31.191465077638554],[30.825052399183477,30.828970604876417],[31.387552000703465,30.611323347603474],[31.950051602223482,30.393250512072086],[32.287551363135435,30.223305674181546],[32.542821182299974,29.95909144105582],[32.596876144006984,29.63833609362638],[32.76567602442739,29.34456698948989],[33.0469258251874,28.951554732193216],[33.52527548632111,28.161052262220892],[34.48129980906347,27.364667993860166],[35.437549131647586,26.562513149236622],[36.22504857377547,25.754704263415306],[37.23754785650971,24.12261698700334],[38.47504697985545,22.05298561667763],[39.182756478507656,21.481533475503085]],[[29.893513059094772,31.191465077638554],[30.825052399183477,30.901396088515583],[31.387552000703465,30.708097004575848],[31.950051602223482,30.490241707091457],[32.287551363135435,30.271897570624247],[32.529931191431416,29.972545436050268]],[[100.0661133481664,6.613518860854185],[100.0579133539753,6.35444710390118],[99.9924834003265,6.205536229871427],[99.67350362629472,5.956366566270248],[99.00000410340803,5.845915088460174],[97.42500521915215,6.405200795356109]],[[62.55002992491163,19.952622905164304],[62.55002992491163,22.469443964829594],[59.85003183761572,24.12261698700445],[58.50003279396768,24.583819112323454],[56.9250339097116,24.89034854048822],[56.333724328601164,25.121690004958737]],[[39.182756478507656,21.481533475503085],[39.2625464219835,20.375041253465525],[40.61254546563154,18.251816319028308],[41.62504474836763,16.53419619825962],[42.41254419049548,14.801154224791475],[42.918793831863695,13.929303843271725],[43.200043632623704,13.054150695298716],[43.31254355292762,12.834868817846598],[43.39691849315565,12.615395567393307],[43.818793194295495,12.395734000022884],[44.55004267627157,12.12089689803949],[45.450042038703714,12.395734000022884],[48.600039807215495,13.163718917913684],[55.350035025455725,15.669513225155328],[58.950032475183775,17.39502263470061],[62.55002992491163,19.952622905164304],[66.60002705585575,19.952622905164304],[70.2000245055838,19.529070924351004],[72.87590260996691,19.076074257285313]],[[13.358654772543531,38.116121616583314],[13.05006499115126,38.38775473578434],[12.60006530993536,38.519865191519216],[12.15006562871929,38.38775473578434],[10.348617229769246,38.47588134813884],[9.000067859611391,38.47588134813884],[8.10006849777534,38.38775473578434],[7.650068816559269,38.651811712711236],[6.187569852607282,41.744358789482135],[5.372530429989041,43.29362778902916]],[[9.867357245811377,37.27681625347506],[9.675067382031244,37.58978657360316],[9.000067859611391,38.47588134813884]],[[7.755438741914361,36.90282046530186],[7.875068657167304,37.232354321556215],[7.987568577471222,37.94551049545976],[8.10006849777534,38.38775473578434]],[[103.64609081207684,1.338585852071589],[103.50000091556822,1.22928089599958],[103.34065102845304,1.299701188578837],[102.68279723997185,1.698782263242975],[102.15000187192001,2.030661890474562],[101.25000250948804,2.480311786858834],[100.46250306736002,3.266814816815753],[99.67500362523216,4.613591578862867],[99.00000410340803,5.286069860821101],[97.42500521915215,6.405200795356109],[95.40000665367998,8.190543417795567],[93.14492825119876,9.524411345019587],[91.8000092039521,10.410816505402636],[90.00001047908799,12.395734000022884],[88.20001175422405,13.49207993623881],[83.70001494206386,13.929255692764542],[81.45001653598385,13.273238157547667],[80.2429873910547,13.063853101883296],[81.45001653598385,11.294709319565555],[82.12501605602009,9.524411345019587],[82.57501573723616,7.744852765543044],[82.35001589841599,5.510023109330234],[81.00001685476795,4.613591578862867],[78.69513048464998,4.613591578862867],[76.39024411453218,6.852191098754417],[74.19513367248996,9.524411345019587],[72.84513462884212,13.492128176464178],[72.22502307105597,16.965102599435824],[72.87590260996691,19.076074257285313]],[[79.87208765380373,6.927036656836265],[79.4250179705119,5.957818681088611],[78.46194979910254,4.80725241027767]],[[91.99482906593991,21.42927456664907],[91.8000092039521,19.952622905164304],[88.20001175422405,13.49207993623881]],[[66.60002705585575,19.952622905164304],[66.37502721524771,20.375041253465525],[66.60002705585575,23.298598065875808],[67.02854675228852,24.889731701235718]],[[101.25000250948804,2.480311786858834],[101.70000219070411,2.367912558705314],[102.22090182169396,2.273260323566632]]]},"properties":{"id":"seamewe-4","name":"SeaMeWe-4","type":"submarine_cable","color":"#187bb6"}},{"type":"Feature","geometry":{"type":"MultiLineString","coordinates":[[[29.700933195520264,31.072270031660224],[29.98130299690345,30.562943259201205],[30.375052717967577,30.199000717300606],[31.050052239791512,29.833707764444142],[31.725051761615447,29.589433775533877],[32.17505144283152,29.344436236246537],[32.65318110412005,29.113614162980156]],[[-5.624921779312757,35.922435577344146],[-5.347581975782816,36.156019514134556]],[[32.65318110412005,29.113614162980156],[33.455063036063336,28.161052262220892],[34.368799888759554,27.364667993860166],[35.268799251191524,26.562513149236622],[36.0000487331676,25.754704263415306],[37.01254801590258,24.12261698700334],[38.25004713924761,22.05298561667763],[39.037546581375466,20.375041253465525],[40.387545625023506,18.251816319028308],[41.40004490776067,16.53419619825962],[42.30004427019156,14.801154224791475],[42.80629391155958,13.929303843271725],[43.14379367247156,13.054150695298716],[43.284418572851564,12.834868817846598],[43.368793513079595,12.615395567393307],[43.76254323414352,12.395734000022884],[44.55004267627157,12.06589527357022],[45.450042038703714,12.285833556268273],[48.600039807215495,13.054150695298716],[55.350035025455725,15.452760959322148],[58.950032475183775,17.180187287481402],[62.32503008430379,19.529070924351004],[66.60002705585575,19.74098736552503],[70.2000245055838,19.42300815558187],[72.87590260996691,19.076074257285313]],[[32.65318110412005,29.113614162980156],[32.17505144283152,29.295435552938898],[31.725051761615447,29.491558027403585],[31.050052239791512,29.73606949729205],[30.375052717967577,30.101720899554863],[29.98130299690345,30.514495959759188],[29.700933195520264,31.072270031660224],[27.900054471279333,32.052708023486105],[25.20005638398345,32.859581490460556],[22.05005861487558,33.59673284538093],[19.35006052817539,33.565491482352144],[16.65006244087931,33.18971466460036],[14.4000640347993,33.98629373718458],[12.318815509181547,35.419780517080454],[12.037565708415343,35.78566189952613],[11.925065788111255,36.240655233214795],[11.925065786919447,37.232354321556215],[10.912566505375338,37.67887792909195],[10.348617229769246,38.12273010839229],[9.000067859611391,38.12273010839229],[5.400070410479259,38.12273010839229],[2.250072641967279,37.76786242517883],[-2.249924170192742,36.05897312258671],[-4.499922576272752,35.96797434759347],[-5.624921779312757,35.922435577344146],[-6.299921301136777,35.876870570092734],[-8.999919388432772,36.05897312258671],[-9.899918750864742,36.42191605012607],[-11.249917794512783,37.94551049545976],[-13.499916200592793,39.69832335493328],[-13.499916200592793,44.051519228735145],[-9.449919069648843,48.70423463096077],[-7.649920344784732,49.58728674004675],[-6.074881460557094,50.31116725161084],[-4.544402544762761,50.82820142743802]],[[-11.249917794512783,37.94551049545976],[-10.349918432080813,37.94551049545976],[-9.33741914934481,38.12273010839229],[-9.102749315587062,38.443079483141986]],[[14.4000640347993,33.98629373718458],[13.50006467236733,33.09551711711572],[13.187364893886866,32.87762290319543]],[[7.426728974775415,43.73825568793552],[7.312569055647288,43.40114497315386],[7.425068975951234,41.744358789482135],[7.969108590548586,39.423519823304105],[8.325068338383204,38.651811712711236],[8.437568258687293,38.38775473578434],[9.000067859611391,38.12273010839229]],[[44.55004267627157,12.06589527357022],[43.6500433138396,11.818224495851751],[43.16164365982672,11.573660387694133]],[[38.25004713924761,22.05298561667763],[39.182756478507656,21.481533475503085]],[[56.333724328601164,25.121690004958737],[56.9250339097116,24.66052224964892],[58.00442314506233,23.679602601493002],[58.16253303305572,23.96851099673472],[58.72503263457574,24.32780311165172],[59.85003183761572,24.01990020343348],[62.32503008430379,22.469443964829594],[62.32503008430379,19.529070924351004]]]},"properties":{"id":"europe-india-gateway-eig","name":"Europe India Gateway (EIG)","type":"submarine_cable","color":"#a35e29"}},{"type":"Feature","geometry":{"type":"MultiLineString","coordinates":[[[29.700933195520264,31.072270031660224],[29.98130299690345,30.75649044225247],[30.375052717967577,30.587157843201965],[31.050052239791512,30.223305674181546],[31.725051761615447,29.979986367503585],[32.17505144283152,29.491296898779723],[32.65318110412005,29.113614162980156]],[[107.0791983800311,10.342138429682905],[107.77499788712001,9.85709470870242],[108.6749972495522,9.746236973759864],[110.24999613380825,9.96791518697421]],[[94.39121736831603,16.858032255708565],[93.60000792881604,16.749771315644608],[92.250008885168,14.801154224791475],[90.90000984151996,9.524411345019587],[90.45001016030389,5.061986954416028],[90.00001047908799,3.715978119297972]],[[100.0661133481664,6.613518860854185],[100.35005314702076,6.908035999527129],[100.59971297015935,7.075917959575207]],[[19.35006052817539,34.12610104005762],[19.35006052817539,37.67887792909195],[18.95777080607718,39.48474996079955],[18.787560926655374,40.04369219282995],[18.675061006351456,40.387320290775165],[18.00006148452735,40.89949091487156],[16.86881228591494,41.125709058522546]],[[45.03354233375589,12.800877546853712],[45.450042038703714,11.735650161405744]],[[22.57920153405354,33.89459266962973],[22.95005797790344,35.419780517080454],[23.51255757942343,35.78566189952613],[23.737557420031465,35.78566189952613],[24.01216722549529,35.51204255863749]],[[103.50674091079347,10.630401703210367],[103.72500075617612,9.524411345019587],[103.72500075617612,8.190543417795567],[103.04883123518098,7.228431783286396]],[[97.42500521915215,5.957818681088611],[99.00000410340803,6.069699469735895],[100.0661133481664,6.613518860854185],[100.2376532266459,6.908035999527129],[100.59971297015935,7.075917959575207],[101.70000219070411,7.242965106491965],[103.04883123518098,7.228431783286396],[105.29999964043216,7.298762754459602],[107.99999772772824,8.079175518240902],[110.24999613380825,9.96791518697421],[111.59999517745612,12.615395567393307],[113.6249937429283,18.251816319028308],[113.73749366323219,20.796306105108954],[114.26024329291155,22.208034251394366]],[[58.60608271884112,23.57608486453742],[58.950032475183775,23.608214441358456],[59.85003183761572,23.50508968095727]],[[61.200030881263785,17.39502263470061],[61.200030881263785,22.469443964829594],[59.85003183761572,23.50508968095727],[59.04197976437254,23.91203783447051],[58.50003279396768,24.19960051856532],[56.9250339097116,24.788256058863453],[56.333724328601164,25.121690004958737],[56.9250339097116,25.348717422116806],[56.981283869863745,26.159307970773796],[56.81253398940768,26.562513149236622],[56.250034387887666,26.663094151095322],[55.800034706671596,26.310674619140343],[55.350035025455725,26.159307970773796],[53.550036300591586,26.159307970773796],[52.200037256943745,25.95717997876443],[51.51927773920005,25.294608758024538]],[[72.87590260996691,19.076074257285313],[71.7750233898399,16.965102599435824]],[[5.372530429989041,43.29362778902916],[6.300069772911229,41.744358789482135],[7.875068657167304,38.651811712711236],[8.212568418079258,38.38775473578434],[9.000067859611391,38.21117903702327],[10.348617229769246,38.21117903702327],[10.912566505375338,37.76786242517883],[12.037565707223564,37.232354321556215],[12.037565708415343,36.240655233214795],[12.375065469327325,35.78566189952613],[12.825065150547204,35.419780517080454],[14.4000640347993,34.40502275071583],[16.65006244087931,33.75276987113051],[19.35006052817539,34.12610104005762],[22.05005861487558,34.01738195075367],[25.20005638398345,33.283811019051],[27.900054471279333,32.33831157801282],[29.700933195520264,31.072270031660224],[29.98130299690345,30.70813999354155],[30.375052717967577,30.490263249963675],[31.050052239791512,30.126049846722907],[31.725051761615447,29.88249116219714],[32.17505144283152,29.491296898779723],[32.65318110412005,29.113614162980156],[33.398913075842444,28.161052262220892],[33.97505016769546,27.364667993860166],[34.67817466959545,26.562513149236622],[35.21254929103955,25.754704263415306],[36.22504857377547,24.12261698700334],[37.46254769711956,22.05298561667763],[38.25004713924761,20.375041253465525],[39.600046182895454,18.251816319028308],[40.61254546563373,16.53419619825962],[41.90629454912761,14.801154224791475],[42.41254419049548,13.929303843271725],[42.94691881193958,13.054150695298716],[43.185981142585575,12.834868817846598],[43.270356082813606,12.615395567393307],[43.565668373611544,12.395734000022884],[44.55004267627157,11.735650161405744],[45.450042038703714,11.735650161405744],[48.600039807215495,12.505588131780542],[55.350035025455725,14.365653759228536],[58.950032475183775,16.10232559580288],[61.200030881263785,17.39502263470061],[66.60002705585575,18.465364393137207],[71.7750233898399,16.965102599435824],[71.94513526640995,13.492128176464178],[73.29513431005799,9.524411345019587],[75.49024475210021,6.852191098754417],[78.69513048464998,4.164912849976844],[79.65001781052402,3.64113270007644],[81.00001685476795,3.266814816815753],[85.50001366692797,2.817450442654064],[90.00001047908799,3.715978119297972],[92.7000085663839,5.061986954416028],[94.27500745064,5.957818681088611],[95.40000665367998,6.293390948068463],[97.42500521915215,5.957818681088611],[99.67500362523216,5.733989114150035],[100.37321313001817,5.420859215720895]],[[43.147993669496344,11.594869371447714],[43.6500433138396,11.735552251813374],[44.55004267627157,11.735650161405744]],[[39.182756478507656,21.481533475503085],[37.46254769711956,22.05298561667763]],[[67.02854675228852,24.889731701235718],[65.25002801161182,24.1568376182791],[61.200030881263785,22.469443964829594]]]},"properties":{"id":"asia-africa-europe-1-aae-1","name":"Asia Africa Europe-1 (AAE-1)","type":"submarine_cable","color":"#a1489b"}},{"type":"Feature","geometry":{"type":"MultiLineString","coordinates":[[[38.10697724059963,24.070648010417926],[37.80004745803154,24.01990020343257],[37.34051417738746,24.035381460187438],[37.12504793620579,24.12261698700334]],[[43.008543768284085,14.68565653336259],[42.75004395140763,14.692360031374477],[42.5250441107996,14.692360031374477],[42.35629423034351,14.801154224791475]],[[101.25000250948804,2.367912558705314],[101.36255242975685,2.143087178471944],[101.44766236946415,1.665522797277134]],[[99.4500037846241,4.613591578862867],[98.67598433294691,3.752031394331624]],[[27.900054471279333,32.43331330641712],[28.8000538337115,34.31215165223537],[28.575053993103467,36.14986678681771],[28.46255407279935,36.51238821239372],[28.25357422084295,36.85525019317086]],[[16.65006244087931,33.93964008831958],[16.425062600271445,34.68301765985788],[16.20006275966341,35.78566189952613],[16.087562839359293,36.87321951208918],[15.75006307844734,37.32187222983512],[15.067443562021538,37.51344748573402]],[[94.39121736831603,16.858032255708565],[93.60000792881604,16.965102599435824],[91.8000092039521,17.823934412537824]],[[102.22090182169396,2.273260323566632],[102.15000187192001,1.974446286104069]],[[90.11661039648769,21.820818029820288],[90.90000984151996,20.375041253465525],[91.8000092039521,17.823934412537824],[91.8000092039521,14.801154224791475],[90.45001016030389,9.524411345019587],[90.22501031969605,7.967776882259614],[90.00001047908799,7.298762754459602]],[[67.02854675228852,24.889731701235718],[65.25002801161182,24.054148269801203],[63.22502944673573,22.469443964829594]],[[65.75491565746177,16.886337034233264],[63.45836261477359,20.880771168805865],[63.22502944673573,22.469443964829594],[59.85003183761572,24.430271928050416],[58.50003279396768,24.73717827217618],[56.9250339097116,24.941363171753835],[56.333724328601164,25.121690004958737]],[[29.700933195520264,31.072270031660224],[29.98130299690345,30.417485796339378],[30.375052717967577,29.90687391673123],[31.050052239791512,29.540507745394393],[31.725051761615447,29.295522763665588],[32.17505144283152,29.197363639715576],[32.65318110412005,29.113614162980156]],[[5.930340034831232,43.125291587015084],[6.300069772911229,42.74371346443661],[6.525069613519264,41.744358789482135],[8.10006849777534,38.651811712711236],[8.325068338383204,38.38775473578434],[9.000067859611391,38.29952060596935],[10.348617229769246,38.29952060596935],[10.912566505375338,37.85673997565843],[12.150065627527482,37.232354321556215],[12.15006562871929,36.240655233214795],[12.487565389631243,35.78566189952613],[12.993815031002384,35.419780517080454],[14.4000640347993,34.544136272978676],[16.65006244087931,33.93964008831958],[19.35006052817539,34.31215165223537],[22.05005861487558,34.157137999942535],[25.20005638398345,33.42476549736131],[27.900054471279333,32.43331330641712],[29.700933195520264,31.072270031660224],[29.98130299690345,30.466024503890736],[30.375052717967577,30.00434523699687],[31.050052239791512,29.63833609362638],[31.725051761615447,29.393587625053613],[32.17505144283152,29.246411345890152],[32.65318110412005,29.113614162980156],[33.46910052611801,28.161052262220892],[34.42504984891153,27.364667993860166],[35.353174191419555,26.562513149236622],[36.11254865347152,25.754704263415306],[37.12504793620579,24.12261698700334],[38.36254705955153,22.05298561667763],[39.15004650167958,20.375041253465525],[40.50004554532762,18.251816319028308],[41.51254482806351,16.53419619825962],[42.35629423034351,14.801154224791475],[42.86254387171155,13.929303843271725],[43.17191865254762,13.054150695298716],[43.29848106288949,12.834868817846598],[43.382856003117524,12.615395567393307],[43.537543393535486,12.395734000022884],[44.55004267627157,11.680570534838523],[45.450042038703714,11.625479959569759],[48.600039807215495,12.395734000022884],[55.350035025455725,14.14758350694865],[58.950032475183775,15.886035719079104],[65.75491565746177,16.886337034233264],[70.6500241867999,13.412055032890692],[72.1097991585246,9.280734132427938],[74.30490960056682,6.606897166243414],[76.95001972382383,5.510071711803135],[79.65001781111991,5.510071711803135],[80.53985718074958,5.940820740520053]],[[80.53985718074958,5.940820740520053],[81.00001685476795,5.510071711803135],[82.80001557963189,5.510071711803135],[85.50001366692797,6.405200795356109],[90.00001047908799,7.298762754459602],[92.7000085663839,6.852191098754417],[94.27500745064,6.852191098754417],[95.40000665367998,6.740481724921096],[97.42500521915215,6.237476972533045],[98.77500426280002,5.286069860821101],[99.4500037846241,4.613591578862867],[100.35000314705607,3.266814816815753],[101.25000250948804,2.367912558705314],[102.15000187192001,1.974446286104069],[102.68279723997185,1.670619462234868],[103.34065102845304,1.271608282704705],[103.50000091556822,1.21527159428436],[103.64609081207684,1.338585852071589]],[[43.16164365982672,11.573660387694133],[43.6500433138396,11.707989320553992],[44.55004267627157,11.680570534838523]],[[58.591142729424746,23.61510487139472],[58.950032475183775,23.865671119262572],[59.85003183761572,24.430271928050416]]]},"properties":{"id":"seamewe-5","name":"SeaMeWe-5","type":"submarine_cable","color":"#c71f8e"}},{"type":"Feature","geometry":{"type":"MultiLineString","coordinates":[[[15.067443562021538,37.51344748573402],[15.75006307844734,37.232354321556215],[15.918812958903402,36.87321951208918],[15.525063237839305,36.14986678681771],[15.075063556623405,35.922435577344146],[14.488053972466645,35.89189979559495]]]},"properties":{"id":"italy-malta","name":"Italy-Malta","type":"submarine_cable","color":"#a7732a"}},{"type":"Feature","geometry":{"type":"MultiLineString","coordinates":[[[15.067443562021538,37.51344748573402],[15.637563158143394,37.232354321556215],[15.75006307844734,36.87321951208918],[15.30006339723144,36.14986678681771],[15.075063556623405,36.01348686719726],[14.380044048981688,35.93406361398968]]]},"properties":{"id":"epic-malta-sicily-cable-system-emscs","name":"Epic Malta-Sicily Cable System (EMSCS)","type":"submarine_cable","color":"#48b648"}},{"type":"Feature","geometry":{"type":"MultiLineString","coordinates":[[[11.090886379051994,36.849936993962615],[11.427366140686559,36.849310578248605],[12.173015612461455,37.36822050784963],[12.591375316091586,37.650586172786205]]]},"properties":{"id":"hannibal-system","name":"HANNIBAL System","type":"submarine_cable","color":"#5ab946"}},{"type":"Feature","geometry":{"type":"MultiLineString","coordinates":[[[11.090886379051994,36.849936993962615],[11.427366140686559,36.939295480359135],[12.173015612461455,37.45757668483847],[12.591375316091586,37.650586172786205]]]},"properties":{"id":"didon","name":"Didon","type":"submarine_cable","color":"#37b44d"}},{"type":"Feature","geometry":{"type":"MultiLineString","coordinates":[[[28.9882337004031,41.04061756347724],[28.283554199604737,40.74451752713381],[27.67066463378157,40.571463184887904],[27.20435496411966,40.51728976261825],[26.755425282145524,40.45564648003207],[26.644005361076495,40.375490343336395],[26.592925397262036,40.31736166816421],[26.516555451363246,40.27677072796641],[26.447805500066295,40.22370340243219],[26.37222555360802,40.19439284484727],[26.376225550774166,40.146787754907734],[26.344195573464617,40.10459536589312],[26.246055642987784,40.055649089877534],[25.31255630428737,39.524987333511575],[25.31255630428737,38.651811712711236],[25.65005606519935,37.41128363492314],[25.20005638398345,37.232354321556215],[24.637556782463435,37.27712658287683],[24.075057180943446,37.232354321556215],[23.96255726063933,37.58978657360316],[23.73618742100203,37.9760779757319]],[[25.875055905807386,36.60275474032986],[25.425056224591486,36.60275474032986],[24.975056543375416,36.33133835588808],[24.525056862159346,36.33133835588808],[24.187557101843453,36.51238821239372],[23.85005734033541,37.58978657360316],[23.73618742100203,37.9760779757319]],[[28.9882337004031,41.04061756347724],[28.305814183835423,40.72743084616869],[27.6788646279727,40.552318658169696],[27.18003498134803,40.49568113006444],[26.75493528249268,40.43735937424697],[26.677105337628177,40.37980969563341],[26.60562538826511,40.30783009842784],[26.53169544063789,40.26268557434719],[26.48169547605832,40.221389871891915],[26.38862554198991,40.191704009093456],[26.390775540466933,40.132453843941306],[26.348195570630935,40.08674097664061],[26.260015633098476,40.04234480534558],[26.098195747733115,39.97772318814779],[25.425056224591486,39.524987333511575],[25.425056224591486,38.651811712711236],[25.875055905807386,37.41128363492314],[26.21255566671934,37.232354321556215],[26.325055587023456,36.87321951208918],[25.875055905807386,36.60275474032986],[26.10005574641542,35.78566189952613]],[[34.20005000830349,33.09551711711572],[33.75005032708759,33.565491482352144],[33.75005032708759,34.49779087043359],[33.61060042587516,34.82728147271527]],[[24.01216722549529,35.51204255863749],[23.96255726063933,35.78566189952613],[23.850057339143603,36.51238821239372],[23.737557420031465,37.58978657360316],[23.73618742100203,37.9760779757319]],[[15.067443562021538,37.51344748573402],[15.75006307844734,37.500588446053314],[18.00006148452735,36.51238821239372],[19.342345691678787,36.1495513657909],[22.05005861487558,35.40449918351331],[23.400057658523423,34.89859296336232],[25.20005638398345,34.474608501824434],[31.050052239791512,33.09551711711572],[33.75005032708759,32.33831157801282],[34.769679604772676,32.04501185826473],[34.65004968951936,32.24321001626265],[34.76254960982348,32.62301664000799],[34.99877944247609,32.811579184632706]],[[34.99877944247609,32.811579184632706],[34.20005000830349,33.09551711711572],[31.050052239791512,33.565491482352144],[28.8000538337115,34.31215165223537],[27.225054949455426,35.05222991093683],[26.55005542763149,35.419780517080454],[26.10005574641542,35.78566189952613],[24.01216722549529,35.51204255863749],[23.737557420031465,35.83127933955626],[22.95005797790344,35.96797434759347],[18.00006148452735,36.87321951208918],[15.75006307844734,37.58978657360316],[15.067443562021538,37.51344748573402]]]},"properties":{"id":"mednautilus-submarine-system","name":"MedNautilus Submarine System","type":"submarine_cable","color":"#53b847"}},{"type":"Feature","geometry":{"type":"MultiLineString","coordinates":[[[-6.585031099162222,52.17164795778544],[-6.074921460528742,51.586833980054195],[-5.849921619920792,50.740281893948264],[-5.698751727010944,50.07615899686118]]]},"properties":{"id":"esat-1","name":"ESAT-1","type":"submarine_cable","color":"#df7a26"}},{"type":"Feature","geometry":{"type":"MultiLineString","coordinates":[[[-3.610863206090812,50.31911737342912],[-3.149923532624712,50.23926850952162],[-2.81242377171273,50.09514516168238],[-2.474924010800777,49.58728674004675],[-2.53337396939429,49.503391023483346]]]},"properties":{"id":"channel-islands-9-liberty-submarine-cable","name":"Channel Islands-9 Liberty Submarine Cable","type":"submarine_cable","color":"#3a499e"}},{"type":"Feature","geometry":{"type":"MultiLineString","coordinates":[[[0.366673976184586,50.81931962098224],[0.450073917103168,50.740281893948264],[1.350073279535309,50.23926850952162],[1.493433177977636,50.17917387330175]]]},"properties":{"id":"circe-south","name":"Circe South","type":"submarine_cable","color":"#cb218e"}},{"type":"Feature","geometry":{"type":"MultiLineString","coordinates":[[[-2.53337396939429,49.503391023483346],[-2.418674050648718,49.58728674004675],[-2.699923851408727,50.16726116292705],[-3.03742361232068,50.31116725161084],[-3.578393229092768,50.35174683018397]]]},"properties":{"id":"uk-channel-islands-7","name":"UK-Channel Islands-7","type":"submarine_cable","color":"#923e97"}},{"type":"Feature","geometry":{"type":"MultiLineString","coordinates":[[[1.440993215126866,51.35857144425913],[1.800072960751208,51.30637567738265],[2.475072482575314,51.30637567738265],[2.96189213770765,51.24665953842634]]]},"properties":{"id":"pan-european-crossing-uk-belgium","name":"Pan European Crossing (UK-Belgium)","type":"submarine_cable","color":"#60b446"}},{"type":"Feature","geometry":{"type":"MultiLineString","coordinates":[[[4.524191030960452,52.3636663818082],[4.520747594069206,52.363306844766385],[4.516013673110507,52.3628251277558],[4.510043038254423,52.36222631775303],[4.502889459669916,52.36151550105225],[4.494606707526515,52.36069776339659],[4.485248551993919,52.35977819010574],[4.47486876324146,52.35876186619436],[4.463521111438808,52.35765387648755],[4.451259366754954,52.35645930572929],[4.438137299359596,52.3551832386845],[4.424208679422605,52.35383076023629],[4.409527277112772,52.35240695547685],[4.394146862600167,52.350916909792545],[4.37812120605372,52.34936570894263],[4.36150407764319,52.34775843913329],[4.344349247538048,52.34610018708452],[4.326710485907626,52.34439604009199],[4.30864156292165,52.342651086082896],[4.290196248749226,52.34087041366564],[4.271428313560278,52.33905911217391],[4.25239152752377,52.3372222717048],[4.233139660809371,52.33536498315135],[4.213726483586782,52.333492338228496],[4.194205766024993,52.331609429493994],[4.174631278293873,52.32972135036334],[4.155056790562725,52.327833195118046],[4.135536073001134,52.32595005890886],[4.116122895778375,52.32407703775311],[4.096871029063976,52.322219228525114],[4.07783424302761,52.32038172894295],[4.059066307838492,52.318569637546744],[4.040620993666096,52.316788053672184],[4.022552070680092,52.31504207741972],[4.004913309049698,52.31333680961447],[3.987758478944727,52.31167735176419],[3.971141350534168,52.310068806007536],[3.95511569398758,52.30851627506007],[3.939735279474945,52.30702486215105],[3.925053877165311,52.305599670957434],[3.91112525722815,52.304245805529035],[3.898003189832963,52.30296837021086],[3.885741445149108,52.301772469556425],[3.874393793346286,52.300663208238035],[3.864014004593798,52.299645690949205],[3.854655849061203,52.29872502230219],[3.846373096918001,52.29790630671937],[3.839219518333493,52.297194648318396],[3.833248883477239,52.29659515079291],[3.825071525627266,52.29575305025401],[3.816071532002979,52.29422399049014],[3.807071538378693,52.29269488653958],[3.798071544754407,52.291165738043816],[3.78907155112995,52.28963654464468],[3.780071557505664,52.28810730598386],[3.771071563881378,52.28657802170295],[3.762071570256921,52.28504869144348],[3.753071576632806,52.28351931484693],[3.74407158300852,52.28198989155493],[3.735071589384233,52.2804604212088],[3.726071595759777,52.278930903450004],[3.717071602135491,52.27740133791983],[3.708071608511204,52.27587172425939],[3.699071614886918,52.27434206211021],[3.690071621262462,52.272812351113146],[3.681071627638175,52.27128259090955],[3.672071634013889,52.26975278114034],[3.663071640389603,52.26822292144681],[3.654071646765317,52.26669301146967],[3.645071653141031,52.265163050849935],[3.636071659516745,52.263633039228466],[3.627071665892288,52.26210297624621],[3.618071672268002,52.26057286154395],[3.609071678643716,52.2590426947622],[3.600071685019429,52.257512475541944],[3.591071691394944,52.25598220352356],[3.582071697770658,52.25445187834774],[3.573071704146372,52.252921499654946],[3.564071710521915,52.251391067085876],[3.555071716897629,52.24986058028057],[3.546071723273343,52.2483300388798],[3.537071729649057,52.24679944252392],[3.528071736024771,52.24526879085295],[3.519071742400484,52.24373808350711],[3.510071748776198,52.242207320126965],[3.501071755151912,52.24067650035218],[3.492071761527455,52.239145623823305],[3.483071767903169,52.23761469018004],[3.474071774278883,52.23608369906253],[3.465071780654426,52.23455265011063],[3.45607178703014,52.233021542964394],[3.447071793405854,52.23149037726347],[3.438071799781738,52.229959152647865],[3.429071806157282,52.22842786875705],[3.420071812532996,52.2268965252309],[3.411071818908709,52.22536512170922],[3.402071825284423,52.22383365783131],[3.393071831659967,52.22230213323684],[3.375071844411394,52.219238900455935],[2.025072800763354,52.2115802243913],[1.620287931266688,52.207211794377145],[1.617138519435912,52.195458286472814],[1.613256686247809,52.180932313611464],[2.025072800763354,52.14259270367222],[3.150072003803359,51.586833980054195],[3.206907901040211,51.33094567001683]]]},"properties":{"id":"concerto","name":"Concerto","type":"submarine_cable","color":"#33c0cc"}},{"type":"Feature","geometry":{"type":"MultiLineString","coordinates":[[[1.590603109141597,52.157840488057786],[2.025072801359244,52.00429650272403],[2.925072163791214,51.586833980054195],[3.496161759226112,51.56395094476625]]]},"properties":{"id":"farland-north","name":"Farland North","type":"submarine_cable","color":"#52bb77"}},{"type":"Feature","geometry":{"type":"MultiLineString","coordinates":[[[1.729273010906667,52.46882263773057],[2.250072641967279,52.4179012603154],[3.825071526223184,52.4179012603154],[4.524191030960452,52.3636663818082]]]},"properties":{"id":"circe-north","name":"Circe North","type":"submarine_cable","color":"#3cb54e"}},{"type":"Feature","geometry":{"type":"MultiLineString","coordinates":[[[-4.480882589760824,54.15047817510964],[-4.274922735664717,54.100057482410676],[-3.599923213840782,53.901684726074365],[-3.050753602877677,53.80897597127557]]]},"properties":{"id":"e-llan","name":"E-LLAN","type":"submarine_cable","color":"#44b549"}},{"type":"Feature","geometry":{"type":"MultiLineString","coordinates":[[[-4.659932462920153,55.54133175647158],[-4.949922257488737,55.462350188098384],[-5.624921779312757,54.81936191424907],[-5.71872171286401,54.75370176047079]]]},"properties":{"id":"lanis-3","name":"Lanis-3","type":"submarine_cable","color":"#2d8cb2"}},{"type":"Feature","geometry":{"type":"MultiLineString","coordinates":[[[-4.854172325318928,55.240403607445785],[-5.174922098096772,55.20639768894037],[-5.624921779312757,55.0133467567922],[-5.809831648320881,54.85780200253134]]]},"properties":{"id":"scotland-northern-ireland-2","name":"Scotland-Northern Ireland 2","type":"submarine_cable","color":"#48b648"}},{"type":"Feature","geometry":{"type":"MultiLineString","coordinates":[[[24.93247657353959,60.171163188940454],[24.975056543375416,60.07486799642308],[24.975056543375416,59.962431634152296],[24.86255662307147,59.6796637072089],[24.752496701038922,59.42371055209489],[24.975056543375416,59.6796637072089],[25.087556463679334,59.962431634152296],[25.03130650352736,60.07486799642308],[24.93247657353959,60.171163188940454]]]},"properties":{"id":"finland-estonia-connection-fec","name":"Finland Estonia Connection (FEC)","type":"submarine_cable","color":"#57a344"}},{"type":"Feature","geometry":{"type":"MultiLineString","coordinates":[[[24.276617038156644,59.40095452286678],[24.4125569418554,59.6796637072089],[24.75005670276738,59.962431634152296],[24.93247657353959,60.171163188940454]]]},"properties":{"id":"finland-estonia-3-eesf-3","name":"Finland-Estonia 3 (EESF-3)","type":"submarine_cable","color":"#41b769"}},{"type":"Feature","geometry":{"type":"MultiLineString","coordinates":[[[21.011189351416164,56.508369140884156],[20.81255949212735,56.407518054313044],[20.81255949212735,56.15772578558838],[21.082679300772185,56.02850685047366]]]},"properties":{"id":"bcs-east","name":"BCS East","type":"submarine_cable","color":"#bc6f29"}},{"type":"Feature","geometry":{"type":"MultiLineString","coordinates":[[[106.83339855415792,-6.128964849210604],[106.31249892316825,-5.385957847172989]],[[32.542821182299974,29.95909144105582],[32.287551363135435,30.36900921360788],[31.950051602223482,30.68393417557087],[31.387552000703465,30.901353185916747],[30.825052399183477,31.046082721692102],[29.893513059094772,31.191465077638554],[28.8000538337115,32.81231878328768],[25.20005638398345,34.2656775265242],[23.400057658523423,34.62132128520639],[22.05005861487558,34.99080971857586],[19.35006052817539,35.419780517080454],[16.65006244087931,35.05222991093683],[14.4000640347993,35.37392782452352],[13.33131479191124,35.96797434759347],[12.712565230239278,36.87321951208918],[12.60006530993536,37.232354321556215],[12.591375316091586,37.650586172786205],[11.70006594750339,37.67887792909195],[10.348617229769246,38.034173900641946],[9.000067859611391,38.034173900641946],[5.400070410479259,37.94551049545976],[2.250072641967279,37.58978657360316],[-2.249924170192742,35.96797434759347],[-4.499922576272752,35.876870570092734],[-5.624921779312757,35.967933880341064],[-6.299921301136777,36.05897312258671],[-8.999919388432772,36.240655233214795],[-9.449919069648843,36.69301553274448],[-9.449919069648843,37.232354321556215],[-9.112419308736776,38.12273010839229],[-9.102749315587062,38.443079483141986]],[[114.74999294596827,21.21639789994191],[114.41249318505615,21.635297384859456],[114.183973346942,22.24961578335288]],[[100.0661133481664,6.613518860854185],[99.00000410340803,6.181557032537114],[97.42500521915215,6.069699469735895]],[[125.99998497636832,29.540507745394393],[125.54998529515225,30.126049846722907],[124.64998593272028,30.70813999354155],[122.84998720785634,31.094262827639596],[122.17498768603221,31.238656526340208],[121.47258699999978,31.247573900928387]],[[-9.102749315587062,38.443079483141986],[-10.799918113296798,38.82731109526628],[-11.699917475728853,39.69832335493328],[-11.699917475728853,43.40114497315386],[-8.099920026000802,46.89076287862241],[-5.849921619920792,47.72979657245895],[-4.338542690595716,47.81102015174923],[-5.174922098096772,47.95631365986799],[-5.399921938704722,48.40638249553794],[-4.949922257488737,49.441203723128126],[-5.17297209947813,50.02254139117184],[-4.499922576272752,49.950586997728095],[-3.599923213840782,50.02292045625484],[-2.249924170192742,50.16726116292705],[0.000074235887269,50.31116725161084],[0.900073598319238,50.669033691984],[1.348973280314624,50.981023970649176],[1.800072960751208,51.09490046148102],[2.475072482575314,51.165500079092226],[2.912772172504702,51.231220564626796]],[[58.591142729424746,23.61510487139472],[58.950032475183775,23.762749511610537],[59.85003183761572,23.608214441359365]],[[32.46665123625965,34.76657169708608],[31.500051920411693,34.34312011914997],[28.8000538337115,32.81231878328768],[29.025053674319537,34.31215165223537],[28.687553913407385,36.14986678681771],[28.575053993103467,36.51238821239372],[28.25357422084295,36.85525019317086]],[[-5.391811944449927,35.565918934421404],[-4.724922416880787,35.694348446523605],[-4.499922576272752,35.876870570092734]],[[23.400057658523423,34.62132128520639],[23.40005765911934,35.419780517080454],[23.51255757942343,35.694348446523605],[23.737557420031465,35.694348446523605],[24.01216722549529,35.51204255863749]],[[56.333724328601164,25.121690004958737],[56.9250339097116,24.81378707171703],[58.50003279396768,24.276537592931618],[59.85003183761572,23.608214441359365],[61.42503072187162,22.469443964829594],[61.42503072187162,17.823934412537824]],[[121.02775554672925,21.457551614722092],[120.71248872208028,21.635297384859456],[120.59998880177616,22.05298561667763],[120.66219875770614,22.249254821356544]],[[113.56112378817429,22.156493825893108],[113.6249937429283,21.84429407917378],[113.84999358353613,21.635297384859456],[114.74999294596827,21.21639789994191],[115.19999262718417,20.796306105108954],[116.3249918302242,20.16397503197578],[116.99999135204828,19.952622905164304]],[[115.85731216153286,-31.95344133032441],[113.84999358353613,-31.276331888746853],[112.49999453988826,-30.309953344646914],[110.24999613380825,-27.153831285391675],[107.99999772713235,-20.433922197637315],[104.40000027800002,-11.943944931746927],[104.40000027800002,-7.509810688339655],[104.62500011860826,-6.616650693475464],[105.29999964043216,-5.945707155070551],[105.74999932164823,-5.889756955647925],[106.31249892316825,-5.385957847172989],[106.64999868408003,-5.161910662112973],[106.98749844499216,-4.601453764837203],[107.04374840514416,-3.029995968008762],[106.93024848554879,-2.130918480960247],[106.08749908256002,-0.781386636225506],[105.41249956073611,0.118588418888407],[104.84999995921609,0.456083447840484],[104.17500043739219,0.570578752286423],[103.55625087572,0.793562652607278],[103.55625087572,1.01853421661562],[103.64609081207684,1.338585852071589],[103.50000091556822,1.201262219903469],[103.34065102845304,1.243515071072778],[102.68279723997185,1.642556216317956],[102.15000187192001,1.918228780215685],[101.25000250948804,2.255504211923693],[100.23750322675212,3.266814816815753],[99.2250039440161,4.613591578862867],[98.55000442219213,5.286069860821101],[97.42500521915215,6.069699469735895],[95.40000665367998,6.516986153883067],[94.27500745064,6.405200795356109],[92.7000085663839,5.957818681088611],[90.00001047908799,5.510071711803135],[85.50001366692797,4.613591578862867],[81.00001685476795,4.164912849976844],[78.69513048464998,4.837826391986653],[76.84024379574825,6.852191098754417],[74.64513335370603,9.524411345019587],[73.29513431005799,13.492128176464178],[72.45002291166381,16.965102599435824],[72.87590260996691,19.076074257285313],[70.2000245055838,18.998067525949068],[66.60002705585575,18.89166158430325],[61.42503072187162,17.823934412537824],[58.950032475183775,16.31838002635962],[55.350035025455725,14.583511645118676],[48.600039807215495,12.615395567393307],[45.450042038703714,11.845776373625682],[44.55004267627157,11.845776373625682],[43.62191833376352,12.395734000022884],[43.29848106288949,12.615395567393307],[43.21410612266146,12.834868817846598],[43.003168772091556,13.054150695298716],[42.5250441107996,13.929303843271725],[42.018794469431555,14.801154224791475],[40.837545306240685,16.53419619825962],[39.82504602350352,18.251816319028308],[38.47504697985545,20.375041253465525],[37.687547537727596,22.05298561667763],[36.45004841438259,24.12261698700334],[35.437549131647586,25.754704263415306],[34.84692455005151,26.562513149236622],[34.087550087999546,27.364667993860166],[33.48321301611958,28.161052262220892],[32.96260088492426,28.951554732193216],[32.68135108416425,29.34456698948989],[32.51257620372584,29.63833609362638],[32.529931191431416,29.972545436050268],[32.287551363135435,30.320465424761352],[31.950051602223482,30.587136321812352],[31.387552000703465,30.804773676604498],[30.825052399183477,30.97376681878157],[29.893513059094772,31.191465077638554]],[[127.68084378563216,26.212414126750332],[126.8999843388003,26.562513149236622],[125.54998529515225,26.562513149236622],[124.64998593272028,26.159307970773796]],[[124.19998625150438,24.12261698700334],[122.84998720785634,24.73717827217618],[122.17498768603221,24.8393128255928],[121.80144795065141,24.863504112487874]],[[121.06600847164387,13.762418337904336],[120.14998912056026,13.710817738179543],[118.79999007691222,14.14758350694865],[116.99999135204828,14.365653759228536],[115.64999230840024,14.801154224791475]],[[115.19999262718417,13.054150695298716],[114.2999932647522,13.929303843271725],[110.69999581502415,15.23578178303569],[109.79999645259218,15.77780337181727],[108.89999709016004,15.994209911785873],[108.19247759137372,16.04339300520843]],[[98.67598433294691,3.752031394331624],[99.2250039440161,4.613591578862867]],[[76.26955020587488,9.938386424893082],[75.60002068017599,9.746236973759864],[74.64513335370603,9.524411345019587]],[[110.92499565563222,5.957818681088611],[114.2999932647522,5.174038327225986],[114.88563284987973,4.926762452886777]],[[100.36299313785392,5.35384659465538],[99.67500362523216,5.286069860821101],[98.55000442219213,5.286069860821101]],[[79.86681765753698,6.833088156653076],[79.31251805020796,5.957818681088611],[78.47683671825345,5.033562173490822]],[[95.68213645381681,16.282761781662003],[95.85000633489605,14.801154224791475],[96.07500617490817,11.294709319565555],[95.85000633430016,8.33898542602023],[95.40000665367998,6.516986153883067]],[[116.99999135204828,19.952622905164304],[116.54999167083221,18.251816319028308],[115.64999230840024,14.801154224791475],[115.19999262718417,13.054150695298716],[114.18748535243108,9.96791518697421],[112.49999453988826,7.744889052551343],[110.92499565563222,5.957818681088611],[110.24999613380825,5.510071711803135],[107.99999772772824,4.501447394015287],[107.0999983652961,3.940475772228723],[105.74999932164823,3.154491498099929],[105.29999964043216,2.817450442654064],[104.96229987966191,1.468426767332062],[105.41249956073611,0.118588418888407]],[[116.99999135204828,19.952622905164304],[116.99999135204828,20.796306105108954],[116.88749143174417,22.469443964829594],[116.67753158048177,23.355006811273626],[117.22499119265612,22.884654113882362],[118.34999039569615,22.261369678340685],[118.79999007691222,22.05298561667763],[120.12788799225589,21.562216383585792],[121.02775554672925,21.457551614722092]],[[128.62078311977027,34.88072781981958],[127.91248362153638,34.31215165223537],[127.34998402001636,33.18971466460036],[127.34998402001636,32.43331330641712],[125.99998497636832,29.540507745394393],[125.77498513576032,28.55704546571141],[124.64998593272028,26.159307970773796],[124.53748601241617,25.55188275942578],[124.19998625150438,24.12261698700334],[123.29998688907224,22.05298561667763],[122.84998720785634,21.635297384859456],[121.02775554672925,21.457551614722092]],[[43.147993669496344,11.594869371447714],[43.6500433138396,11.763112428849638],[44.55004267627157,11.845776373625682]],[[66.60002705585575,18.89166158430325],[65.92502753403164,20.375041253465525],[66.37502721524771,23.298598065875808],[67.02854675228852,24.889731701235718]],[[37.687547537727596,22.05298561667763],[39.182756478507656,21.481533475503085]],[[114.183973346942,22.24961578335288],[114.2999932647522,22.05298561667763],[115.64999230840024,22.10511054810837],[117.44999103326418,21.94867813792706],[118.34999039569615,22.261369678340685]],[[105.29999964043216,2.817450442654064],[104.40000027800002,2.367912558705314],[103.85068066714334,2.295702456949584]]]},"properties":{"id":"seamewe-3","name":"SeaMeWe-3","type":"submarine_cable","color":"#6fbc44"}}]}