{"type":"FeatureCollection","features":[{"type":"Feature","properties":{"name":"Piemonte","istat":"01","iso":"IT-21","aliases":["Piedmont"]},"geometry":{"type":"Polygon","coordinates":[[[7.136,45.2801],[7.1207,45.3004],[7.1173,45.3093],[7.1095,45.3202],[7.1097,45.3271],[7.126,45.3273],[7.1331,45.3311],[7.1351,45.3338],[7.1315,45.3406],[7.1337,45.3478],[7.1385,45.3511],[7.1548,45.3563],[7.1644,45.3607],[7.1605,45.3634],[7.1593,45.373],[7.1632,45.3818],[7.1785,45.392],[7.1778,45.3945],[7.1858,45.403],[7.1838,45.4074],[7.1689,45.4114],[7.1555,45.4178],[7.1525,45.4219],[7.1315,45.4272],[7.1207,45.4316],[7.1141,45.4363],[7.1097,45.4474],[7.1013,45.4543],[7.0988,45.4613],[7.1043,45.4669],[7.1097,45.4701],[7.1146,45.4775],[7.1148,45.4871],[7.1201,45.4961],[7.1216,45.5063],[7.1274,45.5121],[7.1376,45.5163],[7.1431,45.5059],[7.1431,45.4985],[7.137,45.4917],[7.1411,45.4808],[7.1481,45.4782],[7.1513,45.4836],[7.1571,45.4865],[7.1673,45.4843],[7.1995,45.4812],[7.2084,45.474],[7.2228,45.4705],[7.2285,45.4747],[7.2345,45.4835],[7.2475,45.4941],[7.2633,45.4986],[7.2694,45.5148],[7.279,45.5135],[7.303,45.5169],[7.3229,45.5145],[7.3338,45.5206],[7.3496,45.522],[7.3592,45.5258],[7.367,45.5234],[7.3704,45.5172],[7.3757,45.5164],[7.3836,45.5196],[7.3944,45.5273],[7.3957,45.5309],[7.4108,45.5355],[7.4206,45.5465],[7.4282,45.5475],[7.448,45.5556],[7.4505,45.5617],[7.4634,45.5748],[7.469,45.5775],[7.4894,45.583],[7.5058,45.582],[7.52,45.5771],[7.5326,45.5771],[7.543,45.5857],[7.557,45.5903],[7.5686,45.5913],[7.5764,45.5876],[7.5821,45.5819],[7.5874,45.5826],[7.5992,45.5784],[7.6054,45.5736],[7.6091,45.5629],[7.634,45.5708],[7.6427,45.5687],[7.6589,45.5621],[7.6767,45.5521],[7.6883,45.5573],[7.7032,45.5556],[7.7164,45.559],[7.7224,45.5578],[7.7304,45.5507],[7.7327,45.5503],[7.7375,45.5521],[7.7457,45.5584],[7.7573,45.5646],[7.7685,45.5672],[7.7872,45.5759],[7.7968,45.5826],[7.7957,45.5864],[7.8012,45.5868],[7.8163,45.5933],[7.8309,45.5978],[7.8407,45.5974],[7.8489,45.6022],[7.8622,45.597],[7.8647,45.5974],[7.8774,45.6003],[7.8875,45.598],[7.8957,45.5901],[7.9007,45.5917],[7.8962,45.5998],[7.8973,45.6063],[7.8967,45.6113],[7.8975,45.6125],[7.9159,45.633],[7.9296,45.6362],[7.936,45.6356],[7.9393,45.6432],[7.9312,45.6486],[7.9259,45.6553],[7.9209,45.6606],[7.9216,45.6664],[7.9119,45.6707],[7.9111,45.6798],[7.9051,45.682],[7.9065,45.6913],[7.9119,45.7008],[7.9204,45.7019],[7.924,45.7063],[7.9298,45.7148],[7.9366,45.7243],[7.9273,45.7347],[7.9291,45.7425],[7.9174,45.7436],[7.9001,45.7491],[7.885,45.7602],[7.8823,45.7697],[7.8701,45.7819],[7.864,45.79],[7.8661,45.8026],[7.8622,45.8199],[7.8734,45.826],[7.8709,45.8341],[7.8638,45.8396],[7.8663,45.8477],[7.8745,45.8546],[7.8756,45.8621],[7.8686,45.8689],[7.8642,45.8929],[7.8631,45.9075],[7.864,45.9164],[7.877,45.9264],[7.8685,45.9377],[7.8702,45.9467],[7.877,45.9548],[7.879,45.9626],[7.8781,45.9734],[7.8946,45.9808],[7.9063,45.9941],[7.9218,45.997],[7.9545,45.997],[7.9816,45.9985],[7.9882,45.9964],[7.9979,46.0067],[8.0061,46.0116],[8.0122,46.0119],[8.0147,46.0289],[8.014,46.0326],[8.0213,46.0386],[8.0305,46.0416],[8.0332,46.0471],[8.0225,46.0682],[8.0229,46.0743],[8.0298,46.0854],[8.0328,46.0975],[8.0371,46.1004],[8.0458,46.1007],[8.0705,46.1063],[8.084,46.1058],[8.1081,46.1116],[8.1125,46.1162],[8.115,46.1303],[8.1264,46.1355],[8.1434,46.1367],[8.1502,46.1413],[8.1541,46.1478],[8.1495,46.1593],[8.1511,46.1651],[8.1648,46.1769],[8.1653,46.1822],[8.1586,46.1883],[8.1518,46.1974],[8.139,46.226],[8.125,46.2296],[8.1175,46.2365],[8.1075,46.2499],[8.0876,46.2542],[8.0805,46.2608],[8.1178,46.2859],[8.1212,46.292],[8.1378,46.3016],[8.1488,46.3011],[8.1635,46.2964],[8.1813,46.2983],[8.1963,46.3024],[8.203,46.3042],[8.2118,46.3129],[8.2254,46.335],[8.2338,46.3397],[8.2498,46.3423],[8.2576,46.3457],[8.2653,46.3522],[8.2608,46.3604],[8.2633,46.3636],[8.2729,46.3666],[8.2847,46.365],[8.292,46.3698],[8.3146,46.3811],[8.3187,46.3863],[8.3142,46.3904],[8.3171,46.3972],[8.3105,46.4029],[8.2941,46.4055],[8.2906,46.4087],[8.3071,46.4257],[8.3137,46.4239],[8.3224,46.4255],[8.3395,46.4329],[8.3644,46.4511],[8.3743,46.4532],[8.3798,46.4509],[8.3916,46.4519],[8.4046,46.4572],[8.4373,46.4644],[8.4497,46.4618],[8.4652,46.4451],[8.4608,46.4381],[8.4576,46.4255],[8.4592,46.4199],[8.4686,46.4117],[8.4675,46.3996],[8.4634,46.3842],[8.4686,46.3649],[8.462,46.3532],[8.4652,46.334],[8.4553,46.3238],[8.4439,46.3196],[8.4412,46.3154],[8.4401,46.3048],[8.4277,46.2984],[8.4343,46.288],[8.4497,46.2737],[8.4563,46.2636],[8.4489,46.2611],[8.4425,46.2537],[8.4442,46.2494],[8.4638,46.2448],[8.4688,46.2335],[8.4748,46.2311],[8.4862,46.2303],[8.5326,46.217],[8.5365,46.2043],[8.5406,46.1976],[8.5458,46.1962],[8.5518,46.1927],[8.5684,46.1782],[8.573,46.165],[8.599,46.1555],[8.5995,46.15],[8.5924,46.1458],[8.5947,46.1423],[8.6097,46.1326],[8.6109,46.1243],[8.612,46.1216],[8.6477,46.1231],[8.6598,46.1121],[8.681,46.1069],[8.6892,46.1018],[8.7036,46.1006],[8.7148,46.0981],[8.7078,46.0909],[8.7057,46.0815],[8.7139,46.0659],[8.7203,46.0422],[8.7263,46.0343],[8.729,46.0269],[8.7265,46.018],[8.7148,46.0082],[8.7123,46.0068],[8.7007,45.9999],[8.6906,45.9928],[8.6822,45.9869],[8.6541,45.9661],[8.6169,45.9383],[8.6088,45.9325],[8.5949,45.9225],[8.5716,45.9013],[8.5702,45.8913],[8.5871,45.8604],[8.5922,45.8524],[8.5945,45.8447],[8.5951,45.8385],[8.5951,45.8336],[8.5936,45.8283],[8.588,45.819],[8.5801,45.8129],[8.5634,45.8072],[8.5547,45.7981],[8.5522,45.788],[8.5556,45.775],[8.5796,45.7517],[8.5824,45.7491],[8.5936,45.7304],[8.6022,45.7263],[8.6346,45.7229],[8.6401,45.7235],[8.6488,45.7195],[8.6543,45.7121],[8.6543,45.7078],[8.6468,45.6938],[8.6415,45.6873],[8.6404,45.6847],[8.6408,45.6768],[8.6527,45.6745],[8.6637,45.6745],[8.6751,45.6777],[8.6812,45.6764],[8.6804,45.668],[8.6723,45.6663],[8.6698,45.6614],[8.6735,45.657],[8.681,45.651],[8.6886,45.6399],[8.6853,45.6343],[8.6787,45.6336],[8.6721,45.6403],[8.6618,45.6425],[8.6618,45.6344],[8.666,45.6304],[8.663,45.6226],[8.6662,45.6208],[8.678,45.6215],[8.6847,45.6186],[8.694,45.6096],[8.6918,45.604],[8.7032,45.6002],[8.7048,45.5943],[8.703,45.5868],[8.6949,45.5812],[8.6938,45.5767],[8.7059,45.5679],[8.7068,45.5584],[8.7064,45.5554],[8.7109,45.5414],[8.7194,45.531],[8.7144,45.5278],[8.7132,45.5198],[8.7228,45.5076],[8.7279,45.5025],[8.7386,45.4985],[8.7571,45.4981],[8.7703,45.4865],[8.7797,45.4847],[8.7873,45.4863],[8.789,45.4841],[8.7911,45.4702],[8.7881,45.4642],[8.7893,45.462],[8.7929,45.4597],[8.8,45.4559],[8.8078,45.4478],[8.8099,45.4325],[8.8181,45.4347],[8.8242,45.4351],[8.8245,45.4195],[8.829,45.4155],[8.8421,45.399],[8.8428,45.3939],[8.8331,45.3915],[8.8233,45.3923],[8.8105,45.3888],[8.8119,45.3832],[8.8016,45.3791],[8.7934,45.379],[8.769,45.3876],[8.7624,45.382],[8.764,45.3773],[8.7308,45.3755],[8.719,45.3781],[8.7205,45.3747],[8.721,45.3705],[8.7331,45.3649],[8.7463,45.3552],[8.756,45.3572],[8.7607,45.3557],[8.7555,45.3445],[8.7454,45.3396],[8.7422,45.3321],[8.7247,45.3357],[8.7263,45.3322],[8.7233,45.322],[8.7141,45.3016],[8.6906,45.2926],[8.689,45.294],[8.666,45.2919],[8.6632,45.2997],[8.6589,45.3037],[8.6595,45.3147],[8.6557,45.3256],[8.6315,45.3385],[8.6322,45.3463],[8.6253,45.3518],[8.6136,45.3544],[8.599,45.3486],[8.5906,45.3519],[8.5711,45.3486],[8.5572,45.3532],[8.5531,45.3615],[8.551,45.3561],[8.5421,45.3478],[8.5264,45.3421],[8.533,45.3322],[8.538,45.3172],[8.5341,45.3184],[8.5216,45.3123],[8.5134,45.3133],[8.5072,45.3072],[8.4983,45.2922],[8.512,45.291],[8.5182,45.2867],[8.5131,45.2803],[8.5131,45.2753],[8.5232,45.2744],[8.5223,45.2791],[8.5351,45.2778],[8.5362,45.2722],[8.5328,45.2653],[8.5362,45.2627],[8.533,45.2587],[8.5412,45.2563],[8.5428,45.2526],[8.536,45.2477],[8.5309,45.2538],[8.5227,45.2547],[8.522,45.2499],[8.5277,45.2458],[8.5463,45.2418],[8.5547,45.2432],[8.5552,45.2388],[8.5442,45.2398],[8.5294,45.2382],[8.5417,45.2364],[8.5406,45.2307],[8.531,45.2302],[8.5245,45.2271],[8.5257,45.2193],[8.5337,45.2166],[8.5447,45.2089],[8.5472,45.2035],[8.5245,45.1983],[8.5294,45.1935],[8.5522,45.1964],[8.5508,45.2011],[8.5568,45.2052],[8.5718,45.2059],[8.5812,45.2021],[8.5623,45.1946],[8.544,45.1813],[8.543,45.1729],[8.5479,45.1681],[8.5549,45.1643],[8.5566,45.1577],[8.5766,45.153],[8.5853,45.1478],[8.5901,45.1331],[8.5945,45.1308],[8.6118,45.1275],[8.6132,45.1243],[8.6093,45.117],[8.6084,45.1084],[8.6136,45.1024],[8.6234,45.0983],[8.6221,45.0913],[8.6365,45.0837],[8.6397,45.0776],[8.6459,45.0753],[8.6372,45.0662],[8.6426,45.063],[8.6447,45.0609],[8.6452,45.057],[8.6406,45.0445],[8.6347,45.041],[8.6442,45.0356],[8.6525,45.0343],[8.657,45.0294],[8.652,45.0236],[8.6593,45.018],[8.6728,45.0278],[8.6817,45.0287],[8.695,45.0233],[8.7009,45.0265],[8.7011,45.0318],[8.708,45.0382],[8.7087,45.0382],[8.7139,45.037],[8.7205,45.0268],[8.7279,45.0229],[8.7439,45.0236],[8.7509,45.0204],[8.7541,45.0153],[8.7681,45.0068],[8.7756,45.0082],[8.7788,45.0132],[8.7776,45.0224],[8.7815,45.0236],[8.7909,45.0201],[8.7984,45.0212],[8.8023,45.026],[8.7943,45.0326],[8.7994,45.0363],[8.8099,45.0343],[8.8219,45.0396],[8.8252,45.044],[8.838,45.0443],[8.8405,45.0475],[8.8606,45.0513],[8.8635,45.0495],[8.8809,45.0602],[8.8877,45.0591],[8.8811,45.054],[8.8916,45.0513],[8.9003,45.0436],[8.8951,45.0404],[8.9021,45.0379],[8.9046,45.0266],[8.9031,45.0189],[8.9012,45.0078],[8.9168,44.9881],[8.9256,44.9821],[8.9435,44.9845],[8.9519,44.9882],[8.9606,44.9873],[8.9629,44.9832],[8.9782,44.9671],[8.9784,44.9569],[8.972,44.9499],[8.9697,44.9435],[8.9773,44.9401],[8.9983,44.9179],[9.0013,44.9082],[9.0081,44.903],[9.0182,44.9009],[9.023,44.897],[9.0303,44.8885],[9.0486,44.8877],[9.0552,44.8889],[9.0615,44.8761],[9.07,44.8661],[9.068,44.8605],[9.0549,44.8519],[9.0492,44.8503],[9.0515,44.8459],[9.0645,44.833],[9.0641,44.8301],[9.0703,44.8307],[9.075,44.823],[9.0723,44.8175],[9.0817,44.8145],[9.0894,44.8174],[9.0952,44.8191],[9.107,44.8106],[9.1159,44.8073],[9.1262,44.8062],[9.1467,44.809],[9.1561,44.8154],[9.16,44.8153],[9.1596,44.8062],[9.1653,44.8002],[9.1733,44.7961],[9.1737,44.7839],[9.171,44.7799],[9.1717,44.7717],[9.1941,44.7568],[9.2135,44.7523],[9.2139,44.7454],[9.211,44.7344],[9.2029,44.722],[9.2073,44.7055],[9.2064,44.6992],[9.2004,44.6863],[9.2,44.6861],[9.1995,44.6785],[9.202,44.6716],[9.2064,44.6608],[9.203,44.6533],[9.1981,44.6498],[9.2005,44.6262],[9.2002,44.6164],[9.203,44.6136],[9.2054,44.6006],[9.2034,44.5958],[9.1989,44.5927],[9.1831,44.5913],[9.1687,44.5842],[9.1525,44.5743],[9.1459,44.5743],[9.134,44.5749],[9.1218,44.5804],[9.1107,44.582],[9.1022,44.5941],[9.1045,44.6067],[9.1031,44.6097],[9.0846,44.6165],[9.0734,44.6243],[9.0579,44.6218],[9.047,44.6148],[9.0387,44.6409],[9.0316,44.6424],[9.0332,44.6476],[9.0245,44.6512],[9.0204,44.6615],[9.0132,44.6668],[9.0001,44.6676],[8.9935,44.663],[8.986,44.6642],[8.9738,44.6631],[8.9695,44.6648],[8.9658,44.6721],[8.9583,44.6764],[8.9312,44.6762],[8.9264,44.6744],[8.9206,44.663],[8.9088,44.6476],[8.8946,44.642],[8.8827,44.6391],[8.8845,44.6332],[8.8928,44.6257],[8.9023,44.6226],[8.9051,44.6157],[8.9058,44.6028],[8.9088,44.5968],[8.9119,44.5801],[8.9193,44.5719],[8.9216,44.567],[8.9176,44.561],[8.9055,44.5564],[8.8944,44.5554],[8.8914,44.5506],[8.8912,44.5506],[8.8843,44.5524],[8.8697,44.5658],[8.8628,44.5607],[8.8496,44.5603],[8.8432,44.5623],[8.8268,44.5618],[8.8226,44.5495],[8.8283,44.5424],[8.8243,44.5386],[8.8064,44.5346],[8.7991,44.5302],[8.7948,44.5226],[8.7977,44.5003],[8.7927,44.4979],[8.7886,44.4965],[8.7875,44.4893],[8.7712,44.4894],[8.7697,44.4894],[8.7715,44.5078],[8.7665,44.5263],[8.7605,44.5303],[8.7539,44.5245],[8.7496,44.5269],[8.7557,44.5307],[8.7568,44.536],[8.7505,44.5451],[8.7383,44.5518],[8.7399,44.5554],[8.7315,44.5708],[8.721,44.5799],[8.7141,44.5814],[8.7034,44.5807],[8.6901,44.582],[8.6822,44.5755],[8.6669,44.5825],[8.6627,44.5799],[8.6459,44.5817],[8.6401,44.5792],[8.6324,44.5805],[8.6239,44.5865],[8.6201,44.5842],[8.6161,44.5755],[8.6111,44.5706],[8.6008,44.5678],[8.5988,44.5587],[8.6136,44.5455],[8.6072,44.5375],[8.5958,44.5374],[8.5888,44.5315],[8.5867,44.5242],[8.5728,44.5214],[8.5762,44.5092],[8.5631,44.5062],[8.559,44.5032],[8.5476,44.5051],[8.5433,44.5121],[8.5367,44.5129],[8.5159,44.5098],[8.4818,44.5108],[8.4695,44.5218],[8.4583,44.5155],[8.4531,44.5099],[8.4494,44.4974],[8.4421,44.503],[8.4288,44.5026],[8.4204,44.5119],[8.4161,44.5123],[8.4037,44.5074],[8.3999,44.5023],[8.401,44.4934],[8.3926,44.489],[8.3905,44.4849],[8.3946,44.4801],[8.3918,44.4768],[8.3855,44.4774],[8.3749,44.4743],[8.3724,44.4702],[8.3585,44.465],[8.3492,44.4856],[8.3363,44.488],[8.3208,44.4884],[8.3149,44.4963],[8.3048,44.5034],[8.2893,44.5032],[8.2763,44.5067],[8.2697,44.5104],[8.2616,44.5194],[8.2527,44.5287],[8.2415,44.5208],[8.2242,44.5141],[8.2171,44.4999],[8.2167,44.4953],[8.2233,44.4857],[8.2183,44.4819],[8.2018,44.4783],[8.1975,44.4677],[8.1965,44.4637],[8.2102,44.4555],[8.2071,44.448],[8.2217,44.4327],[8.2196,44.4262],[8.2132,44.4227],[8.208,44.4159],[8.2062,44.4043],[8.1938,44.4],[8.1865,44.3953],[8.1801,44.3981],[8.1707,44.3948],[8.1619,44.3859],[8.1495,44.3848],[8.1504,44.3754],[8.1408,44.3711],[8.1415,44.3681],[8.1483,44.356],[8.1451,44.3467],[8.1392,44.3426],[8.1342,44.3321],[8.1248,44.333],[8.1129,44.3333],[8.107,44.3328],[8.105,44.328],[8.1091,44.3151],[8.1049,44.3102],[8.102,44.3009],[8.0846,44.3066],[8.0823,44.3111],[8.076,44.3139],[8.0712,44.3118],[8.0607,44.3],[8.0636,44.2883],[8.0732,44.2887],[8.0808,44.2835],[8.083,44.2778],[8.0906,44.2748],[8.0871,44.2672],[8.0819,44.2625],[8.0723,44.259],[8.0631,44.2531],[8.0807,44.2418],[8.0782,44.2341],[8.0687,44.2272],[8.0654,44.2169],[8.0753,44.2057],[8.088,44.2032],[8.0947,44.1964],[8.0917,44.1882],[8.0931,44.1838],[8.0906,44.1732],[8.0855,44.1704],[8.0746,44.1547],[8.0743,44.1506],[8.0673,44.1446],[8.0526,44.1427],[8.043,44.1428],[8.0291,44.1539],[8.0093,44.1557],[7.9891,44.1448],[7.9796,44.1384],[7.9789,44.1335],[7.9908,44.1324],[7.9917,44.1274],[8.0035,44.1265],[8.0124,44.1195],[8.0044,44.1142],[8.0156,44.1107],[8.01,44.1037],[8.0029,44.1035],[7.9898,44.1085],[7.9714,44.113],[7.9647,44.1109],[7.9581,44.1036],[7.9423,44.1],[7.9353,44.101],[7.9261,44.1103],[7.9019,44.1077],[7.8839,44.1047],[7.877,44.1141],[7.8619,44.1186],[7.8434,44.1203],[7.8398,44.1198],[7.8153,44.1233],[7.7763,44.1385],[7.7639,44.1407],[7.7459,44.1353],[7.7374,44.128],[7.7288,44.1276],[7.7231,44.1209],[7.7233,44.1152],[7.718,44.1035],[7.7338,44.0833],[7.755,44.085],[7.7489,44.0796],[7.7379,44.0764],[7.7233,44.0606],[7.7142,44.0615],[7.7134,44.0735],[7.7183,44.082],[7.7128,44.0882],[7.6965,44.0996],[7.6904,44.1085],[7.6712,44.1218],[7.6675,44.1298],[7.6788,44.1466],[7.6707,44.153],[7.6723,44.1596],[7.6815,44.1672],[7.6847,44.174],[7.6733,44.1773],[7.6692,44.1756],[7.645,44.1781],[7.636,44.1772],[7.6326,44.1736],[7.6274,44.1594],[7.6191,44.1494],[7.5997,44.1517],[7.5903,44.1509],[7.5661,44.1551],[7.5648,44.1519],[7.5563,44.1478],[7.5389,44.1457],[7.5349,44.1474],[7.5218,44.138],[7.515,44.1384],[7.5076,44.1445],[7.5038,44.1437],[7.4985,44.1421],[7.4839,44.1342],[7.4773,44.1336],[7.4581,44.1266],[7.428,44.1303],[7.4257,44.1142],[7.4215,44.1134],[7.3967,44.1233],[7.3868,44.1246],[7.3658,44.1172],[7.3553,44.1181],[7.3464,44.1356],[7.3437,44.1448],[7.3402,44.1464],[7.3299,44.1441],[7.3153,44.1438],[7.3105,44.1476],[7.3058,44.1446],[7.2921,44.146],[7.2783,44.1417],[7.2505,44.1565],[7.2441,44.1639],[7.2432,44.1716],[7.2372,44.1742],[7.227,44.1684],[7.2174,44.1697],[7.2059,44.1821],[7.1933,44.1879],[7.1888,44.1989],[7.1765,44.1984],[7.1607,44.2072],[7.1472,44.2001],[7.1379,44.2029],[7.1184,44.215],[7.1027,44.2202],[7.0906,44.2224],[7.0864,44.2293],[7.0696,44.2336],[7.0568,44.2293],[7.0335,44.2243],[7.0275,44.2315],[7.0134,44.2333],[7.0008,44.2432],[6.9965,44.2501],[6.9947,44.2778],[6.9958,44.2801],[6.9821,44.2868],[6.9702,44.2894],[6.9563,44.2983],[6.9595,44.3066],[6.9529,44.3192],[6.9448,44.3216],[6.9259,44.3342],[6.9188,44.3528],[6.9094,44.3568],[6.8887,44.3611],[6.8866,44.3638],[6.8966,44.3762],[6.8951,44.3973],[6.8971,44.4041],[6.893,44.4164],[6.8935,44.4208],[6.9115,44.4237],[6.9222,44.4237],[6.9373,44.4293],[6.9455,44.428],[6.9485,44.4298],[6.9332,44.4402],[6.9174,44.4485],[6.912,44.4528],[6.9069,44.4657],[6.8974,44.4711],[6.8894,44.4732],[6.8763,44.4815],[6.8729,44.4905],[6.8669,44.4945],[6.8589,44.5087],[6.8537,44.5287],[6.8565,44.5339],[6.8649,44.5372],[6.8814,44.554],[6.904,44.5557],[6.9165,44.5617],[6.9126,44.5676],[6.9325,44.5728],[6.9327,44.5852],[6.9346,44.5976],[6.9501,44.6138],[6.9505,44.6194],[6.9551,44.6218],[6.9674,44.6193],[6.9686,44.6259],[6.9551,44.6348],[6.948,44.6518],[6.948,44.6547],[6.9583,44.6676],[6.959,44.6744],[6.9647,44.6781],[6.9746,44.6802],[6.9871,44.6895],[6.9985,44.6906],[7.0124,44.6891],[7.0305,44.6915],[7.049,44.683],[7.0623,44.6798],[7.0739,44.6817],[7.0751,44.6902],[7.0661,44.7074],[7.0654,44.7138],[7.054,44.715],[7.041,44.7195],[7.0307,44.729],[7.0223,44.7479],[7.0239,44.7639],[7.0198,44.7746],[7.0129,44.7821],[7.0015,44.7912],[7.0113,44.8034],[7.0239,44.8232],[7.0093,44.8269],[7.0067,44.8382],[7.0011,44.8425],[6.9924,44.843],[6.9633,44.85],[6.956,44.8543],[6.9314,44.8634],[6.9208,44.8502],[6.9129,44.8449],[6.8807,44.8494],[6.8711,44.85],[6.8423,44.8596],[6.8206,44.871],[6.8082,44.8763],[6.8007,44.8815],[6.7998,44.8864],[6.7914,44.8895],[6.7861,44.8888],[6.7788,44.8966],[6.7678,44.9025],[6.7601,44.9029],[6.75,44.9075],[6.7509,44.9143],[6.7487,44.9216],[6.7601,44.9338],[6.7592,44.9354],[6.7532,44.9383],[6.753,44.943],[6.7578,44.9482],[6.7649,44.9592],[6.7635,44.9714],[6.7503,44.9786],[6.7495,44.9821],[6.7395,44.9897],[6.7514,44.9979],[6.7479,45.0068],[6.7459,45.0129],[6.7402,45.0168],[6.726,45.0217],[6.7077,45.0214],[6.6796,45.0204],[6.6714,45.0236],[6.6655,45.0315],[6.6673,45.0408],[6.6609,45.0532],[6.6637,45.0589],[6.6616,45.0718],[6.6541,45.0718],[6.6463,45.0751],[6.6465,45.0818],[6.641,45.089],[6.6273,45.1018],[6.6274,45.1059],[6.6335,45.1148],[6.652,45.1173],[6.6719,45.1242],[6.674,45.131],[6.6803,45.1404],[6.6867,45.14],[6.7121,45.1448],[6.7274,45.1388],[6.7402,45.1371],[6.7511,45.1432],[6.756,45.1508],[6.768,45.1597],[6.7779,45.1582],[6.8229,45.1441],[6.84,45.1358],[6.8484,45.1273],[6.8523,45.1281],[6.8699,45.1342],[6.8944,45.1375],[6.898,45.1413],[6.8896,45.1476],[6.8861,45.1541],[6.8878,45.1603],[6.8942,45.1688],[6.9115,45.167],[6.933,45.1711],[6.9474,45.1704],[6.9432,45.1758],[6.9526,45.18],[6.9553,45.1912],[6.9675,45.1967],[6.9606,45.2029],[6.965,45.2072],[6.9892,45.2102],[7.0031,45.2201],[7.0063,45.2173],[7.0168,45.2154],[7.0307,45.2178],[7.041,45.2247],[7.051,45.2258],[7.067,45.2102],[7.0767,45.2141],[7.0858,45.2255],[7.1034,45.2364],[7.1072,45.2436],[7.115,45.2465],[7.1242,45.244],[7.1349,45.2542],[7.1315,45.2741],[7.136,45.2801]]]}},{"type":"Feature","properties":{"name":"Valle d'Aosta/Vallée d'Aoste","istat":"02","iso":"IT-23","aliases":["Valle d'Aosta","Vallée d'Aoste","Val d'Aosta","Aosta Valley"]},"geometry":{"type":"Polygon","coordinates":[[[7.7347,45.9236],[7.7358,45.9266],[7.7477,45.939],[7.7687,45.9371],[7.7779,45.9296],[7.7838,45.9276],[7.798,45.9182],[7.8012,45.9174],[7.8187,45.9264],[7.8302,45.9252],[7.8382,45.9216],[7.8532,45.9207],[7.864,45.9164],[7.8631,45.9075],[7.8642,45.8929],[7.8686,45.8689],[7.8756,45.8621],[7.8745,45.8546],[7.8663,45.8477],[7.8638,45.8396],[7.8709,45.8341],[7.8734,45.826],[7.8622,45.8199],[7.8661,45.8026],[7.864,45.79],[7.8701,45.7819],[7.8823,45.7697],[7.885,45.7602],[7.9001,45.7491],[7.9174,45.7436],[7.9291,45.7425],[7.9273,45.7347],[7.9366,45.7243],[7.9298,45.7148],[7.924,45.7063],[7.9204,45.7019],[7.9119,45.7008],[7.9065,45.6913],[7.9051,45.682],[7.9111,45.6798],[7.9119,45.6707],[7.9216,45.6664],[7.9209,45.6606],[7.9259,45.6553],[7.9312,45.6486],[7.9393,45.6432],[7.936,45.6356],[7.9296,45.6362],[7.9159,45.633],[7.8975,45.6125],[7.8967,45.6113],[7.8973,45.6063],[7.8962,45.5998],[7.9007,45.5917],[7.8957,45.5901],[7.8875,45.598],[7.8774,45.6003],[7.8647,45.5974],[7.8622,45.597],[7.8489,45.6022],[7.8407,45.5974],[7.8309,45.5978],[7.8163,45.5933],[7.8012,45.5868],[7.7957,45.5864],[7.7968,45.5826],[7.7872,45.5759],[7.7685,45.5672],[7.7573,45.5646],[7.7457,45.5584],[7.7375,45.5521],[7.7327,45.5503],[7.7304,45.5507],[7.7224,45.5578],[7.7164,45.559],[7.7032,45.5556],[7.6883,45.5573],[7.6767,45.5521],[7.6589,45.5621],[7.6427,45.5687],[7.634,45.5708],[7.6091,45.5629],[7.6054,45.5736],[7.5992,45.5784],[7.5874,45.5826],[7.5821,45.5819],[7.5764,45.5876],[7.5686,45.5913],[7.557,45.5903],[7.543,45.5857],[7.5326,45.5771],[7.52,45.5771],[7.5058,45.582],[7.4894,45.583],[7.469,45.5775],[7.4634,45.5748],[7.4505,45.5617],[7.448,45.5556],[7.4282,45.5475],[7.4206,45.5465],[7.4108,45.5355],[7.3957,45.5309],[7.3944,45.5273],[7.3836,45.5196],[7.3757,45.5164],[7.3704,45.5172],[7.367,45.5234],[7.3592,45.5258],[7.3496,45.522],[7.3338,45.5206],[7.3229,45.5145],[7.303,45.5169],[7.279,45.5135],[7.2694,45.5148],[7.2633,45.4986],[7.2475,45.4941],[7.2345,45.4835],[7.2285,45.4747],[7.2228,45.4705],[7.2084,45.474],[7.1995,45.4812],[7.1673,45.4843],[7.1571,45.4865],[7.1513,45.4836],[7.1481,45.4782],[7.1411,45.4808],[7.137,45.4917],[7.1431,45.4985],[7.1431,45.5059],[7.1376,45.5163],[7.1274,45.5121],[7.1216,45.5063],[7.1201,45.4961],[7.1148,45.4871],[7.1146,45.4775],[7.1097,45.4701],[7.1043,45.4669],[7.0961,45.4699],[7.0664,45.4743],[7.0593,45.4721],[7.0479,45.4725],[7.0445,45.48],[7.0547,45.4894],[7.052,45.4957],[7.0435,45.4977],[7.0365,45.4962],[7.0196,45.4977],[7.0086,45.5005],[6.9997,45.5051],[7.0047,45.5172],[6.9972,45.5264],[6.9905,45.5306],[6.9953,45.5459],[6.9912,45.5548],[6.9898,45.5626],[6.9951,45.5695],[6.9951,45.5761],[6.9802,45.5841],[6.9778,45.5889],[6.9851,45.6117],[6.9846,45.6237],[6.9971,45.6311],[7.0001,45.635],[6.9967,45.6408],[6.9805,45.6453],[6.9716,45.6493],[6.97,45.6539],[6.9604,45.6549],[6.9327,45.6473],[6.9165,45.6522],[6.9159,45.6581],[6.9095,45.6619],[6.906,45.6674],[6.9065,45.6752],[6.9028,45.6802],[6.8928,45.676],[6.8814,45.6796],[6.8686,45.6812],[6.8564,45.6855],[6.8469,45.691],[6.8436,45.6962],[6.8252,45.709],[6.8133,45.7226],[6.8105,45.7288],[6.8172,45.7398],[6.8066,45.7469],[6.805,45.7545],[6.8057,45.7693],[6.8016,45.7817],[6.8046,45.7912],[6.8115,45.7984],[6.8103,45.8117],[6.8053,45.817],[6.8171,45.8315],[6.8258,45.8382],[6.8444,45.8418],[6.8592,45.8337],[6.866,45.8337],[6.872,45.8397],[6.874,45.8461],[6.883,45.8495],[6.8955,45.8427],[6.9159,45.8434],[6.9288,45.8471],[6.9421,45.8487],[6.9487,45.8565],[6.9551,45.8608],[6.9691,45.8658],[6.9917,45.8688],[6.9992,45.8742],[7.0056,45.8887],[7.0033,45.8915],[7.0042,45.8998],[7.022,45.9168],[7.033,45.9213],[7.0458,45.9221],[7.0574,45.9144],[7.0703,45.8969],[7.0769,45.8899],[7.0942,45.8763],[7.0938,45.8714],[7.1016,45.8591],[7.1182,45.8596],[7.1282,45.8652],[7.1351,45.8727],[7.1532,45.8793],[7.1644,45.8769],[7.1618,45.871],[7.1753,45.8628],[7.1904,45.8587],[7.1929,45.8596],[7.2002,45.8631],[7.1977,45.8696],[7.2,45.8753],[7.2105,45.8814],[7.2208,45.8897],[7.2272,45.8912],[7.242,45.8901],[7.2459,45.8919],[7.2498,45.8929],[7.253,45.8888],[7.2591,45.8896],[7.2795,45.9063],[7.2866,45.9167],[7.2961,45.9215],[7.3235,45.9106],[7.3297,45.9106],[7.3443,45.9151],[7.3537,45.9114],[7.3653,45.9039],[7.374,45.9005],[7.3818,45.8969],[7.3926,45.9012],[7.403,45.9106],[7.4119,45.9093],[7.4316,45.9184],[7.4421,45.9297],[7.4577,45.9349],[7.4711,45.934],[7.4746,45.9361],[7.4722,45.9482],[7.4794,45.9531],[7.5022,45.9606],[7.5195,45.9605],[7.5381,45.9549],[7.546,45.9628],[7.5419,45.9778],[7.5502,45.9861],[7.5702,45.9877],[7.5782,45.9863],[7.584,45.9722],[7.5885,45.9707],[7.61,45.9694],[7.6171,45.9722],[7.6392,45.9703],[7.6579,45.9767],[7.6684,45.973],[7.6765,45.9652],[7.6813,45.9572],[7.7018,45.9536],[7.7098,45.9483],[7.7091,45.9334],[7.7182,45.9245],[7.7347,45.9236]]]}},{"type":"Feature","properties":{"name":"Liguria","istat":"07","iso":"IT-42","aliases":[]},"geometry":{"type":"MultiPolygon","coordinates":[[[[7.5517,43.8944],[7.5627,43.9006],[7.5629,43.9023],[7.5604,43.9152],[7.5687,43.928],[7.5719,43.9354],[7.567,43.9442],[7.5757,43.9493],[7.5817,43.9483],[7.5878,43.9553],[7.5995,43.957],[7.6129,43.9565],[7.6271,43.9628],[7.6406,43.9716],[7.6495,43.9738],[7.6703,43.9982],[7.6625,44.0182],[7.6623,44.0267],[7.6664,44.0313],[7.678,44.0335],[7.6941,44.04],[7.7029,44.0451],[7.7036,44.0516],[7.7142,44.0615],[7.7233,44.0606],[7.7379,44.0764],[7.7489,44.0796],[7.755,44.085],[7.7338,44.0833],[7.718,44.1035],[7.7233,44.1152],[7.7231,44.1209],[7.7288,44.1276],[7.7374,44.128],[7.7459,44.1353],[7.7639,44.1407],[7.7763,44.1385],[7.8153,44.1233],[7.8398,44.1198],[7.8434,44.1203],[7.8619,44.1186],[7.877,44.1141],[7.8839,44.1047],[7.9019,44.1077],[7.9261,44.1103],[7.9353,44.101],[7.9423,44.1],[7.9581,44.1036],[7.9647,44.1109],[7.9714,44.113],[7.9898,44.1085],[8.0029,44.1035],[8.01,44.1037],[8.0156,44.1107],[8.0044,44.1142],[8.0124,44.1195],[8.0035,44.1265],[7.9917,44.1274],[7.9908,44.1324],[7.9789,44.1335],[7.9796,44.1384],[7.9891,44.1448],[8.0093,44.1557],[8.0291,44.1539],[8.043,44.1428],[8.0526,44.1427],[8.0673,44.1446],[8.0743,44.1506],[8.0746,44.1547],[8.0855,44.1704],[8.0906,44.1732],[8.0931,44.1838],[8.0917,44.1882],[8.0947,44.1964],[8.088,44.2032],[8.0753,44.2057],[8.0654,44.2169],[8.0687,44.2272],[8.0782,44.2341],[8.0807,44.2418],[8.0631,44.2531],[8.0723,44.259],[8.0819,44.2625],[8.0871,44.2672],[8.0906,44.2748],[8.083,44.2778],[8.0808,44.2835],[8.0732,44.2887],[8.0636,44.2883],[8.0607,44.3],[8.0712,44.3118],[8.076,44.3139],[8.0823,44.3111],[8.0846,44.3066],[8.102,44.3009],[8.1049,44.3102],[8.1091,44.3151],[8.105,44.328],[8.107,44.3328],[8.1129,44.3333],[8.1248,44.333],[8.1342,44.3321],[8.1392,44.3426],[8.1451,44.3467],[8.1483,44.356],[8.1415,44.3681],[8.1408,44.3711],[8.1504,44.3754],[8.1495,44.3848],[8.1619,44.3859],[8.1707,44.3948],[8.1801,44.3981],[8.1865,44.3953],[8.1938,44.4],[8.2062,44.4043],[8.208,44.4159],[8.2132,44.4227],[8.2196,44.4262],[8.2217,44.4327],[8.2071,44.448],[8.2102,44.4555],[8.1965,44.4637],[8.1975,44.4677],[8.2018,44.4783],[8.2183,44.4819],[8.2233,44.4857],[8.2167,44.4953],[8.2171,44.4999],[8.2242,44.5141],[8.2415,44.5208],[8.2527,44.5287],[8.2616,44.5194],[8.2697,44.5104],[8.2763,44.5067],[8.2893,44.5032],[8.3048,44.5034],[8.3149,44.4963],[8.3208,44.4884],[8.3363,44.488],[8.3492,44.4856],[8.3585,44.465],[8.3724,44.4702],[8.3749,44.4743],[8.3855,44.4774],[8.3918,44.4768],[8.3946,44.4801],[8.3905,44.4849],[8.3926,44.489],[8.401,44.4934],[8.3999,44.5023],[8.4037,44.5074],[8.4161,44.5123],[8.4204,44.5119],[8.4288,44.5026],[8.4421,44.503],[8.4494,44.4974],[8.4531,44.5099],[8.4583,44.5155],[8.4695,44.5218],[8.4818,44.5108],[8.5159,44.5098],[8.5367,44.5129],[8.5433,44.5121],[8.5476,44.5051],[8.559,44.5032],[8.5631,44.5062],[8.5762,44.5092],[8.5728,44.5214],[8.5867,44.5242],[8.5888,44.5315],[8.5958,44.5374],[8.6072,44.5375],[8.6136,44.5455],[8.5988,44.5587],[8.6008,44.5678],[8.6111,44.5706],[8.6161,44.5755],[8.6201,44.5842],[8.6239,44.5865],[8.6324,44.5805],[8.6401,44.5792],[8.6459,44.5817],[8.6627,44.5799],[8.6669,44.5825],[8.6822,44.5755],[8.6901,44.582],[8.7034,44.5807],[8.7141,44.5814],[8.721,44.5799],[8.7315,44.5708],[8.7399,44.5554],[8.7383,44.5518],[8.7505,44.5451],[8.7568,44.536],[8.7557,44.5307],[8.7496,44.5269],[8.7539,44.5245],[8.7605,44.5303],[8.7665,44.5263],[8.7715,44.5078],[8.7697,44.4894],[8.7712,44.4894],[8.7875,44.4893],[8.7886,44.4965],[8.7927,44.4979],[8.7977,44.5003],[8.7948,44.5226],[8.7991,44.5302],[8.8064,44.5346],[8.8243,44.5386],[8.8283,44.5424],[8.8226,44.5495],[8.8268,44.5618],[8.8432,44.5623],[8.8496,44.5603],[8.8628,44.5607],[8.8697,44.5658],[8.8843,44.5524],[8.8912,44.5506],[8.8914,44.5506],[8.8944,44.5554],[8.9055,44.5564],[8.9176,44.561],[8.9216,44.567],[8.9193,44.5719],[8.9119,44.5801],[8.9088,44.5968],[8.9058,44.6028],[8.9051,44.6157],[8.9023,44.6226],[8.8928,44.6257],[8.8845,44.6332],[8.8827,44.6391],[8.8946,44.642],[8.9088,44.6476],[8.9206,44.663],[8.9264,44.6744],[8.9312,44.6762],[8.9583,44.6764],[8.9658,44.6721],[8.9695,44.6648],[8.9738,44.6631],[8.986,44.6642],[8.9935,44.663],[9.0001,44.6676],[9.0132,44.6668],[9.0204,44.6615],[9.0245,44.6512],[9.0332,44.6476],[9.0316,44.6424],[9.0387,44.6409],[9.047,44.6148],[9.0579,44.6218],[9.0734,44.6243],[9.0846,44.6165],[9.1031,44.6097],[9.1045,44.6067],[9.1022,44.5941],[9.1107,44.582],[9.1218,44.5804],[9.134,44.5749],[9.1459,44.5743],[9.1525,44.5743],[9.1687,44.5842],[9.1831,44.5913],[9.1989,44.5927],[9.2034,44.5958],[9.2054,44.6006],[9.203,44.6136],[9.2247,44.6181],[9.2456,44.6196],[9.2562,44.6103],[9.2456,44.6012],[9.2724,44.5959],[9.2841,44.5978],[9.2872,44.6069],[9.2973,44.6067],[9.305,44.6051],[9.308,44.6004],[9.3279,44.589],[9.3363,44.5821],[9.3468,44.5796],[9.3555,44.5845],[9.3693,44.5832],[9.3811,44.5768],[9.3894,44.5902],[9.395,44.5876],[9.4026,44.5907],[9.4056,44.6008],[9.419,44.5953],[9.419,44.5854],[9.4231,44.5745],[9.4304,44.574],[9.4407,44.5667],[9.4467,44.5718],[9.4513,44.5712],[9.4533,44.5621],[9.4643,44.5659],[9.4697,44.5658],[9.486,44.5613],[9.4933,44.556],[9.4882,44.5484],[9.4903,44.5432],[9.4974,44.5406],[9.5045,44.5301],[9.501,44.5116],[9.4953,44.5026],[9.4967,44.4827],[9.4823,44.4792],[9.4761,44.4821],[9.469,44.4819],[9.4697,44.4768],[9.4706,44.472],[9.4617,44.4585],[9.4581,44.4488],[9.4522,44.4404],[9.4464,44.4389],[9.4396,44.4301],[9.4384,44.4185],[9.4428,44.4166],[9.4613,44.4229],[9.4723,44.4219],[9.4743,44.4123],[9.4791,44.4092],[9.4819,44.4171],[9.4928,44.4233],[9.5289,44.4278],[9.5408,44.4257],[9.5508,44.428],[9.5549,44.4381],[9.5586,44.4387],[9.5741,44.435],[9.5849,44.4284],[9.5983,44.4367],[9.6056,44.4358],[9.6066,44.4314],[9.6129,44.4258],[9.6235,44.4216],[9.6424,44.4124],[9.6545,44.4118],[9.663,44.4006],[9.6634,44.3952],[9.6717,44.3705],[9.6751,44.3646],[9.6867,44.366],[9.7064,44.3661],[9.7153,44.3573],[9.7294,44.3284],[9.7423,44.3272],[9.7532,44.3228],[9.7582,44.3183],[9.7694,44.3021],[9.7838,44.2969],[9.8064,44.2827],[9.8147,44.2862],[9.8219,44.2813],[9.8352,44.2789],[9.8441,44.2717],[9.8544,44.2681],[9.8562,44.2582],[9.8603,44.2524],[9.8599,44.2386],[9.8571,44.234],[9.8635,44.2282],[9.8752,44.2239],[9.8701,44.2174],[9.8642,44.2031],[9.8576,44.1935],[9.8651,44.1808],[9.8717,44.1897],[9.8727,44.1946],[9.8914,44.2054],[9.8912,44.2078],[9.9087,44.2098],[9.9096,44.2044],[9.9144,44.1996],[9.9286,44.1985],[9.9341,44.1966],[9.9224,44.1951],[9.9215,44.1898],[9.8923,44.168],[9.8978,44.1635],[9.9069,44.1672],[9.9218,44.17],[9.9337,44.1672],[9.959,44.1668],[9.9661,44.1692],[9.9757,44.164],[9.9786,44.1612],[9.9764,44.1529],[9.9805,44.145],[9.9773,44.1401],[9.9837,44.1249],[9.9932,44.1203],[9.9949,44.1157],[9.994,44.1057],[9.9892,44.103],[9.9867,44.097],[9.9933,44.0927],[10.002,44.1076],[10.0186,44.1193],[10.0317,44.1186],[10.0462,44.1154],[10.0474,44.1152],[10.0504,44.1105],[10.06,44.1057],[10.0687,44.0982],[10.0703,44.0923],[10.06,44.0793],[10.0348,44.0643],[10.0268,44.0566],[10.0188,44.0444],[10.0099,44.0488],[9.9992,44.0509],[9.9867,44.0463],[9.9771,44.0355],[9.9642,44.0374],[9.9496,44.0472],[9.9263,44.0622],[9.9117,44.0694],[9.9069,44.0814],[9.8996,44.0832],[9.8887,44.0809],[9.8811,44.0814],[9.8786,44.0878],[9.8708,44.0881],[9.8645,44.0927],[9.8539,44.1068],[9.8357,44.1101],[9.8261,44.1031],[9.821,44.0926],[9.824,44.0826],[9.835,44.0735],[9.8388,44.065],[9.8468,44.0648],[9.8441,44.0585],[9.8327,44.049],[9.8219,44.0581],[9.8059,44.0645],[9.8032,44.0642],[9.774,44.0769],[9.7658,44.0833],[9.7603,44.0838],[9.7541,44.0907],[9.7395,44.0917],[9.7386,44.0946],[9.7253,44.1126],[9.7167,44.1182],[9.7093,44.1189],[9.6963,44.1278],[9.6813,44.1355],[9.6646,44.1425],[9.6547,44.1456],[9.6427,44.1436],[9.6354,44.1335],[9.6262,44.1404],[9.6182,44.1489],[9.6068,44.1574],[9.6054,44.1618],[9.61,44.1667],[9.6024,44.1727],[9.5906,44.1729],[9.5784,44.1827],[9.5737,44.1805],[9.5664,44.1843],[9.5687,44.1912],[9.5615,44.195],[9.5522,44.2049],[9.5479,44.2072],[9.5394,44.2064],[9.5269,44.2084],[9.5175,44.2141],[9.5113,44.2166],[9.5035,44.2218],[9.4949,44.2352],[9.4835,44.2405],[9.4752,44.2347],[9.4688,44.2339],[9.4526,44.2402],[9.4449,44.2384],[9.4398,44.2417],[9.4327,44.2535],[9.417,44.2598],[9.406,44.2519],[9.3925,44.272],[9.3927,44.2777],[9.387,44.2835],[9.377,44.2904],[9.3592,44.2997],[9.3341,44.3099],[9.3331,44.3113],[9.3295,44.3102],[9.3002,44.3233],[9.2804,44.3297],[9.2649,44.3358],[9.2434,44.3425],[9.2352,44.3479],[9.2253,44.3378],[9.2196,44.3349],[9.2126,44.3305],[9.2158,44.3269],[9.2125,44.3111],[9.2091,44.3106],[9.2169,44.2987],[9.1885,44.3085],[9.1822,44.3089],[9.1753,44.3121],[9.1571,44.3156],[9.1509,44.3184],[9.1488,44.3247],[9.1543,44.3333],[9.155,44.3476],[9.1472,44.3553],[9.1399,44.3604],[9.1228,44.3645],[9.1066,44.3682],[9.099,44.3718],[9.091,44.3713],[9.0769,44.3755],[9.0623,44.3776],[9.0579,44.3802],[9.0465,44.38],[8.999,44.3865],[8.9835,44.392],[8.973,44.3895],[8.9588,44.3908],[8.9401,44.3948],[8.9314,44.3956],[8.9243,44.4062],[8.9232,44.4128],[8.9135,44.4131],[8.911,44.4079],[8.9186,44.4039],[8.9177,44.3982],[8.9087,44.3998],[8.8852,44.4065],[8.8713,44.4053],[8.822,44.415],[8.8231,44.4176],[8.8347,44.4155],[8.8428,44.4158],[8.8471,44.4201],[8.8325,44.4235],[8.8051,44.4236],[8.7971,44.4223],[8.7968,44.4171],[8.7776,44.42],[8.7722,44.4233],[8.7548,44.427],[8.7407,44.4262],[8.724,44.4167],[8.7046,44.413],[8.6929,44.4083],[8.6856,44.4014],[8.6876,44.398],[8.6781,44.3927],[8.6653,44.3903],[8.6493,44.3899],[8.6411,44.3868],[8.6331,44.3798],[8.6241,44.3718],[8.5963,44.3617],[8.5748,44.3584],[8.5671,44.3551],[8.565,44.3479],[8.5502,44.3438],[8.5431,44.3378],[8.5262,44.3313],[8.5093,44.3285],[8.496,44.3207],[8.491,44.315],[8.4969,44.3101],[8.4889,44.3042],[8.465,44.2965],[8.4481,44.2855],[8.4457,44.281],[8.4403,44.2704],[8.4501,44.2629],[8.4563,44.2584],[8.4508,44.2521],[8.443,44.2381],[8.4361,44.2368],[8.4218,44.2284],[8.4158,44.2186],[8.4174,44.2061],[8.4252,44.1955],[8.4145,44.1897],[8.3991,44.1812],[8.3834,44.1806],[8.3701,44.177],[8.3681,44.1742],[8.3437,44.1679],[8.329,44.1612],[8.3229,44.1602],[8.3032,44.1559],[8.2936,44.1529],[8.269,44.1393],[8.269,44.1322],[8.2493,44.117],[8.2375,44.1022],[8.2269,44.0804],[8.2258,44.0723],[8.2253,44.0577],[8.2274,44.0483],[8.2244,44.0419],[8.2084,44.0348],[8.1927,44.0216],[8.1924,44.0177],[8.1788,44.0113],[8.1676,43.9998],[8.1623,43.9898],[8.1596,43.9831],[8.1614,43.9702],[8.1723,43.96],[8.1739,43.9552],[8.1707,43.9531],[8.1573,43.9521],[8.1404,43.9467],[8.1353,43.939],[8.1331,43.9321],[8.1282,43.9266],[8.1173,43.925],[8.1073,43.9211],[8.0942,43.9168],[8.0798,43.9057],[8.0807,43.8977],[8.0712,43.8908],[8.068,43.8892],[8.0447,43.8871],[8.0341,43.8846],[8.0234,43.88],[8.015,43.8719],[7.9953,43.8662],[7.97,43.8604],[7.9663,43.8522],[7.9569,43.85],[7.9494,43.847],[7.9409,43.8454],[7.9232,43.8446],[7.9156,43.8414],[7.9081,43.8362],[7.8918,43.8379],[7.8854,43.8368],[7.8756,43.8362],[7.8608,43.8314],[7.8471,43.8288],[7.84,43.8208],[7.8304,43.816],[7.8156,43.8219],[7.8055,43.8233],[7.7866,43.8195],[7.7795,43.8144],[7.7738,43.8135],[7.7523,43.8053],[7.74,43.7969],[7.7349,43.7956],[7.7126,43.8009],[7.7025,43.7988],[7.6968,43.7969],[7.6854,43.7855],[7.6728,43.7762],[7.6461,43.7814],[7.6331,43.7835],[7.6312,43.784],[7.6113,43.7866],[7.5924,43.7913],[7.5695,43.7923],[7.5586,43.787],[7.5561,43.7801],[7.5307,43.7842],[7.5182,43.8046],[7.5083,43.8349],[7.5077,43.8413],[7.5013,43.8449],[7.4955,43.8551],[7.4953,43.8622],[7.5026,43.875],[7.5152,43.8839],[7.5381,43.8934],[7.5517,43.8944]]],[[[9.8535,44.0492],[9.8473,44.034],[9.8336,44.0463],[9.8485,44.05],[9.8535,44.0492]]]]}},{"type":"Feature","properties":{"name":"Lombardia","istat":"03","iso":"IT-25","aliases":["Lombardy"]},"geometry":{"type":"MultiPolygon","coordinates":[[[[8.7881,45.4642],[8.7911,45.4702],[8.789,45.4841],[8.7873,45.4863],[8.7797,45.4847],[8.7703,45.4865],[8.7571,45.4981],[8.7386,45.4985],[8.7279,45.5025],[8.7228,45.5076],[8.7132,45.5198],[8.7144,45.5278],[8.7194,45.531],[8.7109,45.5414],[8.7064,45.5554],[8.7068,45.5584],[8.7059,45.5679],[8.6938,45.5767],[8.6949,45.5812],[8.703,45.5868],[8.7048,45.5943],[8.7032,45.6002],[8.6918,45.604],[8.694,45.6096],[8.6847,45.6186],[8.678,45.6215],[8.6662,45.6208],[8.663,45.6226],[8.666,45.6304],[8.6618,45.6344],[8.6618,45.6425],[8.6721,45.6403],[8.6787,45.6336],[8.6853,45.6343],[8.6886,45.6399],[8.681,45.651],[8.6735,45.657],[8.6698,45.6614],[8.6723,45.6663],[8.6804,45.668],[8.6812,45.6764],[8.6751,45.6777],[8.6637,45.6745],[8.6527,45.6745],[8.6408,45.6768],[8.6404,45.6847],[8.6415,45.6873],[8.6468,45.6938],[8.6543,45.7078],[8.6543,45.7121],[8.6488,45.7195],[8.6401,45.7235],[8.6346,45.7229],[8.6022,45.7263],[8.5936,45.7304],[8.5824,45.7491],[8.5796,45.7517],[8.5556,45.775],[8.5522,45.788],[8.5547,45.7981],[8.5634,45.8072],[8.5801,45.8129],[8.588,45.819],[8.5936,45.8283],[8.5951,45.8336],[8.5951,45.8385],[8.5945,45.8447],[8.5922,45.8524],[8.5871,45.8604],[8.5702,45.8913],[8.5716,45.9013],[8.5949,45.9225],[8.6088,45.9325],[8.6169,45.9383],[8.6541,45.9661],[8.6822,45.9869],[8.6906,45.9928],[8.7007,45.9999],[8.7123,46.0068],[8.7148,46.0082],[8.7265,46.018],[8.729,46.0269],[8.7263,46.0343],[8.7203,46.0422],[8.7139,46.0659],[8.7057,46.0815],[8.7078,46.0909],[8.7148,46.0981],[8.7183,46.1019],[8.7246,46.1101],[8.7427,46.1222],[8.7568,46.1038],[8.7834,46.0939],[8.8003,46.0953],[8.8062,46.1008],[8.8153,46.0973],[8.8327,46.0834],[8.8471,46.0759],[8.8521,46.0755],[8.8546,46.0617],[8.8443,46.0485],[8.8345,46.0513],[8.8299,46.0415],[8.8279,46.0334],[8.8197,46.0253],[8.806,46.0216],[8.792,46.005],[8.7902,46.0002],[8.7859,45.9893],[8.7943,45.9921],[8.8083,45.9905],[8.8211,45.9875],[8.8313,45.988],[8.8396,45.9833],[8.8478,45.9751],[8.8679,45.9608],[8.8788,45.956],[8.8829,45.9565],[8.8943,45.9584],[8.8989,45.9452],[8.8928,45.9351],[8.8983,45.9253],[8.9135,45.9175],[8.9247,45.9058],[8.9241,45.899],[8.9222,45.8949],[8.9243,45.892],[8.9321,45.8847],[8.9341,45.8701],[8.9416,45.8698],[8.9387,45.8633],[8.9305,45.8585],[8.9152,45.8435],[8.9124,45.8304],[8.9188,45.8336],[8.9295,45.8333],[8.9345,45.839],[8.9496,45.8434],[8.9624,45.838],[8.9704,45.8325],[8.9859,45.8378],[8.9953,45.8342],[8.994,45.8261],[8.9939,45.8239],[9.0148,45.8184],[9.0211,45.8208],[9.0337,45.8226],[9.0312,45.8252],[9.0358,45.8384],[9.0389,45.8422],[9.0405,45.8466],[9.0494,45.8523],[9.0485,45.8624],[9.0543,45.8722],[9.0666,45.8762],[9.0778,45.8856],[9.0888,45.9006],[9.078,45.8998],[9.0762,45.9034],[9.0698,45.912],[9.0543,45.9201],[9.0497,45.9212],[9.0419,45.9272],[9.0303,45.9265],[9.0193,45.9285],[9.0218,45.9377],[9.0132,45.9418],[9.0152,45.9505],[9.0141,45.9601],[8.994,45.9666],[8.9883,45.9726],[9.0031,45.9796],[9.0141,45.9885],[9.0282,45.9937],[9.0243,46.0021],[9.0221,46.0165],[9.0092,46.0272],[9.009,46.0362],[9.0159,46.0464],[9.0237,46.0526],[9.0478,46.0617],[9.0615,46.0613],[9.0778,46.0653],[9.0785,46.0748],[9.0896,46.085],[9.0892,46.0901],[9.0801,46.1058],[9.0739,46.1128],[9.0716,46.1196],[9.1006,46.1283],[9.1153,46.135],[9.1209,46.1346],[9.1287,46.1461],[9.137,46.1541],[9.1545,46.1615],[9.1603,46.1708],[9.1684,46.1724],[9.1835,46.1716],[9.1929,46.1793],[9.1963,46.1879],[9.194,46.194],[9.2,46.2064],[9.2182,46.2146],[9.2212,46.2299],[9.2349,46.2339],[9.2463,46.2323],[9.2477,46.2336],[9.25,46.2404],[9.2495,46.2545],[9.2544,46.2688],[9.274,46.2912],[9.2847,46.2969],[9.2822,46.3082],[9.3,46.3265],[9.2938,46.3308],[9.2923,46.3382],[9.2991,46.3438],[9.2922,46.3562],[9.2815,46.3588],[9.2767,46.3694],[9.2781,46.3783],[9.2843,46.386],[9.2779,46.3896],[9.2758,46.3948],[9.2813,46.4006],[9.2815,46.4075],[9.2751,46.4186],[9.2648,46.4203],[9.2496,46.4312],[9.2475,46.4363],[9.2479,46.4471],[9.2626,46.4503],[9.2717,46.4545],[9.2779,46.4616],[9.2738,46.4701],[9.2749,46.4808],[9.282,46.4965],[9.2994,46.4997],[9.311,46.5045],[9.3256,46.5059],[9.3521,46.5051],[9.3631,46.5094],[9.3722,46.5037],[9.3736,46.4998],[9.3683,46.4941],[9.3708,46.4897],[9.388,46.4766],[9.3999,46.4697],[9.409,46.4667],[9.4128,46.467],[9.4241,46.4794],[9.4248,46.4896],[9.4329,46.4969],[9.4503,46.4997],[9.4533,46.5049],[9.461,46.5074],[9.4592,46.4849],[9.4497,46.4839],[9.4496,46.4795],[9.4615,46.4802],[9.4631,46.4681],[9.4574,46.4632],[9.4585,46.4414],[9.4537,46.4223],[9.4611,46.4113],[9.4668,46.3981],[9.4677,46.3879],[9.4617,46.3763],[9.4876,46.3666],[9.4987,46.3615],[9.5083,46.35],[9.5115,46.3389],[9.5213,46.3251],[9.5342,46.3122],[9.5494,46.3022],[9.5609,46.3056],[9.583,46.2945],[9.6098,46.2945],[9.6209,46.2879],[9.6386,46.2863],[9.647,46.2891],[9.6723,46.3009],[9.681,46.2985],[9.6872,46.2944],[9.7039,46.291],[9.7146,46.2931],[9.7155,46.3008],[9.724,46.3097],[9.7262,46.3192],[9.7206,46.3276],[9.7271,46.3334],[9.7231,46.3408],[9.7358,46.35],[9.7436,46.3515],[9.7582,46.3435],[9.7646,46.3378],[9.7776,46.3349],[9.7954,46.3433],[9.8217,46.3516],[9.8377,46.3612],[9.8517,46.364],[9.8706,46.3629],[9.883,46.371],[9.9063,46.381],[9.9245,46.3661],[9.9336,46.3746],[9.953,46.3794],[9.9553,46.3738],[9.9659,46.3628],[9.9835,46.3538],[9.9964,46.351],[9.994,46.3414],[9.9864,46.3348],[9.9814,46.3227],[9.9971,46.3141],[10.0008,46.3037],[9.9932,46.2975],[9.9924,46.2932],[9.9983,46.283],[10.03,46.2772],[10.0506,46.2676],[10.0559,46.2637],[10.0604,46.2511],[10.0545,46.2389],[10.0478,46.2321],[10.0494,46.2275],[10.0588,46.2248],[10.0707,46.2171],[10.0835,46.2266],[10.1024,46.2283],[10.1241,46.2242],[10.1347,46.2263],[10.1456,46.2304],[10.1509,46.2396],[10.1746,46.2547],[10.1764,46.2579],[10.173,46.2655],[10.1636,46.2745],[10.1618,46.2802],[10.1497,46.2945],[10.1381,46.3015],[10.139,46.3046],[10.1171,46.3138],[10.1061,46.3313],[10.1061,46.3409],[10.1113,46.3531],[10.1262,46.36],[10.1289,46.3633],[10.126,46.3713],[10.1278,46.3777],[10.1411,46.3856],[10.1589,46.3858],[10.1639,46.3908],[10.1625,46.4045],[10.1657,46.407],[10.1605,46.4158],[10.1529,46.4142],[10.1483,46.4168],[10.1431,46.4277],[10.1306,46.4318],[10.1194,46.4292],[10.1013,46.4228],[10.0796,46.4211],[10.0798,46.4243],[10.0593,46.4296],[10.0552,46.4406],[10.0431,46.4421],[10.0398,46.4456],[10.0438,46.4548],[10.0529,46.4613],[10.051,46.4721],[10.0444,46.4833],[10.0469,46.5106],[10.0527,46.5159],[10.0526,46.5303],[10.0437,46.5378],[10.0492,46.5439],[10.0597,46.5456],[10.0851,46.5666],[10.0805,46.5752],[10.092,46.5768],[10.1011,46.5828],[10.0981,46.5966],[10.1017,46.6101],[10.1207,46.606],[10.1301,46.6056],[10.1406,46.6108],[10.1646,46.616],[10.1833,46.6241],[10.1906,46.6261],[10.2096,46.62],[10.2192,46.6217],[10.223,46.6283],[10.239,46.6352],[10.2434,46.6238],[10.2518,46.616],[10.2564,46.6085],[10.2422,46.5925],[10.244,46.5784],[10.2536,46.5718],[10.26,46.5751],[10.271,46.5765],[10.2891,46.5677],[10.2943,46.5601],[10.2959,46.5504],[10.3112,46.5469],[10.3251,46.5515],[10.3372,46.5435],[10.348,46.5484],[10.3521,46.5556],[10.3635,46.5556],[10.3855,46.5489],[10.3976,46.5439],[10.4142,46.5508],[10.4193,46.5511],[10.4336,46.5412],[10.4366,46.5374],[10.4531,46.5305],[10.4579,46.5106],[10.4731,46.5006],[10.4761,46.4956],[10.4823,46.4942],[10.4969,46.4974],[10.5428,46.4921],[10.5551,46.4891],[10.5623,46.4818],[10.576,46.4742],[10.6006,46.4687],[10.6218,46.4479],[10.6168,46.4438],[10.6191,46.4369],[10.6164,46.43],[10.6191,46.4143],[10.6282,46.4077],[10.631,46.4024],[10.6109,46.3872],[10.6061,46.3793],[10.5981,46.3774],[10.5705,46.377],[10.5668,46.3778],[10.5419,46.3608],[10.5376,46.354],[10.5285,46.3568],[10.5193,46.3552],[10.5157,46.3433],[10.5211,46.3435],[10.5334,46.3394],[10.5631,46.3272],[10.5648,46.313],[10.5755,46.3056],[10.5796,46.2988],[10.5631,46.2874],[10.562,46.2817],[10.5762,46.2726],[10.5851,46.2487],[10.5814,46.2402],[10.5744,46.2371],[10.5689,46.2292],[10.5705,46.2233],[10.5623,46.2146],[10.5494,46.2047],[10.5414,46.1886],[10.5545,46.1804],[10.5654,46.1671],[10.5606,46.1634],[10.5554,46.1549],[10.5543,46.1488],[10.546,46.1419],[10.5495,46.1383],[10.5506,46.1237],[10.5417,46.104],[10.5362,46.0981],[10.5223,46.0888],[10.5092,46.0752],[10.4894,46.065],[10.483,46.0573],[10.4821,46.0497],[10.486,46.0301],[10.4834,46.0218],[10.4722,46.0214],[10.4583,46.0104],[10.4535,45.991],[10.4535,45.9766],[10.4763,45.9705],[10.4866,45.9711],[10.4894,45.9638],[10.4834,45.9504],[10.4862,45.9428],[10.4916,45.9421],[10.4914,45.9332],[10.5074,45.9248],[10.5108,45.9155],[10.5061,45.9034],[10.4958,45.8997],[10.4901,45.8871],[10.4912,45.8823],[10.5036,45.8735],[10.5015,45.8611],[10.5065,45.8423],[10.5029,45.8361],[10.5028,45.8297],[10.5081,45.8239],[10.5243,45.8272],[10.5294,45.8263],[10.5433,45.8183],[10.5433,45.8157],[10.5373,45.8107],[10.5298,45.8094],[10.5261,45.8056],[10.5335,45.8007],[10.533,45.7879],[10.5454,45.7846],[10.5643,45.7846],[10.581,45.7895],[10.5823,45.7943],[10.5977,45.7997],[10.6018,45.8032],[10.6113,45.805],[10.6351,45.8066],[10.6415,45.802],[10.6507,45.8121],[10.6561,45.8324],[10.6771,45.8311],[10.6956,45.8398],[10.7068,45.8365],[10.7173,45.8369],[10.7226,45.8411],[10.7359,45.8426],[10.7452,45.84],[10.7564,45.8301],[10.7603,45.8376],[10.7705,45.8426],[10.7781,45.8426],[10.7838,45.8364],[10.7913,45.8334],[10.7989,45.836],[10.8041,45.8344],[10.826,45.8377],[10.8402,45.8328],[10.8347,45.8182],[10.8302,45.8134],[10.8147,45.8041],[10.808,45.7965],[10.7719,45.7507],[10.7632,45.7408],[10.7276,45.7011],[10.702,45.6727],[10.6893,45.6618],[10.6815,45.6547],[10.631,45.6095],[10.6285,45.602],[10.6292,45.5954],[10.631,45.5816],[10.6317,45.574],[10.6322,45.5684],[10.6354,45.5355],[10.6367,45.5209],[10.6376,45.5115],[10.6379,45.5084],[10.6417,45.4721],[10.6429,45.4626],[10.6431,45.4574],[10.6479,45.4486],[10.6443,45.4448],[10.6305,45.443],[10.6235,45.4436],[10.6273,45.4382],[10.6422,45.4436],[10.6468,45.441],[10.6475,45.4239],[10.644,45.4179],[10.6545,45.4159],[10.6652,45.4278],[10.6694,45.4264],[10.7023,45.4213],[10.7146,45.4176],[10.7194,45.4059],[10.7176,45.4008],[10.7169,45.3956],[10.7078,45.3859],[10.6988,45.3803],[10.6995,45.3759],[10.7075,45.3693],[10.7141,45.3672],[10.7045,45.3595],[10.6918,45.354],[10.6856,45.3536],[10.687,45.3426],[10.7057,45.3394],[10.7151,45.3338],[10.7123,45.3224],[10.7064,45.3163],[10.7214,45.3187],[10.7311,45.3151],[10.7331,45.3054],[10.7283,45.2912],[10.7374,45.2872],[10.7486,45.2941],[10.7827,45.3154],[10.8163,45.2933],[10.8169,45.2892],[10.8295,45.2821],[10.84,45.2729],[10.8409,45.2653],[10.8466,45.2566],[10.8763,45.2529],[10.8793,45.2473],[10.8889,45.2486],[10.8967,45.2471],[10.9015,45.2379],[10.9215,45.2344],[10.9368,45.2329],[10.9361,45.2319],[10.9307,45.2256],[10.9314,45.2177],[10.9361,45.214],[10.9449,45.2112],[10.9469,45.2057],[10.9659,45.2056],[10.9907,45.1958],[10.9969,45.1874],[10.9933,45.1841],[10.9988,45.1647],[10.9981,45.1586],[10.9928,45.153],[10.9958,45.151],[11.0109,45.1489],[11.0213,45.1566],[11.0284,45.1593],[11.0357,45.1501],[11.0465,45.1531],[11.0504,45.1496],[11.0422,45.1439],[11.0438,45.1343],[11.0289,45.1279],[11.0287,45.123],[11.0389,45.114],[11.0508,45.1095],[11.073,45.0987],[11.0876,45.0983],[11.0976,45.0953],[11.0942,45.0998],[11.0949,45.1061],[11.1002,45.1124],[11.1056,45.1083],[11.117,45.1046],[11.1274,45.1032],[11.1347,45.1099],[11.1378,45.1233],[11.1477,45.1258],[11.1644,45.1174],[11.1739,45.1157],[11.1876,45.11],[11.2034,45.1116],[11.2054,45.1096],[11.1776,45.0974],[11.1769,45.0885],[11.1876,45.0865],[11.1883,45.0833],[11.1755,45.0749],[11.1742,45.0615],[11.2006,45.0602],[11.207,45.0583],[11.2164,45.0557],[11.2299,45.0479],[11.2384,45.0432],[11.2475,45.0445],[11.2569,45.0538],[11.2676,45.0552],[11.2705,45.044],[11.2632,45.0335],[11.2648,45.0317],[11.2713,45.027],[11.2754,45.0173],[11.2989,45.0145],[11.3131,45.0098],[11.3272,44.9956],[11.3382,44.9894],[11.3564,44.9845],[11.3882,44.9738],[11.4149,44.9673],[11.4245,44.962],[11.4273,44.958],[11.4268,44.9501],[11.4263,44.9521],[11.4056,44.9487],[11.3902,44.9559],[11.3782,44.958],[11.3628,44.9555],[11.3571,44.95],[11.3343,44.9585],[11.3228,44.9612],[11.3087,44.9605],[11.2854,44.9568],[11.2722,44.9383],[11.2617,44.9454],[11.2463,44.9515],[11.2434,44.9479],[11.2319,44.9448],[11.2132,44.9435],[11.202,44.9394],[11.1584,44.9381],[11.1536,44.9335],[11.1427,44.9377],[11.1242,44.9513],[11.1164,44.9549],[11.0887,44.9593],[11.0721,44.9618],[11.0595,44.9488],[11.049,44.9512],[11.0303,44.9513],[11.0227,44.9527],[10.9981,44.9549],[10.9889,44.9513],[10.9763,44.9418],[10.9663,44.9346],[10.9506,44.9334],[10.9514,44.9278],[10.9414,44.9219],[10.9192,44.9239],[10.914,44.9232],[10.8902,44.9124],[10.8879,44.9143],[10.8766,44.9171],[10.874,44.9219],[10.866,44.9236],[10.8654,44.9297],[10.8477,44.9257],[10.8402,44.932],[10.8124,44.9377],[10.8087,44.9361],[10.7706,44.944],[10.7665,44.9456],[10.7445,44.9489],[10.7427,44.954],[10.7482,44.9628],[10.7424,44.9721],[10.7411,44.9809],[10.7315,44.9914],[10.7247,44.9914],[10.7146,44.9872],[10.7114,44.9831],[10.7109,44.9731],[10.7045,44.9667],[10.6956,44.9622],[10.6881,44.9657],[10.6959,44.9744],[10.6867,44.9867],[10.679,44.9764],[10.6646,44.9689],[10.6502,44.948],[10.6394,44.9394],[10.631,44.9302],[10.6278,44.9243],[10.6251,44.9256],[10.6118,44.9211],[10.5988,44.9147],[10.5924,44.9148],[10.5823,44.9126],[10.5661,44.9085],[10.5536,44.9107],[10.5269,44.9126],[10.515,44.9144],[10.5044,44.9224],[10.4812,44.9302],[10.464,44.9371],[10.4517,44.9405],[10.4433,44.9405],[10.4318,44.9471],[10.425,44.9602],[10.4167,44.9776],[10.4099,44.9829],[10.4014,44.9848],[10.3932,44.9835],[10.3832,44.9791],[10.3733,44.9706],[10.3635,44.9657],[10.3589,44.9655],[10.35,44.9679],[10.3308,44.9808],[10.3183,44.9839],[10.3089,44.9875],[10.3098,44.9934],[10.3,45.0002],[10.2738,44.9985],[10.2651,45.0047],[10.2601,45.0143],[10.2541,45.0187],[10.2422,45.0229],[10.211,45.0341],[10.194,45.0281],[10.181,45.0305],[10.1748,45.0342],[10.1707,45.042],[10.1577,45.0441],[10.1523,45.0408],[10.1475,45.0355],[10.1306,45.0298],[10.1061,45.0222],[10.0929,45.0237],[10.0844,45.0323],[10.0835,45.044],[10.0823,45.0467],[10.0574,45.0415],[10.0502,45.0414],[10.0529,45.0501],[10.0442,45.0625],[10.0406,45.0638],[10.0326,45.0655],[10.0257,45.0703],[10.0214,45.0772],[10.0278,45.0844],[10.0291,45.0949],[10.0245,45.1008],[10.0179,45.1042],[10.0099,45.1107],[10.0001,45.1227],[9.9926,45.1298],[9.9837,45.1338],[9.9713,45.1324],[9.9665,45.1275],[9.9599,45.1214],[9.9321,45.1027],[9.9227,45.1],[9.9151,45.1004],[9.9144,45.1095],[9.9215,45.114],[9.9264,45.1243],[9.9263,45.132],[9.9154,45.1391],[9.9081,45.1358],[9.8911,45.131],[9.8809,45.127],[9.8756,45.1225],[9.8793,45.1117],[9.8943,45.1019],[9.9007,45.0954],[9.9012,45.0886],[9.8967,45.0807],[9.8843,45.0749],[9.8754,45.0777],[9.8713,45.0849],[9.8635,45.0925],[9.8477,45.0965],[9.8354,45.0941],[9.8313,45.0821],[9.835,45.0691],[9.8332,45.0603],[9.8238,45.0525],[9.8165,45.0544],[9.8169,45.0707],[9.8151,45.0764],[9.8101,45.0799],[9.7882,45.0844],[9.779,45.0895],[9.7665,45.1073],[9.7575,45.1125],[9.7456,45.1119],[9.745,45.1059],[9.7532,45.0865],[9.7479,45.0757],[9.7379,45.0732],[9.7301,45.0635],[9.7221,45.0594],[9.7137,45.0583],[9.6822,45.0712],[9.6769,45.0776],[9.6534,45.0815],[9.6433,45.0805],[9.6315,45.0878],[9.6376,45.1044],[9.6379,45.113],[9.6408,45.1166],[9.6367,45.1265],[9.6337,45.1291],[9.6294,45.132],[9.6184,45.1331],[9.615,45.1262],[9.6132,45.1138],[9.6089,45.1085],[9.6018,45.1042],[9.5874,45.0996],[9.586,45.1051],[9.5686,45.1073],[9.5609,45.1225],[9.5531,45.1307],[9.5486,45.1327],[9.5373,45.1261],[9.5364,45.1241],[9.5357,45.1219],[9.5374,45.1148],[9.5506,45.0953],[9.551,45.0907],[9.5449,45.0846],[9.5319,45.0785],[9.5253,45.0803],[9.5182,45.0906],[9.5051,45.1022],[9.4937,45.1034],[9.4803,45.0988],[9.4659,45.0947],[9.4391,45.0934],[9.4369,45.0834],[9.4275,45.0817],[9.4218,45.084],[9.4126,45.0836],[9.4126,45.0789],[9.4063,45.0732],[9.3893,45.0641],[9.3708,45.0483],[9.3756,45.0404],[9.3693,45.0237],[9.3756,45.02],[9.3711,45.0148],[9.366,45.003],[9.3613,45.0001],[9.3535,45.001],[9.3473,44.997],[9.343,44.9914],[9.3354,44.9747],[9.3375,44.9654],[9.3247,44.9561],[9.3231,44.9496],[9.3217,44.9439],[9.3146,44.9369],[9.3098,44.9355],[9.2865,44.9339],[9.2859,44.9294],[9.2929,44.9204],[9.2841,44.9035],[9.2774,44.8956],[9.2843,44.8949],[9.2927,44.8903],[9.29,44.8822],[9.3073,44.8762],[9.3242,44.8784],[9.3265,44.8729],[9.3423,44.8673],[9.3478,44.8442],[9.3503,44.837],[9.3592,44.8239],[9.3631,44.8223],[9.3576,44.8146],[9.3457,44.8076],[9.3299,44.8],[9.3215,44.8],[9.3179,44.7863],[9.3071,44.7801],[9.287,44.7725],[9.2849,44.7671],[9.2859,44.7595],[9.2993,44.7517],[9.3213,44.7434],[9.3325,44.7349],[9.3259,44.7231],[9.3172,44.7195],[9.3085,44.7056],[9.3155,44.6975],[9.3263,44.6938],[9.3247,44.6901],[9.3057,44.6883],[9.2984,44.681],[9.2877,44.6802],[9.2859,44.6845],[9.2786,44.6855],[9.266,44.6839],[9.2575,44.6812],[9.2543,44.6922],[9.24,44.7114],[9.2351,44.7163],[9.2359,44.7128],[9.2322,44.7033],[9.2422,44.6874],[9.2372,44.6851],[9.2167,44.6835],[9.2004,44.6863],[9.2064,44.6992],[9.2073,44.7055],[9.2029,44.722],[9.211,44.7344],[9.2139,44.7454],[9.2135,44.7523],[9.1941,44.7568],[9.1717,44.7717],[9.171,44.7799],[9.1737,44.7839],[9.1733,44.7961],[9.1653,44.8002],[9.1596,44.8062],[9.16,44.8153],[9.1561,44.8154],[9.1467,44.809],[9.1262,44.8062],[9.1159,44.8073],[9.107,44.8106],[9.0952,44.8191],[9.0894,44.8174],[9.0817,44.8145],[9.0723,44.8175],[9.075,44.823],[9.0703,44.8307],[9.0641,44.8301],[9.0645,44.833],[9.0515,44.8459],[9.0492,44.8503],[9.0549,44.8519],[9.068,44.8605],[9.07,44.8661],[9.0615,44.8761],[9.0552,44.8889],[9.0486,44.8877],[9.0303,44.8885],[9.023,44.897],[9.0182,44.9009],[9.0081,44.903],[9.0013,44.9082],[8.9983,44.9179],[8.9773,44.9401],[8.9697,44.9435],[8.972,44.9499],[8.9784,44.9569],[8.9782,44.9671],[8.9629,44.9832],[8.9606,44.9873],[8.9519,44.9882],[8.9435,44.9845],[8.9256,44.9821],[8.9168,44.9881],[8.9012,45.0078],[8.9031,45.0189],[8.9046,45.0266],[8.9021,45.0379],[8.8951,45.0404],[8.9003,45.0436],[8.8916,45.0513],[8.8811,45.054],[8.8877,45.0591],[8.8809,45.0602],[8.8635,45.0495],[8.8606,45.0513],[8.8405,45.0475],[8.838,45.0443],[8.8252,45.044],[8.8219,45.0396],[8.8099,45.0343],[8.7994,45.0363],[8.7943,45.0326],[8.8023,45.026],[8.7984,45.0212],[8.7909,45.0201],[8.7815,45.0236],[8.7776,45.0224],[8.7788,45.0132],[8.7756,45.0082],[8.7681,45.0068],[8.7541,45.0153],[8.7509,45.0204],[8.7439,45.0236],[8.7279,45.0229],[8.7205,45.0268],[8.7139,45.037],[8.7087,45.0382],[8.708,45.0382],[8.7011,45.0318],[8.7009,45.0265],[8.695,45.0233],[8.6817,45.0287],[8.6728,45.0278],[8.6593,45.018],[8.652,45.0236],[8.657,45.0294],[8.6525,45.0343],[8.6442,45.0356],[8.6347,45.041],[8.6406,45.0445],[8.6452,45.057],[8.6447,45.0609],[8.6426,45.063],[8.6372,45.0662],[8.6459,45.0753],[8.6397,45.0776],[8.6365,45.0837],[8.6221,45.0913],[8.6234,45.0983],[8.6136,45.1024],[8.6084,45.1084],[8.6093,45.117],[8.6132,45.1243],[8.6118,45.1275],[8.5945,45.1308],[8.5901,45.1331],[8.5853,45.1478],[8.5766,45.153],[8.5566,45.1577],[8.5549,45.1643],[8.5479,45.1681],[8.543,45.1729],[8.544,45.1813],[8.5623,45.1946],[8.5812,45.2021],[8.5718,45.2059],[8.5568,45.2052],[8.5508,45.2011],[8.5522,45.1964],[8.5294,45.1935],[8.5245,45.1983],[8.5472,45.2035],[8.5447,45.2089],[8.5337,45.2166],[8.5257,45.2193],[8.5245,45.2271],[8.531,45.2302],[8.5406,45.2307],[8.5417,45.2364],[8.5294,45.2382],[8.5442,45.2398],[8.5552,45.2388],[8.5547,45.2432],[8.5463,45.2418],[8.5277,45.2458],[8.522,45.2499],[8.5227,45.2547],[8.5309,45.2538],[8.536,45.2477],[8.5428,45.2526],[8.5412,45.2563],[8.533,45.2587],[8.5362,45.2627],[8.5328,45.2653],[8.5362,45.2722],[8.5351,45.2778],[8.5223,45.2791],[8.5232,45.2744],[8.5131,45.2753],[8.5131,45.2803],[8.5182,45.2867],[8.512,45.291],[8.4983,45.2922],[8.5072,45.3072],[8.5134,45.3133],[8.5216,45.3123],[8.5341,45.3184],[8.538,45.3172],[8.533,45.3322],[8.5264,45.3421],[8.5421,45.3478],[8.551,45.3561],[8.5531,45.3615],[8.5572,45.3532],[8.5711,45.3486],[8.5906,45.3519],[8.599,45.3486],[8.6136,45.3544],[8.6253,45.3518],[8.6322,45.3463],[8.6315,45.3385],[8.6557,45.3256],[8.6595,45.3147],[8.6589,45.3037],[8.6632,45.2997],[8.666,45.2919],[8.689,45.294],[8.6906,45.2926],[8.7141,45.3016],[8.7233,45.322],[8.7263,45.3322],[8.7247,45.3357],[8.7422,45.3321],[8.7454,45.3396],[8.7555,45.3445],[8.7607,45.3557],[8.756,45.3572],[8.7463,45.3552],[8.7331,45.3649],[8.721,45.3705],[8.7205,45.3747],[8.719,45.3781],[8.7308,45.3755],[8.764,45.3773],[8.7624,45.382],[8.769,45.3876],[8.7934,45.379],[8.8016,45.3791],[8.8119,45.3832],[8.8105,45.3888],[8.8233,45.3923],[8.8331,45.3915],[8.8428,45.3939],[8.8421,45.399],[8.829,45.4155],[8.8245,45.4195],[8.8242,45.4351],[8.8181,45.4347],[8.8099,45.4325],[8.8078,45.4478],[8.8,45.4559],[8.7929,45.4597],[8.7893,45.462],[8.7881,45.4642]]],[[[8.9739,45.9835],[8.9773,45.9815],[8.9779,45.9686],[8.9752,45.9616],[8.9579,45.9648],[8.9668,45.984],[8.9739,45.9835]]]]}},{"type":"Feature","properties":{"name":"Trentino-Alto Adige/Südtirol","istat":"04","iso":"IT-32","aliases":["Trentino-Alto Adige","Trentino Südtirol","Alto Adige","South Tyrol","Trentino-South Tyrol"]},"geometry":{"type":"Polygon","coordinates":[[[12.014,46.5509],[11.9985,46.5329],[11.9875,46.5453],[11.9679,46.5446],[11.9496,46.5392],[11.9455,46.5294],[11.9337,46.5278],[11.9147,46.5329],[11.9026,46.5298],[11.888,46.5229],[11.8533,46.5183],[11.8283,46.5088],[11.8192,46.501],[11.8105,46.4851],[11.8133,46.4782],[11.8235,46.4758],[11.8439,46.4758],[11.8711,46.4731],[11.887,46.4646],[11.8882,46.4417],[11.8699,46.4332],[11.8503,46.4342],[11.8471,46.4261],[11.8382,46.4152],[11.8404,46.413],[11.8437,46.4099],[11.8368,46.4013],[11.8324,46.3875],[11.8354,46.3673],[11.8309,46.3669],[11.8201,46.3766],[11.816,46.3746],[11.8135,46.3676],[11.8044,46.365],[11.7909,46.3666],[11.7836,46.3647],[11.7744,46.3581],[11.7795,46.3516],[11.8,46.3442],[11.8028,46.3342],[11.8203,46.3284],[11.8318,46.3227],[11.8325,46.3125],[11.8414,46.3064],[11.8343,46.2995],[11.8261,46.285],[11.8352,46.2741],[11.8409,46.27],[11.8658,46.273],[11.8854,46.2787],[11.8884,46.2736],[11.8863,46.2582],[11.8943,46.251],[11.9003,46.2541],[11.9126,46.2527],[11.9222,46.2478],[11.9291,46.2489],[11.9181,46.2384],[11.9096,46.2244],[11.9202,46.2199],[11.9265,46.2144],[11.9279,46.209],[11.9394,46.1988],[11.9626,46.1991],[11.9624,46.1883],[11.9558,46.1838],[11.9512,46.1761],[11.9508,46.1703],[11.9288,46.1759],[11.9295,46.1711],[11.9183,46.1553],[11.9195,46.1486],[11.9012,46.1367],[11.9055,46.1346],[11.8918,46.1205],[11.8802,46.1177],[11.8416,46.1112],[11.827,46.1073],[11.8196,46.108],[11.8151,46.1039],[11.8066,46.1027],[11.777,46.1031],[11.7733,46.1067],[11.7662,46.0992],[11.7587,46.0955],[11.7507,46.1051],[11.718,46.1034],[11.7114,46.0991],[11.7034,46.0905],[11.6952,46.0943],[11.6883,46.0947],[11.6824,46.0901],[11.6833,46.0764],[11.6865,46.067],[11.6975,46.0597],[11.7043,46.0522],[11.7054,46.0467],[11.7002,46.0445],[11.6773,46.0443],[11.6671,46.0382],[11.6726,46.0299],[11.6819,46.0268],[11.6685,46.0176],[11.6666,46.0171],[11.671,46.0144],[11.6897,45.9885],[11.6844,45.984],[11.6858,45.9693],[11.6664,45.9641],[11.65,45.9648],[11.6276,45.9606],[11.6306,45.9694],[11.621,45.9715],[11.6146,45.9674],[11.6002,45.9714],[11.5876,45.969],[11.58,46.0009],[11.5773,46.0066],[11.5663,46.0062],[11.5522,46.0116],[11.5444,46.0118],[11.522,46.0114],[11.5168,46.0092],[11.5106,46.012],[11.4912,46.0084],[11.4839,46.0014],[11.4654,45.9945],[11.4522,45.9837],[11.4467,45.9808],[11.3957,45.9804],[11.3786,45.984],[11.3734,45.9832],[11.3724,45.9733],[11.3779,45.9572],[11.3834,45.9509],[11.38,45.9428],[11.3644,45.9424],[11.3583,45.9436],[11.3605,45.9353],[11.3578,45.929],[11.358,45.9252],[11.3452,45.9209],[11.35,45.9146],[11.3457,45.9091],[11.3368,45.9146],[11.3249,45.9175],[11.3181,45.9213],[11.313,45.9298],[11.2996,45.929],[11.3039,45.9183],[11.29,45.9171],[11.2753,45.9197],[11.2712,45.9171],[11.2584,45.9207],[11.2614,45.9158],[11.2607,45.9075],[11.2511,45.8961],[11.2546,45.8913],[11.2552,45.884],[11.2477,45.8859],[11.2368,45.8808],[11.2443,45.877],[11.244,45.8757],[11.2395,45.8571],[11.2271,45.849],[11.2219,45.849],[11.2185,45.8439],[11.2191,45.8329],[11.2029,45.8271],[11.1986,45.8242],[11.1979,45.8199],[11.1911,45.8167],[11.1886,45.8118],[11.1895,45.8048],[11.194,45.8021],[11.1934,45.7956],[11.2027,45.7834],[11.1901,45.7815],[11.1794,45.7876],[11.174,45.7871],[11.1797,45.7729],[11.1806,45.7629],[11.1762,45.7474],[11.1785,45.7381],[11.173,45.7317],[11.1534,45.7185],[11.1459,45.717],[11.1387,45.7093],[11.136,45.7],[11.1385,45.6968],[11.1253,45.6903],[11.1225,45.6951],[11.1088,45.695],[11.0899,45.696],[11.0712,45.7055],[11.06,45.714],[11.0527,45.7166],[11.0414,45.7064],[11.0165,45.7057],[11.0161,45.714],[10.9962,45.708],[10.9955,45.6964],[10.9896,45.6907],[10.9683,45.6801],[10.9704,45.6893],[10.9748,45.6955],[10.9722,45.7019],[10.9618,45.6857],[10.9514,45.6846],[10.943,45.6731],[10.9375,45.6735],[10.922,45.6798],[10.912,45.6883],[10.916,45.6935],[10.9259,45.6992],[10.9151,45.7031],[10.8816,45.7173],[10.8726,45.7158],[10.8439,45.7185],[10.8445,45.7242],[10.8548,45.7416],[10.8626,45.7437],[10.8653,45.7614],[10.8688,45.7653],[10.8823,45.772],[10.8834,45.7797],[10.8727,45.7884],[10.877,45.8036],[10.8811,45.8061],[10.8875,45.8117],[10.8816,45.8175],[10.8414,45.8324],[10.8402,45.8328],[10.826,45.8377],[10.8041,45.8344],[10.7989,45.836],[10.7913,45.8334],[10.7838,45.8364],[10.7781,45.8426],[10.7705,45.8426],[10.7603,45.8376],[10.7564,45.8301],[10.7452,45.84],[10.7359,45.8426],[10.7226,45.8411],[10.7173,45.8369],[10.7068,45.8365],[10.6956,45.8398],[10.6771,45.8311],[10.6561,45.8324],[10.6507,45.8121],[10.6415,45.802],[10.6351,45.8066],[10.6113,45.805],[10.6018,45.8032],[10.5977,45.7997],[10.5823,45.7943],[10.581,45.7895],[10.5643,45.7846],[10.5454,45.7846],[10.533,45.7879],[10.5335,45.8007],[10.5261,45.8056],[10.5298,45.8094],[10.5373,45.8107],[10.5433,45.8157],[10.5433,45.8183],[10.5294,45.8263],[10.5243,45.8272],[10.5081,45.8239],[10.5028,45.8297],[10.5029,45.8361],[10.5065,45.8423],[10.5015,45.8611],[10.5036,45.8735],[10.4912,45.8823],[10.4901,45.8871],[10.4958,45.8997],[10.5061,45.9034],[10.5108,45.9155],[10.5074,45.9248],[10.4914,45.9332],[10.4916,45.9421],[10.4862,45.9428],[10.4834,45.9504],[10.4894,45.9638],[10.4866,45.9711],[10.4763,45.9705],[10.4535,45.9766],[10.4535,45.991],[10.4583,46.0104],[10.4722,46.0214],[10.4834,46.0218],[10.486,46.0301],[10.4821,46.0497],[10.483,46.0573],[10.4894,46.065],[10.5092,46.0752],[10.5223,46.0888],[10.5362,46.0981],[10.5417,46.104],[10.5506,46.1237],[10.5495,46.1383],[10.546,46.1419],[10.5543,46.1488],[10.5554,46.1549],[10.5606,46.1634],[10.5654,46.1671],[10.5545,46.1804],[10.5414,46.1886],[10.5494,46.2047],[10.5623,46.2146],[10.5705,46.2233],[10.5689,46.2292],[10.5744,46.2371],[10.5814,46.2402],[10.5851,46.2487],[10.5762,46.2726],[10.562,46.2817],[10.5631,46.2874],[10.5796,46.2988],[10.5755,46.3056],[10.5648,46.313],[10.5631,46.3272],[10.5334,46.3394],[10.5211,46.3435],[10.5157,46.3433],[10.5193,46.3552],[10.5285,46.3568],[10.5376,46.354],[10.5419,46.3608],[10.5668,46.3778],[10.5705,46.377],[10.5981,46.3774],[10.6061,46.3793],[10.6109,46.3872],[10.631,46.4024],[10.6282,46.4077],[10.6191,46.4143],[10.6164,46.43],[10.6191,46.4369],[10.6168,46.4438],[10.6218,46.4479],[10.6006,46.4687],[10.576,46.4742],[10.5623,46.4818],[10.5551,46.4891],[10.5428,46.4921],[10.4969,46.4974],[10.4823,46.4942],[10.4761,46.4956],[10.4731,46.5006],[10.4579,46.5106],[10.4531,46.5305],[10.462,46.5412],[10.4725,46.5438],[10.4747,46.5519],[10.475,46.5661],[10.4843,46.5783],[10.4859,46.5857],[10.4846,46.5945],[10.4889,46.6095],[10.4924,46.6151],[10.4873,46.6156],[10.4606,46.6343],[10.4464,46.6411],[10.4108,46.6352],[10.3999,46.6386],[10.3992,46.6472],[10.393,46.655],[10.3921,46.6705],[10.3857,46.6809],[10.3875,46.6874],[10.3967,46.6959],[10.4024,46.7041],[10.4088,46.7051],[10.4156,46.709],[10.4172,46.7194],[10.4101,46.7251],[10.4019,46.7343],[10.4353,46.7525],[10.4414,46.7521],[10.4439,46.7622],[10.4421,46.7699],[10.4339,46.7807],[10.4264,46.7859],[10.4273,46.794],[10.4396,46.7976],[10.4489,46.8023],[10.4572,46.8171],[10.4585,46.8276],[10.4684,46.8469],[10.4697,46.8546],[10.4789,46.8588],[10.4955,46.8487],[10.4999,46.8475],[10.5255,46.8462],[10.5506,46.8498],[10.5563,46.8469],[10.5502,46.8401],[10.5645,46.8409],[10.6006,46.8577],[10.6237,46.864],[10.6454,46.8655],[10.6557,46.8685],[10.6682,46.8755],[10.6756,46.8701],[10.6888,46.8677],[10.6968,46.8627],[10.6945,46.8522],[10.7022,46.8482],[10.7164,46.8445],[10.7212,46.8392],[10.7342,46.8349],[10.7564,46.8313],[10.763,46.8211],[10.7532,46.815],[10.7457,46.8044],[10.7335,46.7985],[10.7262,46.7977],[10.7304,46.7879],[10.7594,46.7858],[10.7721,46.7895],[10.7863,46.7964],[10.7961,46.7911],[10.8108,46.7781],[10.8249,46.7738],[10.8322,46.7805],[10.8404,46.7817],[10.8519,46.7744],[10.8658,46.7726],[10.8718,46.7655],[10.8823,46.7631],[10.8895,46.7639],[10.8991,46.7691],[10.9083,46.7697],[10.9151,46.7737],[10.93,46.7734],[10.9453,46.775],[10.9707,46.7724],[10.9841,46.7683],[10.9937,46.7671],[11.0136,46.7721],[11.0221,46.7651],[11.0353,46.7903],[11.0424,46.7996],[11.0419,46.8034],[11.0727,46.8186],[11.0835,46.8228],[11.078,46.8337],[11.0721,46.8404],[11.0748,46.8576],[11.0816,46.866],[11.0883,46.8778],[11.1004,46.8901],[11.0949,46.9074],[11.0976,46.9139],[11.1079,46.9159],[11.11,46.9249],[11.12,46.9305],[11.1303,46.9282],[11.1406,46.9284],[11.1575,46.9358],[11.1684,46.9447],[11.163,46.9511],[11.1653,46.9653],[11.1767,46.9626],[11.1904,46.9699],[11.2022,46.9683],[11.2046,46.9649],[11.2272,46.9694],[11.2413,46.9695],[11.2585,46.9776],[11.2865,46.9843],[11.2994,46.9839],[11.3114,46.9872],[11.321,46.992],[11.3352,46.9867],[11.3475,46.9903],[11.3583,46.9904],[11.3729,46.9808],[11.3843,46.9703],[11.4012,46.9649],[11.4252,46.969],[11.4426,46.9783],[11.4457,46.9847],[11.453,46.9921],[11.467,46.9944],[11.4711,47.0037],[11.4798,47.011],[11.4988,47.0096],[11.5152,47.0021],[11.5319,46.992],[11.5382,46.9841],[11.5515,46.9899],[11.5707,46.993],[11.5808,46.997],[11.5808,47.0015],[11.6157,47.012],[11.628,47.0118],[11.6306,47.0072],[11.6387,47.0021],[11.6668,46.9924],[11.6941,46.994],[11.7105,46.9929],[11.7295,46.9719],[11.7472,46.9689],[11.7658,46.9752],[11.7685,46.9802],[11.7813,46.9914],[11.8037,46.9913],[11.8098,46.9899],[11.8315,46.9924],[11.8557,47.0035],[11.8669,47.0112],[11.8877,47.0163],[11.9151,47.0314],[11.9318,47.0375],[11.9444,47.035],[11.959,47.0424],[11.9709,47.0438],[11.9802,47.0499],[12.02,47.0468],[12.03,47.0499],[12.0353,47.0578],[12.0426,47.061],[12.0556,47.061],[12.0595,47.0586],[12.073,47.0598],[12.0937,47.0767],[12.1038,47.0779],[12.1202,47.0739],[12.1355,47.0796],[12.149,47.0797],[12.1611,47.0816],[12.1799,47.0902],[12.1872,47.0916],[12.224,47.0832],[12.2399,47.0698],[12.2379,47.0657],[12.2183,47.0589],[12.2157,47.0545],[12.2157,47.0446],[12.2048,47.0272],[12.1815,47.025],[12.1673,47.0207],[12.1481,47.0244],[12.1244,47.0108],[12.121,47.0067],[12.1301,46.9934],[12.1292,46.9901],[12.1379,46.98],[12.1321,46.9642],[12.1362,46.9587],[12.1458,46.954],[12.1575,46.9508],[12.1682,46.9378],[12.1668,46.9325],[12.1495,46.9158],[12.1442,46.914],[12.16,46.9083],[12.1723,46.9087],[12.189,46.9062],[12.1975,46.8986],[12.1986,46.8916],[12.2082,46.8799],[12.2185,46.8739],[12.2219,46.8799],[12.2317,46.8803],[12.237,46.8891],[12.2434,46.8903],[12.2676,46.8866],[12.2774,46.8802],[12.2758,46.8728],[12.2904,46.8617],[12.2909,46.8523],[12.2955,46.8459],[12.3067,46.8404],[12.306,46.8346],[12.2906,46.8223],[12.2831,46.8147],[12.292,46.8034],[12.2881,46.796],[12.2806,46.7914],[12.2856,46.7825],[12.311,46.7845],[12.3297,46.7798],[12.3503,46.7768],[12.3574,46.7746],[12.3685,46.743],[12.3802,46.7197],[12.3838,46.7166],[12.4108,46.7029],[12.4213,46.6992],[12.4426,46.6882],[12.4736,46.6869],[12.4775,46.6798],[12.4377,46.669],[12.416,46.6513],[12.4039,46.6431],[12.3911,46.6417],[12.3799,46.6429],[12.3784,46.6367],[12.3898,46.6275],[12.3852,46.6228],[12.3718,46.6202],[12.3596,46.6197],[12.348,46.6239],[12.3414,46.6299],[12.3325,46.629],[12.316,46.6301],[12.3151,46.6238],[12.3055,46.6192],[12.2859,46.6178],[12.2728,46.6209],[12.2633,46.6281],[12.2557,46.6271],[12.2322,46.6141],[12.2123,46.6089],[12.2046,46.6002],[12.1922,46.5946],[12.1945,46.6048],[12.1945,46.6194],[12.1865,46.6208],[12.1774,46.6273],[12.1712,46.6342],[12.1632,46.6363],[12.1481,46.6343],[12.1305,46.644],[12.1129,46.652],[12.1091,46.6557],[12.0784,46.6717],[12.0682,46.6751],[12.0696,46.6642],[12.0671,46.654],[12.0716,46.646],[12.0657,46.627],[12.0604,46.6201],[12.0517,46.6145],[12.0467,46.6081],[12.0497,46.5937],[12.0438,46.582],[12.0332,46.5756],[12.0278,46.5653],[12.014,46.5509]]]}},{"type":"Feature","properties":{"name":"Veneto","istat":"05","iso":"IT-34","aliases":["Venetia"]},"geometry":{"type":"Polygon","coordinates":[[[11.4268,44.9501],[11.4273,44.958],[11.4245,44.962],[11.4149,44.9673],[11.3882,44.9738],[11.3564,44.9845],[11.3382,44.9894],[11.3272,44.9956],[11.3131,45.0098],[11.2989,45.0145],[11.2754,45.0173],[11.2713,45.027],[11.2648,45.0317],[11.2632,45.0335],[11.2705,45.044],[11.2676,45.0552],[11.2569,45.0538],[11.2475,45.0445],[11.2384,45.0432],[11.2299,45.0479],[11.2164,45.0557],[11.207,45.0583],[11.2006,45.0602],[11.1742,45.0615],[11.1755,45.0749],[11.1883,45.0833],[11.1876,45.0865],[11.1769,45.0885],[11.1776,45.0974],[11.2054,45.1096],[11.2034,45.1116],[11.1876,45.11],[11.1739,45.1157],[11.1644,45.1174],[11.1477,45.1258],[11.1378,45.1233],[11.1347,45.1099],[11.1274,45.1032],[11.117,45.1046],[11.1056,45.1083],[11.1002,45.1124],[11.0949,45.1061],[11.0942,45.0998],[11.0976,45.0953],[11.0876,45.0983],[11.073,45.0987],[11.0508,45.1095],[11.0389,45.114],[11.0287,45.123],[11.0289,45.1279],[11.0438,45.1343],[11.0422,45.1439],[11.0504,45.1496],[11.0465,45.1531],[11.0357,45.1501],[11.0284,45.1593],[11.0213,45.1566],[11.0109,45.1489],[10.9958,45.151],[10.9928,45.153],[10.9981,45.1586],[10.9988,45.1647],[10.9933,45.1841],[10.9969,45.1874],[10.9907,45.1958],[10.9659,45.2056],[10.9469,45.2057],[10.9449,45.2112],[10.9361,45.214],[10.9314,45.2177],[10.9307,45.2256],[10.9361,45.2319],[10.9368,45.2329],[10.9215,45.2344],[10.9015,45.2379],[10.8967,45.2471],[10.8889,45.2486],[10.8793,45.2473],[10.8763,45.2529],[10.8466,45.2566],[10.8409,45.2653],[10.84,45.2729],[10.8295,45.2821],[10.8169,45.2892],[10.8163,45.2933],[10.7827,45.3154],[10.7486,45.2941],[10.7374,45.2872],[10.7283,45.2912],[10.7331,45.3054],[10.7311,45.3151],[10.7214,45.3187],[10.7064,45.3163],[10.7123,45.3224],[10.7151,45.3338],[10.7057,45.3394],[10.687,45.3426],[10.6856,45.3536],[10.6918,45.354],[10.7045,45.3595],[10.7141,45.3672],[10.7075,45.3693],[10.6995,45.3759],[10.6988,45.3803],[10.7078,45.3859],[10.7169,45.3956],[10.7176,45.4008],[10.7194,45.4059],[10.7146,45.4176],[10.7023,45.4213],[10.6694,45.4264],[10.6652,45.4278],[10.6545,45.4159],[10.644,45.4179],[10.6475,45.4239],[10.6468,45.441],[10.6422,45.4436],[10.6273,45.4382],[10.6235,45.4436],[10.6305,45.443],[10.6443,45.4448],[10.6479,45.4486],[10.6431,45.4574],[10.6429,45.4626],[10.6417,45.4721],[10.6379,45.5084],[10.6376,45.5115],[10.6367,45.5209],[10.6354,45.5355],[10.6322,45.5684],[10.6317,45.574],[10.631,45.5816],[10.6292,45.5954],[10.6285,45.602],[10.631,45.6095],[10.6815,45.6547],[10.6893,45.6618],[10.702,45.6727],[10.7276,45.7011],[10.7632,45.7408],[10.7719,45.7507],[10.808,45.7965],[10.8147,45.8041],[10.8302,45.8134],[10.8347,45.8182],[10.8402,45.8328],[10.8414,45.8324],[10.8816,45.8175],[10.8875,45.8117],[10.8811,45.8061],[10.877,45.8036],[10.8727,45.7884],[10.8834,45.7797],[10.8823,45.772],[10.8688,45.7653],[10.8653,45.7614],[10.8626,45.7437],[10.8548,45.7416],[10.8445,45.7242],[10.8439,45.7185],[10.8726,45.7158],[10.8816,45.7173],[10.9151,45.7031],[10.9259,45.6992],[10.916,45.6935],[10.912,45.6883],[10.922,45.6798],[10.9375,45.6735],[10.943,45.6731],[10.9514,45.6846],[10.9618,45.6857],[10.9722,45.7019],[10.9748,45.6955],[10.9704,45.6893],[10.9683,45.6801],[10.9896,45.6907],[10.9955,45.6964],[10.9962,45.708],[11.0161,45.714],[11.0165,45.7057],[11.0414,45.7064],[11.0527,45.7166],[11.06,45.714],[11.0712,45.7055],[11.0899,45.696],[11.1088,45.695],[11.1225,45.6951],[11.1253,45.6903],[11.1385,45.6968],[11.136,45.7],[11.1387,45.7093],[11.1459,45.717],[11.1534,45.7185],[11.173,45.7317],[11.1785,45.7381],[11.1762,45.7474],[11.1806,45.7629],[11.1797,45.7729],[11.174,45.7871],[11.1794,45.7876],[11.1901,45.7815],[11.2027,45.7834],[11.1934,45.7956],[11.194,45.8021],[11.1895,45.8048],[11.1886,45.8118],[11.1911,45.8167],[11.1979,45.8199],[11.1986,45.8242],[11.2029,45.8271],[11.2191,45.8329],[11.2185,45.8439],[11.2219,45.849],[11.2271,45.849],[11.2395,45.8571],[11.244,45.8757],[11.2443,45.877],[11.2368,45.8808],[11.2477,45.8859],[11.2552,45.884],[11.2546,45.8913],[11.2511,45.8961],[11.2607,45.9075],[11.2614,45.9158],[11.2584,45.9207],[11.2712,45.9171],[11.2753,45.9197],[11.29,45.9171],[11.3039,45.9183],[11.2996,45.929],[11.313,45.9298],[11.3181,45.9213],[11.3249,45.9175],[11.3368,45.9146],[11.3457,45.9091],[11.35,45.9146],[11.3452,45.9209],[11.358,45.9252],[11.3578,45.929],[11.3605,45.9353],[11.3583,45.9436],[11.3644,45.9424],[11.38,45.9428],[11.3834,45.9509],[11.3779,45.9572],[11.3724,45.9733],[11.3734,45.9832],[11.3786,45.984],[11.3957,45.9804],[11.4467,45.9808],[11.4522,45.9837],[11.4654,45.9945],[11.4839,46.0014],[11.4912,46.0084],[11.5106,46.012],[11.5168,46.0092],[11.522,46.0114],[11.5444,46.0118],[11.5522,46.0116],[11.5663,46.0062],[11.5773,46.0066],[11.58,46.0009],[11.5876,45.969],[11.6002,45.9714],[11.6146,45.9674],[11.621,45.9715],[11.6306,45.9694],[11.6276,45.9606],[11.65,45.9648],[11.6664,45.9641],[11.6858,45.9693],[11.6844,45.984],[11.6897,45.9885],[11.671,46.0144],[11.6666,46.0171],[11.6685,46.0176],[11.6819,46.0268],[11.6726,46.0299],[11.6671,46.0382],[11.6773,46.0443],[11.7002,46.0445],[11.7054,46.0467],[11.7043,46.0522],[11.6975,46.0597],[11.6865,46.067],[11.6833,46.0764],[11.6824,46.0901],[11.6883,46.0947],[11.6952,46.0943],[11.7034,46.0905],[11.7114,46.0991],[11.718,46.1034],[11.7507,46.1051],[11.7587,46.0955],[11.7662,46.0992],[11.7733,46.1067],[11.777,46.1031],[11.8066,46.1027],[11.8151,46.1039],[11.8196,46.108],[11.827,46.1073],[11.8416,46.1112],[11.8802,46.1177],[11.8918,46.1205],[11.9055,46.1346],[11.9012,46.1367],[11.9195,46.1486],[11.9183,46.1553],[11.9295,46.1711],[11.9288,46.1759],[11.9508,46.1703],[11.9512,46.1761],[11.9558,46.1838],[11.9624,46.1883],[11.9626,46.1991],[11.9394,46.1988],[11.9279,46.209],[11.9265,46.2144],[11.9202,46.2199],[11.9096,46.2244],[11.9181,46.2384],[11.9291,46.2489],[11.9222,46.2478],[11.9126,46.2527],[11.9003,46.2541],[11.8943,46.251],[11.8863,46.2582],[11.8884,46.2736],[11.8854,46.2787],[11.8658,46.273],[11.8409,46.27],[11.8352,46.2741],[11.8261,46.285],[11.8343,46.2995],[11.8414,46.3064],[11.8325,46.3125],[11.8318,46.3227],[11.8203,46.3284],[11.8028,46.3342],[11.8,46.3442],[11.7795,46.3516],[11.7744,46.3581],[11.7836,46.3647],[11.7909,46.3666],[11.8044,46.365],[11.8135,46.3676],[11.816,46.3746],[11.8201,46.3766],[11.8309,46.3669],[11.8354,46.3673],[11.8324,46.3875],[11.8368,46.4013],[11.8437,46.4099],[11.8404,46.413],[11.8382,46.4152],[11.8471,46.4261],[11.8503,46.4342],[11.8699,46.4332],[11.8882,46.4417],[11.887,46.4646],[11.8711,46.4731],[11.8439,46.4758],[11.8235,46.4758],[11.8133,46.4782],[11.8105,46.4851],[11.8192,46.501],[11.8283,46.5088],[11.8533,46.5183],[11.888,46.5229],[11.9026,46.5298],[11.9147,46.5329],[11.9337,46.5278],[11.9455,46.5294],[11.9496,46.5392],[11.9679,46.5446],[11.9875,46.5453],[11.9985,46.5329],[12.014,46.5509],[12.0278,46.5653],[12.0332,46.5756],[12.0438,46.582],[12.0497,46.5937],[12.0467,46.6081],[12.0517,46.6145],[12.0604,46.6201],[12.0657,46.627],[12.0716,46.646],[12.0671,46.654],[12.0696,46.6642],[12.0682,46.6751],[12.0784,46.6717],[12.1091,46.6557],[12.1129,46.652],[12.1305,46.644],[12.1481,46.6343],[12.1632,46.6363],[12.1712,46.6342],[12.1774,46.6273],[12.1865,46.6208],[12.1945,46.6194],[12.1945,46.6048],[12.1922,46.5946],[12.2046,46.6002],[12.2123,46.6089],[12.2322,46.6141],[12.2557,46.6271],[12.2633,46.6281],[12.2728,46.6209],[12.2859,46.6178],[12.3055,46.6192],[12.3151,46.6238],[12.316,46.6301],[12.3325,46.629],[12.3414,46.6299],[12.348,46.6239],[12.3596,46.6197],[12.3718,46.6202],[12.3852,46.6228],[12.3898,46.6275],[12.3784,46.6367],[12.3799,46.6429],[12.3911,46.6417],[12.4039,46.6431],[12.416,46.6513],[12.4377,46.669],[12.4775,46.6798],[12.48,46.6773],[12.4923,46.6768],[12.5138,46.6781],[12.5268,46.6743],[12.5463,46.6594],[12.5645,46.651],[12.5704,46.6508],[12.5789,46.6562],[12.6027,46.6555],[12.6191,46.6611],[12.6312,46.6606],[12.6326,46.6555],[12.6424,46.652],[12.6623,46.6567],[12.686,46.6561],[12.7166,46.6476],[12.732,46.6338],[12.7274,46.6303],[12.7112,46.6255],[12.7048,46.6184],[12.7078,46.602],[12.6902,46.6006],[12.6845,46.5974],[12.6744,46.5853],[12.6668,46.5817],[12.657,46.5728],[12.6459,46.574],[12.6369,46.572],[12.6289,46.5605],[12.6193,46.54],[12.6216,46.5265],[12.6307,46.5122],[12.6301,46.5007],[12.6451,46.4889],[12.652,46.4851],[12.6566,46.4814],[12.6625,46.4681],[12.6561,46.4653],[12.649,46.4666],[12.6424,46.4723],[12.6209,46.4754],[12.6068,46.4644],[12.5947,46.4707],[12.5682,46.4756],[12.5483,46.4638],[12.5417,46.4584],[12.531,46.4649],[12.5271,46.4594],[12.528,46.4528],[12.5248,46.4486],[12.5161,46.4467],[12.5045,46.4401],[12.4939,46.4261],[12.4942,46.4187],[12.4987,46.4122],[12.4894,46.4087],[12.4789,46.4005],[12.4691,46.39],[12.4642,46.3884],[12.4551,46.3916],[12.461,46.3786],[12.4611,46.3693],[12.4419,46.3597],[12.4288,46.3516],[12.4174,46.3548],[12.4213,46.3426],[12.4122,46.3323],[12.4028,46.3293],[12.3827,46.33],[12.3715,46.326],[12.3633,46.3248],[12.3548,46.3198],[12.3557,46.3094],[12.3516,46.2939],[12.3482,46.2924],[12.3393,46.2854],[12.329,46.2827],[12.321,46.2688],[12.324,46.2562],[12.3299,46.2539],[12.3411,46.2401],[12.3525,46.2364],[12.3557,46.2312],[12.3656,46.2294],[12.3724,46.2239],[12.3765,46.223],[12.3907,46.2282],[12.4016,46.229],[12.4087,46.2223],[12.4001,46.2112],[12.4072,46.2071],[12.4252,46.2092],[12.4464,46.2079],[12.4425,46.1995],[12.4469,46.1804],[12.4627,46.1676],[12.4898,46.1571],[12.4955,46.1505],[12.4987,46.1384],[12.4971,46.1328],[12.4972,46.1298],[12.4917,46.1241],[12.494,46.121],[12.4889,46.1145],[12.4852,46.1066],[12.4725,46.0959],[12.4547,46.0888],[12.4357,46.0832],[12.4279,46.0763],[12.4241,46.0682],[12.4161,46.0596],[12.4099,46.0592],[12.4051,46.0427],[12.4003,46.0419],[12.4019,46.0383],[12.4152,46.0269],[12.4149,46.02],[12.4188,46.0086],[12.4268,45.9964],[12.4272,45.9847],[12.4257,45.9667],[12.4227,45.9557],[12.4261,45.9471],[12.4327,45.9455],[12.453,45.9472],[12.4556,45.9462],[12.4567,45.9423],[12.4668,45.932],[12.4789,45.9268],[12.4862,45.9257],[12.5008,45.9252],[12.5079,45.92],[12.5058,45.9162],[12.5157,45.9041],[12.5232,45.903],[12.5083,45.8969],[12.5326,45.8803],[12.5355,45.8693],[12.531,45.8631],[12.5449,45.8625],[12.5497,45.8608],[12.557,45.8473],[12.5572,45.843],[12.5501,45.8394],[12.5545,45.8295],[12.5591,45.826],[12.5688,45.8271],[12.5728,45.8244],[12.5824,45.8234],[12.5878,45.8153],[12.5956,45.8169],[12.5974,45.8222],[12.5944,45.8308],[12.6056,45.8382],[12.6113,45.8328],[12.6241,45.8288],[12.6315,45.8248],[12.6376,45.818],[12.6461,45.8206],[12.654,45.8094],[12.6497,45.802],[12.6618,45.7924],[12.6742,45.7922],[12.695,45.8062],[12.7125,45.8208],[12.7192,45.8276],[12.7288,45.8365],[12.7438,45.8271],[12.7507,45.8319],[12.7689,45.8499],[12.7799,45.8544],[12.7893,45.8488],[12.8034,45.845],[12.7991,45.8332],[12.8018,45.823],[12.8094,45.8204],[12.8188,45.8251],[12.819,45.8337],[12.829,45.8364],[12.8375,45.8413],[12.8436,45.8478],[12.8614,45.8506],[12.8724,45.8483],[12.8772,45.8431],[12.8695,45.8337],[12.8902,45.8206],[12.8934,45.8196],[12.9021,45.8272],[12.9078,45.8292],[12.9152,45.8249],[12.9206,45.8315],[12.9295,45.8174],[12.9419,45.8203],[12.9521,45.8222],[12.951,45.8292],[12.9519,45.8435],[12.9615,45.8469],[12.9663,45.8407],[12.9791,45.834],[12.9709,45.8287],[12.9743,45.8234],[12.982,45.8273],[12.9739,45.8227],[12.9798,45.8184],[12.9932,45.815],[12.9907,45.8094],[12.9787,45.8146],[12.9748,45.808],[12.9809,45.7975],[12.9891,45.7959],[12.9791,45.7928],[12.9779,45.7879],[12.9889,45.7762],[13.0061,45.7659],[13.0019,45.7572],[13.0012,45.7493],[13.0067,45.7449],[13.0157,45.7414],[13.0157,45.7353],[13.0079,45.7311],[13.0077,45.726],[13.0157,45.725],[13.0165,45.7306],[13.0289,45.7352],[13.0302,45.7252],[13.0385,45.7173],[13.0406,45.706],[13.0369,45.6994],[13.0449,45.6938],[13.0533,45.6944],[13.0444,45.6843],[13.0561,45.6777],[13.0623,45.6792],[13.0668,45.6708],[13.0618,45.6628],[13.0654,45.6557],[13.0744,45.6591],[13.0842,45.6574],[13.0833,45.6504],[13.0937,45.6477],[13.1008,45.6433],[13.0977,45.6352],[13.0648,45.6311],[13.028,45.6295],[13.0022,45.6274],[12.9782,45.6231],[12.9782,45.6266],[12.9604,45.6217],[12.9407,45.6181],[12.917,45.6116],[12.9062,45.6116],[12.893,45.601],[12.8667,45.5882],[12.837,45.5772],[12.8156,45.5678],[12.7879,45.5566],[12.7617,45.5427],[12.7194,45.5254],[12.7032,45.522],[12.6442,45.5029],[12.61,45.4901],[12.5844,45.4788],[12.5607,45.4731],[12.5181,45.4586],[12.4675,45.4448],[12.451,45.4371],[12.4378,45.4277],[12.4362,45.4225],[12.4281,45.4185],[12.4128,45.4265],[12.4019,45.4286],[12.3946,45.4253],[12.3788,45.4139],[12.3606,45.3961],[12.3386,45.3644],[12.3324,45.3544],[12.3297,45.345],[12.3304,45.3372],[12.3429,45.3338],[12.3247,45.3288],[12.3201,45.3204],[12.3071,45.2864],[12.3048,45.2786],[12.298,45.2457],[12.2996,45.2384],[12.314,45.2311],[12.3046,45.2292],[12.3002,45.2162],[12.306,45.1954],[12.3131,45.1857],[12.3197,45.181],[12.3324,45.1628],[12.3267,45.1368],[12.329,45.1188],[12.337,45.0983],[12.3338,45.089],[12.3443,45.0894],[12.3567,45.0753],[12.3656,45.0724],[12.3811,45.0586],[12.401,45.0422],[12.4099,45.037],[12.4277,45.026],[12.4485,45.0115],[12.4608,45.0064],[12.485,44.9932],[12.4956,44.9962],[12.5093,44.9946],[12.5136,44.9906],[12.5291,44.9817],[12.5437,44.9758],[12.5536,44.9689],[12.5552,44.9604],[12.5408,44.9548],[12.5149,44.9329],[12.5101,44.9266],[12.4978,44.9027],[12.4814,44.8681],[12.4661,44.8438],[12.4546,44.8381],[12.4243,44.8272],[12.4154,44.8202],[12.4229,44.8154],[12.4224,44.8111],[12.4081,44.7992],[12.3982,44.7927],[12.3763,44.8032],[12.3533,44.8171],[12.3446,44.8352],[12.3434,44.8459],[12.3343,44.8526],[12.3039,44.8553],[12.2941,44.8604],[12.2866,44.8704],[12.2847,44.8784],[12.2845,44.8937],[12.2822,44.9115],[12.2932,44.9231],[12.2922,44.9317],[12.281,44.9418],[12.2745,44.9434],[12.2466,44.9357],[12.2354,44.9314],[12.2249,44.9229],[12.2159,44.9254],[12.1913,44.9256],[12.1794,44.9318],[12.1748,44.9394],[12.1691,44.942],[12.1611,44.9386],[12.1588,44.9338],[12.1443,44.9284],[12.1274,44.9355],[12.1177,44.9512],[12.1162,44.9577],[12.1089,44.9616],[12.1011,44.9618],[12.0997,44.9661],[12.0915,44.9702],[12.0723,44.9721],[12.0639,44.9695],[12.0568,44.9706],[12.0476,44.977],[12.0168,44.9764],[11.9965,44.9823],[11.9857,44.9837],[11.9627,44.9869],[11.9512,44.9835],[11.9387,44.978],[11.9279,44.975],[11.8898,44.977],[11.871,44.9747],[11.8558,44.9746],[11.8384,44.9727],[11.816,44.9772],[11.8048,44.977],[11.7973,44.9738],[11.7838,44.9642],[11.7722,44.962],[11.747,44.9581],[11.7399,44.9497],[11.7447,44.937],[11.7429,44.9328],[11.7329,44.9266],[11.7253,44.9265],[11.7155,44.9264],[11.6979,44.9203],[11.6696,44.914],[11.657,44.9071],[11.6248,44.8892],[11.6196,44.888],[11.6008,44.8889],[11.5921,44.892],[11.5883,44.8993],[11.5864,44.9112],[11.5794,44.9166],[11.5652,44.9189],[11.5565,44.9228],[11.549,44.9289],[11.5392,44.9347],[11.5237,44.9369],[11.4894,44.9373],[11.4659,44.9361],[11.4643,44.9358],[11.4341,44.9294],[11.425,44.9324],[11.424,44.9378],[11.4268,44.9501]]]}},{"type":"Feature","properties":{"name":"Friuli-Venezia Giulia","istat":"06","iso":"IT-36","aliases":["Friuli Venezia Giulia"]},"geometry":{"type":"Polygon","coordinates":[[[13.517,46.383],[13.5163,46.3769],[13.4821,46.369],[13.4757,46.3635],[13.4672,46.3608],[13.4594,46.3629],[13.448,46.3628],[13.4391,46.3601],[13.4371,46.3551],[13.4471,46.3374],[13.4473,46.3304],[13.4343,46.322],[13.4257,46.3226],[13.4181,46.3182],[13.416,46.3111],[13.4028,46.3],[13.3754,46.2981],[13.3765,46.2948],[13.3838,46.2907],[13.3916,46.2798],[13.3969,46.2582],[13.4062,46.2434],[13.4224,46.2344],[13.4142,46.225],[13.4097,46.2167],[13.4106,46.2122],[13.4234,46.2064],[13.4325,46.21],[13.4464,46.2128],[13.4483,46.2161],[13.445,46.2238],[13.4558,46.2262],[13.4844,46.2246],[13.4955,46.2222],[13.4978,46.2174],[13.514,46.215],[13.5294,46.217],[13.5293,46.2122],[13.5387,46.2134],[13.5463,46.2116],[13.5613,46.2044],[13.5659,46.1944],[13.565,46.1878],[13.5736,46.1844],[13.5855,46.1902],[13.5901,46.1881],[13.5949,46.1886],[13.6145,46.1844],[13.6271,46.1889],[13.6351,46.1898],[13.6456,46.1883],[13.6632,46.1802],[13.6641,46.1709],[13.6548,46.1624],[13.6536,46.1581],[13.652,46.1484],[13.6468,46.1404],[13.6397,46.1346],[13.6344,46.1346],[13.6219,46.1231],[13.6025,46.1131],[13.5945,46.1036],[13.583,46.0996],[13.572,46.0886],[13.5527,46.084],[13.5433,46.0807],[13.5298,46.0676],[13.5131,46.0622],[13.501,46.0617],[13.4967,46.057],[13.4969,46.0513],[13.498,46.0476],[13.5101,46.0463],[13.5067,46.0323],[13.4971,46.0177],[13.4908,46.0141],[13.48,46.0115],[13.4763,46.0063],[13.488,45.9962],[13.4948,45.9861],[13.5003,45.9817],[13.5159,45.9779],[13.5261,45.9721],[13.5305,45.9663],[13.5428,45.9648],[13.5563,45.9694],[13.5686,45.9691],[13.5764,45.98],[13.5851,45.988],[13.5935,45.9894],[13.6042,45.9867],[13.6203,45.9837],[13.6346,45.9888],[13.642,45.9823],[13.6346,45.9539],[13.6363,45.9341],[13.6276,45.9256],[13.6136,45.9075],[13.6088,45.8992],[13.5999,45.8953],[13.5903,45.8884],[13.591,45.8731],[13.5839,45.8648],[13.5807,45.8572],[13.5736,45.8492],[13.5744,45.843],[13.5894,45.8315],[13.5949,45.8212],[13.5963,45.8078],[13.6034,45.8044],[13.6234,45.7983],[13.6374,45.7983],[13.6564,45.8001],[13.6705,45.7983],[13.6878,45.7892],[13.7046,45.777],[13.7212,45.7692],[13.7299,45.7667],[13.736,45.7596],[13.7463,45.7552],[13.7555,45.7554],[13.7744,45.7487],[13.7893,45.7461],[13.7998,45.7397],[13.8039,45.7312],[13.8112,45.7229],[13.8272,45.7144],[13.8338,45.7073],[13.835,45.7007],[13.8311,45.6926],[13.8327,45.6895],[13.8448,45.6806],[13.8582,45.6656],[13.8791,45.6521],[13.8984,45.6435],[13.9032,45.6425],[13.9188,45.6335],[13.9179,45.6311],[13.8815,45.6129],[13.8742,45.6104],[13.8615,45.5957],[13.8546,45.5929],[13.8494,45.5848],[13.8386,45.5825],[13.8217,45.5817],[13.8105,45.5809],[13.7811,45.5841],[13.7459,45.5978],[13.723,45.5949],[13.7201,45.6058],[13.7395,45.6096],[13.7569,45.608],[13.773,45.6044],[13.7795,45.5996],[13.7858,45.599],[13.8044,45.6095],[13.8073,45.6068],[13.8046,45.6096],[13.784,45.6131],[13.7762,45.6193],[13.7738,45.6299],[13.7767,45.6339],[13.7665,45.6368],[13.7658,45.6306],[13.7473,45.6395],[13.7548,45.65],[13.76,45.6466],[13.7692,45.653],[13.7625,45.6597],[13.753,45.6774],[13.7534,45.6805],[13.7329,45.6964],[13.7185,45.7015],[13.7119,45.7053],[13.7118,45.7105],[13.7014,45.7174],[13.6771,45.7371],[13.6684,45.7417],[13.6435,45.7563],[13.631,45.7681],[13.6162,45.771],[13.599,45.7729],[13.5808,45.7817],[13.58,45.7769],[13.5727,45.7761],[13.562,45.7783],[13.5487,45.7922],[13.5435,45.7918],[13.5321,45.7858],[13.5373,45.7803],[13.5278,45.7718],[13.5209,45.7629],[13.5232,45.7506],[13.5172,45.7437],[13.5257,45.7372],[13.5344,45.7363],[13.5536,45.7294],[13.5535,45.726],[13.5506,45.7232],[13.5305,45.7232],[13.5159,45.7175],[13.5005,45.7098],[13.4869,45.7047],[13.4679,45.7028],[13.4547,45.6905],[13.4426,45.6865],[13.4241,45.6766],[13.4062,45.6773],[13.3857,45.6748],[13.3678,45.6829],[13.3516,45.679],[13.343,45.6805],[13.3233,45.6874],[13.3014,45.697],[13.2907,45.7045],[13.2553,45.7084],[13.2459,45.7194],[13.2445,45.7133],[13.208,45.7129],[13.1858,45.7112],[13.171,45.7031],[13.1568,45.7027],[13.1527,45.6978],[13.1472,45.6886],[13.1171,45.6695],[13.1093,45.6628],[13.1045,45.6547],[13.1008,45.6433],[13.0937,45.6477],[13.0833,45.6504],[13.0842,45.6574],[13.0744,45.6591],[13.0654,45.6557],[13.0618,45.6628],[13.0668,45.6708],[13.0623,45.6792],[13.0561,45.6777],[13.0444,45.6843],[13.0533,45.6944],[13.0449,45.6938],[13.0369,45.6994],[13.0406,45.706],[13.0385,45.7173],[13.0302,45.7252],[13.0289,45.7352],[13.0165,45.7306],[13.0157,45.725],[13.0077,45.726],[13.0079,45.7311],[13.0157,45.7353],[13.0157,45.7414],[13.0067,45.7449],[13.0012,45.7493],[13.0019,45.7572],[13.0061,45.7659],[12.9889,45.7762],[12.9779,45.7879],[12.9791,45.7928],[12.9891,45.7959],[12.9809,45.7975],[12.9748,45.808],[12.9787,45.8146],[12.9907,45.8094],[12.9932,45.815],[12.9798,45.8184],[12.9739,45.8227],[12.982,45.8273],[12.9743,45.8234],[12.9709,45.8287],[12.9791,45.834],[12.9663,45.8407],[12.9615,45.8469],[12.9519,45.8435],[12.951,45.8292],[12.9521,45.8222],[12.9419,45.8203],[12.9295,45.8174],[12.9206,45.8315],[12.9152,45.8249],[12.9078,45.8292],[12.9021,45.8272],[12.8934,45.8196],[12.8902,45.8206],[12.8695,45.8337],[12.8772,45.8431],[12.8724,45.8483],[12.8614,45.8506],[12.8436,45.8478],[12.8375,45.8413],[12.829,45.8364],[12.819,45.8337],[12.8188,45.8251],[12.8094,45.8204],[12.8018,45.823],[12.7991,45.8332],[12.8034,45.845],[12.7893,45.8488],[12.7799,45.8544],[12.7689,45.8499],[12.7507,45.8319],[12.7438,45.8271],[12.7288,45.8365],[12.7192,45.8276],[12.7125,45.8208],[12.695,45.8062],[12.6742,45.7922],[12.6618,45.7924],[12.6497,45.802],[12.654,45.8094],[12.6461,45.8206],[12.6376,45.818],[12.6315,45.8248],[12.6241,45.8288],[12.6113,45.8328],[12.6056,45.8382],[12.5944,45.8308],[12.5974,45.8222],[12.5956,45.8169],[12.5878,45.8153],[12.5824,45.8234],[12.5728,45.8244],[12.5688,45.8271],[12.5591,45.826],[12.5545,45.8295],[12.5501,45.8394],[12.5572,45.843],[12.557,45.8473],[12.5497,45.8608],[12.5449,45.8625],[12.531,45.8631],[12.5355,45.8693],[12.5326,45.8803],[12.5083,45.8969],[12.5232,45.903],[12.5157,45.9041],[12.5058,45.9162],[12.5079,45.92],[12.5008,45.9252],[12.4862,45.9257],[12.4789,45.9268],[12.4668,45.932],[12.4567,45.9423],[12.4556,45.9462],[12.453,45.9472],[12.4327,45.9455],[12.4261,45.9471],[12.4227,45.9557],[12.4257,45.9667],[12.4272,45.9847],[12.4268,45.9964],[12.4188,46.0086],[12.4149,46.02],[12.4152,46.0269],[12.4019,46.0383],[12.4003,46.0419],[12.4051,46.0427],[12.4099,46.0592],[12.4161,46.0596],[12.4241,46.0682],[12.4279,46.0763],[12.4357,46.0832],[12.4547,46.0888],[12.4725,46.0959],[12.4852,46.1066],[12.4889,46.1145],[12.494,46.121],[12.4917,46.1241],[12.4972,46.1298],[12.4971,46.1328],[12.4987,46.1384],[12.4955,46.1505],[12.4898,46.1571],[12.4627,46.1676],[12.4469,46.1804],[12.4425,46.1995],[12.4464,46.2079],[12.4252,46.2092],[12.4072,46.2071],[12.4001,46.2112],[12.4087,46.2223],[12.4016,46.229],[12.3907,46.2282],[12.3765,46.223],[12.3724,46.2239],[12.3656,46.2294],[12.3557,46.2312],[12.3525,46.2364],[12.3411,46.2401],[12.3299,46.2539],[12.324,46.2562],[12.321,46.2688],[12.329,46.2827],[12.3393,46.2854],[12.3482,46.2924],[12.3516,46.2939],[12.3557,46.3094],[12.3548,46.3198],[12.3633,46.3248],[12.3715,46.326],[12.3827,46.33],[12.4028,46.3293],[12.4122,46.3323],[12.4213,46.3426],[12.4174,46.3548],[12.4288,46.3516],[12.4419,46.3597],[12.4611,46.3693],[12.461,46.3786],[12.4551,46.3916],[12.4642,46.3884],[12.4691,46.39],[12.4789,46.4005],[12.4894,46.4087],[12.4987,46.4122],[12.4942,46.4187],[12.4939,46.4261],[12.5045,46.4401],[12.5161,46.4467],[12.5248,46.4486],[12.528,46.4528],[12.5271,46.4594],[12.531,46.4649],[12.5417,46.4584],[12.5483,46.4638],[12.5682,46.4756],[12.5947,46.4707],[12.6068,46.4644],[12.6209,46.4754],[12.6424,46.4723],[12.649,46.4666],[12.6561,46.4653],[12.6625,46.4681],[12.6566,46.4814],[12.652,46.4851],[12.6451,46.4889],[12.6301,46.5007],[12.6307,46.5122],[12.6216,46.5265],[12.6193,46.54],[12.6289,46.5605],[12.6369,46.572],[12.6459,46.574],[12.657,46.5728],[12.6668,46.5817],[12.6744,46.5853],[12.6845,46.5974],[12.6902,46.6006],[12.7078,46.602],[12.7048,46.6184],[12.7112,46.6255],[12.7274,46.6303],[12.732,46.6338],[12.7454,46.6397],[12.7505,46.6451],[12.7619,46.6477],[12.7746,46.6468],[12.7916,46.6431],[12.8028,46.6338],[12.8176,46.6293],[12.8308,46.6306],[12.8373,46.6274],[12.834,46.6208],[12.8336,46.6107],[12.8521,46.6051],[12.8676,46.6092],[12.8884,46.607],[12.8948,46.6085],[12.9222,46.6091],[12.9346,46.6083],[12.9496,46.6028],[12.9576,46.606],[12.9876,46.5994],[13.0019,46.602],[13.0232,46.6014],[13.0275,46.5979],[13.0446,46.5958],[13.0567,46.5974],[13.0821,46.6004],[13.0942,46.5989],[13.1081,46.5951],[13.1426,46.5889],[13.1637,46.5885],[13.1824,46.5772],[13.1968,46.5716],[13.2018,46.5719],[13.215,46.5702],[13.2322,46.5592],[13.2326,46.5536],[13.2374,46.5532],[13.248,46.5584],[13.2665,46.5601],[13.3007,46.5585],[13.3094,46.554],[13.3206,46.5521],[13.3391,46.5651],[13.3462,46.5687],[13.364,46.57],[13.3727,46.5793],[13.406,46.5722],[13.408,46.5615],[13.4273,46.5576],[13.4757,46.5584],[13.4983,46.5655],[13.504,46.5661],[13.5072,46.5584],[13.5154,46.5483],[13.52,46.5469],[13.5424,46.5537],[13.5641,46.5505],[13.5689,46.5448],[13.5698,46.5388],[13.5835,46.5399],[13.5912,46.5456],[13.6271,46.5415],[13.6378,46.5362],[13.6748,46.5233],[13.6892,46.5216],[13.7139,46.5232],[13.7175,46.5132],[13.7164,46.5083],[13.7036,46.5013],[13.7039,46.4881],[13.7077,46.4828],[13.7054,46.4774],[13.6945,46.4682],[13.6974,46.4543],[13.6936,46.4439],[13.6842,46.4374],[13.6541,46.4422],[13.6474,46.4459],[13.6134,46.4401],[13.5986,46.4391],[13.5821,46.4298],[13.5785,46.4241],[13.5768,46.409],[13.5695,46.4017],[13.533,46.3855],[13.517,46.383]]]}},{"type":"Feature","properties":{"name":"Emilia-Romagna","istat":"08","iso":"IT-45","aliases":["Emilia Romagna"]},"geometry":{"type":"Polygon","coordinates":[[[9.2004,44.6863],[9.2167,44.6835],[9.2372,44.6851],[9.2422,44.6874],[9.2322,44.7033],[9.2359,44.7128],[9.2351,44.7163],[9.24,44.7114],[9.2543,44.6922],[9.2575,44.6812],[9.266,44.6839],[9.2786,44.6855],[9.2859,44.6845],[9.2877,44.6802],[9.2984,44.681],[9.3057,44.6883],[9.3247,44.6901],[9.3263,44.6938],[9.3155,44.6975],[9.3085,44.7056],[9.3172,44.7195],[9.3259,44.7231],[9.3325,44.7349],[9.3213,44.7434],[9.2993,44.7517],[9.2859,44.7595],[9.2849,44.7671],[9.287,44.7725],[9.3071,44.7801],[9.3179,44.7863],[9.3215,44.8],[9.3299,44.8],[9.3457,44.8076],[9.3576,44.8146],[9.3631,44.8223],[9.3592,44.8239],[9.3503,44.837],[9.3478,44.8442],[9.3423,44.8673],[9.3265,44.8729],[9.3242,44.8784],[9.3073,44.8762],[9.29,44.8822],[9.2927,44.8903],[9.2843,44.8949],[9.2774,44.8956],[9.2841,44.9035],[9.2929,44.9204],[9.2859,44.9294],[9.2865,44.9339],[9.3098,44.9355],[9.3146,44.9369],[9.3217,44.9439],[9.3231,44.9496],[9.3247,44.9561],[9.3375,44.9654],[9.3354,44.9747],[9.343,44.9914],[9.3473,44.997],[9.3535,45.001],[9.3613,45.0001],[9.366,45.003],[9.3711,45.0148],[9.3756,45.02],[9.3693,45.0237],[9.3756,45.0404],[9.3708,45.0483],[9.3893,45.0641],[9.4063,45.0732],[9.4126,45.0789],[9.4126,45.0836],[9.4218,45.084],[9.4275,45.0817],[9.4369,45.0834],[9.4391,45.0934],[9.4659,45.0947],[9.4803,45.0988],[9.4937,45.1034],[9.5051,45.1022],[9.5182,45.0906],[9.5253,45.0803],[9.5319,45.0785],[9.5449,45.0846],[9.551,45.0907],[9.5506,45.0953],[9.5374,45.1148],[9.5357,45.1219],[9.5364,45.1241],[9.5373,45.1261],[9.5486,45.1327],[9.5531,45.1307],[9.5609,45.1225],[9.5686,45.1073],[9.586,45.1051],[9.5874,45.0996],[9.6018,45.1042],[9.6089,45.1085],[9.6132,45.1138],[9.615,45.1262],[9.6184,45.1331],[9.6294,45.132],[9.6337,45.1291],[9.6367,45.1265],[9.6408,45.1166],[9.6379,45.113],[9.6376,45.1044],[9.6315,45.0878],[9.6433,45.0805],[9.6534,45.0815],[9.6769,45.0776],[9.6822,45.0712],[9.7137,45.0583],[9.7221,45.0594],[9.7301,45.0635],[9.7379,45.0732],[9.7479,45.0757],[9.7532,45.0865],[9.745,45.1059],[9.7456,45.1119],[9.7575,45.1125],[9.7665,45.1073],[9.779,45.0895],[9.7882,45.0844],[9.8101,45.0799],[9.8151,45.0764],[9.8169,45.0707],[9.8165,45.0544],[9.8238,45.0525],[9.8332,45.0603],[9.835,45.0691],[9.8313,45.0821],[9.8354,45.0941],[9.8477,45.0965],[9.8635,45.0925],[9.8713,45.0849],[9.8754,45.0777],[9.8843,45.0749],[9.8967,45.0807],[9.9012,45.0886],[9.9007,45.0954],[9.8943,45.1019],[9.8793,45.1117],[9.8756,45.1225],[9.8809,45.127],[9.8911,45.131],[9.9081,45.1358],[9.9154,45.1391],[9.9263,45.132],[9.9264,45.1243],[9.9215,45.114],[9.9144,45.1095],[9.9151,45.1004],[9.9227,45.1],[9.9321,45.1027],[9.9599,45.1214],[9.9665,45.1275],[9.9713,45.1324],[9.9837,45.1338],[9.9926,45.1298],[10.0001,45.1227],[10.0099,45.1107],[10.0179,45.1042],[10.0245,45.1008],[10.0291,45.0949],[10.0278,45.0844],[10.0214,45.0772],[10.0257,45.0703],[10.0326,45.0655],[10.0406,45.0638],[10.0442,45.0625],[10.0529,45.0501],[10.0502,45.0414],[10.0574,45.0415],[10.0823,45.0467],[10.0835,45.044],[10.0844,45.0323],[10.0929,45.0237],[10.1061,45.0222],[10.1306,45.0298],[10.1475,45.0355],[10.1523,45.0408],[10.1577,45.0441],[10.1707,45.042],[10.1748,45.0342],[10.181,45.0305],[10.194,45.0281],[10.211,45.0341],[10.2422,45.0229],[10.2541,45.0187],[10.2601,45.0143],[10.2651,45.0047],[10.2738,44.9985],[10.3,45.0002],[10.3098,44.9934],[10.3089,44.9875],[10.3183,44.9839],[10.3308,44.9808],[10.35,44.9679],[10.3589,44.9655],[10.3635,44.9657],[10.3733,44.9706],[10.3832,44.9791],[10.3932,44.9835],[10.4014,44.9848],[10.4099,44.9829],[10.4167,44.9776],[10.425,44.9602],[10.4318,44.9471],[10.4433,44.9405],[10.4517,44.9405],[10.464,44.9371],[10.4812,44.9302],[10.5044,44.9224],[10.515,44.9144],[10.5269,44.9126],[10.5536,44.9107],[10.5661,44.9085],[10.5823,44.9126],[10.5924,44.9148],[10.5988,44.9147],[10.6118,44.9211],[10.6251,44.9256],[10.6278,44.9243],[10.631,44.9302],[10.6394,44.9394],[10.6502,44.948],[10.6646,44.9689],[10.679,44.9764],[10.6867,44.9867],[10.6959,44.9744],[10.6881,44.9657],[10.6956,44.9622],[10.7045,44.9667],[10.7109,44.9731],[10.7114,44.9831],[10.7146,44.9872],[10.7247,44.9914],[10.7315,44.9914],[10.7411,44.9809],[10.7424,44.9721],[10.7482,44.9628],[10.7427,44.954],[10.7445,44.9489],[10.7665,44.9456],[10.7706,44.944],[10.8087,44.9361],[10.8124,44.9377],[10.8402,44.932],[10.8477,44.9257],[10.8654,44.9297],[10.866,44.9236],[10.874,44.9219],[10.8766,44.9171],[10.8879,44.9143],[10.8902,44.9124],[10.914,44.9232],[10.9192,44.9239],[10.9414,44.9219],[10.9514,44.9278],[10.9506,44.9334],[10.9663,44.9346],[10.9763,44.9418],[10.9889,44.9513],[10.9981,44.9549],[11.0227,44.9527],[11.0303,44.9513],[11.049,44.9512],[11.0595,44.9488],[11.0721,44.9618],[11.0887,44.9593],[11.1164,44.9549],[11.1242,44.9513],[11.1427,44.9377],[11.1536,44.9335],[11.1584,44.9381],[11.202,44.9394],[11.2132,44.9435],[11.2319,44.9448],[11.2434,44.9479],[11.2463,44.9515],[11.2617,44.9454],[11.2722,44.9383],[11.2854,44.9568],[11.3087,44.9605],[11.3228,44.9612],[11.3343,44.9585],[11.3571,44.95],[11.3628,44.9555],[11.3782,44.958],[11.3902,44.9559],[11.4056,44.9487],[11.4263,44.9521],[11.4268,44.9501],[11.424,44.9378],[11.425,44.9324],[11.4341,44.9294],[11.4643,44.9358],[11.4659,44.9361],[11.4894,44.9373],[11.5237,44.9369],[11.5392,44.9347],[11.549,44.9289],[11.5565,44.9228],[11.5652,44.9189],[11.5794,44.9166],[11.5864,44.9112],[11.5883,44.8993],[11.5921,44.892],[11.6008,44.8889],[11.6196,44.888],[11.6248,44.8892],[11.657,44.9071],[11.6696,44.914],[11.6979,44.9203],[11.7155,44.9264],[11.7253,44.9265],[11.7329,44.9266],[11.7429,44.9328],[11.7447,44.937],[11.7399,44.9497],[11.747,44.9581],[11.7722,44.962],[11.7838,44.9642],[11.7973,44.9738],[11.8048,44.977],[11.816,44.9772],[11.8384,44.9727],[11.8558,44.9746],[11.871,44.9747],[11.8898,44.977],[11.9279,44.975],[11.9387,44.978],[11.9512,44.9835],[11.9627,44.9869],[11.9857,44.9837],[11.9965,44.9823],[12.0168,44.9764],[12.0476,44.977],[12.0568,44.9706],[12.0639,44.9695],[12.0723,44.9721],[12.0915,44.9702],[12.0997,44.9661],[12.1011,44.9618],[12.1089,44.9616],[12.1162,44.9577],[12.1177,44.9512],[12.1274,44.9355],[12.1443,44.9284],[12.1588,44.9338],[12.1611,44.9386],[12.1691,44.942],[12.1748,44.9394],[12.1794,44.9318],[12.1913,44.9256],[12.2159,44.9254],[12.2249,44.9229],[12.2354,44.9314],[12.2466,44.9357],[12.2745,44.9434],[12.281,44.9418],[12.2922,44.9317],[12.2932,44.9231],[12.2822,44.9115],[12.2845,44.8937],[12.2847,44.8784],[12.2866,44.8704],[12.2941,44.8604],[12.3039,44.8553],[12.3343,44.8526],[12.3434,44.8459],[12.3446,44.8352],[12.3533,44.8171],[12.3763,44.8032],[12.3982,44.7927],[12.393,44.7874],[12.3752,44.7835],[12.3304,44.787],[12.3443,44.7911],[12.3653,44.7868],[12.3813,44.7855],[12.3854,44.79],[12.3743,44.7915],[12.3727,44.7964],[12.3525,44.8119],[12.3505,44.8172],[12.3354,44.8239],[12.3171,44.8413],[12.2897,44.8417],[12.2763,44.832],[12.2589,44.8157],[12.2708,44.8119],[12.2664,44.8044],[12.2697,44.806],[12.2822,44.8183],[12.2845,44.8157],[12.2571,44.7801],[12.248,44.7575],[12.244,44.7402],[12.2411,44.7116],[12.2404,44.691],[12.2436,44.6804],[12.2523,44.6757],[12.2505,44.662],[12.2594,44.6419],[12.2678,44.6283],[12.2758,44.6149],[12.2811,44.5963],[12.2824,44.5869],[12.2833,44.5586],[12.2804,44.5412],[12.2797,44.5222],[12.2808,44.5116],[12.2856,44.4979],[12.2938,44.4889],[12.2858,44.486],[12.2874,44.4722],[12.292,44.4545],[12.3083,44.4197],[12.3151,44.4066],[12.3238,44.3666],[12.33,44.3459],[12.335,44.3334],[12.3429,44.3188],[12.3482,44.3012],[12.3514,44.2864],[12.3573,44.2706],[12.3678,44.2494],[12.3839,44.2246],[12.3925,44.2132],[12.4078,44.2024],[12.4199,44.1881],[12.4371,44.1741],[12.4428,44.1685],[12.4451,44.1669],[12.4506,44.1622],[12.4729,44.1441],[12.504,44.1157],[12.5157,44.1052],[12.5294,44.0953],[12.5558,44.0785],[12.5686,44.0761],[12.5746,44.0791],[12.605,44.0488],[12.6323,44.025],[12.657,44.0078],[12.6881,43.987],[12.7134,43.9747],[12.7214,43.9727],[12.7372,43.9683],[12.7505,43.9686],[12.7534,43.96],[12.7484,43.9531],[12.7415,43.941],[12.7342,43.9335],[12.7336,43.9298],[12.7287,43.9217],[12.7301,43.9131],[12.7271,43.9118],[12.7349,43.896],[12.7228,43.8811],[12.7336,43.8699],[12.7329,43.8693],[12.7219,43.8611],[12.7105,43.8596],[12.6972,43.8531],[12.6824,43.8528],[12.6783,43.8393],[12.6813,43.8281],[12.6749,43.8251],[12.6429,43.8267],[12.6289,43.821],[12.6244,43.8211],[12.6189,43.8264],[12.6113,43.8308],[12.6104,43.8372],[12.6189,43.8426],[12.6159,43.8464],[12.607,43.845],[12.6009,43.8506],[12.6029,43.862],[12.5894,43.8653],[12.5913,43.8695],[12.5896,43.8856],[12.5725,43.8848],[12.5672,43.8824],[12.5602,43.869],[12.5511,43.8665],[12.5412,43.8646],[12.5341,43.8705],[12.5216,43.8737],[12.5175,43.8811],[12.5019,43.8754],[12.4896,43.8826],[12.4871,43.8864],[12.4873,43.8964],[12.4935,43.911],[12.4939,43.9156],[12.4924,43.9183],[12.5134,43.9377],[12.5156,43.9414],[12.5138,43.9496],[12.5074,43.959],[12.5104,43.9803],[12.5154,43.9847],[12.5136,43.9913],[12.507,43.9914],[12.4917,43.9829],[12.4807,43.9811],[12.4642,43.9748],[12.453,43.9694],[12.4393,43.959],[12.4252,43.9573],[12.4126,43.9524],[12.4046,43.9556],[12.4056,43.9426],[12.4122,43.9378],[12.4152,43.9308],[12.4083,43.9216],[12.4124,43.9094],[12.4083,43.903],[12.4177,43.899],[12.4245,43.9026],[12.4394,43.9055],[12.4546,43.8941],[12.4624,43.8938],[12.4636,43.8913],[12.4556,43.8783],[12.4458,43.8711],[12.435,43.8722],[12.4323,43.8749],[12.4302,43.8717],[12.4142,43.8743],[12.4035,43.8749],[12.4005,43.8727],[12.4035,43.8703],[12.3975,43.8673],[12.3916,43.847],[12.396,43.8299],[12.3987,43.8264],[12.3943,43.8214],[12.388,43.8167],[12.3683,43.8129],[12.3562,43.8029],[12.3498,43.7996],[12.3343,43.8016],[12.316,43.8057],[12.3066,43.8],[12.2861,43.7948],[12.2827,43.7894],[12.289,43.7859],[12.2872,43.7717],[12.2836,43.7649],[12.2779,43.7648],[12.258,43.7604],[12.253,43.7526],[12.244,43.751],[12.2413,43.7542],[12.2281,43.7596],[12.2093,43.755],[12.2045,43.7482],[12.1977,43.7449],[12.2,43.7417],[12.1947,43.7319],[12.1716,43.7498],[12.1648,43.7611],[12.1602,43.7616],[12.1397,43.7524],[12.1237,43.7493],[12.1075,43.7538],[12.0816,43.7433],[12.0771,43.7406],[12.0647,43.7429],[12.0604,43.7535],[12.0463,43.7584],[12.0446,43.7551],[12.0214,43.7607],[12.0097,43.7647],[11.999,43.7647],[11.9866,43.7619],[11.9739,43.7682],[11.9515,43.7777],[11.9512,43.787],[11.9483,43.7904],[11.9334,43.7923],[11.917,43.7961],[11.9131,43.7989],[11.9142,43.8089],[11.9104,43.8134],[11.8975,43.8082],[11.8781,43.8105],[11.8667,43.8166],[11.856,43.8159],[11.8505,43.811],[11.8421,43.8081],[11.8418,43.8081],[11.8364,43.8111],[11.8208,43.816],[11.8073,43.8289],[11.7934,43.8389],[11.7884,43.845],[11.7842,43.8476],[11.7587,43.8553],[11.744,43.8607],[11.732,43.8634],[11.7219,43.8743],[11.7102,43.8774],[11.7084,43.8859],[11.7139,43.8986],[11.7171,43.9219],[11.6917,43.9308],[11.6824,43.9383],[11.6927,43.9533],[11.6888,43.959],[11.679,43.962],[11.6604,43.9747],[11.6534,43.9759],[11.6461,43.9906],[11.6502,44.003],[11.6611,44.0038],[11.6637,44.0063],[11.657,44.0164],[11.6628,44.0204],[11.6819,44.0212],[11.6959,44.0392],[11.7006,44.0556],[11.7126,44.0691],[11.7335,44.0848],[11.7367,44.0914],[11.7496,44.1104],[11.7528,44.1206],[11.745,44.1261],[11.7354,44.1251],[11.7203,44.1207],[11.7159,44.1226],[11.7006,44.1207],[11.6817,44.1227],[11.6732,44.1134],[11.6527,44.1008],[11.6435,44.1063],[11.6387,44.1116],[11.6116,44.1195],[11.6008,44.1186],[11.5846,44.1122],[11.5878,44.1238],[11.5997,44.1253],[11.6036,44.1372],[11.6178,44.1457],[11.6143,44.1551],[11.6154,44.1582],[11.6041,44.1585],[11.5928,44.161],[11.5776,44.1614],[11.5686,44.1667],[11.5529,44.1658],[11.5535,44.1607],[11.5447,44.1526],[11.5296,44.1579],[11.525,44.1577],[11.5239,44.1562],[11.5163,44.1574],[11.5104,44.1639],[11.4997,44.1662],[11.4862,44.1757],[11.4896,44.1802],[11.4823,44.1849],[11.4677,44.1858],[11.4636,44.1912],[11.4547,44.1938],[11.4482,44.1999],[11.448,44.2049],[11.4549,44.2117],[11.4514,44.2206],[11.4272,44.2347],[11.4211,44.2393],[11.4177,44.2349],[11.3935,44.2171],[11.3891,44.2125],[11.3871,44.2049],[11.3806,44.2],[11.3727,44.2003],[11.3628,44.2041],[11.3462,44.2051],[11.3302,44.1984],[11.3242,44.1928],[11.3229,44.1818],[11.3117,44.1737],[11.2959,44.1716],[11.2929,44.1655],[11.2811,44.1562],[11.2685,44.1586],[11.2345,44.1583],[11.2276,44.1539],[11.2141,44.1502],[11.1956,44.1514],[11.1957,44.143],[11.2153,44.1319],[11.2295,44.1272],[11.2489,44.1169],[11.2601,44.1158],[11.2637,44.1043],[11.2512,44.1023],[11.2473,44.0978],[11.2411,44.0978],[11.2295,44.102],[11.2082,44.0991],[11.2023,44.1007],[11.1858,44.1059],[11.1703,44.1076],[11.1639,44.1107],[11.155,44.1118],[11.1388,44.1077],[11.1276,44.1097],[11.1253,44.1076],[11.0931,44.0945],[11.0904,44.0907],[11.0768,44.0917],[11.0543,44.0915],[11.0494,44.0903],[11.047,44.095],[11.0323,44.096],[11.0241,44.0975],[11.0115,44.1043],[11.002,44.1124],[11.0061,44.1215],[11.0149,44.1253],[11.0145,44.1371],[11.0068,44.1385],[10.9962,44.1361],[10.9935,44.1291],[10.9823,44.1243],[10.9713,44.1162],[10.9642,44.1019],[10.9448,44.0817],[10.9266,44.0748],[10.9177,44.0629],[10.9017,44.0641],[10.8991,44.0666],[10.9053,44.0799],[10.9019,44.0864],[10.8788,44.0986],[10.8756,44.0999],[10.8567,44.099],[10.8491,44.098],[10.8428,44.1096],[10.8292,44.1166],[10.8192,44.1125],[10.8147,44.1162],[10.8032,44.1193],[10.7982,44.1263],[10.7836,44.1295],[10.7731,44.1347],[10.7673,44.14],[10.7605,44.1502],[10.7543,44.1542],[10.7416,44.1563],[10.7173,44.1557],[10.7125,44.1571],[10.7006,44.1551],[10.6892,44.1571],[10.6717,44.1543],[10.6616,44.1541],[10.641,44.1595],[10.6356,44.1534],[10.6331,44.1462],[10.6225,44.1412],[10.6251,44.127],[10.6241,44.1203],[10.61,44.1186],[10.6052,44.1146],[10.5931,44.1154],[10.5835,44.1203],[10.5814,44.1269],[10.5689,44.1365],[10.5426,44.15],[10.525,44.157],[10.5197,44.1672],[10.523,44.1749],[10.51,44.1869],[10.4935,44.1952],[10.4869,44.2025],[10.4867,44.2069],[10.4919,44.2175],[10.4828,44.2232],[10.47,44.226],[10.4663,44.2296],[10.4521,44.2295],[10.4357,44.2262],[10.4307,44.2267],[10.4142,44.2359],[10.4074,44.2493],[10.4014,44.2513],[10.3772,44.2672],[10.3606,44.2716],[10.3507,44.2697],[10.3372,44.2716],[10.314,44.2787],[10.308,44.284],[10.2964,44.2851],[10.2729,44.2759],[10.266,44.2716],[10.2539,44.2686],[10.2361,44.2827],[10.2292,44.2968],[10.2182,44.3046],[10.2125,44.3028],[10.2032,44.3102],[10.1952,44.3159],[10.1876,44.317],[10.1847,44.3216],[10.168,44.3299],[10.1598,44.3447],[10.142,44.3539],[10.1184,44.353],[10.1018,44.3484],[10.0951,44.3484],[10.092,44.3524],[10.078,44.3568],[10.067,44.3633],[10.0625,44.3681],[10.0533,44.373],[10.0422,44.3742],[10.0301,44.3812],[10.0165,44.3871],[10.0084,44.39],[9.9892,44.4043],[9.9962,44.4156],[10.0024,44.4228],[10.0065,44.4323],[10.001,44.4431],[9.996,44.447],[9.9811,44.4451],[9.9714,44.4521],[9.9713,44.4633],[9.9537,44.4685],[9.933,44.4711],[9.9181,44.4709],[9.9094,44.4681],[9.8999,44.4727],[9.8927,44.4703],[9.8745,44.4695],[9.8551,44.4707],[9.8256,44.4677],[9.8162,44.4622],[9.8167,44.452],[9.8108,44.4509],[9.7906,44.437],[9.7811,44.4249],[9.763,44.4082],[9.7573,44.4071],[9.753,44.4009],[9.7552,44.3929],[9.7605,44.39],[9.7448,44.3895],[9.7441,44.3823],[9.732,44.3794],[9.7169,44.3832],[9.6899,44.3692],[9.6867,44.366],[9.6751,44.3646],[9.6717,44.3705],[9.6634,44.3952],[9.663,44.4006],[9.6545,44.4118],[9.6424,44.4124],[9.6235,44.4216],[9.6129,44.4258],[9.6066,44.4314],[9.6056,44.4358],[9.5983,44.4367],[9.5849,44.4284],[9.5741,44.435],[9.5586,44.4387],[9.5549,44.4381],[9.5508,44.428],[9.5408,44.4257],[9.5289,44.4278],[9.4928,44.4233],[9.4819,44.4171],[9.4791,44.4092],[9.4743,44.4123],[9.4723,44.4219],[9.4613,44.4229],[9.4428,44.4166],[9.4384,44.4185],[9.4396,44.4301],[9.4464,44.4389],[9.4522,44.4404],[9.4581,44.4488],[9.4617,44.4585],[9.4706,44.472],[9.4697,44.4768],[9.469,44.4819],[9.4761,44.4821],[9.4823,44.4792],[9.4967,44.4827],[9.4953,44.5026],[9.501,44.5116],[9.5045,44.5301],[9.4974,44.5406],[9.4903,44.5432],[9.4882,44.5484],[9.4933,44.556],[9.486,44.5613],[9.4697,44.5658],[9.4643,44.5659],[9.4533,44.5621],[9.4513,44.5712],[9.4467,44.5718],[9.4407,44.5667],[9.4304,44.574],[9.4231,44.5745],[9.419,44.5854],[9.419,44.5953],[9.4056,44.6008],[9.4026,44.5907],[9.395,44.5876],[9.3894,44.5902],[9.3811,44.5768],[9.3693,44.5832],[9.3555,44.5845],[9.3468,44.5796],[9.3363,44.5821],[9.3279,44.589],[9.308,44.6004],[9.305,44.6051],[9.2973,44.6067],[9.2872,44.6069],[9.2841,44.5978],[9.2724,44.5959],[9.2456,44.6012],[9.2562,44.6103],[9.2456,44.6196],[9.2247,44.6181],[9.203,44.6136],[9.2002,44.6164],[9.2005,44.6262],[9.1981,44.6498],[9.203,44.6533],[9.2064,44.6608],[9.202,44.6716],[9.1995,44.6785],[9.2,44.6861],[9.2004,44.6863]],[[12.1765,43.8105],[12.1696,43.8046],[12.1764,43.7883],[12.1842,43.7814],[12.1877,43.7738],[12.1995,43.7704],[12.2004,43.7745],[12.2123,43.7817],[12.2342,43.7872],[12.2404,43.7906],[12.2372,43.8013],[12.2326,43.8071],[12.2242,43.8098],[12.218,43.8028],[12.1982,43.8062],[12.189,43.8048],[12.1765,43.8105]]]}},{"type":"Feature","properties":{"name":"Marche","istat":"11","iso":"IT-57","aliases":["The Marches"]},"geometry":{"type":"Polygon","coordinates":[[[12.5008,43.5196],[12.4839,43.5271],[12.4784,43.5259],[12.4736,43.5186],[12.4576,43.5169],[12.446,43.5301],[12.4378,43.5376],[12.4165,43.5336],[12.4067,43.5249],[12.3989,43.5132],[12.4001,43.5097],[12.3882,43.5097],[12.3834,43.5168],[12.3864,43.5204],[12.3701,43.5317],[12.3649,43.5326],[12.3498,43.5217],[12.3332,43.5236],[12.313,43.5431],[12.3199,43.5532],[12.3409,43.5526],[12.3464,43.5561],[12.3669,43.5773],[12.3708,43.5865],[12.3617,43.5952],[12.3626,43.6028],[12.3713,43.6112],[12.3573,43.6172],[12.3507,43.6122],[12.3501,43.6079],[12.3345,43.6099],[12.3267,43.6033],[12.3112,43.5992],[12.3075,43.5918],[12.2998,43.5861],[12.2923,43.5866],[12.292,43.5935],[12.2849,43.5947],[12.2721,43.5939],[12.2614,43.5889],[12.2553,43.5902],[12.2342,43.5939],[12.2251,43.5943],[12.2137,43.6108],[12.2094,43.6213],[12.2039,43.6262],[12.1897,43.633],[12.1854,43.6419],[12.1977,43.648],[12.2082,43.6509],[12.2201,43.6507],[12.2335,43.6566],[12.2482,43.6673],[12.2511,43.6725],[12.245,43.6815],[12.2614,43.6805],[12.2715,43.6765],[12.2801,43.6778],[12.2934,43.6846],[12.3059,43.6979],[12.3034,43.7004],[12.3053,43.713],[12.3011,43.7195],[12.3048,43.7279],[12.3083,43.7301],[12.3137,43.721],[12.314,43.7008],[12.3188,43.6959],[12.3204,43.6879],[12.3158,43.678],[12.3306,43.6738],[12.3363,43.6781],[12.3293,43.702],[12.3331,43.7076],[12.3457,43.709],[12.3574,43.702],[12.3679,43.7057],[12.3713,43.709],[12.3674,43.7157],[12.3388,43.7362],[12.327,43.751],[12.3192,43.7546],[12.3075,43.7564],[12.3014,43.756],[12.2836,43.7649],[12.2872,43.7717],[12.289,43.7859],[12.2827,43.7894],[12.2861,43.7948],[12.3066,43.8],[12.316,43.8057],[12.3343,43.8016],[12.3498,43.7996],[12.3562,43.8029],[12.3683,43.8129],[12.388,43.8167],[12.3943,43.8214],[12.3987,43.8264],[12.396,43.8299],[12.3916,43.847],[12.3975,43.8673],[12.4035,43.8703],[12.4005,43.8727],[12.4035,43.8749],[12.4142,43.8743],[12.4302,43.8717],[12.4323,43.8749],[12.435,43.8722],[12.4458,43.8711],[12.4556,43.8783],[12.4636,43.8913],[12.4624,43.8938],[12.4697,43.8965],[12.4873,43.8964],[12.4871,43.8864],[12.4896,43.8826],[12.5019,43.8754],[12.5175,43.8811],[12.5216,43.8737],[12.5341,43.8705],[12.5412,43.8646],[12.5511,43.8665],[12.5602,43.869],[12.5672,43.8824],[12.5725,43.8848],[12.5896,43.8856],[12.5913,43.8695],[12.5894,43.8653],[12.6029,43.862],[12.6009,43.8506],[12.607,43.845],[12.6159,43.8464],[12.6189,43.8426],[12.6104,43.8372],[12.6113,43.8308],[12.6189,43.8264],[12.6244,43.8211],[12.6289,43.821],[12.6429,43.8267],[12.6749,43.8251],[12.6813,43.8281],[12.6783,43.8393],[12.6824,43.8528],[12.6972,43.8531],[12.7105,43.8596],[12.7219,43.8611],[12.7329,43.8693],[12.7336,43.8699],[12.7228,43.8811],[12.7349,43.896],[12.7271,43.9118],[12.7301,43.9131],[12.7287,43.9217],[12.7336,43.9298],[12.7342,43.9335],[12.7415,43.941],[12.7484,43.9531],[12.7534,43.96],[12.7505,43.9686],[12.7872,43.9649],[12.7975,43.9651],[12.8343,43.9489],[12.8775,43.931],[12.8916,43.9237],[12.9072,43.9231],[12.9482,43.8938],[12.9626,43.8816],[12.9836,43.8673],[13.0028,43.8557],[13.022,43.8498],[13.036,43.8401],[13.0664,43.8224],[13.102,43.7953],[13.1207,43.7822],[13.1381,43.7709],[13.1728,43.7506],[13.2034,43.7303],[13.2219,43.7197],[13.2388,43.7069],[13.2696,43.6883],[13.3002,43.6721],[13.3482,43.6513],[13.3551,43.6481],[13.3727,43.6448],[13.388,43.6383],[13.3971,43.6314],[13.4227,43.6205],[13.4368,43.6153],[13.4528,43.6108],[13.4816,43.6068],[13.4919,43.613],[13.4905,43.6165],[13.4951,43.6225],[13.5044,43.6156],[13.5086,43.6203],[13.5069,43.6249],[13.4997,43.6255],[13.4997,43.6307],[13.5069,43.6306],[13.5149,43.6245],[13.5261,43.6215],[13.5517,43.603],[13.5661,43.5872],[13.5693,43.5753],[13.5792,43.567],[13.609,43.559],[13.6255,43.5502],[13.6282,43.5445],[13.6218,43.5347],[13.6242,43.5157],[13.6232,43.5068],[13.6269,43.4961],[13.6424,43.4742],[13.66,43.4422],[13.67,43.4256],[13.6796,43.4045],[13.6879,43.3835],[13.6995,43.3601],[13.7038,43.3492],[13.71,43.3369],[13.7217,43.3199],[13.736,43.3078],[13.7432,43.2948],[13.7626,43.2582],[13.7744,43.2397],[13.779,43.2348],[13.7836,43.2189],[13.7907,43.1991],[13.7977,43.1877],[13.8055,43.1697],[13.8112,43.1634],[13.8169,43.1473],[13.8252,43.1316],[13.8293,43.1268],[13.8427,43.1035],[13.8468,43.0878],[13.8468,43.0802],[13.8498,43.0667],[13.8526,43.0546],[13.8574,43.0416],[13.8624,43.0204],[13.866,43.0101],[13.8779,42.974],[13.8823,42.9626],[13.888,42.9535],[13.893,42.9373],[13.901,42.9238],[13.9106,42.903],[13.9161,42.8946],[13.9071,42.8946],[13.8909,42.8916],[13.8838,42.8918],[13.8566,42.8845],[13.8349,42.8818],[13.8311,42.8812],[13.8162,42.8775],[13.8126,42.8741],[13.7993,42.8668],[13.7799,42.8609],[13.7694,42.8589],[13.7628,42.8587],[13.7416,42.8557],[13.7221,42.8545],[13.7066,42.8494],[13.7109,42.8434],[13.6993,42.8227],[13.6867,42.8183],[13.6664,42.8103],[13.6636,42.8071],[13.6415,42.8029],[13.6356,42.8033],[13.628,42.8081],[13.6283,42.815],[13.6186,42.8134],[13.6001,42.8063],[13.5889,42.8073],[13.5746,42.8008],[13.5533,42.8055],[13.5456,42.8159],[13.535,42.8168],[13.5296,42.796],[13.5193,42.7915],[13.5053,42.7755],[13.5022,42.7709],[13.504,42.7504],[13.4933,42.7366],[13.4825,42.7321],[13.4626,42.7346],[13.4521,42.734],[13.441,42.7252],[13.438,42.7175],[13.4382,42.708],[13.4405,42.7021],[13.4369,42.6989],[13.4273,42.7065],[13.4081,42.6963],[13.3978,42.689],[13.3887,42.6873],[13.38,42.6914],[13.3642,42.6931],[13.3589,42.6959],[13.3578,42.6942],[13.342,42.7015],[13.3315,42.7097],[13.3185,42.7234],[13.3105,42.7275],[13.2966,42.7297],[13.2904,42.7336],[13.2881,42.7386],[13.2794,42.7408],[13.2644,42.7401],[13.2596,42.7275],[13.2539,42.7215],[13.2392,42.7262],[13.2071,42.7309],[13.1956,42.7343],[13.1892,42.7336],[13.1894,42.7388],[13.199,42.7481],[13.1991,42.7535],[13.1933,42.7588],[13.1954,42.762],[13.2086,42.7639],[13.216,42.7712],[13.2299,42.7724],[13.2368,42.7692],[13.2386,42.7609],[13.2457,42.7677],[13.2456,42.7712],[13.2509,42.7887],[13.2591,42.7988],[13.2641,42.8082],[13.2623,42.8162],[13.2552,42.8227],[13.2496,42.8393],[13.248,42.849],[13.2425,42.8597],[13.2352,42.8677],[13.2322,42.8561],[13.2189,42.846],[13.2109,42.8415],[13.2034,42.8406],[13.1881,42.8346],[13.1813,42.8371],[13.1634,42.8324],[13.1543,42.8354],[13.1403,42.8551],[13.1218,42.8739],[13.1127,42.8884],[13.1122,42.8893],[13.0812,42.8997],[13.0677,42.9071],[13.0547,42.9195],[13.0431,42.9151],[13.0369,42.9075],[13.0248,42.9026],[13.012,42.9027],[13.001,42.9094],[12.9969,42.9033],[13.0001,42.8908],[12.993,42.8795],[12.9903,42.8722],[12.9857,42.869],[12.9763,42.8698],[12.9755,42.8725],[12.9734,42.8772],[12.9752,42.8865],[12.9711,42.892],[12.9691,42.9037],[12.9768,42.9257],[12.9734,42.9277],[12.9492,42.93],[12.948,42.9414],[12.941,42.9422],[12.9259,42.9545],[12.9135,42.9556],[12.8959,42.9646],[12.9005,42.9758],[12.9081,42.9849],[12.8896,43.0068],[12.8886,43.0123],[12.8976,43.0247],[12.9037,43.0247],[12.9065,43.0355],[12.8921,43.0477],[12.8902,43.0594],[12.8946,43.0765],[12.8975,43.0934],[12.8911,43.0935],[12.885,43.0996],[12.8834,43.117],[12.8754,43.1234],[12.8585,43.1253],[12.843,43.1223],[12.8331,43.1391],[12.8338,43.1476],[12.8509,43.1533],[12.8628,43.1675],[12.864,43.178],[12.8681,43.1888],[12.8681,43.1951],[12.8624,43.2113],[12.8507,43.21],[12.8366,43.2175],[12.8372,43.2246],[12.8315,43.232],[12.8258,43.2485],[12.8292,43.257],[12.8236,43.2668],[12.8037,43.2713],[12.7891,43.283],[12.7925,43.2878],[12.7996,43.2907],[12.8025,43.3048],[12.7991,43.3198],[12.7941,43.3341],[12.7826,43.3413],[12.7822,43.3456],[12.7731,43.3503],[12.7701,43.36],[12.7593,43.3644],[12.7585,43.3656],[12.7582,43.3727],[12.7495,43.3808],[12.7468,43.3905],[12.7512,43.395],[12.7632,43.3973],[12.7717,43.401],[12.781,43.4148],[12.7658,43.4261],[12.7665,43.4456],[12.7765,43.4505],[12.7674,43.46],[12.7555,43.4592],[12.7438,43.4641],[12.7347,43.4643],[12.7224,43.4529],[12.7151,43.446],[12.7089,43.4258],[12.7062,43.4253],[12.6865,43.4288],[12.6746,43.4341],[12.6632,43.4367],[12.6454,43.4335],[12.6355,43.4297],[12.6291,43.4224],[12.6194,43.4165],[12.6219,43.4246],[12.6047,43.4379],[12.5842,43.4459],[12.5629,43.4612],[12.543,43.4797],[12.5241,43.4961],[12.5221,43.5019],[12.5177,43.508],[12.5008,43.5196]],[[12.4078,43.6022],[12.4247,43.5925],[12.4336,43.5927],[12.4343,43.6],[12.4307,43.6064],[12.4234,43.6101],[12.4176,43.6085],[12.4078,43.6022]]]}},{"type":"Feature","properties":{"name":"Toscana","istat":"09","iso":"IT-52","aliases":["Tuscany"]},"geometry":{"type":"MultiPolygon","coordinates":[[[[10.0188,44.0444],[10.0268,44.0566],[10.0348,44.0643],[10.06,44.0793],[10.0703,44.0923],[10.0687,44.0982],[10.06,44.1057],[10.0504,44.1105],[10.0474,44.1152],[10.0462,44.1154],[10.0317,44.1186],[10.0186,44.1193],[10.002,44.1076],[9.9933,44.0927],[9.9867,44.097],[9.9892,44.103],[9.994,44.1057],[9.9949,44.1157],[9.9932,44.1203],[9.9837,44.1249],[9.9773,44.1401],[9.9805,44.145],[9.9764,44.1529],[9.9786,44.1612],[9.9757,44.164],[9.9661,44.1692],[9.959,44.1668],[9.9337,44.1672],[9.9218,44.17],[9.9069,44.1672],[9.8978,44.1635],[9.8923,44.168],[9.9215,44.1898],[9.9224,44.1951],[9.9341,44.1966],[9.9286,44.1985],[9.9144,44.1996],[9.9096,44.2044],[9.9087,44.2098],[9.8912,44.2078],[9.8914,44.2054],[9.8727,44.1946],[9.8717,44.1897],[9.8651,44.1808],[9.8576,44.1935],[9.8642,44.2031],[9.8701,44.2174],[9.8752,44.2239],[9.8635,44.2282],[9.8571,44.234],[9.8599,44.2386],[9.8603,44.2524],[9.8562,44.2582],[9.8544,44.2681],[9.8441,44.2717],[9.8352,44.2789],[9.8219,44.2813],[9.8147,44.2862],[9.8064,44.2827],[9.7838,44.2969],[9.7694,44.3021],[9.7582,44.3183],[9.7532,44.3228],[9.7423,44.3272],[9.7294,44.3284],[9.7153,44.3573],[9.7064,44.3661],[9.6867,44.366],[9.6899,44.3692],[9.7169,44.3832],[9.732,44.3794],[9.7441,44.3823],[9.7448,44.3895],[9.7605,44.39],[9.7552,44.3929],[9.753,44.4009],[9.7573,44.4071],[9.763,44.4082],[9.7811,44.4249],[9.7906,44.437],[9.8108,44.4509],[9.8167,44.452],[9.8162,44.4622],[9.8256,44.4677],[9.8551,44.4707],[9.8745,44.4695],[9.8927,44.4703],[9.8999,44.4727],[9.9094,44.4681],[9.9181,44.4709],[9.933,44.4711],[9.9537,44.4685],[9.9713,44.4633],[9.9714,44.4521],[9.9811,44.4451],[9.996,44.447],[10.001,44.4431],[10.0065,44.4323],[10.0024,44.4228],[9.9962,44.4156],[9.9892,44.4043],[10.0084,44.39],[10.0165,44.3871],[10.0301,44.3812],[10.0422,44.3742],[10.0533,44.373],[10.0625,44.3681],[10.067,44.3633],[10.078,44.3568],[10.092,44.3524],[10.0951,44.3484],[10.1018,44.3484],[10.1184,44.353],[10.142,44.3539],[10.1598,44.3447],[10.168,44.3299],[10.1847,44.3216],[10.1876,44.317],[10.1952,44.3159],[10.2032,44.3102],[10.2125,44.3028],[10.2182,44.3046],[10.2292,44.2968],[10.2361,44.2827],[10.2539,44.2686],[10.266,44.2716],[10.2729,44.2759],[10.2964,44.2851],[10.308,44.284],[10.314,44.2787],[10.3372,44.2716],[10.3507,44.2697],[10.3606,44.2716],[10.3772,44.2672],[10.4014,44.2513],[10.4074,44.2493],[10.4142,44.2359],[10.4307,44.2267],[10.4357,44.2262],[10.4521,44.2295],[10.4663,44.2296],[10.47,44.226],[10.4828,44.2232],[10.4919,44.2175],[10.4867,44.2069],[10.4869,44.2025],[10.4935,44.1952],[10.51,44.1869],[10.523,44.1749],[10.5197,44.1672],[10.525,44.157],[10.5426,44.15],[10.5689,44.1365],[10.5814,44.1269],[10.5835,44.1203],[10.5931,44.1154],[10.6052,44.1146],[10.61,44.1186],[10.6241,44.1203],[10.6251,44.127],[10.6225,44.1412],[10.6331,44.1462],[10.6356,44.1534],[10.641,44.1595],[10.6616,44.1541],[10.6717,44.1543],[10.6892,44.1571],[10.7006,44.1551],[10.7125,44.1571],[10.7173,44.1557],[10.7416,44.1563],[10.7543,44.1542],[10.7605,44.1502],[10.7673,44.14],[10.7731,44.1347],[10.7836,44.1295],[10.7982,44.1263],[10.8032,44.1193],[10.8147,44.1162],[10.8192,44.1125],[10.8292,44.1166],[10.8428,44.1096],[10.8491,44.098],[10.8567,44.099],[10.8756,44.0999],[10.8788,44.0986],[10.9019,44.0864],[10.9053,44.0799],[10.8991,44.0666],[10.9017,44.0641],[10.9177,44.0629],[10.9266,44.0748],[10.9448,44.0817],[10.9642,44.1019],[10.9713,44.1162],[10.9823,44.1243],[10.9935,44.1291],[10.9962,44.1361],[11.0068,44.1385],[11.0145,44.1371],[11.0149,44.1253],[11.0061,44.1215],[11.002,44.1124],[11.0115,44.1043],[11.0241,44.0975],[11.0323,44.096],[11.047,44.095],[11.0494,44.0903],[11.0543,44.0915],[11.0768,44.0917],[11.0904,44.0907],[11.0931,44.0945],[11.1253,44.1076],[11.1276,44.1097],[11.1388,44.1077],[11.155,44.1118],[11.1639,44.1107],[11.1703,44.1076],[11.1858,44.1059],[11.2023,44.1007],[11.2082,44.0991],[11.2295,44.102],[11.2411,44.0978],[11.2473,44.0978],[11.2512,44.1023],[11.2637,44.1043],[11.2601,44.1158],[11.2489,44.1169],[11.2295,44.1272],[11.2153,44.1319],[11.1957,44.143],[11.1956,44.1514],[11.2141,44.1502],[11.2276,44.1539],[11.2345,44.1583],[11.2685,44.1586],[11.2811,44.1562],[11.2929,44.1655],[11.2959,44.1716],[11.3117,44.1737],[11.3229,44.1818],[11.3242,44.1928],[11.3302,44.1984],[11.3462,44.2051],[11.3628,44.2041],[11.3727,44.2003],[11.3806,44.2],[11.3871,44.2049],[11.3891,44.2125],[11.3935,44.2171],[11.4177,44.2349],[11.4211,44.2393],[11.4272,44.2347],[11.4514,44.2206],[11.4549,44.2117],[11.448,44.2049],[11.4482,44.1999],[11.4547,44.1938],[11.4636,44.1912],[11.4677,44.1858],[11.4823,44.1849],[11.4896,44.1802],[11.4862,44.1757],[11.4997,44.1662],[11.5104,44.1639],[11.5163,44.1574],[11.5239,44.1562],[11.525,44.1577],[11.5296,44.1579],[11.5447,44.1526],[11.5535,44.1607],[11.5529,44.1658],[11.5686,44.1667],[11.5776,44.1614],[11.5928,44.161],[11.6041,44.1585],[11.6154,44.1582],[11.6143,44.1551],[11.6178,44.1457],[11.6036,44.1372],[11.5997,44.1253],[11.5878,44.1238],[11.5846,44.1122],[11.6008,44.1186],[11.6116,44.1195],[11.6387,44.1116],[11.6435,44.1063],[11.6527,44.1008],[11.6732,44.1134],[11.6817,44.1227],[11.7006,44.1207],[11.7159,44.1226],[11.7203,44.1207],[11.7354,44.1251],[11.745,44.1261],[11.7528,44.1206],[11.7496,44.1104],[11.7367,44.0914],[11.7335,44.0848],[11.7126,44.0691],[11.7006,44.0556],[11.6959,44.0392],[11.6819,44.0212],[11.6628,44.0204],[11.657,44.0164],[11.6637,44.0063],[11.6611,44.0038],[11.6502,44.003],[11.6461,43.9906],[11.6534,43.9759],[11.6604,43.9747],[11.679,43.962],[11.6888,43.959],[11.6927,43.9533],[11.6824,43.9383],[11.6917,43.9308],[11.7171,43.9219],[11.7139,43.8986],[11.7084,43.8859],[11.7102,43.8774],[11.7219,43.8743],[11.732,43.8634],[11.744,43.8607],[11.7587,43.8553],[11.7842,43.8476],[11.7884,43.845],[11.7934,43.8389],[11.8073,43.8289],[11.8208,43.816],[11.8364,43.8111],[11.8418,43.8081],[11.8421,43.8081],[11.8505,43.811],[11.856,43.8159],[11.8667,43.8166],[11.8781,43.8105],[11.8975,43.8082],[11.9104,43.8134],[11.9142,43.8089],[11.9131,43.7989],[11.917,43.7961],[11.9334,43.7923],[11.9483,43.7904],[11.9512,43.787],[11.9515,43.7777],[11.9739,43.7682],[11.9866,43.7619],[11.999,43.7647],[12.0097,43.7647],[12.0214,43.7607],[12.0446,43.7551],[12.0463,43.7584],[12.0604,43.7535],[12.0647,43.7429],[12.0771,43.7406],[12.0816,43.7433],[12.1075,43.7538],[12.1237,43.7493],[12.1397,43.7524],[12.1602,43.7616],[12.1648,43.7611],[12.1716,43.7498],[12.1947,43.7319],[12.2,43.7417],[12.1977,43.7449],[12.2045,43.7482],[12.2093,43.755],[12.2281,43.7596],[12.2413,43.7542],[12.244,43.751],[12.253,43.7526],[12.258,43.7604],[12.2779,43.7648],[12.2836,43.7649],[12.3014,43.756],[12.3075,43.7564],[12.3192,43.7546],[12.327,43.751],[12.3388,43.7362],[12.3674,43.7157],[12.3713,43.709],[12.3679,43.7057],[12.3574,43.702],[12.3457,43.709],[12.3331,43.7076],[12.3293,43.702],[12.3363,43.6781],[12.3306,43.6738],[12.3158,43.678],[12.3204,43.6879],[12.3188,43.6959],[12.314,43.7008],[12.3137,43.721],[12.3083,43.7301],[12.3048,43.7279],[12.3011,43.7195],[12.3053,43.713],[12.3034,43.7004],[12.3059,43.6979],[12.2934,43.6846],[12.2801,43.6778],[12.2715,43.6765],[12.2614,43.6805],[12.245,43.6815],[12.2511,43.6725],[12.2482,43.6673],[12.2335,43.6566],[12.2201,43.6507],[12.2082,43.6509],[12.1977,43.648],[12.1854,43.6419],[12.1897,43.633],[12.2039,43.6262],[12.2094,43.6213],[12.2137,43.6108],[12.2041,43.6064],[12.1963,43.5994],[12.1968,43.595],[12.1899,43.5866],[12.168,43.5651],[12.1627,43.5614],[12.1588,43.5497],[12.1534,43.529],[12.1532,43.5287],[12.1431,43.534],[12.107,43.5298],[12.1027,43.5299],[12.0953,43.5217],[12.091,43.5078],[12.0912,43.503],[12.0974,43.4983],[12.1084,43.4957],[12.1443,43.4799],[12.1449,43.4796],[12.1433,43.4703],[12.1244,43.4673],[12.1045,43.4606],[12.0995,43.4544],[12.0965,43.4456],[12.0803,43.4338],[12.0604,43.4383],[12.0536,43.4349],[12.0437,43.426],[12.0337,43.4245],[12.0252,43.4156],[12.0277,43.4087],[12.0337,43.4003],[12.052,43.3984],[12.0709,43.405],[12.0737,43.4038],[12.0778,43.3981],[12.073,43.3876],[12.073,43.3705],[12.0775,43.3656],[12.0889,43.3662],[12.1009,43.3727],[12.1113,43.3691],[12.1187,43.3644],[12.1307,43.3503],[12.1355,43.3407],[12.1367,43.3272],[12.1342,43.3163],[12.1269,43.3082],[12.1269,43.304],[12.1339,43.2925],[12.1662,43.2826],[12.1773,43.2821],[12.1853,43.2944],[12.1831,43.3008],[12.1938,43.3131],[12.2061,43.3048],[12.2237,43.2963],[12.2219,43.2932],[12.207,43.2817],[12.1821,43.2737],[12.1746,43.273],[12.1621,43.2657],[12.1488,43.2548],[12.139,43.253],[12.1219,43.2552],[12.1122,43.2509],[12.0947,43.2372],[12.086,43.2362],[12.0698,43.2449],[12.0495,43.2528],[12.0339,43.2461],[12.0382,43.2366],[12.039,43.2289],[12.031,43.2065],[12.0261,43.1903],[12.0197,43.1851],[12.0065,43.1805],[11.9878,43.1807],[11.9787,43.1761],[11.9702,43.1692],[11.9613,43.1669],[11.9403,43.1591],[11.9288,43.1526],[11.9241,43.1477],[11.9204,43.1316],[11.9133,43.1276],[11.919,43.1201],[11.922,43.1105],[11.9313,43.0909],[11.9233,43.0801],[11.9238,43.0752],[11.9325,43.067],[11.9362,43.0557],[11.9409,43.053],[11.9478,43.0555],[11.9499,43.0636],[11.9567,43.0687],[11.9725,43.0639],[11.9807,43.0565],[11.9823,43.051],[11.9798,43.0447],[11.9723,43.0354],[11.9718,43.022],[11.9683,43.0155],[11.962,43.0011],[11.9542,42.9785],[11.9496,42.9766],[11.9506,42.9704],[11.9485,42.9619],[11.953,42.9546],[11.9517,42.9484],[11.9391,42.9326],[11.9371,42.9212],[11.9334,42.91],[11.9377,42.9031],[11.9521,42.901],[11.9567,42.8938],[11.9588,42.8916],[11.9586,42.8743],[11.959,42.8706],[11.9446,42.8715],[11.9332,42.8694],[11.9261,42.8672],[11.92,42.8568],[11.9092,42.8492],[11.8919,42.8429],[11.895,42.8346],[11.8678,42.8348],[11.8475,42.8377],[11.8329,42.8273],[11.822,42.826],[11.8139,42.8227],[11.8147,42.816],[11.811,42.8069],[11.8115,42.7996],[11.8034,42.8012],[11.787,42.8152],[11.776,42.8207],[11.7685,42.82],[11.7687,42.8154],[11.758,42.8077],[11.7534,42.8022],[11.75,42.7905],[11.7459,42.7858],[11.7621,42.7795],[11.777,42.767],[11.7794,42.758],[11.8087,42.7532],[11.8135,42.7459],[11.8187,42.7458],[11.8188,42.7429],[11.8085,42.7303],[11.8016,42.7073],[11.7813,42.7076],[11.7854,42.6874],[11.7842,42.6796],[11.7861,42.6707],[11.8,42.6684],[11.8091,42.6586],[11.8094,42.6529],[11.8048,42.644],[11.7964,42.6436],[11.7865,42.6393],[11.7808,42.6347],[11.7496,42.6397],[11.7518,42.6255],[11.7384,42.6133],[11.7363,42.6071],[11.7272,42.6065],[11.7269,42.6108],[11.7103,42.61],[11.7004,42.6014],[11.6799,42.5952],[11.6858,42.5849],[11.6796,42.5805],[11.6659,42.5761],[11.6586,42.5771],[11.6531,42.5717],[11.6438,42.5667],[11.6371,42.5652],[11.6299,42.5695],[11.625,42.5691],[11.6141,42.5573],[11.6052,42.5678],[11.5892,42.5713],[11.5787,42.5662],[11.5824,42.5494],[11.5858,42.5417],[11.5778,42.54],[11.5702,42.5346],[11.565,42.5271],[11.5609,42.517],[11.5661,42.5117],[11.5807,42.5087],[11.5871,42.5042],[11.5855,42.501],[11.5928,42.4954],[11.6095,42.4926],[11.617,42.4874],[11.62,42.4759],[11.6161,42.4667],[11.6178,42.4361],[11.5855,42.4369],[11.5657,42.4394],[11.5545,42.4388],[11.5437,42.4422],[11.5216,42.4342],[11.5113,42.4347],[11.4974,42.4386],[11.4889,42.4394],[11.4811,42.4335],[11.4819,42.4211],[11.4768,42.4141],[11.4567,42.4011],[11.4508,42.395],[11.4537,42.3853],[11.4499,42.3775],[11.4176,42.3869],[11.3813,42.3953],[11.3484,42.4013],[11.3156,42.4055],[11.2939,42.4083],[11.2898,42.4054],[11.2795,42.4095],[11.279,42.4161],[11.2662,42.4196],[11.2527,42.4196],[11.2342,42.4168],[11.2217,42.4138],[11.2102,42.4086],[11.2071,42.3949],[11.213,42.3912],[11.2125,42.3872],[11.192,42.3794],[11.1883,42.3719],[11.1899,42.3646],[11.1815,42.3633],[11.1762,42.3682],[11.1657,42.3679],[11.1577,42.3622],[11.1531,42.3613],[11.1509,42.3709],[11.1372,42.3784],[11.126,42.3864],[11.1171,42.3901],[11.1121,42.3896],[11.0981,42.3932],[11.0904,42.409],[11.0912,42.4149],[11.0885,42.4272],[11.0974,42.4354],[11.1036,42.4467],[11.1125,42.4467],[11.1223,42.4347],[11.1321,42.4391],[11.1376,42.4358],[11.1568,42.4341],[11.166,42.4376],[11.1787,42.4528],[11.1869,42.4712],[11.1901,42.4831],[11.1922,42.5014],[11.1915,42.5131],[11.1895,42.5198],[11.1781,42.5392],[11.1644,42.553],[11.158,42.5621],[11.1509,42.5638],[11.1365,42.559],[11.1342,42.5514],[11.1226,42.5585],[11.1097,42.5786],[11.1049,42.5968],[11.0993,42.6045],[11.0917,42.6063],[11.0824,42.6134],[11.0883,42.6181],[11.0839,42.6278],[11.0625,42.6391],[11.0261,42.6517],[11.0136,42.657],[10.9999,42.6813],[10.991,42.7001],[10.9802,42.7157],[10.9618,42.7307],[10.9515,42.7369],[10.9346,42.7449],[10.9113,42.7534],[10.8674,42.7647],[10.8464,42.7689],[10.8131,42.7743],[10.7932,42.7762],[10.785,42.7747],[10.7715,42.7838],[10.7429,42.7981],[10.7308,42.8018],[10.7367,42.8058],[10.7539,42.807],[10.7601,42.8101],[10.7648,42.8159],[10.7731,42.832],[10.776,42.8438],[10.7744,42.8536],[10.7697,42.8625],[10.7721,42.8725],[10.7866,42.8883],[10.7833,42.8968],[10.7717,42.9103],[10.7543,42.9216],[10.7402,42.9285],[10.7062,42.9419],[10.6765,42.9496],[10.6458,42.9531],[10.618,42.9544],[10.5938,42.9542],[10.5636,42.9515],[10.5551,42.9424],[10.546,42.9355],[10.5513,42.9305],[10.5451,42.9216],[10.5255,42.9204],[10.5213,42.9225],[10.5113,42.9323],[10.4974,42.9319],[10.4985,42.9365],[10.4873,42.9569],[10.4846,42.9661],[10.485,42.9793],[10.4828,42.9839],[10.4853,42.9904],[10.4944,42.9946],[10.506,42.9904],[10.5117,42.9933],[10.5161,42.999],[10.5106,43.0059],[10.512,43.0133],[10.5168,43.0156],[10.5221,43.0206],[10.5319,43.0533],[10.5366,43.084],[10.5389,43.1136],[10.5398,43.1341],[10.5383,43.1697],[10.5355,43.1924],[10.5282,43.2315],[10.5214,43.2522],[10.5113,43.2734],[10.5004,43.2917],[10.4766,43.3106],[10.4627,43.319],[10.4553,43.3287],[10.4549,43.3447],[10.4487,43.3544],[10.4442,43.3541],[10.4407,43.3709],[10.4329,43.3819],[10.4254,43.3992],[10.4172,43.4035],[10.4094,43.4015],[10.4051,43.4051],[10.3999,43.4224],[10.3873,43.4345],[10.379,43.4489],[10.3637,43.459],[10.3535,43.4638],[10.3443,43.4638],[10.3306,43.4738],[10.3315,43.4841],[10.3219,43.4957],[10.3185,43.5099],[10.3124,43.5202],[10.2957,43.5413],[10.3037,43.5488],[10.2959,43.5537],[10.2945,43.5606],[10.2991,43.5814],[10.2923,43.5943],[10.2877,43.6187],[10.2856,43.6421],[10.2804,43.658],[10.2715,43.6715],[10.2697,43.6769],[10.2802,43.6814],[10.2824,43.693],[10.2769,43.7137],[10.2774,43.7384],[10.2737,43.7516],[10.2731,43.7587],[10.2658,43.785],[10.2637,43.7959],[10.258,43.8156],[10.2383,43.8556],[10.2425,43.8611],[10.2397,43.8695],[10.2274,43.8879],[10.21,43.9106],[10.1998,43.9225],[10.1808,43.9428],[10.1545,43.9666],[10.1433,43.9756],[10.1369,43.9801],[10.1157,43.9963],[10.0908,44.0125],[10.0687,44.0254],[10.0604,44.0294],[10.0353,44.0347],[10.0188,44.0444]]],[[[10.0796,42.6194],[10.0888,42.6158],[10.0853,42.6113],[10.0869,42.6014],[10.0983,42.5886],[10.1001,42.5747],[10.0876,42.5682],[10.0792,42.5712],[10.0522,42.5739],[10.0456,42.5812],[10.0462,42.5858],[10.0536,42.589],[10.0661,42.5873],[10.075,42.5926],[10.0828,42.6041],[10.0796,42.6194]]],[[[10.2653,42.7447],[10.2575,42.7439],[10.2463,42.7481],[10.2375,42.7479],[10.2358,42.7392],[10.2407,42.7328],[10.2367,42.726],[10.2137,42.7307],[10.2066,42.7345],[10.1877,42.736],[10.1735,42.7344],[10.1522,42.73],[10.1408,42.7323],[10.1221,42.742],[10.1184,42.7473],[10.115,42.7539],[10.1038,42.7678],[10.1033,42.7836],[10.1093,42.7937],[10.125,42.8034],[10.1367,42.8074],[10.1582,42.8081],[10.1698,42.8062],[10.1788,42.8078],[10.1851,42.8114],[10.2011,42.8063],[10.2061,42.8071],[10.2221,42.7928],[10.2287,42.7895],[10.2418,42.7874],[10.2472,42.7895],[10.2482,42.7994],[10.2557,42.8005],[10.2612,42.7978],[10.2651,42.7996],[10.2685,42.8132],[10.2749,42.8195],[10.2696,42.8255],[10.2971,42.819],[10.3169,42.8198],[10.3288,42.818],[10.3297,42.8121],[10.314,42.8097],[10.3176,42.8046],[10.3409,42.7965],[10.3581,42.7998],[10.3629,42.8105],[10.3622,42.8179],[10.371,42.8209],[10.3795,42.8284],[10.3884,42.8425],[10.3905,42.8514],[10.4088,42.8714],[10.4136,42.8729],[10.4209,42.8673],[10.4204,42.8614],[10.424,42.8581],[10.4348,42.8545],[10.4423,42.8482],[10.4409,42.8411],[10.4321,42.8264],[10.4286,42.8162],[10.4297,42.8079],[10.4343,42.8028],[10.4329,42.7864],[10.4352,42.7813],[10.4314,42.7747],[10.4202,42.7728],[10.411,42.7674],[10.3861,42.7603],[10.3875,42.758],[10.4024,42.7568],[10.4097,42.7539],[10.4062,42.749],[10.4112,42.7438],[10.4232,42.742],[10.4309,42.7358],[10.4343,42.7259],[10.4343,42.7175],[10.4316,42.7126],[10.42,42.7078],[10.4135,42.7155],[10.4097,42.7163],[10.3982,42.7121],[10.3823,42.7154],[10.3772,42.7194],[10.3717,42.7324],[10.3683,42.7354],[10.3571,42.752],[10.3581,42.7584],[10.3448,42.764],[10.322,42.7621],[10.3181,42.7587],[10.3258,42.7449],[10.3195,42.7361],[10.3142,42.7449],[10.3128,42.757],[10.3069,42.7596],[10.2994,42.7593],[10.2907,42.7526],[10.29,42.7388],[10.2834,42.7353],[10.2699,42.738],[10.2653,42.7447]]],[[[9.8258,43.0727],[9.8372,43.0621],[9.8366,43.0508],[9.8446,43.051],[9.8469,43.0459],[9.8386,43.0267],[9.8231,43.0165],[9.8117,43.003],[9.7998,43.0113],[9.7932,43.0206],[9.7991,43.0352],[9.8009,43.0529],[9.8176,43.0675],[9.8258,43.0727]]],[[[9.9019,43.4392],[9.9081,43.4355],[9.9076,43.4268],[9.9017,43.4199],[9.8898,43.4231],[9.8889,43.428],[9.8925,43.4362],[9.9019,43.4392]]],[[[10.3135,42.351],[10.3256,42.3439],[10.3283,42.3377],[10.3299,42.322],[10.3167,42.315],[10.297,42.3158],[10.2907,42.3211],[10.289,42.3263],[10.2925,42.3419],[10.2986,42.35],[10.3073,42.3491],[10.3135,42.351]]],[[[12.1765,43.8105],[12.189,43.8048],[12.1982,43.8062],[12.218,43.8028],[12.2242,43.8098],[12.2326,43.8071],[12.2372,43.8013],[12.2404,43.7906],[12.2342,43.7872],[12.2123,43.7817],[12.2004,43.7745],[12.1995,43.7704],[12.1877,43.7738],[12.1842,43.7814],[12.1764,43.7883],[12.1696,43.8046],[12.1765,43.8105]]],[[[11.1098,42.2635],[11.1168,42.2558],[11.1056,42.2539],[11.1022,42.2471],[11.1114,42.2439],[11.1095,42.2382],[11.0983,42.2417],[11.0928,42.2522],[11.1098,42.2635]]],[[[10.8868,42.3895],[10.9069,42.3804],[10.9138,42.369],[10.9174,42.3679],[10.9236,42.3556],[10.9229,42.3438],[10.9316,42.3386],[10.9291,42.3256],[10.9209,42.3182],[10.9049,42.326],[10.8889,42.3419],[10.883,42.351],[10.8669,42.3544],[10.8656,42.3644],[10.8685,42.3677],[10.8772,42.3653],[10.8816,42.3675],[10.8834,42.3766],[10.8802,42.3889],[10.8868,42.3895]]]]}},{"type":"Feature","properties":{"name":"Umbria","istat":"10","iso":"IT-55","aliases":[]},"geometry":{"type":"MultiPolygon","coordinates":[[[[13.1586,42.6542],[13.1465,42.647],[13.1397,42.6506],[13.1312,42.658],[13.1168,42.6571],[13.1168,42.6534],[13.1095,42.6422],[13.1018,42.638],[13.0787,42.6312],[13.0643,42.6235],[13.0586,42.6229],[13.0378,42.6274],[13.0307,42.6375],[13.0232,42.6388],[13.0193,42.6349],[13.0143,42.6296],[13.015,42.6217],[13.0113,42.6172],[13.0044,42.6153],[12.9857,42.6157],[12.9642,42.6186],[12.9533,42.619],[12.9375,42.6154],[12.9302,42.6028],[12.9186,42.6055],[12.9158,42.6096],[12.9039,42.6122],[12.8964,42.6165],[12.8806,42.6093],[12.8806,42.6077],[12.88,42.6023],[12.887,42.5877],[12.8935,42.5794],[12.8928,42.5635],[12.8717,42.5611],[12.8637,42.5583],[12.8437,42.5489],[12.8334,42.5416],[12.8204,42.536],[12.8181,42.533],[12.8051,42.5358],[12.7955,42.5339],[12.7838,42.5338],[12.7733,42.5314],[12.7706,42.5251],[12.7737,42.5198],[12.7731,42.5129],[12.7511,42.5111],[12.7459,42.5077],[12.7276,42.5091],[12.7196,42.5036],[12.711,42.5008],[12.7167,42.49],[12.7244,42.4825],[12.7331,42.4779],[12.7416,42.4706],[12.7349,42.4679],[12.7247,42.4604],[12.715,42.46],[12.7105,42.4635],[12.7029,42.4609],[12.6984,42.4545],[12.6906,42.4495],[12.6726,42.4422],[12.6607,42.4414],[12.6499,42.4431],[12.6502,42.4473],[12.6422,42.4537],[12.6426,42.4642],[12.6358,42.469],[12.6214,42.4687],[12.6141,42.4641],[12.6191,42.4611],[12.6196,42.4519],[12.6109,42.428],[12.6141,42.425],[12.6143,42.4136],[12.6059,42.4078],[12.6061,42.4035],[12.6009,42.4017],[12.5963,42.3999],[12.575,42.3876],[12.5597,42.3819],[12.5522,42.3818],[12.538,42.3743],[12.53,42.3642],[12.5261,42.3641],[12.5189,42.3674],[12.5141,42.3776],[12.5134,42.3928],[12.5182,42.3972],[12.5111,42.4035],[12.5012,42.4017],[12.494,42.3981],[12.488,42.3986],[12.4812,42.4042],[12.4704,42.3998],[12.4663,42.3949],[12.4597,42.3978],[12.4508,42.3966],[12.4446,42.3987],[12.4586,42.4066],[12.4604,42.4163],[12.4677,42.4218],[12.4643,42.4284],[12.4544,42.4269],[12.4489,42.4237],[12.4382,42.4262],[12.4224,42.4216],[12.417,42.4224],[12.4136,42.4282],[12.4192,42.4343],[12.4192,42.4388],[12.4138,42.4424],[12.4128,42.4525],[12.4179,42.4585],[12.4304,42.4586],[12.4275,42.4653],[12.4128,42.4673],[12.4136,42.4791],[12.4279,42.4869],[12.4215,42.4925],[12.4017,42.4991],[12.3902,42.4982],[12.3854,42.4892],[12.3598,42.4759],[12.3512,42.4738],[12.3461,42.4821],[12.3352,42.4901],[12.3249,42.4949],[12.3165,42.4884],[12.3053,42.4878],[12.2998,42.4874],[12.303,42.4913],[12.3075,42.4973],[12.3005,42.5036],[12.2897,42.5089],[12.2794,42.5066],[12.2751,42.5089],[12.2756,42.516],[12.2834,42.5176],[12.2826,42.5228],[12.2744,42.5241],[12.2673,42.5327],[12.2665,42.5364],[12.2786,42.5415],[12.279,42.5488],[12.2751,42.5599],[12.2664,42.5595],[12.2514,42.5667],[12.2424,42.5695],[12.236,42.5833],[12.2438,42.5976],[12.2475,42.5967],[12.2461,42.6008],[12.2392,42.6069],[12.2292,42.6104],[12.2361,42.6214],[12.2397,42.623],[12.2434,42.628],[12.2388,42.6316],[12.2256,42.6356],[12.2269,42.6436],[12.1974,42.6639],[12.1858,42.6663],[12.1758,42.6728],[12.1611,42.6768],[12.1488,42.6657],[12.1461,42.6588],[12.1408,42.6563],[12.1323,42.6616],[12.1241,42.6493],[12.1173,42.651],[12.1084,42.6603],[12.1068,42.6647],[12.0944,42.6554],[12.0737,42.6566],[12.0666,42.6529],[12.0481,42.6495],[12.0398,42.649],[12.03,42.6433],[12.03,42.6502],[12.0072,42.6624],[11.9779,42.6756],[11.941,42.6837],[11.9487,42.696],[11.9318,42.7011],[11.9263,42.7048],[11.9302,42.7126],[11.9394,42.7179],[11.9453,42.7254],[11.9606,42.7281],[11.97,42.7388],[11.9782,42.7515],[11.9795,42.7647],[11.9665,42.7669],[11.9606,42.7712],[11.9496,42.7761],[11.933,42.7781],[11.9254,42.7838],[11.9195,42.799],[11.9138,42.8098],[11.908,42.8168],[11.9039,42.8321],[11.895,42.8346],[11.8919,42.8429],[11.9092,42.8492],[11.92,42.8568],[11.9261,42.8672],[11.9332,42.8694],[11.9446,42.8715],[11.959,42.8706],[11.9586,42.8743],[11.9588,42.8916],[11.9567,42.8938],[11.9521,42.901],[11.9377,42.9031],[11.9334,42.91],[11.9371,42.9212],[11.9391,42.9326],[11.9517,42.9484],[11.953,42.9546],[11.9485,42.9619],[11.9506,42.9704],[11.9496,42.9766],[11.9542,42.9785],[11.962,43.0011],[11.9683,43.0155],[11.9718,43.022],[11.9723,43.0354],[11.9798,43.0447],[11.9823,43.051],[11.9807,43.0565],[11.9725,43.0639],[11.9567,43.0687],[11.9499,43.0636],[11.9478,43.0555],[11.9409,43.053],[11.9362,43.0557],[11.9325,43.067],[11.9238,43.0752],[11.9233,43.0801],[11.9313,43.0909],[11.922,43.1105],[11.919,43.1201],[11.9133,43.1276],[11.9204,43.1316],[11.9241,43.1477],[11.9288,43.1526],[11.9403,43.1591],[11.9613,43.1669],[11.9702,43.1692],[11.9787,43.1761],[11.9878,43.1807],[12.0065,43.1805],[12.0197,43.1851],[12.0261,43.1903],[12.031,43.2065],[12.039,43.2289],[12.0382,43.2366],[12.0339,43.2461],[12.0495,43.2528],[12.0698,43.2449],[12.086,43.2362],[12.0947,43.2372],[12.1122,43.2509],[12.1219,43.2552],[12.139,43.253],[12.1488,43.2548],[12.1621,43.2657],[12.1746,43.273],[12.1821,43.2737],[12.207,43.2817],[12.2219,43.2932],[12.2237,43.2963],[12.2061,43.3048],[12.1938,43.3131],[12.1831,43.3008],[12.1853,43.2944],[12.1773,43.2821],[12.1662,43.2826],[12.1339,43.2925],[12.1269,43.304],[12.1269,43.3082],[12.1342,43.3163],[12.1367,43.3272],[12.1355,43.3407],[12.1307,43.3503],[12.1187,43.3644],[12.1113,43.3691],[12.1009,43.3727],[12.0889,43.3662],[12.0775,43.3656],[12.073,43.3705],[12.073,43.3876],[12.0778,43.3981],[12.0737,43.4038],[12.0709,43.405],[12.052,43.3984],[12.0337,43.4003],[12.0277,43.4087],[12.0252,43.4156],[12.0337,43.4245],[12.0437,43.426],[12.0536,43.4349],[12.0604,43.4383],[12.0803,43.4338],[12.0965,43.4456],[12.0995,43.4544],[12.1045,43.4606],[12.1244,43.4673],[12.1433,43.4703],[12.1449,43.4796],[12.1443,43.4799],[12.1084,43.4957],[12.0974,43.4983],[12.0912,43.503],[12.091,43.5078],[12.0953,43.5217],[12.1027,43.5299],[12.107,43.5298],[12.1431,43.534],[12.1532,43.5287],[12.1534,43.529],[12.1588,43.5497],[12.1627,43.5614],[12.168,43.5651],[12.1899,43.5866],[12.1968,43.595],[12.1963,43.5994],[12.2041,43.6064],[12.2137,43.6108],[12.2251,43.5943],[12.2342,43.5939],[12.2553,43.5902],[12.2614,43.5889],[12.2721,43.5939],[12.2849,43.5947],[12.292,43.5935],[12.2923,43.5866],[12.2998,43.5861],[12.3075,43.5918],[12.3112,43.5992],[12.3267,43.6033],[12.3345,43.6099],[12.3501,43.6079],[12.3507,43.6122],[12.3573,43.6172],[12.3713,43.6112],[12.3626,43.6028],[12.3617,43.5952],[12.3708,43.5865],[12.3669,43.5773],[12.3464,43.5561],[12.3409,43.5526],[12.3199,43.5532],[12.313,43.5431],[12.3332,43.5236],[12.3498,43.5217],[12.3649,43.5326],[12.3701,43.5317],[12.3864,43.5204],[12.3834,43.5168],[12.3882,43.5097],[12.4001,43.5097],[12.3989,43.5132],[12.4067,43.5249],[12.4165,43.5336],[12.4378,43.5376],[12.446,43.5301],[12.4576,43.5169],[12.4736,43.5186],[12.4784,43.5259],[12.4839,43.5271],[12.5008,43.5196],[12.5177,43.508],[12.5221,43.5019],[12.5241,43.4961],[12.543,43.4797],[12.5629,43.4612],[12.5842,43.4459],[12.6047,43.4379],[12.6219,43.4246],[12.6194,43.4165],[12.6291,43.4224],[12.6355,43.4297],[12.6454,43.4335],[12.6632,43.4367],[12.6746,43.4341],[12.6865,43.4288],[12.7062,43.4253],[12.7089,43.4258],[12.7151,43.446],[12.7224,43.4529],[12.7347,43.4643],[12.7438,43.4641],[12.7555,43.4592],[12.7674,43.46],[12.7765,43.4505],[12.7665,43.4456],[12.7658,43.4261],[12.781,43.4148],[12.7717,43.401],[12.7632,43.3973],[12.7512,43.395],[12.7468,43.3905],[12.7495,43.3808],[12.7582,43.3727],[12.7585,43.3656],[12.7593,43.3644],[12.7701,43.36],[12.7731,43.3503],[12.7822,43.3456],[12.7826,43.3413],[12.7941,43.3341],[12.7991,43.3198],[12.8025,43.3048],[12.7996,43.2907],[12.7925,43.2878],[12.7891,43.283],[12.8037,43.2713],[12.8236,43.2668],[12.8292,43.257],[12.8258,43.2485],[12.8315,43.232],[12.8372,43.2246],[12.8366,43.2175],[12.8507,43.21],[12.8624,43.2113],[12.8681,43.1951],[12.8681,43.1888],[12.864,43.178],[12.8628,43.1675],[12.8509,43.1533],[12.8338,43.1476],[12.8331,43.1391],[12.843,43.1223],[12.8585,43.1253],[12.8754,43.1234],[12.8834,43.117],[12.885,43.0996],[12.8911,43.0935],[12.8975,43.0934],[12.8946,43.0765],[12.8902,43.0594],[12.8921,43.0477],[12.9065,43.0355],[12.9037,43.0247],[12.8976,43.0247],[12.8886,43.0123],[12.8896,43.0068],[12.9081,42.9849],[12.9005,42.9758],[12.8959,42.9646],[12.9135,42.9556],[12.9259,42.9545],[12.941,42.9422],[12.948,42.9414],[12.9492,42.93],[12.9734,42.9277],[12.9768,42.9257],[12.9691,42.9037],[12.9711,42.892],[12.9752,42.8865],[12.9734,42.8772],[12.9755,42.8725],[12.9763,42.8698],[12.9857,42.869],[12.9903,42.8722],[12.993,42.8795],[13.0001,42.8908],[12.9969,42.9033],[13.001,42.9094],[13.012,42.9027],[13.0248,42.9026],[13.0369,42.9075],[13.0431,42.9151],[13.0547,42.9195],[13.0677,42.9071],[13.0812,42.8997],[13.1122,42.8893],[13.1127,42.8884],[13.1218,42.8739],[13.1403,42.8551],[13.1543,42.8354],[13.1634,42.8324],[13.1813,42.8371],[13.1881,42.8346],[13.2034,42.8406],[13.2109,42.8415],[13.2189,42.846],[13.2322,42.8561],[13.2352,42.8677],[13.2425,42.8597],[13.248,42.849],[13.2496,42.8393],[13.2552,42.8227],[13.2623,42.8162],[13.2641,42.8082],[13.2591,42.7988],[13.2509,42.7887],[13.2456,42.7712],[13.2457,42.7677],[13.2386,42.7609],[13.2368,42.7692],[13.2299,42.7724],[13.216,42.7712],[13.2086,42.7639],[13.1954,42.762],[13.1933,42.7588],[13.1991,42.7535],[13.199,42.7481],[13.1894,42.7388],[13.1892,42.7336],[13.1892,42.7081],[13.1771,42.6943],[13.1733,42.6873],[13.1794,42.6834],[13.1737,42.6653],[13.1604,42.6562],[13.1586,42.6542]]],[[[12.4078,43.6022],[12.4176,43.6085],[12.4234,43.6101],[12.4307,43.6064],[12.4343,43.6],[12.4336,43.5927],[12.4247,43.5925],[12.4078,43.6022]]]]}},{"type":"Feature","properties":{"name":"Lazio","istat":"12","iso":"IT-62","aliases":["Latium"]},"geometry":{"type":"MultiPolygon","coordinates":[[[[11.4499,42.3775],[11.4537,42.3853],[11.4508,42.395],[11.4567,42.4011],[11.4768,42.4141],[11.4819,42.4211],[11.4811,42.4335],[11.4889,42.4394],[11.4974,42.4386],[11.5113,42.4347],[11.5216,42.4342],[11.5437,42.4422],[11.5545,42.4388],[11.5657,42.4394],[11.5855,42.4369],[11.6178,42.4361],[11.6161,42.4667],[11.62,42.4759],[11.617,42.4874],[11.6095,42.4926],[11.5928,42.4954],[11.5855,42.501],[11.5871,42.5042],[11.5807,42.5087],[11.5661,42.5117],[11.5609,42.517],[11.565,42.5271],[11.5702,42.5346],[11.5778,42.54],[11.5858,42.5417],[11.5824,42.5494],[11.5787,42.5662],[11.5892,42.5713],[11.6052,42.5678],[11.6141,42.5573],[11.625,42.5691],[11.6299,42.5695],[11.6371,42.5652],[11.6438,42.5667],[11.6531,42.5717],[11.6586,42.5771],[11.6659,42.5761],[11.6796,42.5805],[11.6858,42.5849],[11.6799,42.5952],[11.7004,42.6014],[11.7103,42.61],[11.7269,42.6108],[11.7272,42.6065],[11.7363,42.6071],[11.7384,42.6133],[11.7518,42.6255],[11.7496,42.6397],[11.7808,42.6347],[11.7865,42.6393],[11.7964,42.6436],[11.8048,42.644],[11.8094,42.6529],[11.8091,42.6586],[11.8,42.6684],[11.7861,42.6707],[11.7842,42.6796],[11.7854,42.6874],[11.7813,42.7076],[11.8016,42.7073],[11.8085,42.7303],[11.8188,42.7429],[11.8187,42.7458],[11.8135,42.7459],[11.8087,42.7532],[11.7794,42.758],[11.777,42.767],[11.7621,42.7795],[11.7459,42.7858],[11.75,42.7905],[11.7534,42.8022],[11.758,42.8077],[11.7687,42.8154],[11.7685,42.82],[11.776,42.8207],[11.787,42.8152],[11.8034,42.8012],[11.8115,42.7996],[11.811,42.8069],[11.8147,42.816],[11.8139,42.8227],[11.822,42.826],[11.8329,42.8273],[11.8475,42.8377],[11.8678,42.8348],[11.895,42.8346],[11.9039,42.8321],[11.908,42.8168],[11.9138,42.8098],[11.9195,42.799],[11.9254,42.7838],[11.933,42.7781],[11.9496,42.7761],[11.9606,42.7712],[11.9665,42.7669],[11.9795,42.7647],[11.9782,42.7515],[11.97,42.7388],[11.9606,42.7281],[11.9453,42.7254],[11.9394,42.7179],[11.9302,42.7126],[11.9263,42.7048],[11.9318,42.7011],[11.9487,42.696],[11.941,42.6837],[11.9779,42.6756],[12.0072,42.6624],[12.03,42.6502],[12.03,42.6433],[12.0398,42.649],[12.0481,42.6495],[12.0666,42.6529],[12.0737,42.6566],[12.0944,42.6554],[12.1068,42.6647],[12.1084,42.6603],[12.1173,42.651],[12.1241,42.6493],[12.1323,42.6616],[12.1408,42.6563],[12.1461,42.6588],[12.1488,42.6657],[12.1611,42.6768],[12.1758,42.6728],[12.1858,42.6663],[12.1974,42.6639],[12.2269,42.6436],[12.2256,42.6356],[12.2388,42.6316],[12.2434,42.628],[12.2397,42.623],[12.2361,42.6214],[12.2292,42.6104],[12.2392,42.6069],[12.2461,42.6008],[12.2475,42.5967],[12.2438,42.5976],[12.236,42.5833],[12.2424,42.5695],[12.2514,42.5667],[12.2664,42.5595],[12.2751,42.5599],[12.279,42.5488],[12.2786,42.5415],[12.2665,42.5364],[12.2673,42.5327],[12.2744,42.5241],[12.2826,42.5228],[12.2834,42.5176],[12.2756,42.516],[12.2751,42.5089],[12.2794,42.5066],[12.2897,42.5089],[12.3005,42.5036],[12.3075,42.4973],[12.303,42.4913],[12.2998,42.4874],[12.3053,42.4878],[12.3165,42.4884],[12.3249,42.4949],[12.3352,42.4901],[12.3461,42.4821],[12.3512,42.4738],[12.3598,42.4759],[12.3854,42.4892],[12.3902,42.4982],[12.4017,42.4991],[12.4215,42.4925],[12.4279,42.4869],[12.4136,42.4791],[12.4128,42.4673],[12.4275,42.4653],[12.4304,42.4586],[12.4179,42.4585],[12.4128,42.4525],[12.4138,42.4424],[12.4192,42.4388],[12.4192,42.4343],[12.4136,42.4282],[12.417,42.4224],[12.4224,42.4216],[12.4382,42.4262],[12.4489,42.4237],[12.4544,42.4269],[12.4643,42.4284],[12.4677,42.4218],[12.4604,42.4163],[12.4586,42.4066],[12.4446,42.3987],[12.4508,42.3966],[12.4597,42.3978],[12.4663,42.3949],[12.4704,42.3998],[12.4812,42.4042],[12.488,42.3986],[12.494,42.3981],[12.5012,42.4017],[12.5111,42.4035],[12.5182,42.3972],[12.5134,42.3928],[12.5141,42.3776],[12.5189,42.3674],[12.5261,42.3641],[12.53,42.3642],[12.538,42.3743],[12.5522,42.3818],[12.5597,42.3819],[12.575,42.3876],[12.5963,42.3999],[12.6009,42.4017],[12.6061,42.4035],[12.6059,42.4078],[12.6143,42.4136],[12.6141,42.425],[12.6109,42.428],[12.6196,42.4519],[12.6191,42.4611],[12.6141,42.4641],[12.6214,42.4687],[12.6358,42.469],[12.6426,42.4642],[12.6422,42.4537],[12.6502,42.4473],[12.6499,42.4431],[12.6607,42.4414],[12.6726,42.4422],[12.6906,42.4495],[12.6984,42.4545],[12.7029,42.4609],[12.7105,42.4635],[12.715,42.46],[12.7247,42.4604],[12.7349,42.4679],[12.7416,42.4706],[12.7331,42.4779],[12.7244,42.4825],[12.7167,42.49],[12.711,42.5008],[12.7196,42.5036],[12.7276,42.5091],[12.7459,42.5077],[12.7511,42.5111],[12.7731,42.5129],[12.7737,42.5198],[12.7706,42.5251],[12.7733,42.5314],[12.7838,42.5338],[12.7955,42.5339],[12.8051,42.5358],[12.8181,42.533],[12.8204,42.536],[12.8334,42.5416],[12.8437,42.5489],[12.8637,42.5583],[12.8717,42.5611],[12.8928,42.5635],[12.8935,42.5794],[12.887,42.5877],[12.88,42.6023],[12.8806,42.6077],[12.8806,42.6093],[12.8964,42.6165],[12.9039,42.6122],[12.9158,42.6096],[12.9186,42.6055],[12.9302,42.6028],[12.9375,42.6154],[12.9533,42.619],[12.9642,42.6186],[12.9857,42.6157],[13.0044,42.6153],[13.0113,42.6172],[13.015,42.6217],[13.0143,42.6296],[13.0193,42.6349],[13.0232,42.6388],[13.0307,42.6375],[13.0378,42.6274],[13.0586,42.6229],[13.0643,42.6235],[13.0787,42.6312],[13.1018,42.638],[13.1095,42.6422],[13.1168,42.6534],[13.1168,42.6571],[13.1312,42.658],[13.1397,42.6506],[13.1465,42.647],[13.1586,42.6542],[13.1604,42.6562],[13.1737,42.6653],[13.1794,42.6834],[13.1733,42.6873],[13.1771,42.6943],[13.1892,42.7081],[13.1892,42.7336],[13.1956,42.7343],[13.2071,42.7309],[13.2392,42.7262],[13.2539,42.7215],[13.2596,42.7275],[13.2644,42.7401],[13.2794,42.7408],[13.2881,42.7386],[13.2904,42.7336],[13.2966,42.7297],[13.3105,42.7275],[13.3185,42.7234],[13.3315,42.7097],[13.342,42.7015],[13.3578,42.6942],[13.3509,42.6823],[13.3487,42.6687],[13.3551,42.6657],[13.3686,42.6517],[13.3767,42.6499],[13.3823,42.6497],[13.4083,42.6429],[13.4092,42.6361],[13.4055,42.6283],[13.3946,42.6218],[13.3955,42.6181],[13.3903,42.6085],[13.3891,42.6023],[13.3911,42.5934],[13.3941,42.5913],[13.3845,42.5859],[13.3818,42.581],[13.3738,42.5809],[13.3446,42.5757],[13.3217,42.5786],[13.3119,42.574],[13.2973,42.5711],[13.2913,42.5705],[13.2845,42.5816],[13.2783,42.5834],[13.2628,42.583],[13.2534,42.5812],[13.2459,42.5727],[13.2358,42.5749],[13.2306,42.5786],[13.2191,42.5825],[13.1913,42.5875],[13.1922,42.578],[13.1744,42.5675],[13.1762,42.5529],[13.1735,42.5455],[13.1666,42.5403],[13.1557,42.54],[13.1577,42.5285],[13.1669,42.5155],[13.1776,42.5125],[13.1773,42.5077],[13.1714,42.485],[13.1783,42.4793],[13.154,42.4623],[13.1399,42.4627],[13.1335,42.4584],[13.1162,42.4439],[13.1305,42.4374],[13.1427,42.428],[13.1552,42.4143],[13.1691,42.4076],[13.1762,42.4062],[13.1892,42.4002],[13.1942,42.3892],[13.1894,42.3811],[13.1696,42.3701],[13.1534,42.3571],[13.1717,42.3487],[13.1913,42.3324],[13.1979,42.3313],[13.2207,42.3194],[13.2263,42.3194],[13.2281,42.2912],[13.2345,42.2778],[13.2425,42.2689],[13.2566,42.2648],[13.2697,42.2551],[13.2756,42.2425],[13.2829,42.2369],[13.2971,42.2311],[13.3213,42.2292],[13.3272,42.2238],[13.3356,42.2223],[13.3386,42.2155],[13.3318,42.2082],[13.3414,42.1984],[13.3521,42.1914],[13.3608,42.1908],[13.3742,42.1871],[13.3799,42.1805],[13.3701,42.1803],[13.3475,42.176],[13.3546,42.1673],[13.3448,42.1647],[13.3332,42.1663],[13.3233,42.1614],[13.3284,42.1547],[13.3174,42.1537],[13.3096,42.1469],[13.3053,42.1383],[13.2849,42.1343],[13.2778,42.1375],[13.2696,42.1375],[13.2488,42.1275],[13.2372,42.1292],[13.2356,42.1323],[13.2233,42.1433],[13.2057,42.1485],[13.1954,42.1579],[13.1833,42.159],[13.1781,42.1534],[13.1698,42.1507],[13.1682,42.1535],[13.1502,42.1615],[13.12,42.1768],[13.1093,42.1758],[13.0871,42.1778],[13.0869,42.1732],[13.0935,42.1664],[13.0935,42.1606],[13.0867,42.1499],[13.086,42.144],[13.0768,42.1391],[13.073,42.1319],[13.0574,42.1229],[13.039,42.1174],[13.0307,42.1221],[13.0305,42.1154],[13.0319,42.1059],[13.0252,42.0955],[13.0241,42.0922],[13.0195,42.079],[13.0216,42.0672],[13.0259,42.0631],[13.0266,42.05],[13.0465,42.0354],[13.0483,42.0297],[13.0494,42.0235],[13.0545,42.0162],[13.0778,42.0095],[13.0899,42.0091],[13.1009,42.008],[13.0963,42.0194],[13.0974,42.0249],[13.1022,42.0266],[13.1164,42.021],[13.1378,42.0157],[13.1468,42.012],[13.1698,41.9978],[13.1847,41.9929],[13.1991,41.9865],[13.2143,41.9872],[13.2267,41.9836],[13.2344,41.9771],[13.2456,41.9706],[13.2623,41.968],[13.2861,41.9504],[13.2963,41.9487],[13.2982,41.9544],[13.3083,41.953],[13.3254,41.942],[13.334,41.9338],[13.3386,41.9256],[13.35,41.921],[13.3566,41.9258],[13.366,41.9216],[13.3783,41.9118],[13.3827,41.9007],[13.3736,41.8856],[13.3649,41.8775],[13.359,41.8694],[13.3667,41.8642],[13.366,41.8577],[13.3686,41.8407],[13.3669,41.8332],[13.3718,41.8272],[13.3795,41.8174],[13.3911,41.8192],[13.3964,41.8341],[13.4076,41.8375],[13.433,41.8278],[13.4515,41.8228],[13.4556,41.8204],[13.4645,41.8091],[13.4704,41.8065],[13.4875,41.8033],[13.488,41.8034],[13.5065,41.8006],[13.5118,41.7878],[13.5216,41.7799],[13.5205,41.773],[13.5339,41.7681],[13.5453,41.7624],[13.5629,41.7609],[13.5718,41.7543],[13.5762,41.7551],[13.5862,41.7664],[13.6008,41.769],[13.6134,41.7781],[13.6244,41.7798],[13.6314,41.7827],[13.6422,41.7913],[13.6408,41.8001],[13.6374,41.8026],[13.6488,41.811],[13.6609,41.8113],[13.6812,41.8042],[13.6927,41.7915],[13.7073,41.7876],[13.7166,41.7974],[13.7296,41.7989],[13.729,41.7917],[13.7317,41.7864],[13.7436,41.7797],[13.7488,41.7696],[13.7495,41.7612],[13.7566,41.7577],[13.7671,41.7488],[13.7794,41.747],[13.7902,41.743],[13.808,41.752],[13.8151,41.7528],[13.8215,41.7433],[13.8277,41.7392],[13.8448,41.7381],[13.8564,41.7312],[13.8791,41.7287],[13.8918,41.7352],[13.8976,41.7321],[13.9046,41.7182],[13.9167,41.719],[13.9197,41.7173],[13.9238,41.7064],[13.9272,41.7034],[13.9329,41.6931],[13.941,41.688],[13.9444,41.6841],[13.9679,41.6732],[13.9757,41.6648],[13.9884,41.6538],[13.9875,41.6479],[13.9939,41.6391],[13.9965,41.6242],[13.998,41.623],[14.0111,41.6079],[14.0088,41.6001],[14.0102,41.5926],[13.9978,41.5794],[14.0017,41.5697],[14.0238,41.5607],[14.0261,41.5553],[14.0207,41.5424],[14.0058,41.5393],[14.0093,41.534],[14.0243,41.5266],[14.0193,41.5219],[14.0106,41.5148],[13.9985,41.514],[13.9932,41.5113],[13.9757,41.497],[13.975,41.4922],[13.9926,41.4821],[13.9891,41.4796],[13.9779,41.4626],[13.9656,41.4641],[13.9604,41.4629],[13.9498,41.4536],[13.9313,41.44],[13.9136,41.4333],[13.911,41.4287],[13.9083,41.4286],[13.904,41.4256],[13.8914,41.425],[13.8873,41.4268],[13.8765,41.4262],[13.8612,41.4165],[13.863,41.4099],[13.8713,41.4039],[13.8795,41.4031],[13.8763,41.3941],[13.8841,41.3832],[13.8768,41.3794],[13.8736,41.3747],[13.8708,41.3646],[13.8726,41.3528],[13.8774,41.3391],[13.8738,41.3383],[13.8784,41.3288],[13.8879,41.3196],[13.8948,41.3116],[13.89,41.2989],[13.8823,41.2911],[13.851,41.2896],[13.8404,41.2835],[13.8284,41.2811],[13.8288,41.2697],[13.8398,41.2624],[13.8336,41.2551],[13.8151,41.2445],[13.811,41.2467],[13.795,41.2451],[13.7882,41.2419],[13.7737,41.2426],[13.7621,41.2226],[13.7461,41.2334],[13.7224,41.2467],[13.7073,41.2534],[13.7007,41.2528],[13.689,41.2465],[13.6837,41.2445],[13.6685,41.2484],[13.6644,41.2527],[13.6513,41.2571],[13.6321,41.2603],[13.6202,41.2603],[13.6042,41.2526],[13.5921,41.2499],[13.5794,41.2445],[13.5737,41.2401],[13.57,41.2326],[13.5693,41.2252],[13.5712,41.2178],[13.5896,41.2099],[13.5753,41.2042],[13.5597,41.2106],[13.5456,41.2094],[13.5293,41.22],[13.514,41.2251],[13.5104,41.2215],[13.5044,41.2247],[13.485,41.238],[13.4752,41.2394],[13.4716,41.2373],[13.4466,41.2519],[13.4284,41.2593],[13.4085,41.2692],[13.396,41.2735],[13.3743,41.2814],[13.3555,41.2868],[13.3183,41.2944],[13.2904,41.2969],[13.2813,41.297],[13.266,41.2944],[13.2575,41.283],[13.2306,41.2844],[13.2064,41.2831],[13.1822,41.2783],[13.1719,41.2751],[13.1353,41.2584],[13.1312,41.255],[13.1157,41.2479],[13.1066,41.2419],[13.0937,41.2253],[13.0728,41.2226],[13.0574,41.2242],[13.0463,41.2267],[13.0415,41.23],[13.0335,41.2409],[13.0357,41.2474],[13.0286,41.265],[13.0197,41.282],[13.0108,41.2965],[12.9985,41.3138],[12.9853,41.3296],[12.9704,41.3456],[12.9476,41.3636],[12.9307,41.3747],[12.9154,41.3832],[12.901,41.3917],[12.8681,41.4068],[12.8546,41.4115],[12.8363,41.4148],[12.8069,41.4139],[12.797,41.4168],[12.7826,41.4179],[12.7733,41.4163],[12.7639,41.4104],[12.7427,41.4228],[12.713,41.441],[12.695,41.4497],[12.6838,41.453],[12.6776,41.4529],[12.6641,41.4565],[12.6408,41.4529],[12.6372,41.4512],[12.6312,41.4444],[12.6221,41.4437],[12.618,41.4464],[12.6148,41.4573],[12.6038,41.4722],[12.5889,41.489],[12.583,41.4983],[12.5691,41.5154],[12.5529,41.534],[12.5415,41.5456],[12.4876,41.5958],[12.4844,41.5996],[12.4581,41.623],[12.4394,41.6385],[12.4158,41.6555],[12.3838,41.6774],[12.3651,41.6887],[12.321,41.7107],[12.2824,41.7265],[12.242,41.7397],[12.2441,41.7438],[12.2562,41.7462],[12.2397,41.7433],[12.2311,41.7408],[12.2272,41.7457],[12.2281,41.7548],[12.2205,41.7684],[12.224,41.7812],[12.2226,41.7868],[12.2105,41.8111],[12.1995,41.8379],[12.1844,41.8632],[12.1634,41.8917],[12.1543,41.9019],[12.1406,41.9155],[12.125,41.9258],[12.11,41.9319],[12.0974,41.9337],[12.0903,41.9367],[12.0746,41.9479],[12.0517,41.9557],[12.0431,41.9618],[12.0355,41.9732],[12.0252,41.9819],[12.0069,41.9913],[11.9787,41.9969],[11.9727,42.0016],[11.964,42.0144],[11.948,42.0212],[11.9129,42.0399],[11.9076,42.0407],[11.8786,42.0378],[11.8717,42.0343],[11.8542,42.0324],[11.845,42.0299],[11.8331,42.0304],[11.8306,42.0389],[11.8203,42.05],[11.8181,42.057],[11.8139,42.0626],[11.8073,42.0752],[11.8062,42.0806],[11.7984,42.0863],[11.7877,42.0887],[11.785,42.0951],[11.7781,42.1031],[11.7753,42.1016],[11.76,42.1146],[11.7649,42.1185],[11.7633,42.1225],[11.7548,42.1259],[11.7432,42.1429],[11.7429,42.1497],[11.7338,42.1582],[11.7397,42.1685],[11.7381,42.1725],[11.7262,42.1827],[11.7208,42.1892],[11.71,42.2081],[11.7057,42.2187],[11.6941,42.2356],[11.6796,42.2474],[11.6724,42.2558],[11.6653,42.2676],[11.6499,42.2812],[11.6319,42.2952],[11.5981,42.3131],[11.5623,42.335],[11.5355,42.3471],[11.4926,42.3636],[11.4499,42.3775]],[[12.453,41.9067],[12.448,41.901],[12.4563,41.9003],[12.453,41.9067]]],[[[12.9688,40.9221],[12.9619,40.9075],[12.9602,40.8981],[12.9693,40.8938],[12.9633,40.8853],[12.954,40.8776],[12.9476,40.8871],[12.9547,40.8928],[12.9522,40.8963],[12.943,40.8971],[12.9435,40.9056],[12.9474,40.9103],[12.9492,40.9195],[12.9586,40.9204],[12.9665,40.9234],[12.9663,40.9282],[12.9841,40.9356],[12.9937,40.9347],[12.9905,40.9293],[12.9771,40.9265],[12.9688,40.9221]]],[[[12.8599,40.9451],[12.8615,40.9293],[12.853,40.9261],[12.8564,40.9426],[12.8599,40.9451]]],[[[13.0572,40.9646],[13.0485,40.9651],[13.046,40.9699],[13.0551,40.9739],[13.0627,40.9695],[13.0572,40.9646]]],[[[13.4318,40.803],[13.4353,40.7972],[13.4266,40.7896],[13.4147,40.7851],[13.4113,40.7877],[13.4318,40.803]]]]}},{"type":"Feature","properties":{"name":"Campania","istat":"15","iso":"IT-72","aliases":[]},"geometry":{"type":"MultiPolygon","coordinates":[[[[14.0867,41.4597],[14.0825,41.4655],[14.0949,41.4726],[14.1034,41.4837],[14.1118,41.4889],[14.1194,41.5065],[14.1253,41.5073],[14.1371,41.495],[14.1573,41.4803],[14.1657,41.4793],[14.1669,41.4933],[14.1725,41.4991],[14.1815,41.4967],[14.1908,41.4965],[14.2048,41.4999],[14.216,41.4967],[14.2306,41.4981],[14.2408,41.4971],[14.2472,41.486],[14.2612,41.4842],[14.2792,41.4864],[14.2922,41.4763],[14.2843,41.472],[14.308,41.4649],[14.3272,41.4534],[14.3423,41.4541],[14.3592,41.4485],[14.3823,41.4432],[14.3873,41.4431],[14.401,41.4372],[14.4126,41.4412],[14.4193,41.4353],[14.4263,41.4318],[14.4307,41.4287],[14.4421,41.4269],[14.454,41.428],[14.4567,41.4261],[14.4707,41.4201],[14.4773,41.4189],[14.4825,41.4139],[14.478,41.4102],[14.4828,41.4029],[14.4887,41.3906],[14.5003,41.3876],[14.5049,41.3825],[14.5083,41.3816],[14.5223,41.3852],[14.5309,41.3835],[14.5513,41.3794],[14.5664,41.3921],[14.5744,41.3902],[14.5848,41.3815],[14.5915,41.3694],[14.6031,41.364],[14.6145,41.3682],[14.6296,41.381],[14.6339,41.3875],[14.6504,41.3971],[14.657,41.3967],[14.6607,41.3932],[14.6653,41.3971],[14.6661,41.4066],[14.6714,41.4067],[14.6842,41.4106],[14.6995,41.4108],[14.7061,41.4048],[14.7144,41.4011],[14.7173,41.4009],[14.7379,41.4078],[14.7481,41.4084],[14.7648,41.4173],[14.7669,41.4265],[14.7722,41.4335],[14.7708,41.4404],[14.7746,41.4459],[14.7849,41.4521],[14.7902,41.4525],[14.8057,41.4476],[14.8114,41.4414],[14.8432,41.4266],[14.8534,41.4252],[14.8603,41.4264],[14.8678,41.4278],[14.8747,41.4335],[14.8745,41.4355],[14.8855,41.4449],[14.8934,41.4477],[14.9083,41.4509],[14.9305,41.4526],[14.9464,41.456],[14.9643,41.4659],[14.9823,41.469],[14.9898,41.4799],[15.0076,41.4864],[15.0168,41.4807],[15.0232,41.4773],[15.0287,41.4675],[15.0303,41.4554],[15.0378,41.4544],[15.0504,41.4434],[15.0627,41.4407],[15.0688,41.4358],[15.0764,41.4329],[15.0983,41.4341],[15.1031,41.4209],[15.0917,41.4179],[15.0865,41.4042],[15.0954,41.3957],[15.0983,41.3905],[15.08,41.3881],[15.0679,41.3763],[15.0584,41.3722],[15.064,41.3572],[15.0668,41.3527],[15.0698,41.3383],[15.0723,41.3325],[15.0794,41.3302],[15.0999,41.3277],[15.1132,41.3193],[15.1305,41.3172],[15.1267,41.3029],[15.1363,41.298],[15.1403,41.2912],[15.1378,41.2864],[15.1492,41.2804],[15.1502,41.2827],[15.2009,41.2863],[15.1982,41.2819],[15.2039,41.2774],[15.2162,41.2753],[15.2205,41.2652],[15.2285,41.2664],[15.2363,41.2723],[15.247,41.2713],[15.2537,41.2682],[15.2641,41.2575],[15.2742,41.2504],[15.2797,41.2407],[15.2461,41.2361],[15.245,41.2271],[15.2491,41.2175],[15.2614,41.2026],[15.2625,41.1976],[15.2511,41.1952],[15.2418,41.19],[15.2235,41.1819],[15.2103,41.1644],[15.2084,41.1556],[15.2107,41.1486],[15.2176,41.1442],[15.2358,41.1401],[15.2527,41.1229],[15.2639,41.1134],[15.2635,41.1121],[15.2621,41.1076],[15.2811,41.0992],[15.2826,41.0974],[15.2979,41.0943],[15.3142,41.1039],[15.3197,41.1],[15.3375,41.0952],[15.3491,41.0951],[15.3576,41.0889],[15.3663,41.0849],[15.3708,41.0867],[15.3927,41.1007],[15.3962,41.1068],[15.4007,41.106],[15.4124,41.0966],[15.4263,41.0951],[15.446,41.078],[15.4622,41.0761],[15.4779,41.0786],[15.4788,41.076],[15.4896,41.07],[15.5275,41.0589],[15.543,41.0559],[15.5463,41.0529],[15.549,41.0506],[15.5531,41.0379],[15.5629,41.0312],[15.5592,41.0245],[15.5595,41.0178],[15.5663,41.0115],[15.5696,41.002],[15.5704,40.9935],[15.5682,40.9756],[15.5638,40.9661],[15.5616,40.9638],[15.5495,40.9542],[15.5439,40.9476],[15.5394,40.9318],[15.5348,40.9245],[15.535,40.9197],[15.5286,40.9139],[15.5268,40.9076],[15.5026,40.9018],[15.4935,40.8981],[15.4677,40.8896],[15.4724,40.8732],[15.4606,40.8671],[15.4531,40.8687],[15.4448,40.8768],[15.4288,40.8796],[15.4051,40.8808],[15.3904,40.8759],[15.3839,40.8763],[15.3726,40.8857],[15.3541,40.8827],[15.3535,40.876],[15.3569,40.8701],[15.3651,40.8721],[15.3779,40.8677],[15.3742,40.8601],[15.3756,40.8486],[15.3784,40.8407],[15.3742,40.8347],[15.3606,40.8391],[15.3532,40.8377],[15.335,40.8349],[15.3535,40.8243],[15.3665,40.8122],[15.3747,40.8131],[15.3806,40.811],[15.3795,40.8062],[15.3662,40.8005],[15.3775,40.7949],[15.3863,40.7973],[15.3879,40.7935],[15.3815,40.7816],[15.3852,40.7738],[15.3912,40.7673],[15.3838,40.7637],[15.3791,40.7508],[15.3827,40.7365],[15.3815,40.7241],[15.3857,40.7218],[15.3925,40.7175],[15.4026,40.7163],[15.4108,40.7119],[15.4215,40.7021],[15.4252,40.6957],[15.4304,40.692],[15.443,40.6887],[15.4531,40.6838],[15.4567,40.6794],[15.4693,40.6737],[15.4871,40.6729],[15.4891,40.6677],[15.5037,40.6629],[15.4989,40.653],[15.4894,40.6462],[15.4679,40.6392],[15.4658,40.6336],[15.4654,40.6309],[15.4649,40.6279],[15.4556,40.6181],[15.4494,40.609],[15.4642,40.6036],[15.4722,40.5935],[15.4754,40.5924],[15.4876,40.5923],[15.4908,40.5869],[15.5101,40.5858],[15.5149,40.5802],[15.5152,40.5735],[15.5198,40.5704],[15.5326,40.5731],[15.5394,40.5681],[15.5287,40.5565],[15.5382,40.5415],[15.5421,40.5324],[15.5399,40.5243],[15.5353,40.5222],[15.5504,40.5093],[15.5353,40.4996],[15.5392,40.4933],[15.5389,40.488],[15.5442,40.4862],[15.557,40.4777],[15.5645,40.4767],[15.5759,40.4696],[15.5807,40.4578],[15.5899,40.4476],[15.5867,40.4436],[15.6054,40.4341],[15.6219,40.4279],[15.6342,40.422],[15.6424,40.4149],[15.6479,40.414],[15.6509,40.4075],[15.6629,40.3925],[15.6709,40.3982],[15.6812,40.3934],[15.7007,40.3839],[15.7098,40.3759],[15.7095,40.3699],[15.7043,40.3638],[15.7045,40.344],[15.7077,40.3382],[15.7203,40.3268],[15.721,40.3245],[15.7262,40.3223],[15.7269,40.3154],[15.7415,40.3023],[15.7491,40.2988],[15.765,40.2984],[15.7669,40.2941],[15.7897,40.29],[15.7991,40.2795],[15.8018,40.279],[15.8064,40.2723],[15.8002,40.2698],[15.7995,40.2599],[15.8039,40.2507],[15.7907,40.2441],[15.7877,40.2374],[15.7904,40.2293],[15.7971,40.2248],[15.7879,40.2178],[15.7731,40.2168],[15.7571,40.2072],[15.7511,40.2017],[15.7345,40.2017],[15.7313,40.1993],[15.728,40.1859],[15.7125,40.1785],[15.7155,40.1684],[15.7018,40.1615],[15.7016,40.1534],[15.7061,40.1478],[15.7089,40.1363],[15.7054,40.1324],[15.7031,40.1199],[15.7057,40.1177],[15.6966,40.1065],[15.6838,40.0906],[15.6769,40.0845],[15.6618,40.0793],[15.6556,40.0806],[15.6516,40.0777],[15.6685,40.0733],[15.6757,40.0642],[15.6762,40.0549],[15.6454,40.0431],[15.6319,40.051],[15.626,40.0586],[15.6323,40.0683],[15.6253,40.0741],[15.6175,40.0684],[15.6139,40.0699],[15.6022,40.0743],[15.5753,40.0778],[15.5326,40.0737],[15.5236,40.0719],[15.5049,40.0646],[15.5017,40.0602],[15.4923,40.0517],[15.4878,40.0448],[15.4805,40.0395],[15.4645,40.0351],[15.4458,40.0197],[15.4325,40.0064],[15.4247,39.9939],[15.4186,39.9906],[15.4119,39.9946],[15.3891,39.9972],[15.3831,40.0003],[15.3763,40.0004],[15.3694,39.9975],[15.3596,39.9986],[15.3429,40.0048],[15.3174,40.0304],[15.3096,40.0314],[15.2941,40.0286],[15.2923,40.0247],[15.2852,40.0227],[15.2719,40.0223],[15.2678,40.0314],[15.2808,40.0306],[15.285,40.0359],[15.2818,40.055],[15.2762,40.0668],[15.2714,40.0743],[15.2639,40.0816],[15.2459,40.0891],[15.2297,40.1005],[15.2127,40.1174],[15.2043,40.1236],[15.1929,40.1244],[15.1776,40.128],[15.1689,40.138],[15.1465,40.1602],[15.133,40.1709],[15.1168,40.1769],[15.0945,40.1732],[15.0846,40.1729],[15.0657,40.1645],[15.0595,40.1679],[15.0426,40.1697],[15.035,40.1722],[15.0254,40.1789],[15.0202,40.1914],[15.0061,40.207],[15.0008,40.2089],[14.991,40.219],[14.9756,40.22],[14.9686,40.2222],[14.9622,40.2284],[14.9537,40.2325],[14.9402,40.2333],[14.935,40.2287],[14.9263,40.232],[14.9099,40.2435],[14.9049,40.2532],[14.9233,40.2641],[14.9375,40.2702],[14.9432,40.2753],[14.9457,40.2828],[14.9467,40.2981],[14.945,40.3119],[14.9393,40.3193],[14.9457,40.337],[14.9535,40.3379],[14.9624,40.3408],[14.9681,40.3403],[14.9789,40.3521],[14.9827,40.3507],[14.9939,40.3537],[14.9987,40.359],[15.001,40.3792],[14.9939,40.4018],[14.9784,40.4313],[14.9661,40.4479],[14.9421,40.482],[14.9355,40.4925],[14.9169,40.529],[14.9064,40.5472],[14.8975,40.5608],[14.8829,40.58],[14.8598,40.6063],[14.8393,40.626],[14.8087,40.6519],[14.7884,40.6656],[14.7728,40.6729],[14.7587,40.6774],[14.7527,40.6752],[14.747,40.6768],[14.739,40.6701],[14.7347,40.6705],[14.7183,40.666],[14.7102,40.6564],[14.702,40.6459],[14.6934,40.6352],[14.6817,40.6332],[14.6461,40.6454],[14.6335,40.6477],[14.6248,40.6479],[14.6191,40.6449],[14.6104,40.6363],[14.6079,40.6344],[14.5985,40.6325],[14.5771,40.6181],[14.5696,40.6157],[14.5545,40.6136],[14.5392,40.6133],[14.5278,40.6066],[14.5229,40.6088],[14.5108,40.6201],[14.4946,40.6272],[14.4864,40.6274],[14.4757,40.6243],[14.4686,40.6202],[14.462,40.6179],[14.4563,40.6198],[14.4487,40.6178],[14.4394,40.6141],[14.419,40.6102],[14.4069,40.5992],[14.3928,40.5948],[14.3473,40.5796],[14.3411,40.5757],[14.3354,40.5762],[14.3295,40.5713],[14.3235,40.5699],[14.322,40.5786],[14.3233,40.5902],[14.3283,40.5964],[14.3295,40.6061],[14.337,40.6108],[14.3416,40.6183],[14.3388,40.6259],[14.3468,40.6271],[14.3537,40.6333],[14.3651,40.6276],[14.3779,40.629],[14.3875,40.6332],[14.3925,40.6369],[14.3998,40.638],[14.4056,40.6436],[14.408,40.6517],[14.4037,40.6563],[14.4087,40.6596],[14.4213,40.6617],[14.4309,40.6664],[14.437,40.6791],[14.4419,40.6834],[14.4483,40.6875],[14.4635,40.6926],[14.4734,40.6915],[14.4782,40.6953],[14.4821,40.7033],[14.4786,40.713],[14.4727,40.7218],[14.4706,40.7288],[14.4592,40.7445],[14.4487,40.7528],[14.4313,40.7531],[14.4254,40.7514],[14.409,40.7542],[14.3932,40.7616],[14.3845,40.7702],[14.3598,40.788],[14.3569,40.7915],[14.3537,40.7916],[14.3384,40.8043],[14.3322,40.8138],[14.3203,40.8208],[14.3083,40.8296],[14.2868,40.8366],[14.2774,40.8423],[14.2646,40.8438],[14.252,40.8343],[14.2504,40.83],[14.2319,40.8318],[14.2214,40.828],[14.2143,40.8204],[14.2057,40.8077],[14.2073,40.8023],[14.1902,40.7939],[14.1842,40.794],[14.1749,40.7989],[14.1636,40.7925],[14.1634,40.7986],[14.1725,40.7992],[14.1691,40.8063],[14.1588,40.8171],[14.1246,40.8204],[14.1164,40.8281],[14.1086,40.8312],[14.0892,40.8306],[14.0775,40.8255],[14.0723,40.8187],[14.0819,40.8118],[14.0819,40.8013],[14.0876,40.7944],[14.0792,40.7924],[14.0769,40.7875],[14.0648,40.7887],[14.0602,40.7876],[14.0479,40.7895],[14.041,40.7943],[14.0415,40.8047],[14.0444,40.8111],[14.0462,40.8154],[14.0479,40.8355],[14.0474,40.8451],[14.0423,40.8717],[14.0399,40.8779],[14.0319,40.8987],[14.0248,40.9135],[14.0069,40.9419],[13.9937,40.9584],[13.9848,40.9678],[13.9732,40.976],[13.9681,40.9832],[13.9547,40.9978],[13.9357,41.0129],[13.9218,41.0263],[13.9151,41.0482],[13.9023,41.0753],[13.8937,41.0902],[13.8864,41.1007],[13.8695,41.1197],[13.853,41.1398],[13.8398,41.1567],[13.8318,41.1675],[13.8137,41.1843],[13.7817,41.2094],[13.7621,41.2226],[13.7737,41.2426],[13.7882,41.2419],[13.795,41.2451],[13.811,41.2467],[13.8151,41.2445],[13.8336,41.2551],[13.8398,41.2624],[13.8288,41.2697],[13.8284,41.2811],[13.8404,41.2835],[13.851,41.2896],[13.8823,41.2911],[13.89,41.2989],[13.8948,41.3116],[13.8879,41.3196],[13.8784,41.3288],[13.8738,41.3383],[13.8774,41.3391],[13.8726,41.3528],[13.8708,41.3646],[13.8736,41.3747],[13.8768,41.3794],[13.8841,41.3832],[13.8763,41.3941],[13.8795,41.4031],[13.8713,41.4039],[13.863,41.4099],[13.8612,41.4165],[13.8765,41.4262],[13.8873,41.4268],[13.8914,41.425],[13.904,41.4256],[13.9083,41.4286],[13.911,41.4287],[13.9136,41.4333],[13.9313,41.44],[13.9498,41.4536],[13.9604,41.4629],[13.9656,41.4641],[13.9779,41.4626],[13.9844,41.4586],[14.0058,41.4528],[14.0092,41.4455],[14.0076,41.4384],[14.0006,41.431],[14.0051,41.425],[14.0129,41.4238],[14.0232,41.4183],[14.03,41.4119],[14.0287,41.4083],[14.0424,41.3928],[14.0624,41.3979],[14.0821,41.4001],[14.1114,41.3864],[14.1136,41.3887],[14.104,41.4056],[14.107,41.4175],[14.1017,41.4249],[14.0867,41.4376],[14.0784,41.4471],[14.0867,41.4597]]],[[[14.231,40.5416],[14.2125,40.54],[14.2007,40.5365],[14.199,40.5408],[14.1981,40.5594],[14.2006,40.5612],[14.2175,40.561],[14.2297,40.5596],[14.2416,40.5558],[14.253,40.557],[14.2603,40.5615],[14.2662,40.5566],[14.2594,40.547],[14.2534,40.5432],[14.2441,40.5466],[14.2342,40.545],[14.231,40.5416]]],[[[13.954,40.7073],[13.948,40.7049],[13.937,40.7062],[13.9236,40.6976],[13.9053,40.7016],[13.8968,40.7],[13.8815,40.7],[13.8729,40.698],[13.8525,40.7099],[13.8614,40.7176],[13.8546,40.7374],[13.8603,40.7385],[13.8653,40.7431],[13.8686,40.7526],[13.8619,40.7575],[13.8708,40.7611],[13.877,40.7569],[13.8854,40.7563],[13.8975,40.7512],[13.9085,40.749],[13.924,40.7508],[13.9313,40.7461],[13.941,40.7467],[13.9551,40.7405],[13.9608,40.7318],[13.9645,40.7121],[13.954,40.7073]]],[[[14.0189,40.7676],[14.0334,40.7664],[14.0355,40.7608],[14.0271,40.7611],[14.0204,40.7565],[14.0197,40.7511],[14.0131,40.7486],[14.001,40.7469],[13.993,40.7409],[13.9903,40.743],[13.9949,40.7491],[14.0021,40.7474],[14.0095,40.7592],[14.0099,40.7689],[14.0189,40.7676]]]]}},{"type":"Feature","properties":{"name":"Abruzzo","istat":"13","iso":"IT-65","aliases":[]},"geometry":{"type":"Polygon","coordinates":[[[13.941,41.688],[13.9329,41.6931],[13.9272,41.7034],[13.9238,41.7064],[13.9197,41.7173],[13.9167,41.719],[13.9046,41.7182],[13.8976,41.7321],[13.8918,41.7352],[13.8791,41.7287],[13.8564,41.7312],[13.8448,41.7381],[13.8277,41.7392],[13.8215,41.7433],[13.8151,41.7528],[13.808,41.752],[13.7902,41.743],[13.7794,41.747],[13.7671,41.7488],[13.7566,41.7577],[13.7495,41.7612],[13.7488,41.7696],[13.7436,41.7797],[13.7317,41.7864],[13.729,41.7917],[13.7296,41.7989],[13.7166,41.7974],[13.7073,41.7876],[13.6927,41.7915],[13.6812,41.8042],[13.6609,41.8113],[13.6488,41.811],[13.6374,41.8026],[13.6408,41.8001],[13.6422,41.7913],[13.6314,41.7827],[13.6244,41.7798],[13.6134,41.7781],[13.6008,41.769],[13.5862,41.7664],[13.5762,41.7551],[13.5718,41.7543],[13.5629,41.7609],[13.5453,41.7624],[13.5339,41.7681],[13.5205,41.773],[13.5216,41.7799],[13.5118,41.7878],[13.5065,41.8006],[13.488,41.8034],[13.4875,41.8033],[13.4704,41.8065],[13.4645,41.8091],[13.4556,41.8204],[13.4515,41.8228],[13.433,41.8278],[13.4076,41.8375],[13.3964,41.8341],[13.3911,41.8192],[13.3795,41.8174],[13.3718,41.8272],[13.3669,41.8332],[13.3686,41.8407],[13.366,41.8577],[13.3667,41.8642],[13.359,41.8694],[13.3649,41.8775],[13.3736,41.8856],[13.3827,41.9007],[13.3783,41.9118],[13.366,41.9216],[13.3566,41.9258],[13.35,41.921],[13.3386,41.9256],[13.334,41.9338],[13.3254,41.942],[13.3083,41.953],[13.2982,41.9544],[13.2963,41.9487],[13.2861,41.9504],[13.2623,41.968],[13.2456,41.9706],[13.2344,41.9771],[13.2267,41.9836],[13.2143,41.9872],[13.1991,41.9865],[13.1847,41.9929],[13.1698,41.9978],[13.1468,42.012],[13.1378,42.0157],[13.1164,42.021],[13.1022,42.0266],[13.0974,42.0249],[13.0963,42.0194],[13.1009,42.008],[13.0899,42.0091],[13.0778,42.0095],[13.0545,42.0162],[13.0494,42.0235],[13.0483,42.0297],[13.0465,42.0354],[13.0266,42.05],[13.0259,42.0631],[13.0216,42.0672],[13.0195,42.079],[13.0241,42.0922],[13.0252,42.0955],[13.0319,42.1059],[13.0305,42.1154],[13.0307,42.1221],[13.039,42.1174],[13.0574,42.1229],[13.073,42.1319],[13.0768,42.1391],[13.086,42.144],[13.0867,42.1499],[13.0935,42.1606],[13.0935,42.1664],[13.0869,42.1732],[13.0871,42.1778],[13.1093,42.1758],[13.12,42.1768],[13.1502,42.1615],[13.1682,42.1535],[13.1698,42.1507],[13.1781,42.1534],[13.1833,42.159],[13.1954,42.1579],[13.2057,42.1485],[13.2233,42.1433],[13.2356,42.1323],[13.2372,42.1292],[13.2488,42.1275],[13.2696,42.1375],[13.2778,42.1375],[13.2849,42.1343],[13.3053,42.1383],[13.3096,42.1469],[13.3174,42.1537],[13.3284,42.1547],[13.3233,42.1614],[13.3332,42.1663],[13.3448,42.1647],[13.3546,42.1673],[13.3475,42.176],[13.3701,42.1803],[13.3799,42.1805],[13.3742,42.1871],[13.3608,42.1908],[13.3521,42.1914],[13.3414,42.1984],[13.3318,42.2082],[13.3386,42.2155],[13.3356,42.2223],[13.3272,42.2238],[13.3213,42.2292],[13.2971,42.2311],[13.2829,42.2369],[13.2756,42.2425],[13.2697,42.2551],[13.2566,42.2648],[13.2425,42.2689],[13.2345,42.2778],[13.2281,42.2912],[13.2263,42.3194],[13.2207,42.3194],[13.1979,42.3313],[13.1913,42.3324],[13.1717,42.3487],[13.1534,42.3571],[13.1696,42.3701],[13.1894,42.3811],[13.1942,42.3892],[13.1892,42.4002],[13.1762,42.4062],[13.1691,42.4076],[13.1552,42.4143],[13.1427,42.428],[13.1305,42.4374],[13.1162,42.4439],[13.1335,42.4584],[13.1399,42.4627],[13.154,42.4623],[13.1783,42.4793],[13.1714,42.485],[13.1773,42.5077],[13.1776,42.5125],[13.1669,42.5155],[13.1577,42.5285],[13.1557,42.54],[13.1666,42.5403],[13.1735,42.5455],[13.1762,42.5529],[13.1744,42.5675],[13.1922,42.578],[13.1913,42.5875],[13.2191,42.5825],[13.2306,42.5786],[13.2358,42.5749],[13.2459,42.5727],[13.2534,42.5812],[13.2628,42.583],[13.2783,42.5834],[13.2845,42.5816],[13.2913,42.5705],[13.2973,42.5711],[13.3119,42.574],[13.3217,42.5786],[13.3446,42.5757],[13.3738,42.5809],[13.3818,42.581],[13.3845,42.5859],[13.3941,42.5913],[13.3911,42.5934],[13.3891,42.6023],[13.3903,42.6085],[13.3955,42.6181],[13.3946,42.6218],[13.4055,42.6283],[13.4092,42.6361],[13.4083,42.6429],[13.3823,42.6497],[13.3767,42.6499],[13.3686,42.6517],[13.3551,42.6657],[13.3487,42.6687],[13.3509,42.6823],[13.3578,42.6942],[13.3589,42.6959],[13.3642,42.6931],[13.38,42.6914],[13.3887,42.6873],[13.3978,42.689],[13.4081,42.6963],[13.4273,42.7065],[13.4369,42.6989],[13.4405,42.7021],[13.4382,42.708],[13.438,42.7175],[13.441,42.7252],[13.4521,42.734],[13.4626,42.7346],[13.4825,42.7321],[13.4933,42.7366],[13.504,42.7504],[13.5022,42.7709],[13.5053,42.7755],[13.5193,42.7915],[13.5296,42.796],[13.535,42.8168],[13.5456,42.8159],[13.5533,42.8055],[13.5746,42.8008],[13.5889,42.8073],[13.6001,42.8063],[13.6186,42.8134],[13.6283,42.815],[13.628,42.8081],[13.6356,42.8033],[13.6415,42.8029],[13.6636,42.8071],[13.6664,42.8103],[13.6867,42.8183],[13.6993,42.8227],[13.7109,42.8434],[13.7066,42.8494],[13.7221,42.8545],[13.7416,42.8557],[13.7628,42.8587],[13.7694,42.8589],[13.7799,42.8609],[13.7993,42.8668],[13.8126,42.8741],[13.8162,42.8775],[13.8311,42.8812],[13.8349,42.8818],[13.8566,42.8845],[13.8838,42.8918],[13.8909,42.8916],[13.9071,42.8946],[13.9161,42.8946],[13.9209,42.8924],[13.9222,42.8791],[13.9266,42.8633],[13.9302,42.8439],[13.9325,42.8381],[13.9403,42.8143],[13.9508,42.7899],[13.9554,42.7816],[13.964,42.7653],[13.9738,42.7512],[13.9804,42.7398],[13.9912,42.7167],[14.0024,42.6987],[14.0259,42.6677],[14.0385,42.6545],[14.0627,42.6174],[14.0871,42.5881],[14.0958,42.5789],[14.1093,42.5632],[14.1307,42.5431],[14.1463,42.5307],[14.1499,42.5246],[14.1536,42.5259],[14.1863,42.4939],[14.2082,42.4773],[14.2203,42.4699],[14.2281,42.4682],[14.2379,42.4572],[14.2543,42.445],[14.2897,42.4225],[14.321,42.405],[14.3731,42.3786],[14.3909,42.3726],[14.3994,42.3632],[14.4115,42.3575],[14.4103,42.3479],[14.4142,42.3459],[14.4243,42.3316],[14.4252,42.3268],[14.4412,42.3123],[14.4569,42.3018],[14.4757,42.2904],[14.4884,42.2824],[14.4994,42.2737],[14.5012,42.2645],[14.5024,42.2587],[14.5083,42.2524],[14.5214,42.2451],[14.5439,42.2356],[14.5631,42.2238],[14.6072,42.2046],[14.6207,42.1992],[14.6429,42.1924],[14.6472,42.1919],[14.658,42.1878],[14.6958,42.1756],[14.7089,42.1738],[14.7173,42.1701],[14.7194,42.153],[14.7173,42.1493],[14.7189,42.1359],[14.7226,42.1244],[14.7178,42.1077],[14.7244,42.0988],[14.7344,42.091],[14.7516,42.0805],[14.7792,42.0703],[14.7726,42.0635],[14.7623,42.0445],[14.7639,42.0417],[14.7744,42.0393],[14.7822,42.0351],[14.7785,42.0279],[14.7662,42.0184],[14.7521,42.0135],[14.744,42.0077],[14.7331,42.0062],[14.7237,42.0],[14.7141,41.99],[14.7011,41.9768],[14.7006,41.9742],[14.6904,41.9671],[14.673,41.95],[14.6655,41.9411],[14.6659,41.9276],[14.6648,41.921],[14.6637,41.9163],[14.6545,41.9106],[14.6525,41.9068],[14.6417,41.9003],[14.6227,41.8942],[14.6178,41.8914],[14.6143,41.8892],[14.6114,41.8802],[14.604,41.8702],[14.5993,41.8638],[14.5977,41.8511],[14.5929,41.8483],[14.5837,41.8409],[14.5773,41.8281],[14.5732,41.824],[14.5707,41.8211],[14.554,41.8174],[14.5446,41.8105],[14.5389,41.8024],[14.531,41.8008],[14.5337,41.792],[14.53,41.7883],[14.5047,41.7761],[14.5019,41.7735],[14.49,41.7611],[14.4853,41.7596],[14.4704,41.7632],[14.4574,41.762],[14.4547,41.7652],[14.4585,41.772],[14.4643,41.777],[14.4547,41.7958],[14.4508,41.8192],[14.4469,41.8345],[14.4423,41.8413],[14.4337,41.8415],[14.4206,41.8553],[14.3975,41.8698],[14.3793,41.8658],[14.3759,41.8748],[14.3768,41.8799],[14.3612,41.8742],[14.3646,41.8691],[14.3585,41.8606],[14.3429,41.8625],[14.3432,41.8686],[14.3284,41.8848],[14.3236,41.8965],[14.3126,41.8929],[14.3027,41.8945],[14.3003,41.899],[14.2911,41.9027],[14.2842,41.9108],[14.2794,41.9095],[14.269,41.8987],[14.2521,41.8885],[14.2448,41.8819],[14.2319,41.8775],[14.2297,41.8771],[14.2253,41.8735],[14.2231,41.8644],[14.2187,41.8573],[14.2134,41.8539],[14.2004,41.8504],[14.1952,41.8462],[14.195,41.8417],[14.1781,41.8454],[14.1662,41.8423],[14.1557,41.8371],[14.1472,41.8273],[14.1541,41.8162],[14.1584,41.8155],[14.1648,41.8073],[14.1678,41.797],[14.1707,41.7798],[14.1758,41.7742],[14.1934,41.7735],[14.2011,41.7674],[14.2011,41.7637],[14.194,41.756],[14.1901,41.7482],[14.1787,41.7492],[14.1753,41.7547],[14.1755,41.7641],[14.1701,41.7652],[14.1612,41.7554],[14.1623,41.7503],[14.1522,41.7462],[14.1299,41.7443],[14.1207,41.7453],[14.1154,41.7354],[14.1205,41.7327],[14.1234,41.7264],[14.1168,41.7149],[14.1074,41.7073],[14.1052,41.7166],[14.0951,41.7324],[14.0944,41.738],[14.0867,41.7392],[14.0696,41.7372],[14.0664,41.7316],[14.0531,41.7186],[14.0533,41.7017],[14.0318,41.702],[14.0243,41.6972],[14.0191,41.6823],[14.0125,41.6843],[13.9948,41.6932],[13.9832,41.6948],[13.9563,41.6957],[13.9482,41.6934],[13.941,41.688]]]}},{"type":"Feature","properties":{"name":"Molise","istat":"14","iso":"IT-67","aliases":[]},"geometry":{"type":"Polygon","coordinates":[[[15.0076,41.4864],[14.9898,41.4799],[14.9823,41.469],[14.9643,41.4659],[14.9464,41.456],[14.9305,41.4526],[14.9083,41.4509],[14.8934,41.4477],[14.8855,41.4449],[14.8745,41.4355],[14.8747,41.4335],[14.8678,41.4278],[14.8603,41.4264],[14.8534,41.4252],[14.8432,41.4266],[14.8114,41.4414],[14.8057,41.4476],[14.7902,41.4525],[14.7849,41.4521],[14.7746,41.4459],[14.7708,41.4404],[14.7722,41.4335],[14.7669,41.4265],[14.7648,41.4173],[14.7481,41.4084],[14.7379,41.4078],[14.7173,41.4009],[14.7144,41.4011],[14.7061,41.4048],[14.6995,41.4108],[14.6842,41.4106],[14.6714,41.4067],[14.6661,41.4066],[14.6653,41.3971],[14.6607,41.3932],[14.657,41.3967],[14.6504,41.3971],[14.6339,41.3875],[14.6296,41.381],[14.6145,41.3682],[14.6031,41.364],[14.5915,41.3694],[14.5848,41.3815],[14.5744,41.3902],[14.5664,41.3921],[14.5513,41.3794],[14.5309,41.3835],[14.5223,41.3852],[14.5083,41.3816],[14.5049,41.3825],[14.5003,41.3876],[14.4887,41.3906],[14.4828,41.4029],[14.478,41.4102],[14.4825,41.4139],[14.4773,41.4189],[14.4707,41.4201],[14.4567,41.4261],[14.454,41.428],[14.4421,41.4269],[14.4307,41.4287],[14.4263,41.4318],[14.4193,41.4353],[14.4126,41.4412],[14.401,41.4372],[14.3873,41.4431],[14.3823,41.4432],[14.3592,41.4485],[14.3423,41.4541],[14.3272,41.4534],[14.308,41.4649],[14.2843,41.472],[14.2922,41.4763],[14.2792,41.4864],[14.2612,41.4842],[14.2472,41.486],[14.2408,41.4971],[14.2306,41.4981],[14.216,41.4967],[14.2048,41.4999],[14.1908,41.4965],[14.1815,41.4967],[14.1725,41.4991],[14.1669,41.4933],[14.1657,41.4793],[14.1573,41.4803],[14.1371,41.495],[14.1253,41.5073],[14.1194,41.5065],[14.1118,41.4889],[14.1034,41.4837],[14.0949,41.4726],[14.0825,41.4655],[14.0867,41.4597],[14.0784,41.4471],[14.0867,41.4376],[14.1017,41.4249],[14.107,41.4175],[14.104,41.4056],[14.1136,41.3887],[14.1114,41.3864],[14.0821,41.4001],[14.0624,41.3979],[14.0424,41.3928],[14.0287,41.4083],[14.03,41.4119],[14.0232,41.4183],[14.0129,41.4238],[14.0051,41.425],[14.0006,41.431],[14.0076,41.4384],[14.0092,41.4455],[14.0058,41.4528],[13.9844,41.4586],[13.9779,41.4626],[13.9891,41.4796],[13.9926,41.4821],[13.975,41.4922],[13.9757,41.497],[13.9932,41.5113],[13.9985,41.514],[14.0106,41.5148],[14.0193,41.5219],[14.0243,41.5266],[14.0093,41.534],[14.0058,41.5393],[14.0207,41.5424],[14.0261,41.5553],[14.0238,41.5607],[14.0017,41.5697],[13.9978,41.5794],[14.0102,41.5926],[14.0088,41.6001],[14.0111,41.6079],[13.998,41.623],[13.9965,41.6242],[13.9939,41.6391],[13.9875,41.6479],[13.9884,41.6538],[13.9757,41.6648],[13.9679,41.6732],[13.9444,41.6841],[13.941,41.688],[13.9482,41.6934],[13.9563,41.6957],[13.9832,41.6948],[13.9948,41.6932],[14.0125,41.6843],[14.0191,41.6823],[14.0243,41.6972],[14.0318,41.702],[14.0533,41.7017],[14.0531,41.7186],[14.0664,41.7316],[14.0696,41.7372],[14.0867,41.7392],[14.0944,41.738],[14.0951,41.7324],[14.1052,41.7166],[14.1074,41.7073],[14.1168,41.7149],[14.1234,41.7264],[14.1205,41.7327],[14.1154,41.7354],[14.1207,41.7453],[14.1299,41.7443],[14.1522,41.7462],[14.1623,41.7503],[14.1612,41.7554],[14.1701,41.7652],[14.1755,41.7641],[14.1753,41.7547],[14.1787,41.7492],[14.1901,41.7482],[14.194,41.756],[14.2011,41.7637],[14.2011,41.7674],[14.1934,41.7735],[14.1758,41.7742],[14.1707,41.7798],[14.1678,41.797],[14.1648,41.8073],[14.1584,41.8155],[14.1541,41.8162],[14.1472,41.8273],[14.1557,41.8371],[14.1662,41.8423],[14.1781,41.8454],[14.195,41.8417],[14.1952,41.8462],[14.2004,41.8504],[14.2134,41.8539],[14.2187,41.8573],[14.2231,41.8644],[14.2253,41.8735],[14.2297,41.8771],[14.2319,41.8775],[14.2448,41.8819],[14.2521,41.8885],[14.269,41.8987],[14.2794,41.9095],[14.2842,41.9108],[14.2911,41.9027],[14.3003,41.899],[14.3027,41.8945],[14.3126,41.8929],[14.3236,41.8965],[14.3284,41.8848],[14.3432,41.8686],[14.3429,41.8625],[14.3585,41.8606],[14.3646,41.8691],[14.3612,41.8742],[14.3768,41.8799],[14.3759,41.8748],[14.3793,41.8658],[14.3975,41.8698],[14.4206,41.8553],[14.4337,41.8415],[14.4423,41.8413],[14.4469,41.8345],[14.4508,41.8192],[14.4547,41.7958],[14.4643,41.777],[14.4585,41.772],[14.4547,41.7652],[14.4574,41.762],[14.4704,41.7632],[14.4853,41.7596],[14.49,41.7611],[14.5019,41.7735],[14.5047,41.7761],[14.53,41.7883],[14.5337,41.792],[14.531,41.8008],[14.5389,41.8024],[14.5446,41.8105],[14.554,41.8174],[14.5707,41.8211],[14.5732,41.824],[14.5773,41.8281],[14.5837,41.8409],[14.5929,41.8483],[14.5977,41.8511],[14.5993,41.8638],[14.604,41.8702],[14.6114,41.8802],[14.6143,41.8892],[14.6178,41.8914],[14.6227,41.8942],[14.6417,41.9003],[14.6525,41.9068],[14.6545,41.9106],[14.6637,41.9163],[14.6648,41.921],[14.6659,41.9276],[14.6655,41.9411],[14.673,41.95],[14.6904,41.9671],[14.7006,41.9742],[14.7011,41.9768],[14.7141,41.99],[14.7237,42.0],[14.7331,42.0062],[14.744,42.0077],[14.7521,42.0135],[14.7662,42.0184],[14.7785,42.0279],[14.7822,42.0351],[14.7744,42.0393],[14.7639,42.0417],[14.7623,42.0445],[14.7726,42.0635],[14.7792,42.0703],[14.7945,42.0656],[14.805,42.0582],[14.8279,42.0468],[14.8598,42.0347],[14.8891,42.0243],[14.9001,42.0213],[14.9547,42.0105],[14.9942,42.0051],[14.9987,42.0062],[15.0035,41.9918],[15.014,41.9864],[15.0225,41.984],[15.0275,41.9783],[15.03,41.9783],[15.043,41.9687],[15.0535,41.9638],[15.0768,41.9442],[15.0905,41.9376],[15.1145,41.9314],[15.1376,41.9282],[15.1381,41.9268],[15.1349,41.9212],[15.1351,41.9135],[15.1315,41.9034],[15.1406,41.8791],[15.1298,41.8737],[15.1253,41.8685],[15.1251,41.8624],[15.1189,41.8572],[15.1146,41.8508],[15.1059,41.8495],[15.1004,41.8336],[15.1045,41.8312],[15.1081,41.8224],[15.1166,41.8144],[15.1148,41.811],[15.1171,41.7992],[15.1148,41.7891],[15.1024,41.7824],[15.0988,41.7716],[15.0986,41.7652],[15.1166,41.749],[15.1033,41.7491],[15.1029,41.7413],[15.1159,41.7289],[15.1196,41.7227],[15.1218,41.7203],[15.1458,41.7115],[15.1577,41.7118],[15.1554,41.7068],[15.1298,41.6973],[15.1243,41.6961],[15.1178,41.6941],[15.1061,41.6857],[15.1052,41.676],[15.1008,41.6718],[15.0951,41.6738],[15.0935,41.6794],[15.0858,41.6754],[15.0899,41.672],[15.0734,41.6652],[15.0693,41.6607],[15.054,41.6595],[15.0471,41.6527],[15.0446,41.6402],[15.0419,41.6367],[15.0342,41.6381],[15.0255,41.6341],[15.0234,41.6283],[15.0259,41.6226],[15.0127,41.6218],[15.0063,41.623],[14.9896,41.6333],[14.9887,41.6379],[14.9642,41.6433],[14.9555,41.6422],[14.9535,41.6379],[14.9496,41.6329],[14.9368,41.6233],[14.9341,41.6194],[14.9364,41.6156],[14.9474,41.6077],[14.9473,41.5962],[14.9496,41.5918],[14.9467,41.584],[14.948,41.5741],[14.9455,41.5632],[14.9421,41.5589],[14.9359,41.5424],[14.937,41.5278],[14.9405,41.5237],[14.9469,41.5218],[14.953,41.5223],[14.9663,41.519],[14.9793,41.5056],[14.9955,41.4966],[15.0076,41.4864]]]}},{"type":"Feature","properties":{"name":"Puglia","istat":"16","iso":"IT-75","aliases":["Apulia"]},"geometry":{"type":"MultiPolygon","coordinates":[[[[15.543,41.0559],[15.5275,41.0589],[15.4896,41.07],[15.4788,41.076],[15.4779,41.0786],[15.4622,41.0761],[15.446,41.078],[15.4263,41.0951],[15.4124,41.0966],[15.4007,41.106],[15.3962,41.1068],[15.3927,41.1007],[15.3708,41.0867],[15.3663,41.0849],[15.3576,41.0889],[15.3491,41.0951],[15.3375,41.0952],[15.3197,41.1],[15.3142,41.1039],[15.2979,41.0943],[15.2826,41.0974],[15.2811,41.0992],[15.2621,41.1076],[15.2635,41.1121],[15.2639,41.1134],[15.2527,41.1229],[15.2358,41.1401],[15.2176,41.1442],[15.2107,41.1486],[15.2084,41.1556],[15.2103,41.1644],[15.2235,41.1819],[15.2418,41.19],[15.2511,41.1952],[15.2625,41.1976],[15.2614,41.2026],[15.2491,41.2175],[15.245,41.2271],[15.2461,41.2361],[15.2797,41.2407],[15.2742,41.2504],[15.2641,41.2575],[15.2537,41.2682],[15.247,41.2713],[15.2363,41.2723],[15.2285,41.2664],[15.2205,41.2652],[15.2162,41.2753],[15.2039,41.2774],[15.1982,41.2819],[15.2009,41.2863],[15.1502,41.2827],[15.1492,41.2804],[15.1378,41.2864],[15.1403,41.2912],[15.1363,41.298],[15.1267,41.3029],[15.1305,41.3172],[15.1132,41.3193],[15.0999,41.3277],[15.0794,41.3302],[15.0723,41.3325],[15.0698,41.3383],[15.0668,41.3527],[15.064,41.3572],[15.0584,41.3722],[15.0679,41.3763],[15.08,41.3881],[15.0983,41.3905],[15.0954,41.3957],[15.0865,41.4042],[15.0917,41.4179],[15.1031,41.4209],[15.0983,41.4341],[15.0764,41.4329],[15.0688,41.4358],[15.0627,41.4407],[15.0504,41.4434],[15.0378,41.4544],[15.0303,41.4554],[15.0287,41.4675],[15.0232,41.4773],[15.0168,41.4807],[15.0076,41.4864],[14.9955,41.4966],[14.9793,41.5056],[14.9663,41.519],[14.953,41.5223],[14.9469,41.5218],[14.9405,41.5237],[14.937,41.5278],[14.9359,41.5424],[14.9421,41.5589],[14.9455,41.5632],[14.948,41.5741],[14.9467,41.584],[14.9496,41.5918],[14.9473,41.5962],[14.9474,41.6077],[14.9364,41.6156],[14.9341,41.6194],[14.9368,41.6233],[14.9496,41.6329],[14.9535,41.6379],[14.9555,41.6422],[14.9642,41.6433],[14.9887,41.6379],[14.9896,41.6333],[15.0063,41.623],[15.0127,41.6218],[15.0259,41.6226],[15.0234,41.6283],[15.0255,41.6341],[15.0342,41.6381],[15.0419,41.6367],[15.0446,41.6402],[15.0471,41.6527],[15.054,41.6595],[15.0693,41.6607],[15.0734,41.6652],[15.0899,41.672],[15.0858,41.6754],[15.0935,41.6794],[15.0951,41.6738],[15.1008,41.6718],[15.1052,41.676],[15.1061,41.6857],[15.1178,41.6941],[15.1243,41.6961],[15.1298,41.6973],[15.1554,41.7068],[15.1577,41.7118],[15.1458,41.7115],[15.1218,41.7203],[15.1196,41.7227],[15.1159,41.7289],[15.1029,41.7413],[15.1033,41.7491],[15.1166,41.749],[15.0986,41.7652],[15.0988,41.7716],[15.1024,41.7824],[15.1148,41.7891],[15.1171,41.7992],[15.1148,41.811],[15.1166,41.8144],[15.1081,41.8224],[15.1045,41.8312],[15.1004,41.8336],[15.1059,41.8495],[15.1146,41.8508],[15.1189,41.8572],[15.1251,41.8624],[15.1253,41.8685],[15.1298,41.8737],[15.1406,41.8791],[15.1315,41.9034],[15.1351,41.9135],[15.1349,41.9212],[15.1381,41.9268],[15.1682,41.9222],[15.1895,41.9204],[15.2271,41.9188],[15.2751,41.9203],[15.2932,41.9204],[15.3233,41.9176],[15.3407,41.9172],[15.3558,41.9054],[15.3736,41.9017],[15.3916,41.9006],[15.4163,41.9009],[15.4643,41.9043],[15.5021,41.9087],[15.5485,41.9156],[15.6129,41.9256],[15.62,41.9287],[15.6339,41.9272],[15.655,41.9216],[15.66,41.9216],[15.6661,41.921],[15.6719,41.9161],[15.6835,41.9144],[15.7015,41.9143],[15.7377,41.9157],[15.7795,41.9188],[15.8192,41.9225],[15.8464,41.9258],[15.8617,41.9268],[15.8882,41.9307],[15.8984,41.9299],[15.9332,41.9343],[15.9804,41.9422],[15.9896,41.9457],[16.0063,41.9463],[16.0097,41.9499],[16.0191,41.9491],[16.0239,41.946],[16.0405,41.9459],[16.0593,41.9477],[16.08,41.9408],[16.0897,41.9387],[16.0937,41.9327],[16.1061,41.9287],[16.1182,41.9165],[16.1335,41.9123],[16.141,41.9144],[16.1516,41.9072],[16.1611,41.892],[16.173,41.8863],[16.1789,41.8872],[16.1853,41.8835],[16.1776,41.8799],[16.1757,41.865],[16.1765,41.8551],[16.1796,41.8482],[16.1865,41.8393],[16.1895,41.832],[16.1966,41.8223],[16.1954,41.7961],[16.1894,41.7844],[16.1901,41.7774],[16.1862,41.7721],[16.1796,41.7681],[16.1677,41.7664],[16.165,41.7609],[16.1621,41.7543],[16.15,41.7504],[16.1438,41.7431],[16.1283,41.7384],[16.1214,41.7389],[16.1179,41.7336],[16.1047,41.7296],[16.0974,41.722],[16.0878,41.7143],[16.0734,41.7106],[16.0654,41.6957],[16.0511,41.6886],[16.0394,41.6813],[16.0335,41.6774],[16.0252,41.6754],[16.0142,41.6695],[15.9889,41.6614],[15.978,41.6551],[15.9457,41.6432],[15.938,41.638],[15.9249,41.6319],[15.914,41.6254],[15.9014,41.6148],[15.8975,41.6044],[15.8948,41.5863],[15.8943,41.5756],[15.8984,41.5517],[15.9037,41.5346],[15.9188,41.5043],[15.924,41.4963],[15.9334,41.484],[15.9453,41.4712],[15.9622,41.4578],[15.9805,41.4457],[15.9964,41.4374],[16.0248,41.4258],[16.0501,41.4181],[16.1027,41.3975],[16.1301,41.3863],[16.1349,41.3876],[16.1513,41.3782],[16.1712,41.3686],[16.2023,41.3597],[16.2125,41.3569],[16.2436,41.3373],[16.2598,41.3296],[16.2769,41.3243],[16.2847,41.3253],[16.308,41.3175],[16.3277,41.3126],[16.34,41.3106],[16.355,41.3058],[16.3589,41.3047],[16.387,41.2904],[16.401,41.2852],[16.4193,41.2826],[16.4261,41.2769],[16.4478,41.2624],[16.4675,41.2558],[16.4779,41.2558],[16.4853,41.2512],[16.5051,41.247],[16.5054,41.2434],[16.5181,41.2433],[16.5312,41.2389],[16.5423,41.2295],[16.5597,41.2246],[16.5743,41.2158],[16.5842,41.2119],[16.5846,41.2074],[16.6008,41.2049],[16.6091,41.2012],[16.6326,41.1931],[16.6401,41.1944],[16.652,41.1912],[16.6604,41.1924],[16.6748,41.189],[16.6822,41.1822],[16.6997,41.1768],[16.7315,41.1698],[16.7447,41.168],[16.7628,41.1606],[16.7788,41.1598],[16.7925,41.1479],[16.8116,41.1401],[16.8349,41.1371],[16.8454,41.1398],[16.8516,41.1302],[16.8656,41.1304],[16.8708,41.1357],[16.8733,41.1255],[16.8907,41.1189],[16.9149,41.113],[16.9274,41.1116],[16.9601,41.0972],[16.9802,41.0944],[17.0005,41.0881],[17.0335,41.0822],[17.0583,41.076],[17.067,41.0717],[17.0908,41.0632],[17.0962,41.0593],[17.1148,41.0496],[17.1447,41.0366],[17.1547,41.0328],[17.1764,41.0286],[17.2023,41.0073],[17.2061,41.0014],[17.2379,40.9922],[17.2434,40.9876],[17.2569,40.9815],[17.258,40.9784],[17.2637,40.9748],[17.273,40.9744],[17.2833,40.9687],[17.2826,40.9663],[17.2975,40.9589],[17.3018,40.9582],[17.3057,40.9505],[17.3169,40.9412],[17.3285,40.9351],[17.3516,40.9051],[17.3676,40.8989],[17.3827,40.8952],[17.3891,40.8922],[17.4106,40.874],[17.4218,40.8657],[17.4366,40.8577],[17.451,40.8523],[17.4656,40.8439],[17.4683,40.8365],[17.4729,40.8322],[17.515,40.8144],[17.5453,40.8041],[17.5524,40.8004],[17.5659,40.7977],[17.6015,40.7871],[17.6227,40.7831],[17.6693,40.7701],[17.6769,40.7688],[17.7086,40.7576],[17.7326,40.7449],[17.7484,40.733],[17.7747,40.7206],[17.7988,40.7147],[17.8012,40.7083],[17.814,40.7016],[17.8317,40.694],[17.8434,40.69],[17.8964,40.6825],[17.9258,40.6795],[17.9419,40.6821],[17.9473,40.6693],[17.9539,40.6639],[17.9764,40.6629],[17.9677,40.657],[17.9603,40.6551],[17.9462,40.6442],[17.9307,40.6425],[17.933,40.639],[17.9444,40.6425],[17.9508,40.6371],[17.9533,40.645],[17.9692,40.6495],[17.9821,40.6441],[17.9864,40.6442],[17.9909,40.6499],[17.9985,40.649],[18.0065,40.6432],[18.0168,40.6397],[18.0138,40.6336],[18.0152,40.6274],[18.0209,40.6185],[18.0344,40.6057],[18.0447,40.5978],[18.0415,40.5839],[18.0353,40.5752],[18.035,40.5689],[18.0423,40.5586],[18.0551,40.5486],[18.0723,40.54],[18.0759,40.5371],[18.0798,40.5263],[18.0974,40.5153],[18.1093,40.5099],[18.1228,40.4976],[18.1267,40.4929],[18.1449,40.4864],[18.1664,40.4808],[18.178,40.4726],[18.1858,40.4694],[18.2027,40.4674],[18.2128,40.4613],[18.2182,40.4558],[18.2345,40.4484],[18.2488,40.4376],[18.2598,40.424],[18.2687,40.4193],[18.279,40.4074],[18.3011,40.3946],[18.3066,40.3889],[18.3059,40.3829],[18.3149,40.3744],[18.3514,40.3517],[18.3656,40.3389],[18.3752,40.3278],[18.3809,40.3195],[18.3888,40.3126],[18.4071,40.3012],[18.4247,40.2915],[18.4295,40.2865],[18.4304,40.2726],[18.4348,40.269],[18.4411,40.2689],[18.4453,40.2545],[18.4523,40.2438],[18.4611,40.233],[18.4645,40.2223],[18.4585,40.2118],[18.4587,40.2038],[18.4638,40.1928],[18.4686,40.1902],[18.4777,40.1799],[18.48,40.17],[18.4868,40.1612],[18.4898,40.147],[18.4973,40.1475],[18.5062,40.1444],[18.5136,40.1382],[18.514,40.1328],[18.5069,40.1279],[18.5092,40.1205],[18.5204,40.107],[18.5179,40.1036],[18.4967,40.0897],[18.483,40.0773],[18.485,40.0756],[18.4788,40.0616],[18.4772,40.0489],[18.4745,40.0437],[18.4624,40.0359],[18.4542,40.0332],[18.4357,40.0246],[18.4309,40.0095],[18.4316,40.0006],[18.4234,40.0006],[18.4167,39.9939],[18.4076,39.9748],[18.4032,39.9602],[18.4014,39.9459],[18.395,39.9299],[18.3939,39.916],[18.3904,39.908],[18.393,39.9034],[18.3973,39.8959],[18.3987,39.8796],[18.3976,39.8715],[18.393,39.8683],[18.3916,39.8606],[18.3895,39.8464],[18.3845,39.841],[18.3859,39.8312],[18.3905,39.8231],[18.3909,39.8173],[18.3793,39.8065],[18.369,39.7937],[18.3603,39.7972],[18.3461,39.7911],[18.334,39.7957],[18.3254,39.8075],[18.3183,39.81],[18.3149,39.8082],[18.3014,39.8193],[18.2883,39.8249],[18.2657,39.8357],[18.2377,39.8346],[18.2089,39.8378],[18.2027,39.8393],[18.1901,39.847],[18.1734,39.8508],[18.1645,39.858],[18.1481,39.863],[18.1324,39.8758],[18.12,39.8845],[18.102,39.8946],[18.0858,39.9007],[18.0629,39.9217],[18.0503,39.9277],[18.0449,39.9356],[18.0415,39.9367],[18.0296,39.9494],[18.0296,39.9568],[18.0229,39.9651],[18.0129,39.9708],[17.9951,39.9943],[17.9974,39.998],[18.009,39.9971],[18.0174,40.0067],[18.0206,40.0158],[18.0191,40.0271],[18.0126,40.0395],[18.0038,40.0476],[17.9914,40.0529],[17.9891,40.0586],[18.001,40.0669],[18.0113,40.0859],[18.012,40.0968],[18.0099,40.109],[18.0038,40.1137],[17.9983,40.1214],[17.9948,40.1311],[17.9861,40.1397],[17.9821,40.1388],[17.9747,40.1458],[17.9674,40.1474],[17.9611,40.1521],[17.9459,40.1685],[17.9384,40.1706],[17.9252,40.1841],[17.9261,40.1867],[17.9183,40.1943],[17.9209,40.2126],[17.9265,40.2196],[17.9245,40.2237],[17.9113,40.2337],[17.9117,40.239],[17.9076,40.2417],[17.9094,40.2482],[17.9012,40.2584],[17.8909,40.2597],[17.8791,40.2721],[17.8711,40.2726],[17.8653,40.2812],[17.8525,40.286],[17.8452,40.2855],[17.839,40.2816],[17.826,40.2847],[17.8174,40.2891],[17.7963,40.2895],[17.7929,40.2924],[17.7637,40.2961],[17.7607,40.2976],[17.7431,40.295],[17.7354,40.2988],[17.723,40.3008],[17.6943,40.3037],[17.6726,40.3047],[17.657,40.3042],[17.61,40.3006],[17.5479,40.2972],[17.5309,40.295],[17.5102,40.2946],[17.504,40.2973],[17.5037,40.3026],[17.4948,40.3099],[17.4692,40.3146],[17.4579,40.317],[17.4528,40.3237],[17.4428,40.3298],[17.4322,40.3314],[17.4272,40.3325],[17.4021,40.3317],[17.3957,40.3324],[17.3861,40.3374],[17.3754,40.348],[17.3655,40.3493],[17.3608,40.3527],[17.3487,40.3549],[17.34,40.3618],[17.3244,40.3617],[17.3084,40.3693],[17.2961,40.3788],[17.2849,40.38],[17.279,40.3796],[17.2762,40.3856],[17.2352,40.4013],[17.2228,40.4088],[17.2057,40.4086],[17.2025,40.4137],[17.2118,40.423],[17.2304,40.4241],[17.2411,40.4305],[17.2504,40.4425],[17.2514,40.4481],[17.2493,40.4587],[17.2431,40.4655],[17.2317,40.4736],[17.2265,40.4796],[17.2109,40.4772],[17.192,40.4771],[17.1817,40.4818],[17.1819,40.4911],[17.1773,40.4899],[17.1661,40.5008],[17.1627,40.5061],[17.147,40.495],[17.1493,40.5052],[17.1458,40.51],[17.1269,40.5177],[17.1129,40.5197],[17.0857,40.5198],[17.0613,40.5158],[17.0439,40.5121],[17.0259,40.5069],[16.993,40.4938],[16.9668,40.48],[16.9462,40.4676],[16.919,40.4489],[16.9097,40.4414],[16.9026,40.4356],[16.8708,40.4035],[16.8672,40.3978],[16.859,40.4038],[16.8534,40.4036],[16.8466,40.4078],[16.8336,40.4124],[16.8164,40.4291],[16.8101,40.433],[16.8084,40.4479],[16.8028,40.4574],[16.7856,40.4629],[16.7621,40.4623],[16.7497,40.4653],[16.7438,40.4647],[16.7356,40.4679],[16.7328,40.4716],[16.7196,40.4814],[16.7319,40.4962],[16.7372,40.5051],[16.7363,40.5108],[16.7253,40.5141],[16.7166,40.5235],[16.7224,40.5335],[16.7167,40.5428],[16.7057,40.5502],[16.7079,40.5646],[16.7135,40.5765],[16.7157,40.5873],[16.7118,40.5928],[16.7208,40.5962],[16.7283,40.6013],[16.7239,40.6024],[16.7141,40.6144],[16.7102,40.6301],[16.7132,40.6421],[16.7256,40.6777],[16.7272,40.6883],[16.7171,40.6895],[16.7091,40.6929],[16.6966,40.7021],[16.7045,40.7113],[16.7087,40.7054],[16.7249,40.7139],[16.6774,40.7362],[16.6701,40.7414],[16.6634,40.7488],[16.6616,40.7369],[16.6529,40.7364],[16.6516,40.7409],[16.639,40.7508],[16.6271,40.7542],[16.6143,40.7528],[16.6066,40.7555],[16.5944,40.7526],[16.5894,40.7555],[16.5857,40.7627],[16.5746,40.7619],[16.5691,40.7591],[16.5668,40.7534],[16.578,40.7421],[16.5682,40.7372],[16.5611,40.7463],[16.5584,40.7544],[16.5528,40.758],[16.5376,40.7532],[16.5314,40.7446],[16.5378,40.7422],[16.5369,40.7346],[16.5428,40.7297],[16.5383,40.7253],[16.5234,40.7354],[16.5202,40.7401],[16.5225,40.7461],[16.5085,40.7534],[16.501,40.7623],[16.4965,40.7585],[16.4816,40.7393],[16.462,40.7239],[16.43,40.704],[16.4138,40.7018],[16.4003,40.7074],[16.3861,40.7315],[16.3804,40.7365],[16.347,40.752],[16.3164,40.7831],[16.2979,40.7935],[16.2845,40.7993],[16.2747,40.8069],[16.2699,40.8135],[16.2545,40.8281],[16.252,40.8333],[16.2441,40.8381],[16.2404,40.8454],[16.231,40.8569],[16.2256,40.8748],[16.2258,40.878],[16.224,40.8853],[16.2192,40.8921],[16.2139,40.905],[16.2025,40.9175],[16.163,40.9286],[16.1556,40.9226],[16.1486,40.9234],[16.138,40.9183],[16.1349,40.9076],[16.1237,40.9019],[16.1211,40.8977],[16.1058,40.9099],[16.0994,40.9168],[16.0917,40.9209],[16.078,40.925],[16.0618,40.9285],[16.049,40.9355],[16.0261,40.9436],[16.0186,40.9447],[16.0051,40.9496],[15.9832,40.9545],[15.9766,40.9585],[15.9718,40.9722],[15.9837,40.97],[16.0029,40.9703],[16.0104,40.9756],[16.027,40.9913],[16.0312,40.998],[16.0312,41.0052],[16.0275,41.0116],[16.0278,41.0241],[16.033,41.0275],[16.0405,41.0285],[16.0399,41.034],[16.0348,41.0411],[16.0268,41.0478],[16.0095,41.0573],[15.9987,41.0549],[15.9823,41.0774],[15.98,41.0816],[15.983,41.0887],[15.9761,41.0942],[15.9542,41.0931],[15.9599,41.1],[15.9523,41.1106],[15.9375,41.1136],[15.9318,41.109],[15.9215,41.1116],[15.9007,41.1264],[15.8944,41.1232],[15.8777,41.1377],[15.8703,41.14],[15.8642,41.1308],[15.8548,41.1331],[15.8473,41.1296],[15.8455,41.1244],[15.8343,41.1303],[15.8251,41.1185],[15.8213,41.1194],[15.8082,41.1137],[15.8035,41.1109],[15.8025,41.1016],[15.7987,41.0919],[15.7888,41.0878],[15.7827,41.0898],[15.7685,41.0833],[15.7662,41.085],[15.7532,41.0947],[15.7511,41.0979],[15.7322,41.099],[15.7203,41.0902],[15.6794,41.0869],[15.6757,41.0895],[15.6563,41.0911],[15.6474,41.0897],[15.6358,41.0924],[15.6307,41.0967],[15.6134,41.0982],[15.6042,41.0966],[15.5858,41.0983],[15.5744,41.094],[15.5588,41.0874],[15.5556,41.0804],[15.5497,41.0745],[15.5394,41.0704],[15.5423,41.0671],[15.543,41.0559]],[[16.6339,40.7548],[16.6422,40.7516],[16.646,40.7552],[16.6362,40.758],[16.6339,40.7548]]],[[[15.4932,42.123],[15.4969,42.1198],[15.4919,42.1101],[15.483,42.1041],[15.4773,42.1057],[15.4763,42.1116],[15.4855,42.1195],[15.4932,42.123]]],[[[17.1607,40.4538],[17.1669,40.4481],[17.1572,40.4448],[17.1509,40.4459],[17.1458,40.4508],[17.1591,40.4554],[17.1607,40.4538]]]]}},{"type":"Feature","properties":{"name":"Basilicata","istat":"17","iso":"IT-77","aliases":[]},"geometry":{"type":"MultiPolygon","coordinates":[[[[15.6454,40.0431],[15.6762,40.0549],[15.6757,40.0642],[15.6685,40.0733],[15.6516,40.0777],[15.6556,40.0806],[15.6618,40.0793],[15.6769,40.0845],[15.6838,40.0906],[15.6966,40.1065],[15.7057,40.1177],[15.7031,40.1199],[15.7054,40.1324],[15.7089,40.1363],[15.7061,40.1478],[15.7016,40.1534],[15.7018,40.1615],[15.7155,40.1684],[15.7125,40.1785],[15.728,40.1859],[15.7313,40.1993],[15.7345,40.2017],[15.7511,40.2017],[15.7571,40.2072],[15.7731,40.2168],[15.7879,40.2178],[15.7971,40.2248],[15.7904,40.2293],[15.7877,40.2374],[15.7907,40.2441],[15.8039,40.2507],[15.7995,40.2599],[15.8002,40.2698],[15.8064,40.2723],[15.8018,40.279],[15.7991,40.2795],[15.7897,40.29],[15.7669,40.2941],[15.765,40.2984],[15.7491,40.2988],[15.7415,40.3023],[15.7269,40.3154],[15.7262,40.3223],[15.721,40.3245],[15.7203,40.3268],[15.7077,40.3382],[15.7045,40.344],[15.7043,40.3638],[15.7095,40.3699],[15.7098,40.3759],[15.7007,40.3839],[15.6812,40.3934],[15.6709,40.3982],[15.6629,40.3925],[15.6509,40.4075],[15.6479,40.414],[15.6424,40.4149],[15.6342,40.422],[15.6219,40.4279],[15.6054,40.4341],[15.5867,40.4436],[15.5899,40.4476],[15.5807,40.4578],[15.5759,40.4696],[15.5645,40.4767],[15.557,40.4777],[15.5442,40.4862],[15.5389,40.488],[15.5392,40.4933],[15.5353,40.4996],[15.5504,40.5093],[15.5353,40.5222],[15.5399,40.5243],[15.5421,40.5324],[15.5382,40.5415],[15.5287,40.5565],[15.5394,40.5681],[15.5326,40.5731],[15.5198,40.5704],[15.5152,40.5735],[15.5149,40.5802],[15.5101,40.5858],[15.4908,40.5869],[15.4876,40.5923],[15.4754,40.5924],[15.4722,40.5935],[15.4642,40.6036],[15.4494,40.609],[15.4556,40.6181],[15.4649,40.6279],[15.4654,40.6309],[15.4658,40.6336],[15.4679,40.6392],[15.4894,40.6462],[15.4989,40.653],[15.5037,40.6629],[15.4891,40.6677],[15.4871,40.6729],[15.4693,40.6737],[15.4567,40.6794],[15.4531,40.6838],[15.443,40.6887],[15.4304,40.692],[15.4252,40.6957],[15.4215,40.7021],[15.4108,40.7119],[15.4026,40.7163],[15.3925,40.7175],[15.3857,40.7218],[15.3815,40.7241],[15.3827,40.7365],[15.3791,40.7508],[15.3838,40.7637],[15.3912,40.7673],[15.3852,40.7738],[15.3815,40.7816],[15.3879,40.7935],[15.3863,40.7973],[15.3775,40.7949],[15.3662,40.8005],[15.3795,40.8062],[15.3806,40.811],[15.3747,40.8131],[15.3665,40.8122],[15.3535,40.8243],[15.335,40.8349],[15.3532,40.8377],[15.3606,40.8391],[15.3742,40.8347],[15.3784,40.8407],[15.3756,40.8486],[15.3742,40.8601],[15.3779,40.8677],[15.3651,40.8721],[15.3569,40.8701],[15.3535,40.876],[15.3541,40.8827],[15.3726,40.8857],[15.3839,40.8763],[15.3904,40.8759],[15.4051,40.8808],[15.4288,40.8796],[15.4448,40.8768],[15.4531,40.8687],[15.4606,40.8671],[15.4724,40.8732],[15.4677,40.8896],[15.4935,40.8981],[15.5026,40.9018],[15.5268,40.9076],[15.5286,40.9139],[15.535,40.9197],[15.5348,40.9245],[15.5394,40.9318],[15.5439,40.9476],[15.5495,40.9542],[15.5616,40.9638],[15.5638,40.9661],[15.5682,40.9756],[15.5704,40.9935],[15.5696,41.002],[15.5663,41.0115],[15.5595,41.0178],[15.5592,41.0245],[15.5629,41.0312],[15.5531,41.0379],[15.549,41.0506],[15.5463,41.0529],[15.543,41.0559],[15.5423,41.0671],[15.5394,41.0704],[15.5497,41.0745],[15.5556,41.0804],[15.5588,41.0874],[15.5744,41.094],[15.5858,41.0983],[15.6042,41.0966],[15.6134,41.0982],[15.6307,41.0967],[15.6358,41.0924],[15.6474,41.0897],[15.6563,41.0911],[15.6757,41.0895],[15.6794,41.0869],[15.7203,41.0902],[15.7322,41.099],[15.7511,41.0979],[15.7532,41.0947],[15.7662,41.085],[15.7685,41.0833],[15.7827,41.0898],[15.7888,41.0878],[15.7987,41.0919],[15.8025,41.1016],[15.8035,41.1109],[15.8082,41.1137],[15.8213,41.1194],[15.8251,41.1185],[15.8343,41.1303],[15.8455,41.1244],[15.8473,41.1296],[15.8548,41.1331],[15.8642,41.1308],[15.8703,41.14],[15.8777,41.1377],[15.8944,41.1232],[15.9007,41.1264],[15.9215,41.1116],[15.9318,41.109],[15.9375,41.1136],[15.9523,41.1106],[15.9599,41.1],[15.9542,41.0931],[15.9761,41.0942],[15.983,41.0887],[15.98,41.0816],[15.9823,41.0774],[15.9987,41.0549],[16.0095,41.0573],[16.0268,41.0478],[16.0348,41.0411],[16.0399,41.034],[16.0405,41.0285],[16.033,41.0275],[16.0278,41.0241],[16.0275,41.0116],[16.0312,41.0052],[16.0312,40.998],[16.027,40.9913],[16.0104,40.9756],[16.0029,40.9703],[15.9837,40.97],[15.9718,40.9722],[15.9766,40.9585],[15.9832,40.9545],[16.0051,40.9496],[16.0186,40.9447],[16.0261,40.9436],[16.049,40.9355],[16.0618,40.9285],[16.078,40.925],[16.0917,40.9209],[16.0994,40.9168],[16.1058,40.9099],[16.1211,40.8977],[16.1237,40.9019],[16.1349,40.9076],[16.138,40.9183],[16.1486,40.9234],[16.1556,40.9226],[16.163,40.9286],[16.2025,40.9175],[16.2139,40.905],[16.2192,40.8921],[16.224,40.8853],[16.2258,40.878],[16.2256,40.8748],[16.231,40.8569],[16.2404,40.8454],[16.2441,40.8381],[16.252,40.8333],[16.2545,40.8281],[16.2699,40.8135],[16.2747,40.8069],[16.2845,40.7993],[16.2979,40.7935],[16.3164,40.7831],[16.347,40.752],[16.3804,40.7365],[16.3861,40.7315],[16.4003,40.7074],[16.4138,40.7018],[16.43,40.704],[16.462,40.7239],[16.4816,40.7393],[16.4965,40.7585],[16.501,40.7623],[16.5085,40.7534],[16.5225,40.7461],[16.5202,40.7401],[16.5234,40.7354],[16.5383,40.7253],[16.5428,40.7297],[16.5369,40.7346],[16.5378,40.7422],[16.5314,40.7446],[16.5376,40.7532],[16.5528,40.758],[16.5584,40.7544],[16.5611,40.7463],[16.5682,40.7372],[16.578,40.7421],[16.5668,40.7534],[16.5691,40.7591],[16.5746,40.7619],[16.5857,40.7627],[16.5894,40.7555],[16.5944,40.7526],[16.6066,40.7555],[16.6143,40.7528],[16.6271,40.7542],[16.639,40.7508],[16.6516,40.7409],[16.6529,40.7364],[16.6616,40.7369],[16.6634,40.7488],[16.6701,40.7414],[16.6774,40.7362],[16.7249,40.7139],[16.7087,40.7054],[16.7045,40.7113],[16.6966,40.7021],[16.7091,40.6929],[16.7171,40.6895],[16.7272,40.6883],[16.7256,40.6777],[16.7132,40.6421],[16.7102,40.6301],[16.7141,40.6144],[16.7239,40.6024],[16.7283,40.6013],[16.7208,40.5962],[16.7118,40.5928],[16.7157,40.5873],[16.7135,40.5765],[16.7079,40.5646],[16.7057,40.5502],[16.7167,40.5428],[16.7224,40.5335],[16.7166,40.5235],[16.7253,40.5141],[16.7363,40.5108],[16.7372,40.5051],[16.7319,40.4962],[16.7196,40.4814],[16.7328,40.4716],[16.7356,40.4679],[16.7438,40.4647],[16.7497,40.4653],[16.7621,40.4623],[16.7856,40.4629],[16.8028,40.4574],[16.8084,40.4479],[16.8101,40.433],[16.8164,40.4291],[16.8336,40.4124],[16.8466,40.4078],[16.8534,40.4036],[16.859,40.4038],[16.8672,40.3978],[16.8578,40.384],[16.8313,40.352],[16.8224,40.3419],[16.8135,40.3306],[16.7875,40.3031],[16.7749,40.2843],[16.7644,40.2669],[16.752,40.2492],[16.7413,40.2245],[16.7365,40.2106],[16.7326,40.2028],[16.715,40.1842],[16.6854,40.1471],[16.6637,40.1317],[16.6452,40.1181],[16.6438,40.119],[16.6394,40.1227],[16.6202,40.1319],[16.6097,40.1291],[16.5857,40.1335],[16.5766,40.129],[16.5663,40.1282],[16.5618,40.1299],[16.5399,40.1236],[16.53,40.1181],[16.5179,40.1287],[16.515,40.1288],[16.5031,40.1299],[16.4946,40.1247],[16.4704,40.1341],[16.4524,40.1347],[16.4396,40.1303],[16.4314,40.1325],[16.4211,40.144],[16.4199,40.1286],[16.4149,40.1244],[16.4097,40.1199],[16.4153,40.104],[16.4121,40.092],[16.4142,40.0806],[16.4064,40.0729],[16.3987,40.0557],[16.3989,40.0554],[16.395,40.0504],[16.3932,40.0407],[16.3941,40.0308],[16.3985,40.019],[16.3893,40.001],[16.3863,39.9987],[16.3791,39.9919],[16.3672,39.9748],[16.3608,39.9663],[16.3622,39.9602],[16.3582,39.9541],[16.347,39.9493],[16.3398,39.9372],[16.3398,39.933],[16.3477,39.9249],[16.3598,39.9196],[16.3594,39.9171],[16.3555,39.9088],[16.3551,39.9018],[16.3498,39.8989],[16.3402,39.9067],[16.3164,39.9291],[16.3053,39.9335],[16.2835,39.931],[16.2667,39.9348],[16.2536,39.9325],[16.2363,39.9254],[16.2303,39.925],[16.2208,39.9279],[16.2144,39.9249],[16.2194,39.9176],[16.2189,39.9105],[16.2146,39.8959],[16.1999,39.9005],[16.1886,39.9076],[16.1878,39.9083],[16.1755,39.9123],[16.1581,39.9197],[16.1499,39.9144],[16.138,39.9015],[16.1285,39.9062],[16.1205,39.9051],[16.1013,39.9063],[16.0912,39.9032],[16.0833,39.8969],[16.0675,39.8965],[16.0535,39.8982],[16.049,39.8949],[16.0444,39.9022],[16.0424,39.9111],[16.0364,39.9167],[16.0184,39.9244],[16.0166,39.9271],[16.0216,39.9344],[16.014,39.9406],[16.0069,39.957],[16.019,39.9733],[16.0234,39.9776],[16.0252,39.9757],[16.0337,39.9844],[16.0307,39.9913],[16.0239,39.9955],[16.0086,39.9964],[16.0022,39.9882],[15.9782,39.9838],[15.9686,39.9917],[15.9643,39.9913],[15.9473,39.9964],[15.9281,40.0011],[15.9112,39.9889],[15.898,39.9817],[15.8896,39.9946],[15.8786,39.9962],[15.8683,39.9881],[15.8569,39.9999],[15.8478,40.0059],[15.8393,40.0031],[15.8199,40.0019],[15.8148,39.9946],[15.8019,39.9826],[15.795,39.9716],[15.787,39.9682],[15.774,39.9615],[15.7712,39.9573],[15.7714,39.946],[15.7658,39.9306],[15.7559,39.9236],[15.7518,39.9317],[15.7443,39.9343],[15.7363,39.9423],[15.7354,39.9536],[15.7324,39.9623],[15.7103,39.9865],[15.6956,39.999],[15.6862,40.002],[15.6749,40.0146],[15.6753,40.03],[15.6701,40.032],[15.6645,40.0396],[15.6476,40.0393],[15.6454,40.0431]]],[[[16.6339,40.7548],[16.6362,40.758],[16.646,40.7552],[16.6422,40.7516],[16.6339,40.7548]]]]}},{"type":"Feature","properties":{"name":"Calabria","istat":"18","iso":"IT-78","aliases":[]},"geometry":{"type":"Polygon","coordinates":[[[15.9743,39.4676],[15.9619,39.4751],[15.949,39.4967],[15.9252,39.5266],[15.8991,39.5377],[15.8902,39.5405],[15.8813,39.5449],[15.872,39.5595],[15.8674,39.5757],[15.8656,39.5776],[15.8606,39.5934],[15.8514,39.6186],[15.8443,39.6276],[15.8382,39.6498],[15.8318,39.6678],[15.8164,39.6797],[15.8135,39.694],[15.8059,39.7133],[15.8085,39.7175],[15.8076,39.7304],[15.8044,39.7437],[15.7989,39.7615],[15.7932,39.7792],[15.7863,39.8134],[15.7833,39.8197],[15.777,39.8208],[15.7754,39.8281],[15.7774,39.8322],[15.7719,39.8323],[15.7692,39.837],[15.781,39.8488],[15.7883,39.8487],[15.7922,39.8602],[15.7888,39.8691],[15.7838,39.8776],[15.779,39.8937],[15.768,39.9076],[15.7559,39.9236],[15.7658,39.9306],[15.7714,39.946],[15.7712,39.9573],[15.774,39.9615],[15.787,39.9682],[15.795,39.9716],[15.8019,39.9826],[15.8148,39.9946],[15.8199,40.0019],[15.8393,40.0031],[15.8478,40.0059],[15.8569,39.9999],[15.8683,39.9881],[15.8786,39.9962],[15.8896,39.9946],[15.898,39.9817],[15.9112,39.9889],[15.9281,40.0011],[15.9473,39.9964],[15.9643,39.9913],[15.9686,39.9917],[15.9782,39.9838],[16.0022,39.9882],[16.0086,39.9964],[16.0239,39.9955],[16.0307,39.9913],[16.0337,39.9844],[16.0252,39.9757],[16.0234,39.9776],[16.019,39.9733],[16.0069,39.957],[16.014,39.9406],[16.0216,39.9344],[16.0166,39.9271],[16.0184,39.9244],[16.0364,39.9167],[16.0424,39.9111],[16.0444,39.9022],[16.049,39.8949],[16.0535,39.8982],[16.0675,39.8965],[16.0833,39.8969],[16.0912,39.9032],[16.1013,39.9063],[16.1205,39.9051],[16.1285,39.9062],[16.138,39.9015],[16.1499,39.9144],[16.1581,39.9197],[16.1755,39.9123],[16.1878,39.9083],[16.1886,39.9076],[16.1999,39.9005],[16.2146,39.8959],[16.2189,39.9105],[16.2194,39.9176],[16.2144,39.9249],[16.2208,39.9279],[16.2303,39.925],[16.2363,39.9254],[16.2536,39.9325],[16.2667,39.9348],[16.2835,39.931],[16.3053,39.9335],[16.3164,39.9291],[16.3402,39.9067],[16.3498,39.8989],[16.3551,39.9018],[16.3555,39.9088],[16.3594,39.9171],[16.3598,39.9196],[16.3477,39.9249],[16.3398,39.933],[16.3398,39.9372],[16.347,39.9493],[16.3582,39.9541],[16.3622,39.9602],[16.3608,39.9663],[16.3672,39.9748],[16.3791,39.9919],[16.3863,39.9987],[16.3893,40.001],[16.3985,40.019],[16.3941,40.0308],[16.3932,40.0407],[16.395,40.0504],[16.3989,40.0554],[16.3987,40.0557],[16.4064,40.0729],[16.4142,40.0806],[16.4121,40.092],[16.4153,40.104],[16.4097,40.1199],[16.4149,40.1244],[16.4199,40.1286],[16.4211,40.144],[16.4314,40.1325],[16.4396,40.1303],[16.4524,40.1347],[16.4704,40.1341],[16.4946,40.1247],[16.5031,40.1299],[16.515,40.1288],[16.5179,40.1287],[16.53,40.1181],[16.5399,40.1236],[16.5618,40.1299],[16.5663,40.1282],[16.5766,40.129],[16.5857,40.1335],[16.6097,40.1291],[16.6202,40.1319],[16.6394,40.1227],[16.6438,40.119],[16.6378,40.1114],[16.6244,40.1012],[16.6056,40.08],[16.6026,40.0675],[16.604,40.0551],[16.5997,40.0469],[16.5995,40.0359],[16.6061,40.0262],[16.6095,40.0149],[16.6113,39.9959],[16.6134,39.9873],[16.6182,39.9776],[16.6289,39.9674],[16.6296,39.9645],[16.6276,39.9589],[16.6212,39.9526],[16.6081,39.936],[16.583,39.9107],[16.5773,39.9072],[16.5762,39.9068],[16.5584,39.8918],[16.5383,39.8709],[16.5268,39.8558],[16.5188,39.8438],[16.5102,39.8362],[16.5022,39.8258],[16.4921,39.8075],[16.4871,39.7868],[16.4873,39.7733],[16.4882,39.7642],[16.4921,39.7515],[16.4999,39.7414],[16.507,39.7354],[16.5149,39.7332],[16.5293,39.7244],[16.525,39.6902],[16.5255,39.6801],[16.5182,39.668],[16.525,39.6592],[16.5293,39.6665],[16.5398,39.6563],[16.5666,39.6413],[16.5933,39.6297],[16.6056,39.6251],[16.6303,39.6203],[16.6445,39.6197],[16.6851,39.6211],[16.7023,39.6198],[16.728,39.6166],[16.7379,39.6166],[16.7557,39.6244],[16.7705,39.6207],[16.7788,39.6163],[16.7913,39.6048],[16.8041,39.598],[16.8176,39.5881],[16.8254,39.5699],[16.8333,39.5614],[16.8446,39.5526],[16.8612,39.5441],[16.8667,39.5385],[16.8815,39.532],[16.9019,39.525],[16.9122,39.518],[16.9423,39.5068],[16.9442,39.5016],[16.9622,39.495],[16.9804,39.4911],[17.0142,39.4869],[17.0238,39.4824],[17.0312,39.4727],[17.0371,39.4569],[17.046,39.4445],[17.0528,39.4395],[17.0803,39.4222],[17.0946,39.4157],[17.1086,39.4111],[17.1159,39.4064],[17.1415,39.4018],[17.1541,39.4019],[17.1532,39.3939],[17.1364,39.3754],[17.133,39.3594],[17.1269,39.3463],[17.1134,39.3213],[17.1097,39.3086],[17.1109,39.2904],[17.1049,39.2685],[17.1054,39.2573],[17.1074,39.2508],[17.1193,39.2374],[17.1264,39.2255],[17.1312,39.2202],[17.1406,39.2144],[17.1479,39.2054],[17.146,39.198],[17.1232,39.1579],[17.1125,39.1317],[17.1084,39.1149],[17.1097,39.0984],[17.115,39.0911],[17.1362,39.0802],[17.1303,39.0734],[17.1337,39.0607],[17.1463,39.0473],[17.1566,39.0409],[17.173,39.0331],[17.1933,39.0283],[17.2022,39.0276],[17.2011,39.021],[17.1881,39.0197],[17.175,39.0077],[17.1682,38.9994],[17.1598,38.9793],[17.1604,38.9714],[17.1703,38.9575],[17.1634,38.9506],[17.1525,38.9461],[17.1107,38.9099],[17.0999,38.9034],[17.0942,38.8926],[17.0896,38.8961],[17.0935,38.9056],[17.0819,38.9133],[17.0611,38.918],[17.0474,38.9193],[17.03,38.9151],[17.0222,38.906],[17.0106,38.9115],[17.006,38.9157],[16.996,38.9307],[16.9828,38.9378],[16.9627,38.9388],[16.8905,38.9279],[16.8763,38.925],[16.8438,38.9172],[16.8224,38.9113],[16.7982,38.9036],[16.7843,38.8987],[16.7516,38.8848],[16.726,38.8727],[16.7084,38.8631],[16.6856,38.8509],[16.67,38.842],[16.6371,38.8265],[16.6243,38.8252],[16.61,38.8153],[16.6047,38.8106],[16.5956,38.7972],[16.5883,38.7899],[16.5721,38.7733],[16.5698,38.7693],[16.5668,38.7652],[16.572,38.76],[16.5702,38.7552],[16.5592,38.7474],[16.5576,38.7406],[16.546,38.7304],[16.5369,38.7187],[16.5351,38.7062],[16.5451,38.6941],[16.5556,38.6901],[16.5586,38.6795],[16.5574,38.6685],[16.5565,38.6551],[16.5584,38.6417],[16.5602,38.623],[16.5643,38.6094],[16.5686,38.5942],[16.5709,38.589],[16.57,38.5806],[16.5729,38.5607],[16.5718,38.5351],[16.5755,38.5084],[16.5775,38.5053],[16.5796,38.5027],[16.5819,38.47],[16.5832,38.4587],[16.5819,38.452],[16.5757,38.4355],[16.5707,38.4267],[16.5673,38.423],[16.5471,38.4028],[16.5168,38.3766],[16.4989,38.3614],[16.4871,38.3534],[16.474,38.3443],[16.461,38.3374],[16.4423,38.3299],[16.419,38.3246],[16.3655,38.3072],[16.353,38.305],[16.3478,38.3046],[16.335,38.3001],[16.3249,38.2937],[16.3201,38.2897],[16.3121,38.2792],[16.3014,38.2685],[16.2851,38.2549],[16.2815,38.25],[16.2733,38.2397],[16.2537,38.2199],[16.2377,38.2044],[16.2322,38.1993],[16.2219,38.1886],[16.1927,38.1579],[16.1798,38.1474],[16.1719,38.1427],[16.1653,38.1358],[16.1613,38.128],[16.1597,38.1138],[16.1572,38.0953],[16.1518,38.0768],[16.1484,38.0568],[16.1429,38.0437],[16.1444,38.0316],[16.1406,38.025],[16.125,37.9992],[16.1163,37.9817],[16.1143,37.978],[16.0965,37.9561],[16.0809,37.9405],[16.0677,37.9298],[16.0645,37.9257],[16.0474,37.9222],[16.0334,37.9235],[16.0198,37.9226],[16.0005,37.9168],[15.98,37.9178],[15.9759,37.919],[15.9531,37.921],[15.9227,37.9298],[15.8982,37.9271],[15.8831,37.927],[15.8509,37.9218],[15.8398,37.9192],[15.8279,37.9182],[15.8114,37.9202],[15.8044,37.9197],[15.7875,37.9162],[15.7644,37.9164],[15.7546,37.92],[15.7489,37.9242],[15.7404,37.9259],[15.7333,37.9257],[15.7217,37.9327],[15.7071,37.9383],[15.6968,37.949],[15.6934,37.9505],[15.683,37.952],[15.6776,37.9545],[15.6602,37.9737],[15.6545,37.9824],[15.646,37.9914],[15.6371,38.0063],[15.6344,38.0199],[15.6401,38.0213],[15.6541,38.0307],[15.657,38.0391],[15.6509,38.0477],[15.6481,38.0549],[15.652,38.0622],[15.6513,38.0669],[15.6356,38.0749],[15.6301,38.0932],[15.6312,38.1027],[15.6413,38.1093],[15.6479,38.1161],[15.6481,38.1219],[15.6564,38.135],[15.6532,38.1414],[15.6543,38.1503],[15.6508,38.1592],[15.641,38.1686],[15.6413,38.1794],[15.634,38.1859],[15.633,38.202],[15.634,38.2062],[15.6328,38.2223],[15.6358,38.2317],[15.6573,38.2362],[15.6712,38.2409],[15.679,38.247],[15.6856,38.2479],[15.6929,38.2511],[15.7139,38.2548],[15.7292,38.2529],[15.7502,38.2573],[15.7701,38.2677],[15.7934,38.2802],[15.8148,38.2987],[15.8167,38.3046],[15.8249,38.3148],[15.8279,38.3224],[15.8286,38.3378],[15.8304,38.3407],[15.8329,38.3561],[15.8391,38.3642],[15.8576,38.3793],[15.8619,38.3865],[15.8605,38.3918],[15.8759,38.4222],[15.8902,38.4388],[15.9033,38.4401],[15.9019,38.4464],[15.908,38.4605],[15.9163,38.4704],[15.911,38.4725],[15.9083,38.4725],[15.9156,38.493],[15.9183,38.5051],[15.9186,38.5068],[15.9297,38.5324],[15.9311,38.545],[15.929,38.5499],[15.9145,38.5554],[15.9074,38.5608],[15.9,38.5675],[15.8943,38.5761],[15.8727,38.5896],[15.8567,38.6032],[15.8443,38.6131],[15.8295,38.6175],[15.8267,38.623],[15.8359,38.6449],[15.8489,38.6596],[15.8621,38.666],[15.8713,38.6724],[15.89,38.6765],[15.8948,38.6799],[15.9064,38.6813],[15.9103,38.6814],[15.9265,38.6878],[15.9474,38.6909],[15.9631,38.7026],[15.9729,38.715],[15.9864,38.7231],[15.9935,38.7235],[16.0115,38.7237],[16.0182,38.7264],[16.0323,38.7277],[16.0414,38.7272],[16.0613,38.7212],[16.0732,38.7196],[16.0853,38.716],[16.1061,38.7121],[16.1195,38.7183],[16.1305,38.7163],[16.1468,38.7243],[16.1579,38.7352],[16.1728,38.7421],[16.1814,38.7472],[16.1885,38.7561],[16.202,38.7827],[16.213,38.8106],[16.2194,38.839],[16.2205,38.8489],[16.2214,38.8663],[16.2207,38.9026],[16.2189,38.9169],[16.2151,38.9261],[16.2111,38.9309],[16.2023,38.9306],[16.1897,38.935],[16.1701,38.9485],[16.1593,38.9493],[16.154,38.9541],[16.1484,38.969],[16.1355,38.991],[16.1223,39.0029],[16.0983,39.0319],[16.096,39.0489],[16.0922,39.0563],[16.0823,39.0947],[16.0775,39.106],[16.0679,39.1337],[16.0652,39.1523],[16.0631,39.1597],[16.0627,39.1839],[16.0597,39.2022],[16.0588,39.2208],[16.056,39.2588],[16.054,39.2806],[16.0524,39.2949],[16.044,39.3135],[16.0426,39.3236],[16.0387,39.3407],[16.0303,39.3578],[16.0207,39.3847],[16.0166,39.395],[15.9989,39.4354],[15.9919,39.4471],[15.9743,39.4676]]]}},{"type":"Feature","properties":{"name":"Sicilia","istat":"19","iso":"IT-82","aliases":["Sicily"]},"geometry":{"type":"MultiPolygon","coordinates":[[[[12.9078,38.0251],[12.9321,38.0283],[12.9476,38.0315],[12.9672,38.0367],[12.9771,38.0403],[12.9964,38.0476],[13.0053,38.0537],[13.0266,38.0619],[13.039,38.072],[13.0549,38.0736],[13.0734,38.0855],[13.0782,38.0883],[13.072,38.1074],[13.0723,38.1109],[13.0656,38.1234],[13.0531,38.1372],[13.0659,38.1433],[13.0723,38.1418],[13.0721,38.1511],[13.0826,38.1572],[13.0851,38.1643],[13.0787,38.1738],[13.0953,38.1848],[13.1086,38.1916],[13.1221,38.1915],[13.142,38.1842],[13.1541,38.1867],[13.162,38.1844],[13.1618,38.1726],[13.1643,38.1706],[13.1762,38.1689],[13.1894,38.169],[13.2132,38.1746],[13.2239,38.1791],[13.2376,38.1863],[13.248,38.1989],[13.2585,38.2012],[13.2722,38.1986],[13.2858,38.2097],[13.3012,38.2204],[13.3148,38.2245],[13.319,38.2232],[13.3277,38.2117],[13.3261,38.2037],[13.3315,38.1978],[13.3466,38.1912],[13.356,38.1915],[13.3656,38.1826],[13.3681,38.1673],[13.3761,38.1522],[13.3697,38.1442],[13.3697,38.1331],[13.364,38.1281],[13.3843,38.1088],[13.4039,38.1004],[13.4154,38.0983],[13.4316,38.0971],[13.4428,38.0948],[13.4508,38.0953],[13.4722,38.0979],[13.4811,38.1],[13.5044,38.1077],[13.5063,38.1179],[13.5131,38.1173],[13.5294,38.1111],[13.5326,38.1111],[13.5385,38.1121],[13.5337,38.1024],[13.5392,38.0976],[13.541,38.0898],[13.538,38.0841],[13.5421,38.0778],[13.5366,38.0703],[13.538,38.0647],[13.5406,38.0583],[13.5511,38.0519],[13.5652,38.0399],[13.6038,38.0238],[13.6077,38.0207],[13.6184,38.0125],[13.6253,38.0094],[13.6351,38.0081],[13.6509,37.9984],[13.6641,37.9943],[13.6714,37.9946],[13.7036,37.9899],[13.7068,37.9804],[13.7112,37.9775],[13.724,37.9752],[13.7356,37.9748],[13.745,37.9701],[13.7975,37.9751],[13.8229,37.9828],[13.8352,37.9829],[13.8528,37.9881],[13.8914,38.0023],[13.9133,38.0117],[13.9336,38.0214],[13.9457,38.0286],[13.9635,38.0298],[13.9716,38.0337],[13.982,38.0292],[13.9955,38.0324],[14.006,38.0324],[14.0141,38.0351],[14.0229,38.0413],[14.0312,38.0404],[14.039,38.0326],[14.0506,38.0268],[14.0625,38.0191],[14.0832,38.0193],[14.1036,38.0156],[14.1065,38.0146],[14.1273,38.0173],[14.1413,38.0227],[14.1461,38.0266],[14.1653,38.0202],[14.1725,38.0187],[14.1808,38.0203],[14.1835,38.0194],[14.189,38.0177],[14.2192,38.0126],[14.2365,38.0104],[14.258,38.0091],[14.2701,38.0126],[14.2854,38.0073],[14.3117,38.0083],[14.3249,38.0121],[14.3386,38.0187],[14.3523,38.0182],[14.3569,38.0152],[14.364,38.0146],[14.3756,38.0166],[14.387,38.021],[14.4026,38.0264],[14.4217,38.0389],[14.4279,38.0406],[14.4405,38.0403],[14.4473,38.0341],[14.4704,38.0329],[14.5072,38.0397],[14.5197,38.0413],[14.5332,38.045],[14.5529,38.0583],[14.5565,38.06],[14.5851,38.059],[14.5922,38.061],[14.6086,38.0696],[14.6173,38.0732],[14.6324,38.0713],[14.6415,38.0761],[14.6552,38.087],[14.6636,38.0896],[14.6783,38.0995],[14.692,38.1117],[14.7052,38.1252],[14.7441,38.1629],[14.7502,38.1658],[14.7601,38.1575],[14.7699,38.1563],[14.7856,38.1514],[14.7915,38.1524],[14.7979,38.1548],[14.8098,38.1564],[14.8187,38.1593],[14.8368,38.1627],[14.8612,38.1686],[14.8768,38.1686],[14.8905,38.1725],[14.8975,38.1789],[14.9147,38.1919],[14.9234,38.1899],[14.9282,38.1851],[14.9405,38.1798],[14.9474,38.1746],[14.9522,38.1676],[14.9642,38.1576],[14.9766,38.1506],[14.993,38.1514],[15.0117,38.149],[15.0373,38.1512],[15.0471,38.1491],[15.0563,38.1418],[15.0561,38.1316],[15.0696,38.1269],[15.0727,38.1234],[15.0873,38.1202],[15.1061,38.1239],[15.1195,38.1305],[15.1339,38.1384],[15.1472,38.1414],[15.1707,38.1516],[15.1837,38.1605],[15.1885,38.166],[15.2095,38.1835],[15.2255,38.2047],[15.2388,38.2362],[15.2408,38.2451],[15.2363,38.248],[15.236,38.266],[15.2381,38.2698],[15.2502,38.2552],[15.2534,38.2459],[15.2413,38.217],[15.2495,38.2115],[15.2614,38.2079],[15.2728,38.2078],[15.2929,38.2063],[15.3187,38.2121],[15.3276,38.2147],[15.3411,38.2159],[15.3535,38.2178],[15.3567,38.2187],[15.3711,38.2235],[15.3775,38.2245],[15.3934,38.2296],[15.4202,38.2406],[15.4263,38.2414],[15.4439,38.2487],[15.4494,38.2514],[15.4724,38.267],[15.5168,38.2957],[15.5403,38.3013],[15.5497,38.3005],[15.5572,38.297],[15.5689,38.2884],[15.5782,38.2839],[15.6086,38.2749],[15.626,38.2725],[15.6412,38.2726],[15.6504,38.2703],[15.6522,38.2648],[15.6114,38.2567],[15.5883,38.2488],[15.5817,38.2447],[15.5707,38.2305],[15.5675,38.2245],[15.5661,38.2156],[15.5616,38.2089],[15.5576,38.1905],[15.5725,38.1897],[15.5631,38.1834],[15.5344,38.1481],[15.5229,38.1299],[15.517,38.1177],[15.5076,38.1021],[15.5001,38.0857],[15.4939,38.0749],[15.483,38.0649],[15.4772,38.0546],[15.4569,38.0391],[15.443,38.0256],[15.441,38.0203],[15.4227,38.0017],[15.4176,37.9954],[15.4046,37.9833],[15.3866,37.9639],[15.3802,37.9571],[15.3573,37.9314],[15.3494,37.9234],[15.3436,37.9097],[15.3361,37.9054],[15.3187,37.8885],[15.3043,37.8758],[15.2977,37.8654],[15.297,37.8594],[15.3019,37.8528],[15.2923,37.8473],[15.2861,37.8477],[15.2808,37.8426],[15.2692,37.8306],[15.2698,37.8266],[15.276,37.823],[15.2626,37.8123],[15.2585,37.807],[15.2484,37.7997],[15.2383,37.7881],[15.2237,37.7683],[15.2118,37.7536],[15.2048,37.7374],[15.2057,37.7336],[15.2173,37.7166],[15.2183,37.7083],[15.2139,37.7001],[15.2052,37.688],[15.1991,37.6769],[15.1993,37.6718],[15.1965,37.6652],[15.1997,37.6571],[15.1943,37.6491],[15.1748,37.6328],[15.176,37.6287],[15.1725,37.6101],[15.1741,37.594],[15.1773,37.5841],[15.1773,37.5766],[15.1698,37.5744],[15.1588,37.56],[15.1488,37.555],[15.1445,37.5452],[15.126,37.5345],[15.1152,37.5307],[15.1175,37.5235],[15.1072,37.5145],[15.0986,37.5012],[15.0917,37.4972],[15.0926,37.4923],[15.0864,37.4828],[15.0851,37.4764],[15.0865,37.453],[15.091,37.412],[15.0901,37.3926],[15.091,37.3588],[15.0931,37.3447],[15.0965,37.3257],[15.101,37.3152],[15.1052,37.3102],[15.1347,37.3095],[15.1388,37.3072],[15.1609,37.2898],[15.1716,37.2932],[15.184,37.2881],[15.1892,37.2817],[15.1949,37.2825],[15.1974,37.2922],[15.2047,37.294],[15.2086,37.2914],[15.2166,37.2783],[15.2249,37.2702],[15.2409,37.2605],[15.245,37.2482],[15.2555,37.2415],[15.2545,37.2358],[15.2472,37.2321],[15.2393,37.2361],[15.2351,37.2414],[15.229,37.243],[15.2237,37.2387],[15.2231,37.2344],[15.2255,37.2162],[15.2191,37.2195],[15.2166,37.2241],[15.218,37.2358],[15.2159,37.2438],[15.2063,37.245],[15.1974,37.2354],[15.186,37.2365],[15.1945,37.2286],[15.1931,37.2205],[15.1833,37.2158],[15.183,37.2109],[15.1849,37.1954],[15.1904,37.1875],[15.2013,37.1783],[15.1997,37.165],[15.2045,37.1551],[15.2118,37.1503],[15.2194,37.1499],[15.2269,37.1531],[15.2271,37.1588],[15.2356,37.158],[15.244,37.1465],[15.2406,37.1458],[15.2294,37.1527],[15.2231,37.1492],[15.2201,37.1434],[15.2208,37.1293],[15.2368,37.1154],[15.2593,37.1099],[15.2607,37.1068],[15.2769,37.1076],[15.2822,37.1102],[15.2964,37.1056],[15.3007,37.093],[15.3,37.0794],[15.2911,37.0691],[15.298,37.0616],[15.2957,37.0543],[15.2874,37.0637],[15.2779,37.0653],[15.274,37.0619],[15.2706,37.0542],[15.2758,37.039],[15.2815,37.0336],[15.2893,37.0327],[15.2977,37.041],[15.3035,37.0424],[15.3158,37.0351],[15.3206,37.0244],[15.3304,37.0165],[15.3366,37.0072],[15.3331,37.0017],[15.3148,37.0037],[15.3041,37.0146],[15.298,37.0146],[15.2925,37.0098],[15.2834,37.0059],[15.2753,37.0072],[15.2678,37.0025],[15.2644,36.9947],[15.269,36.987],[15.2621,36.9813],[15.2573,36.9731],[15.239,36.9723],[15.2272,36.9674],[15.2199,36.9623],[15.2141,36.9638],[15.2055,36.9587],[15.2063,36.9535],[15.1974,36.9528],[15.1906,36.9478],[15.1797,36.9387],[15.1726,36.9246],[15.158,36.9192],[15.1534,36.9145],[15.1436,36.8958],[15.1367,36.8769],[15.1388,36.8736],[15.1367,36.8663],[15.1267,36.8657],[15.1184,36.8589],[15.1125,36.8509],[15.1077,36.8404],[15.1061,36.8319],[15.1088,36.8193],[15.1061,36.8064],[15.099,36.8029],[15.0954,36.7956],[15.0954,36.7764],[15.1031,36.7578],[15.1088,36.7494],[15.1146,36.7446],[15.1196,36.7448],[15.1166,36.7394],[15.1207,36.7322],[15.1211,36.714],[15.1232,36.7026],[15.1349,36.6916],[15.1385,36.6826],[15.1319,36.6668],[15.1221,36.6742],[15.1125,36.6731],[15.1036,36.6624],[15.0798,36.6477],[15.0737,36.6557],[15.0641,36.6616],[15.0572,36.662],[15.051,36.6791],[15.0423,36.6889],[15.0277,36.6981],[15.0131,36.7029],[15.0005,36.7027],[14.991,36.6981],[14.9731,36.6929],[14.9567,36.694],[14.9396,36.7066],[14.9245,36.7166],[14.9122,36.7232],[14.8944,36.7294],[14.8695,36.7309],[14.8484,36.7272],[14.8318,36.7176],[14.8283,36.7122],[14.8206,36.7163],[14.811,36.7156],[14.8014,36.7087],[14.7831,36.7035],[14.7758,36.7114],[14.7641,36.7102],[14.7578,36.7104],[14.7536,36.7171],[14.7479,36.7197],[14.7272,36.7215],[14.7079,36.7179],[14.6997,36.718],[14.6913,36.7208],[14.6755,36.7381],[14.6694,36.7432],[14.6477,36.7525],[14.6385,36.7614],[14.6282,36.7651],[14.607,36.7682],[14.5953,36.7723],[14.5874,36.7772],[14.5766,36.7776],[14.5561,36.7824],[14.5444,36.7804],[14.5314,36.7806],[14.527,36.7833],[14.5165,36.7875],[14.5065,36.7879],[14.4933,36.7864],[14.4796,36.803],[14.4636,36.8167],[14.4578,36.8195],[14.4595,36.8269],[14.456,36.8406],[14.4528,36.8437],[14.4442,36.8699],[14.4389,36.8757],[14.4359,36.8849],[14.425,36.8926],[14.422,36.9035],[14.4165,36.9117],[14.4039,36.9265],[14.3879,36.9501],[14.3626,36.9786],[14.3379,37.0016],[14.3083,37.0278],[14.2968,37.0368],[14.2706,37.0503],[14.2587,37.0583],[14.2463,37.0635],[14.234,37.0667],[14.2281,37.0657],[14.2091,37.0766],[14.1705,37.0911],[14.146,37.0977],[14.1269,37.0999],[14.1157,37.1026],[14.0789,37.1099],[14.0668,37.1109],[14.0435,37.1082],[14.0362,37.1061],[14.0246,37.1084],[13.9942,37.1098],[13.9788,37.109],[13.9579,37.1037],[13.9464,37.0983],[13.9337,37.0953],[13.9201,37.0988],[13.9024,37.0965],[13.8889,37.0991],[13.8788,37.1025],[13.8656,37.1095],[13.8587,37.1154],[13.8553,37.1222],[13.8416,37.1354],[13.8322,37.1396],[13.8242,37.1445],[13.7881,37.1469],[13.7754,37.1454],[13.7504,37.1495],[13.7376,37.1585],[13.7283,37.1689],[13.7205,37.1721],[13.7116,37.172],[13.6963,37.1794],[13.6838,37.1879],[13.6693,37.1929],[13.6634,37.1933],[13.6559,37.2116],[13.6435,37.2257],[13.6331,37.2332],[13.6223,37.2345],[13.5956,37.2572],[13.5897,37.2598],[13.5768,37.2609],[13.5764,37.2683],[13.5652,37.2791],[13.5508,37.2869],[13.5325,37.284],[13.5213,37.2864],[13.5101,37.2914],[13.5021,37.2916],[13.4969,37.2887],[13.4878,37.2891],[13.4793,37.2871],[13.4702,37.2929],[13.4635,37.2953],[13.4483,37.296],[13.4378,37.3021],[13.4293,37.3038],[13.4225,37.3143],[13.4126,37.3234],[13.4033,37.3322],[13.3882,37.3355],[13.3729,37.3479],[13.3608,37.3521],[13.3541,37.3569],[13.3448,37.3601],[13.3377,37.3597],[13.3231,37.3633],[13.3094,37.3787],[13.2927,37.3904],[13.2824,37.3923],[13.2717,37.3914],[13.2701,37.3959],[13.26,37.4168],[13.2472,37.4298],[13.2397,37.4332],[13.2308,37.442],[13.2267,37.4485],[13.2171,37.4593],[13.2114,37.4631],[13.2025,37.464],[13.1965,37.465],[13.186,37.4797],[13.1684,37.4923],[13.1557,37.4966],[13.1484,37.4974],[13.1378,37.4958],[13.1303,37.4926],[13.0933,37.5033],[13.0768,37.5055],[13.0536,37.5039],[13.0398,37.4962],[13.0234,37.4952],[13.0134,37.4992],[13.015,37.5041],[13.012,37.5126],[12.9907,37.5381],[12.9887,37.5409],[12.9715,37.5538],[12.9627,37.5627],[12.9549,37.5677],[12.943,37.5724],[12.9177,37.5772],[12.9051,37.5738],[12.8966,37.5772],[12.8868,37.5778],[12.874,37.5807],[12.8583,37.5826],[12.8461,37.5814],[12.8268,37.5821],[12.7824,37.5809],[12.7648,37.5789],[12.7464,37.5748],[12.7271,37.5696],[12.6794,37.5595],[12.6733,37.5602],[12.6628,37.5661],[12.6538,37.5753],[12.6491,37.5781],[12.6431,37.5868],[12.6287,37.6028],[12.62,37.6166],[12.6141,37.6348],[12.5958,37.6473],[12.5833,37.651],[12.5785,37.65],[12.568,37.6599],[12.5542,37.6633],[12.5426,37.6617],[12.535,37.658],[12.5181,37.6607],[12.5179,37.6623],[12.5172,37.6657],[12.5013,37.6747],[12.49,37.69],[12.4766,37.6984],[12.4706,37.705],[12.472,37.7154],[12.4695,37.7205],[12.4725,37.7357],[12.4702,37.747],[12.4615,37.7576],[12.4544,37.7729],[12.4434,37.7879],[12.4314,37.7933],[12.4254,37.8013],[12.4387,37.8126],[12.4419,37.8104],[12.4583,37.8147],[12.4617,37.8173],[12.4681,37.8278],[12.4688,37.8361],[12.4642,37.8427],[12.4647,37.8475],[12.4715,37.8497],[12.4752,37.8581],[12.4852,37.8735],[12.4823,37.8816],[12.4741,37.8845],[12.4668,37.8918],[12.4684,37.8974],[12.4622,37.9022],[12.4588,37.9087],[12.4793,37.9319],[12.4935,37.9528],[12.4985,37.9662],[12.4939,37.9777],[12.4944,37.9841],[12.5067,37.9942],[12.5104,38.01],[12.5198,38.0093],[12.5202,38.013],[12.501,38.0145],[12.5122,38.0182],[12.5207,38.0231],[12.5334,38.0345],[12.5524,38.0498],[12.5602,38.0647],[12.5696,38.0689],[12.5778,38.0704],[12.5892,38.0664],[12.6001,38.0651],[12.6132,38.0668],[12.626,38.0703],[12.6449,38.0786],[12.65,38.0857],[12.6621,38.093],[12.6568,38.1073],[12.6604,38.1115],[12.6714,38.1141],[12.689,38.1056],[12.7002,38.1054],[12.711,38.1098],[12.7135,38.113],[12.729,38.1262],[12.7263,38.1297],[12.7363,38.1372],[12.7374,38.1413],[12.7308,38.1489],[12.7178,38.1686],[12.716,38.1783],[12.7269,38.1879],[12.734,38.1895],[12.7315,38.1811],[12.7386,38.1758],[12.766,38.1802],[12.7708,38.1746],[12.7717,38.1693],[12.7674,38.1644],[12.7701,38.1511],[12.7797,38.1504],[12.7907,38.1348],[12.7893,38.1264],[12.79,38.1118],[12.8043,38.0935],[12.811,38.0814],[12.8219,38.0728],[12.827,38.0663],[12.8592,38.0485],[12.8681,38.0511],[12.8715,38.0424],[12.8711,38.0371],[12.8811,38.0294],[12.8928,38.0243],[12.9078,38.0251]]],[[[12.3082,37.9557],[12.3172,37.9363],[12.3229,37.9312],[12.329,37.9339],[12.3445,37.9367],[12.3558,37.9255],[12.3662,37.9239],[12.3706,37.9185],[12.3658,37.9063],[12.3509,37.9074],[12.3373,37.9198],[12.3089,37.9193],[12.2875,37.9153],[12.2815,37.9196],[12.2795,37.9298],[12.2733,37.9374],[12.2801,37.9457],[12.2898,37.9429],[12.2959,37.946],[12.3082,37.9557]]],[[[12.0631,37.9934],[12.0616,37.9881],[12.0647,37.9794],[12.0778,37.9617],[12.0832,37.9456],[12.0757,37.9494],[12.0547,37.9532],[12.0451,37.9601],[12.0422,37.97],[12.0337,37.9886],[12.0383,37.9931],[12.0606,37.9903],[12.0631,37.9934]]],[[[12.3357,38.0205],[12.3421,38.0041],[12.3516,37.9954],[12.3514,37.9889],[12.3382,37.9848],[12.3299,37.9869],[12.3238,37.9935],[12.3203,38.0011],[12.322,38.0073],[12.3297,38.0101],[12.3331,38.0202],[12.3357,38.0205]]],[[[12.4554,37.905],[12.4551,37.8994],[12.4476,37.8955],[12.4485,37.8849],[12.4519,37.8738],[12.4485,37.8661],[12.4508,37.8485],[12.4434,37.852],[12.4369,37.8808],[12.4293,37.8927],[12.4311,37.8965],[12.4446,37.8979],[12.4554,37.905]]],[[[11.9546,36.8394],[11.9732,36.835],[11.9798,36.8265],[11.9948,36.8217],[12.004,36.8217],[12.0133,36.8252],[12.0376,36.8041],[12.0462,36.8014],[12.0531,36.7906],[12.0554,36.7755],[12.0551,36.763],[12.0474,36.7497],[12.0271,36.7357],[12.0234,36.7343],[12.0101,36.7347],[11.993,36.7374],[11.9823,36.7446],[11.972,36.7637],[11.9562,36.7721],[11.951,36.7836],[11.9416,36.792],[11.9281,36.8007],[11.9265,36.8056],[11.9284,36.8253],[11.9343,36.8326],[11.9423,36.8309],[11.9446,36.8363],[11.9546,36.8394]]],[[[13.1806,38.7206],[13.1865,38.7168],[13.1982,38.7135],[13.1997,38.7086],[13.1824,38.6955],[13.1694,38.6909],[13.1536,38.6936],[13.155,38.701],[13.1632,38.7135],[13.1806,38.7206]]],[[[14.8468,38.538],[14.8284,38.5472],[14.821,38.5482],[14.8067,38.5533],[14.7966,38.5608],[14.7987,38.5661],[14.8009,38.5738],[14.8078,38.5825],[14.8347,38.5823],[14.8457,38.5794],[14.8662,38.5833],[14.8713,38.5774],[14.8742,38.5616],[14.8686,38.5527],[14.8695,38.5411],[14.8669,38.5363],[14.8553,38.5347],[14.8468,38.538]]],[[[14.9601,38.4322],[14.9681,38.4263],[14.9624,38.4198],[14.9638,38.4121],[14.9807,38.4096],[14.9971,38.3963],[15.0053,38.3759],[15.0026,38.3712],[14.9924,38.3667],[14.9777,38.3689],[14.9679,38.3759],[14.9569,38.382],[14.9489,38.3881],[14.9394,38.402],[14.9394,38.4113],[14.9455,38.417],[14.9542,38.4181],[14.9542,38.4289],[14.9601,38.4322]]],[[[14.9606,38.5234],[14.9635,38.5025],[14.9626,38.491],[14.9709,38.4852],[14.9775,38.4858],[14.9795,38.4792],[14.9571,38.4771],[14.9546,38.4727],[14.9569,38.4597],[14.9622,38.4513],[14.9592,38.4432],[14.9531,38.4392],[14.9423,38.4425],[14.9414,38.4494],[14.9345,38.4594],[14.9131,38.465],[14.8996,38.4783],[14.9,38.4915],[14.9035,38.4992],[14.9049,38.512],[14.9126,38.5183],[14.9261,38.523],[14.932,38.5202],[14.9476,38.5199],[14.9606,38.5234]]],[[[14.3619,38.5543],[14.3665,38.5495],[14.3635,38.5379],[14.3594,38.5318],[14.3445,38.532],[14.3402,38.5379],[14.3404,38.5482],[14.3478,38.5537],[14.3619,38.5543]]],[[[14.5531,38.5858],[14.5757,38.5813],[14.5814,38.5717],[14.5798,38.5647],[14.5826,38.5559],[14.5686,38.5588],[14.5602,38.5576],[14.5536,38.5604],[14.541,38.5721],[14.5392,38.5776],[14.544,38.5854],[14.5531,38.5858]]],[[[15.0728,38.6466],[15.0769,38.6439],[15.078,38.636],[15.0732,38.6289],[15.057,38.6248],[15.0545,38.6291],[15.06,38.6437],[15.0728,38.6466]]],[[[15.2214,38.8119],[15.2422,38.805],[15.2415,38.7993],[15.2306,38.7883],[15.2269,38.7771],[15.2173,38.7725],[15.2075,38.775],[15.1947,38.7812],[15.1876,38.7903],[15.1897,38.796],[15.1986,38.7988],[15.2128,38.8102],[15.2214,38.8119]]],[[[12.541,35.529],[12.5554,35.5248],[12.5654,35.5258],[12.594,35.521],[12.6075,35.5244],[12.6109,35.5216],[12.6194,35.5226],[12.628,35.5205],[12.6255,35.5056],[12.6331,35.5019],[12.6321,35.4942],[12.6084,35.4936],[12.6054,35.5016],[12.6001,35.4975],[12.5937,35.4984],[12.5636,35.5116],[12.5294,35.5157],[12.5182,35.5187],[12.5184,35.5216],[12.528,35.5284],[12.541,35.529]]],[[[12.8754,35.8753],[12.8795,35.8727],[12.8834,35.8595],[12.8807,35.8546],[12.8596,35.8552],[12.8507,35.867],[12.8501,35.8714],[12.8587,35.8748],[12.8754,35.8753]]]]}},{"type":"Feature","properties":{"name":"Sardegna","istat":"20","iso":"IT-88","aliases":["Sardinia"]},"geometry":{"type":"MultiPolygon","coordinates":[[[[8.3679,40.4965],[8.3621,40.4951],[8.3553,40.4988],[8.3373,40.5018],[8.3388,40.5072],[8.3318,40.5221],[8.3259,40.5314],[8.3147,40.5606],[8.3178,40.5674],[8.316,40.5737],[8.3069,40.5854],[8.2938,40.5935],[8.2777,40.5926],[8.2676,40.5894],[8.2633,40.583],[8.2504,40.5838],[8.2455,40.581],[8.2438,40.5697],[8.2233,40.5696],[8.2093,40.5715],[8.2032,40.5691],[8.1979,40.5758],[8.2105,40.5931],[8.2174,40.5948],[8.2194,40.6004],[8.2121,40.6124],[8.205,40.6169],[8.1973,40.6183],[8.1902,40.6169],[8.189,40.6065],[8.1822,40.5993],[8.173,40.5943],[8.173,40.5879],[8.1643,40.583],[8.1616,40.5776],[8.1655,40.5677],[8.1579,40.5663],[8.158,40.5721],[8.1499,40.5855],[8.1468,40.6037],[8.1479,40.6066],[8.1433,40.6154],[8.1436,40.6238],[8.1483,40.6268],[8.1573,40.6264],[8.1625,40.6309],[8.1865,40.639],[8.1922,40.6627],[8.1989,40.6733],[8.1963,40.6775],[8.2041,40.6797],[8.2048,40.685],[8.2007,40.6894],[8.1748,40.6947],[8.1751,40.7017],[8.1691,40.709],[8.1541,40.717],[8.1475,40.7252],[8.1331,40.7312],[8.1354,40.7354],[8.1541,40.7491],[8.1607,40.7623],[8.1659,40.7673],[8.1666,40.7808],[8.1607,40.7909],[8.1643,40.7962],[8.1717,40.7997],[8.1844,40.812],[8.1847,40.8171],[8.1917,40.8221],[8.1943,40.8301],[8.1931,40.835],[8.2069,40.8503],[8.2075,40.8536],[8.2185,40.8695],[8.2176,40.8767],[8.223,40.8876],[8.2219,40.892],[8.2126,40.9031],[8.1917,40.914],[8.1913,40.9209],[8.1758,40.9352],[8.1822,40.9427],[8.1892,40.9554],[8.1975,40.9629],[8.2014,40.9708],[8.2061,40.9696],[8.2128,40.961],[8.2365,40.9493],[8.2333,40.9398],[8.2276,40.9386],[8.2299,40.9279],[8.2356,40.9173],[8.2322,40.9131],[8.2386,40.903],[8.2475,40.8932],[8.2688,40.874],[8.2772,40.8678],[8.2897,40.8582],[8.3128,40.8456],[8.3156,40.8443],[8.3432,40.8414],[8.3501,40.8397],[8.3722,40.8377],[8.3907,40.8383],[8.3932,40.8409],[8.4176,40.8399],[8.4224,40.8351],[8.4417,40.8251],[8.4588,40.8196],[8.467,40.8195],[8.496,40.8207],[8.5245,40.8239],[8.5558,40.8301],[8.5796,40.8377],[8.6077,40.8513],[8.6253,40.8649],[8.6306,40.8784],[8.6509,40.8921],[8.6703,40.8973],[8.6908,40.9076],[8.6947,40.9123],[8.7054,40.9147],[8.711,40.9183],[8.7189,40.9132],[8.726,40.9128],[8.74,40.918],[8.7724,40.9169],[8.784,40.9198],[8.7932,40.9241],[8.8026,40.9311],[8.819,40.9423],[8.8352,40.9561],[8.866,40.9873],[8.8704,40.9929],[8.8765,41.0087],[8.8704,41.0154],[8.8777,41.0177],[8.885,41.0148],[8.8878,41.018],[8.8832,41.0225],[8.8822,41.0283],[8.8923,41.0273],[8.8989,41.0328],[8.9083,41.0368],[8.916,41.0355],[8.9263,41.0437],[8.9295,41.0435],[8.9499,41.0593],[8.9569,41.0681],[8.9732,41.082],[8.9814,41.0867],[8.9818,41.0924],[8.9903,41.1031],[8.9967,41.1049],[9.0083,41.1207],[9.012,41.1238],[9.0307,41.1306],[9.0463,41.1381],[9.0522,41.1364],[9.0572,41.1288],[9.0645,41.1274],[9.092,41.1302],[9.1109,41.1356],[9.1209,41.1448],[9.1232,41.1487],[9.1191,41.1533],[9.1246,41.1563],[9.1314,41.1537],[9.149,41.1551],[9.1591,41.1608],[9.1678,41.1681],[9.1712,41.177],[9.1586,41.1856],[9.1541,41.1973],[9.1657,41.2184],[9.1671,41.2291],[9.16,41.2357],[9.1477,41.2312],[9.1383,41.2385],[9.1459,41.2471],[9.1527,41.2446],[9.1655,41.2364],[9.1737,41.2453],[9.181,41.2481],[9.1945,41.2459],[9.1949,41.2405],[9.215,41.2551],[9.2256,41.2592],[9.2354,41.2583],[9.2363,41.2466],[9.261,41.2409],[9.2713,41.2361],[9.2795,41.2288],[9.2817,41.2246],[9.2806,41.215],[9.271,41.1999],[9.2721,41.1947],[9.2801,41.1943],[9.2808,41.206],[9.29,41.2183],[9.2986,41.2036],[9.2893,41.1977],[9.2904,41.193],[9.3012,41.1907],[9.3085,41.1911],[9.3174,41.193],[9.3318,41.1853],[9.3373,41.1911],[9.3308,41.1945],[9.3418,41.2058],[9.3501,41.2076],[9.3542,41.2028],[9.3633,41.2076],[9.3661,41.2],[9.3654,41.1932],[9.3699,41.1834],[9.3809,41.1876],[9.3855,41.1807],[9.4062,41.1762],[9.4181,41.1785],[9.4232,41.1772],[9.424,41.1716],[9.4204,41.1648],[9.4112,41.1629],[9.4056,41.1571],[9.4296,41.155],[9.4316,41.1519],[9.4321,41.1409],[9.4357,41.1368],[9.4435,41.1352],[9.4401,41.1276],[9.4419,41.1096],[9.441,41.1045],[9.4501,41.1044],[9.4617,41.1211],[9.4706,41.1282],[9.472,41.1319],[9.4636,41.1373],[9.4675,41.1432],[9.4779,41.1413],[9.4825,41.1434],[9.4964,41.144],[9.5122,41.1412],[9.5189,41.1426],[9.512,41.1514],[9.5159,41.156],[9.5243,41.1566],[9.5307,41.1523],[9.5289,41.1479],[9.5362,41.1385],[9.546,41.1316],[9.539,41.1213],[9.5405,41.1145],[9.5447,41.1128],[9.555,41.1191],[9.5613,41.1197],[9.5668,41.1158],[9.5687,41.1098],[9.5659,41.0958],[9.5616,41.0842],[9.5526,41.0786],[9.5417,41.0836],[9.5394,41.0878],[9.5291,41.0728],[9.5285,41.0697],[9.5398,41.0618],[9.5257,41.0549],[9.5232,41.0518],[9.5252,41.0444],[9.5227,41.0314],[9.514,41.0177],[9.5081,41.0157],[9.5052,41.0091],[9.5213,41.0099],[9.5298,41.0193],[9.5257,41.0218],[9.5271,41.0271],[9.5374,41.0281],[9.5504,41.0312],[9.5552,41.0364],[9.5629,41.0344],[9.5588,41.0213],[9.551,41.0069],[9.5577,41.0034],[9.5695,41.0079],[9.5785,41.0046],[9.5801,41.0138],[9.5864,41.0108],[9.5942,41.0218],[9.6065,41.0185],[9.6228,41.005],[9.6312,41.0022],[9.642,41.0012],[9.6554,41.0043],[9.6648,40.9957],[9.6536,40.9865],[9.6467,40.9853],[9.6234,40.9942],[9.6212,41.0004],[9.6111,41.0032],[9.5979,40.9909],[9.5888,40.9898],[9.5849,40.9864],[9.5835,40.9757],[9.5935,40.9662],[9.5801,40.9548],[9.5762,40.9472],[9.5682,40.9428],[9.5682,40.9356],[9.5748,40.9331],[9.5737,40.9275],[9.5629,40.924],[9.5572,40.9269],[9.539,40.9258],[9.5344,40.9331],[9.5269,40.9334],[9.5083,40.9287],[9.51,40.925],[9.5015,40.9197],[9.5026,40.9129],[9.507,40.9115],[9.5232,40.9163],[9.5378,40.9164],[9.551,40.9198],[9.5613,40.9208],[9.5723,40.9112],[9.5773,40.9031],[9.5887,40.8997],[9.6011,40.9071],[9.6105,40.9185],[9.6218,40.9218],[9.6303,40.9177],[9.6429,40.9201],[9.6451,40.9176],[9.6294,40.9021],[9.6196,40.8961],[9.6177,40.8893],[9.6331,40.8845],[9.636,40.884],[9.6401,40.8739],[9.6543,40.8796],[9.6579,40.8758],[9.6529,40.8628],[9.6584,40.8565],[9.6643,40.8559],[9.6676,40.8531],[9.6774,40.8617],[9.6869,40.858],[9.6927,40.8483],[9.7043,40.8426],[9.7166,40.8422],[9.7249,40.8439],[9.7249,40.8382],[9.7087,40.8316],[9.689,40.8371],[9.6851,40.8341],[9.6821,40.8213],[9.6879,40.8172],[9.6918,40.8111],[9.6881,40.8063],[9.6813,40.809],[9.6732,40.8037],[9.6703,40.7957],[9.6714,40.7847],[9.6801,40.773],[9.6876,40.766],[9.7075,40.755],[9.7155,40.7515],[9.7183,40.7484],[9.7121,40.7397],[9.7153,40.7299],[9.7137,40.7186],[9.7174,40.7056],[9.7233,40.6999],[9.7379,40.6945],[9.7461,40.687],[9.7505,40.6778],[9.7493,40.6579],[9.7436,40.6479],[9.742,40.6369],[9.7441,40.624],[9.7528,40.6149],[9.7509,40.6074],[9.7518,40.6008],[9.7628,40.5878],[9.7717,40.582],[9.7817,40.5805],[9.7909,40.5697],[9.7945,40.5549],[9.7943,40.5462],[9.8076,40.5381],[9.8137,40.5373],[9.8284,40.5284],[9.8254,40.5099],[9.8169,40.4877],[9.8089,40.4736],[9.7927,40.4431],[9.782,40.437],[9.774,40.4267],[9.7729,40.4111],[9.7644,40.3909],[9.7543,40.3811],[9.7427,40.3813],[9.7359,40.3786],[9.7222,40.3701],[9.6883,40.3426],[9.6776,40.331],[9.6632,40.314],[9.6543,40.3013],[9.6365,40.2827],[9.631,40.2739],[9.6239,40.2523],[9.6234,40.2401],[9.6274,40.2247],[9.6287,40.2226],[9.626,40.2072],[9.6308,40.1872],[9.6342,40.1798],[9.6463,40.1683],[9.6509,40.1592],[9.6566,40.1422],[9.663,40.1372],[9.684,40.1158],[9.689,40.1084],[9.7045,40.1012],[9.7281,40.0911],[9.7329,40.0871],[9.7354,40.0793],[9.7269,40.0652],[9.7215,40.0519],[9.7061,40.0343],[9.7029,40.0238],[9.7016,40.0097],[9.6941,39.993],[9.6879,39.9856],[9.6851,39.9585],[9.687,39.948],[9.6997,39.9359],[9.7114,39.9392],[9.7157,39.9323],[9.7132,39.922],[9.7094,39.9236],[9.6963,39.9208],[9.6901,39.9161],[9.6837,39.9063],[9.681,39.8908],[9.6826,39.8701],[9.6844,39.8662],[9.6933,39.8585],[9.6961,39.8504],[9.6853,39.8422],[9.6764,39.8163],[9.6719,39.7946],[9.6691,39.7718],[9.6737,39.7535],[9.6748,39.7504],[9.6756,39.7261],[9.6746,39.7225],[9.6765,39.7109],[9.6671,39.7012],[9.6621,39.6998],[9.6591,39.6939],[9.663,39.6843],[9.657,39.6672],[9.6499,39.6612],[9.6472,39.6517],[9.6475,39.6443],[9.6522,39.6341],[9.6538,39.6158],[9.6554,39.6113],[9.6573,39.5942],[9.6577,39.5802],[9.6538,39.5655],[9.6513,39.5493],[9.6424,39.5456],[9.6399,39.542],[9.6328,39.5145],[9.6319,39.5016],[9.6362,39.4947],[9.6415,39.4934],[9.644,39.4861],[9.6424,39.4814],[9.6454,39.4611],[9.6403,39.452],[9.6394,39.4392],[9.6312,39.4335],[9.6207,39.4131],[9.615,39.4006],[9.6077,39.388],[9.6017,39.3708],[9.5977,39.3493],[9.5985,39.3361],[9.6009,39.3258],[9.6084,39.3152],[9.6314,39.3042],[9.634,39.2989],[9.6312,39.2956],[9.6228,39.298],[9.6139,39.2973],[9.6025,39.2911],[9.588,39.2742],[9.5819,39.2649],[9.5732,39.248],[9.5703,39.2385],[9.5679,39.2241],[9.5687,39.2138],[9.5647,39.206],[9.5631,39.1947],[9.565,39.1891],[9.5778,39.1843],[9.5789,39.1757],[9.5703,39.1674],[9.567,39.1572],[9.5684,39.1532],[9.5616,39.1385],[9.5563,39.1333],[9.5412,39.1324],[9.5294,39.1271],[9.5211,39.1178],[9.5189,39.1129],[9.523,39.0948],[9.5165,39.0985],[9.5024,39.1098],[9.5086,39.1178],[9.5093,39.1242],[9.5026,39.1312],[9.4839,39.1353],[9.4713,39.1319],[9.4659,39.1268],[9.4563,39.1299],[9.4423,39.1264],[9.4341,39.1255],[9.4339,39.1301],[9.4172,39.1361],[9.4085,39.1433],[9.4035,39.1446],[9.4015,39.1413],[9.3923,39.1447],[9.3903,39.1575],[9.3843,39.1627],[9.3708,39.174],[9.3565,39.1787],[9.3528,39.1773],[9.3423,39.1854],[9.338,39.1937],[9.3284,39.1973],[9.3183,39.205],[9.3046,39.205],[9.2964,39.2131],[9.2534,39.216],[9.2429,39.2183],[9.2381,39.2245],[9.231,39.2279],[9.2128,39.2273],[9.1922,39.2212],[9.182,39.2164],[9.1653,39.2042],[9.1598,39.1936],[9.1696,39.1886],[9.1644,39.1834],[9.1587,39.1813],[9.1399,39.189],[9.1255,39.1998],[9.1237,39.2057],[9.1109,39.2135],[9.0983,39.211],[9.0935,39.2081],[9.083,39.2057],[9.0632,39.1943],[9.0392,39.1734],[9.0261,39.158],[9.0175,39.1458],[9.014,39.1304],[9.009,39.1214],[9.0164,39.1045],[9.0148,39.0973],[9.0163,39.0875],[9.0243,39.0825],[9.028,39.074],[9.0458,39.0561],[9.0392,39.0404],[9.0294,39.0295],[9.0243,39.0202],[9.0248,39.0028],[9.023,38.9972],[9.0182,38.9967],[9.012,38.9869],[9.0004,38.9861],[8.994,38.9757],[8.9754,38.9618],[8.9489,38.9439],[8.9403,38.9359],[8.9268,38.929],[8.9108,38.9155],[8.9058,38.9079],[8.8916,38.899],[8.8864,38.8971],[8.861,38.8824],[8.8553,38.8759],[8.8411,38.8775],[8.8388,38.8804],[8.8345,38.8767],[8.827,38.884],[8.8277,38.8881],[8.8165,38.895],[8.8094,38.8934],[8.806,38.8997],[8.7938,38.8938],[8.7836,38.8982],[8.7786,38.9038],[8.7818,38.9116],[8.7749,38.9155],[8.7612,38.9173],[8.7553,38.9206],[8.7203,38.9366],[8.7205,38.9311],[8.7157,38.9242],[8.6984,38.9173],[8.6883,38.9145],[8.6817,38.9093],[8.6643,38.9089],[8.6707,38.8985],[8.6678,38.895],[8.6609,38.8947],[8.6573,38.8981],[8.6497,38.8949],[8.6491,38.8857],[8.6586,38.882],[8.6559,38.8777],[8.658,38.8706],[8.6454,38.8641],[8.6367,38.8674],[8.6467,38.8763],[8.641,38.8829],[8.6481,38.8922],[8.6431,38.8955],[8.6354,38.8958],[8.6235,38.8918],[8.6104,38.8912],[8.6077,38.8933],[8.607,38.904],[8.6207,38.9206],[8.6205,38.931],[8.6223,38.9415],[8.6125,38.9579],[8.6033,38.963],[8.5963,38.961],[8.594,38.9573],[8.5872,38.9554],[8.5849,38.9599],[8.5894,38.9642],[8.578,38.9751],[8.5648,39.0015],[8.5661,39.0067],[8.5666,39.0099],[8.575,39.017],[8.576,39.0254],[8.575,39.0322],[8.5648,39.0454],[8.5531,39.0462],[8.5486,39.0444],[8.5349,39.0529],[8.5307,39.0594],[8.5116,39.0624],[8.4978,39.0632],[8.4734,39.058],[8.4702,39.0515],[8.454,39.027],[8.4497,39.0083],[8.4513,38.9962],[8.4505,38.989],[8.4446,38.9825],[8.4417,38.9745],[8.4419,38.9682],[8.4304,38.9601],[8.4215,38.9605],[8.4142,38.9553],[8.4067,38.9587],[8.403,38.9675],[8.3969,38.976],[8.3941,38.9868],[8.3848,38.9992],[8.3802,39.0097],[8.3711,39.0187],[8.3734,39.0233],[8.3704,39.0218],[8.3645,39.0302],[8.3606,39.0442],[8.3569,39.0643],[8.3503,39.0758],[8.351,39.0819],[8.358,39.0875],[8.3508,39.0975],[8.3613,39.1012],[8.3621,39.1092],[8.3699,39.1141],[8.3736,39.1116],[8.3804,39.0996],[8.3877,39.0993],[8.4053,39.1037],[8.4111,39.1023],[8.4263,39.109],[8.4307,39.0977],[8.4339,39.0951],[8.4513,39.0877],[8.4565,39.0838],[8.4597,39.0651],[8.4666,39.0574],[8.478,39.061],[8.4789,39.0716],[8.4885,39.0847],[8.4876,39.0888],[8.4846,39.0863],[8.4775,39.096],[8.4725,39.1122],[8.4665,39.1187],[8.4615,39.1206],[8.4396,39.115],[8.4346,39.1319],[8.4382,39.1417],[8.4375,39.1535],[8.4341,39.159],[8.4172,39.1713],[8.4108,39.1692],[8.4095,39.164],[8.4149,39.1567],[8.4113,39.1495],[8.4063,39.1635],[8.3962,39.1989],[8.3902,39.1972],[8.3718,39.2093],[8.3686,39.2163],[8.3669,39.2284],[8.3943,39.2486],[8.4104,39.2638],[8.4206,39.2662],[8.4254,39.2694],[8.4368,39.29],[8.4332,39.3079],[8.4261,39.3188],[8.4179,39.3236],[8.4208,39.3318],[8.4133,39.3366],[8.3994,39.3374],[8.3934,39.3426],[8.3957,39.3473],[8.3871,39.3524],[8.3891,39.363],[8.3761,39.3689],[8.3793,39.3739],[8.3804,39.3843],[8.3848,39.3905],[8.4042,39.4079],[8.4088,39.4149],[8.4127,39.4281],[8.412,39.4376],[8.4097,39.4416],[8.3928,39.4468],[8.3822,39.4558],[8.3854,39.4714],[8.3875,39.4757],[8.4097,39.4929],[8.4334,39.5213],[8.4513,39.5462],[8.4538,39.5518],[8.4553,39.563],[8.4631,39.5748],[8.464,39.5887],[8.4693,39.5954],[8.4709,39.6016],[8.4645,39.617],[8.4554,39.6203],[8.4519,39.6251],[8.4503,39.6335],[8.4519,39.6503],[8.4567,39.6701],[8.4451,39.6761],[8.4453,39.6852],[8.4483,39.6859],[8.4537,39.6975],[8.4549,39.7111],[8.4485,39.7135],[8.4469,39.7175],[8.4494,39.7295],[8.4487,39.7401],[8.4455,39.748],[8.4439,39.7581],[8.4512,39.7693],[8.4576,39.7697],[8.4658,39.7615],[8.4775,39.7431],[8.5028,39.7143],[8.51,39.7326],[8.5211,39.7462],[8.512,39.7531],[8.5312,39.7703],[8.5387,39.7816],[8.5454,39.7952],[8.5529,39.8294],[8.5554,39.8515],[8.5529,39.8618],[8.5655,39.8601],[8.5639,39.8649],[8.5518,39.8639],[8.5444,39.8661],[8.5399,39.8698],[8.5446,39.875],[8.5405,39.8835],[8.5399,39.8845],[8.5378,39.8914],[8.5239,39.9024],[8.5131,39.9066],[8.4942,39.9086],[8.4823,39.9043],[8.4691,39.9015],[8.4442,39.8825],[8.4373,39.8592],[8.4318,39.8622],[8.4382,39.8677],[8.4385,39.8754],[8.4311,39.8882],[8.4232,39.8944],[8.4119,39.9001],[8.4021,39.8986],[8.3978,39.9082],[8.4012,39.9411],[8.4014,39.957],[8.3976,39.9703],[8.3935,39.9729],[8.3939,39.98],[8.4095,39.9978],[8.4108,40.0107],[8.4131,40.0198],[8.4067,40.029],[8.3999,40.033],[8.3918,40.0295],[8.3784,40.03],[8.3798,40.0392],[8.3891,40.0438],[8.3991,40.0464],[8.4147,40.0413],[8.4263,40.0446],[8.4348,40.0515],[8.4442,40.0478],[8.4537,40.0508],[8.4695,40.0623],[8.4832,40.0745],[8.4928,40.0865],[8.4878,40.094],[8.4891,40.1008],[8.4848,40.1178],[8.4716,40.1311],[8.4583,40.1542],[8.4613,40.1722],[8.457,40.176],[8.465,40.1921],[8.4675,40.2],[8.4631,40.2074],[8.4622,40.2141],[8.4659,40.224],[8.4654,40.2279],[8.4741,40.2467],[8.4766,40.2547],[8.4789,40.2676],[8.4832,40.2717],[8.483,40.2835],[8.4714,40.2909],[8.467,40.2978],[8.4638,40.3154],[8.4538,40.32],[8.443,40.3185],[8.4385,40.3216],[8.4328,40.3331],[8.427,40.335],[8.406,40.3366],[8.396,40.3397],[8.3896,40.3374],[8.3827,40.339],[8.3839,40.3503],[8.3797,40.3577],[8.3894,40.3711],[8.3932,40.3864],[8.3975,40.3962],[8.3998,40.4075],[8.4015,40.4091],[8.3976,40.4303],[8.395,40.4379],[8.3861,40.4534],[8.3843,40.4609],[8.3775,40.4771],[8.3738,40.4909],[8.3679,40.4965]]],[[[8.2153,40.9824],[8.2244,40.9779],[8.2247,40.97],[8.2139,40.9695],[8.2121,40.9804],[8.2153,40.9824]]],[[[8.3185,41.1206],[8.3259,41.1137],[8.3268,41.1084],[8.3227,41.106],[8.3332,41.0996],[8.3427,41.0976],[8.348,41.0898],[8.3354,41.0794],[8.3402,41.0676],[8.3389,41.0608],[8.3324,41.055],[8.3256,41.0539],[8.2954,41.0604],[8.2818,41.0656],[8.2751,41.0563],[8.2649,41.0553],[8.2587,41.0513],[8.2655,41.0462],[8.256,41.0377],[8.2383,41.0278],[8.2477,41.027],[8.2486,41.0177],[8.2564,41.0112],[8.2639,41.001],[8.2614,40.9927],[8.2552,40.9853],[8.2224,40.9884],[8.2116,40.9873],[8.2109,40.9929],[8.2171,40.995],[8.2114,41.0036],[8.2235,41.015],[8.2303,41.0233],[8.2196,41.0286],[8.2235,41.0343],[8.2206,41.04],[8.2253,41.0439],[8.245,41.0472],[8.2507,41.0506],[8.2568,41.0608],[8.2653,41.0715],[8.2738,41.0762],[8.2841,41.0752],[8.2849,41.0808],[8.2813,41.0878],[8.2724,41.0988],[8.2753,41.1043],[8.3023,41.1055],[8.3106,41.1086],[8.3115,41.1145],[8.3185,41.1206]]],[[[9.6097,41.0822],[9.6089,41.0737],[9.6031,41.0717],[9.5997,41.0772],[9.6097,41.0822]]],[[[9.4192,41.2076],[9.4222,41.1935],[9.419,41.1887],[9.411,41.1871],[9.4053,41.1903],[9.3969,41.1903],[9.3983,41.1979],[9.4062,41.2011],[9.412,41.2074],[9.4192,41.2076]]],[[[9.4711,41.2451],[9.4734,41.2407],[9.4821,41.2365],[9.4814,41.2252],[9.4853,41.2215],[9.4789,41.2138],[9.4782,41.1993],[9.4652,41.1896],[9.4638,41.1846],[9.4802,41.1871],[9.4818,41.183],[9.4695,41.1769],[9.4554,41.1863],[9.4535,41.1922],[9.4474,41.1908],[9.4417,41.1814],[9.4359,41.1826],[9.4359,41.1874],[9.4409,41.1957],[9.4549,41.2046],[9.4492,41.2065],[9.4469,41.2154],[9.4586,41.2281],[9.4608,41.2426],[9.4711,41.2451]]],[[[9.3405,41.253],[9.35,41.252],[9.3599,41.2415],[9.3581,41.2364],[9.3455,41.2291],[9.3407,41.2295],[9.3331,41.2356],[9.3336,41.2483],[9.3405,41.253]]],[[[9.4211,41.2682],[9.4307,41.2604],[9.4314,41.2515],[9.4357,41.2469],[9.4391,41.2353],[9.4446,41.2299],[9.4361,41.2287],[9.44,41.2163],[9.4369,41.2145],[9.419,41.2149],[9.4152,41.2162],[9.3991,41.2102],[9.3829,41.2101],[9.3813,41.2157],[9.374,41.2276],[9.3774,41.2341],[9.39,41.2357],[9.4024,41.2453],[9.4024,41.252],[9.4133,41.2507],[9.416,41.2568],[9.4147,41.2681],[9.4211,41.2682]]],[[[9.3542,41.2891],[9.3583,41.2856],[9.3567,41.2779],[9.3493,41.2759],[9.335,41.2835],[9.3453,41.288],[9.3542,41.2891]]],[[[9.3795,41.3082],[9.3848,41.2994],[9.3786,41.2936],[9.3672,41.2883],[9.3615,41.2927],[9.3629,41.2974],[9.3795,41.3082]]],[[[9.3418,41.3086],[9.3535,41.3028],[9.3589,41.2968],[9.3544,41.2929],[9.3336,41.3017],[9.335,41.3063],[9.3418,41.3086]]],[[[9.7295,40.8764],[9.7407,40.8722],[9.7411,40.8645],[9.7322,40.8592],[9.7137,40.8661],[9.7109,40.8706],[9.7155,40.8759],[9.7295,40.8764]]],[[[9.7354,40.9241],[9.7399,40.9197],[9.7427,40.9124],[9.7205,40.9051],[9.6927,40.8877],[9.6854,40.8924],[9.6892,40.8987],[9.7094,40.9102],[9.724,40.9169],[9.7308,40.924],[9.7354,40.9241]]],[[[8.3119,39.9967],[8.3123,39.9903],[8.3025,39.9841],[8.3003,39.9921],[8.3119,39.9967]]],[[[9.53,39.09],[9.5342,39.0895],[9.5337,39.0823],[9.5268,39.0846],[9.53,39.09]]],[[[8.3094,39.1878],[8.3064,39.1631],[8.3115,39.1489],[8.3094,39.1408],[8.3128,39.1394],[8.308,39.1288],[8.3103,39.1131],[8.3062,39.1029],[8.2973,39.0969],[8.2792,39.0958],[8.2552,39.1039],[8.2471,39.1108],[8.255,39.1151],[8.2489,39.1258],[8.2505,39.1325],[8.24,39.1406],[8.2327,39.1428],[8.2262,39.1416],[8.2206,39.1455],[8.2258,39.1591],[8.2301,39.1649],[8.2368,39.1665],[8.242,39.1641],[8.2532,39.1702],[8.2569,39.1697],[8.2676,39.1787],[8.2891,39.1811],[8.2966,39.1793],[8.3094,39.1878]]]]}}]}