{"type":"FeatureCollection","properties":{"region":"Lombardia","region_code":"03","min_population":1000,"population_year":2021,"source":"opendatasicilia/comuni-italiani (ISTAT pop 2021 + centroids)","license":"CC BY 4.0 (ISTAT / Open Data Sicilia attribution)"},"features":[{"type":"Feature","geometry":{"type":"Point","coordinates":[9.1905,45.4668]},"properties":{"id":"it_015146","istat_code":"015146","name":"Milano","province":"MI","population":1397715,"type":"settlement"}},{"type":"Feature","geometry":{"type":"Point","coordinates":[10.425873,45.77958]},"properties":{"id":"it_017029","istat_code":"017029","name":"Brescia","province":"BS","population":195102,"type":"settlement"}},{"type":"Feature","geometry":{"type":"Point","coordinates":[9.273526,45.583442]},"properties":{"id":"it_108033","istat_code":"108033","name":"Monza","province":"MB","population":123983,"type":"settlement"}},{"type":"Feature","geometry":{"type":"Point","coordinates":[9.754219,45.756656]},"properties":{"id":"it_016024","istat_code":"016024","name":"Bergamo","province":"BG","population":119684,"type":"settlement"}},{"type":"Feature","geometry":{"type":"Point","coordinates":[9.14941,45.939476]},"properties":{"id":"it_013075","istat_code":"013075","name":"Como","province":"CO","population":84808,"type":"settlement"}},{"type":"Feature","geometry":{"type":"Point","coordinates":[8.852052,45.611906]},"properties":{"id":"it_012026","istat_code":"012026","name":"Busto Arsizio","province":"VA","population":83121,"type":"settlement"}},{"type":"Feature","geometry":{"type":"Point","coordinates":[9.237655,45.535722]},"properties":{"id":"it_015209","istat_code":"015209","name":"Sesto San Giovanni","province":"MI","population":80589,"type":"settlement"}},{"type":"Feature","geometry":{"type":"Point","coordinates":[8.754158,45.839713]},"properties":{"id":"it_012133","istat_code":"012133","name":"Varese","province":"VA","population":80039,"type":"settlement"}},{"type":"Feature","geometry":{"type":"Point","coordinates":[9.214317,45.556059]},"properties":{"id":"it_015077","istat_code":"015077","name":"Cinisello Balsamo","province":"MI","population":73537,"type":"settlement"}},{"type":"Feature","geometry":{"type":"Point","coordinates":[10.037038,45.220864]},"properties":{"id":"it_019036","istat_code":"019036","name":"Cremona","province":"CR","population":71523,"type":"settlement"}},{"type":"Feature","geometry":{"type":"Point","coordinates":[9.137825,45.036855]},"properties":{"id":"it_018110","istat_code":"018110","name":"Pavia","province":"PV","population":70971,"type":"settlement"}},{"type":"Feature","geometry":{"type":"Point","coordinates":[8.858603,45.317094]},"properties":{"id":"it_018177","istat_code":"018177","name":"Vigevano","province":"PV","population":62108,"type":"settlement"}},{"type":"Feature","geometry":{"type":"Point","coordinates":[8.91836,45.594698]},"properties":{"id":"it_015118","istat_code":"015118","name":"Legnano","province":"MI","population":58938,"type":"settlement"}},{"type":"Feature","geometry":{"type":"Point","coordinates":[8.793201,45.659895]},"properties":{"id":"it_012070","istat_code":"012070","name":"Gallarate","province":"VA","population":53960,"type":"settlement"}},{"type":"Feature","geometry":{"type":"Point","coordinates":[9.04018,45.528532]},"properties":{"id":"it_015182","istat_code":"015182","name":"Rho","province":"MI","population":49609,"type":"settlement"}},{"type":"Feature","geometry":{"type":"Point","coordinates":[10.670616,45.169362]},"properties":{"id":"it_020030","istat_code":"020030","name":"Mantova","province":"MN","population":48523,"type":"settlement"}},{"type":"Feature","geometry":{"type":"Point","coordinates":[9.168131,45.571903]},"properties":{"id":"it_015166","istat_code":"015166","name":"Paderno Dugnano","province":"MI","population":47980,"type":"settlement"}},{"type":"Feature","geometry":{"type":"Point","coordinates":[9.412025,45.900548]},"properties":{"id":"it_097042","istat_code":"097042","name":"Lecco","province":"LC","population":47415,"type":"settlement"}},{"type":"Feature","geometry":{"type":"Point","coordinates":[9.278224,45.528554]},"properties":{"id":"it_015081","istat_code":"015081","name":"Cologno Monzese","province":"MI","population":46687,"type":"settlement"}},{"type":"Feature","geometry":{"type":"Point","coordinates":[9.240841,45.61077]},"properties":{"id":"it_108028","istat_code":"108028","name":"Lissone","province":"MB","population":45998,"type":"settlement"}},{"type":"Feature","geometry":{"type":"Point","coordinates":[9.205392,45.649723]},"properties":{"id":"it_108039","istat_code":"108039","name":"Seregno","province":"MB","population":44742,"type":"settlement"}},{"type":"Feature","geometry":{"type":"Point","coordinates":[9.491678,45.26131]},"properties":{"id":"it_098031","istat_code":"098031","name":"Lodi","province":"LO","population":44574,"type":"settlement"}},{"type":"Feature","geometry":{"type":"Point","coordinates":[9.208124,45.61831]},"properties":{"id":"it_108023","istat_code":"108023","name":"Desio","province":"MB","population":41654,"type":"settlement"}},{"type":"Feature","geometry":{"type":"Point","coordinates":[9.154131,45.383237]},"properties":{"id":"it_015189","istat_code":"015189","name":"Rozzano","province":"MI","population":41323,"type":"settlement"}},{"type":"Feature","geometry":{"type":"Point","coordinates":[9.129103,45.739535]},"properties":{"id":"it_013041","istat_code":"013041","name":"Cantù","province":"CO","population":39513,"type":"settlement"}},{"type":"Feature","geometry":{"type":"Point","coordinates":[9.008593,44.99284]},"properties":{"id":"it_018182","istat_code":"018182","name":"Voghera","province":"PV","population":38592,"type":"settlement"}},{"type":"Feature","geometry":{"type":"Point","coordinates":[9.037328,45.625676]},"properties":{"id":"it_012119","istat_code":"012119","name":"Saronno","province":"VA","population":38476,"type":"settlement"}},{"type":"Feature","geometry":{"type":"Point","coordinates":[9.291851,45.39427]},"properties":{"id":"it_015195","istat_code":"015195","name":"San Giuliano Milanese","province":"MI","population":38274,"type":"settlement"}},{"type":"Feature","geometry":{"type":"Point","coordinates":[9.14624,45.628189]},"properties":{"id":"it_108019","istat_code":"108019","name":"Cesano Maderno","province":"MB","population":38011,"type":"settlement"}},{"type":"Feature","geometry":{"type":"Point","coordinates":[9.117708,45.543835]},"properties":{"id":"it_015027","istat_code":"015027","name":"Bollate","province":"MI","population":35955,"type":"settlement"}},{"type":"Feature","geometry":{"type":"Point","coordinates":[9.326335,45.501022]},"properties":{"id":"it_015175","istat_code":"015175","name":"Pioltello","province":"MI","population":35821,"type":"settlement"}},{"type":"Feature","geometry":{"type":"Point","coordinates":[9.29482,45.490735]},"properties":{"id":"it_015205","istat_code":"015205","name":"Segrate","province":"MI","population":35771,"type":"settlement"}},{"type":"Feature","geometry":{"type":"Point","coordinates":[9.330925,45.524558]},"properties":{"id":"it_015070","istat_code":"015070","name":"Cernusco sul Naviglio","province":"MI","population":34800,"type":"settlement"}},{"type":"Feature","geometry":{"type":"Point","coordinates":[9.301222,45.550749]},"properties":{"id":"it_108012","istat_code":"108012","name":"Brugherio","province":"MB","population":34788,"type":"settlement"}},{"type":"Feature","geometry":{"type":"Point","coordinates":[9.687457,45.362828]},"properties":{"id":"it_019035","istat_code":"019035","name":"Crema","province":"CR","population":34242,"type":"settlement"}},{"type":"Feature","geometry":{"type":"Point","coordinates":[9.119731,45.598605]},"properties":{"id":"it_108027","istat_code":"108027","name":"Limbiate","province":"MB","population":34067,"type":"settlement"}},{"type":"Feature","geometry":{"type":"Point","coordinates":[9.110233,45.430722]},"properties":{"id":"it_015093","istat_code":"015093","name":"Corsico","province":"MI","population":33321,"type":"settlement"}},{"type":"Feature","geometry":{"type":"Point","coordinates":[8.91623,45.398733]},"properties":{"id":"it_015002","istat_code":"015002","name":"Abbiategrasso","province":"MI","population":32473,"type":"settlement"}},{"type":"Feature","geometry":{"type":"Point","coordinates":[9.27165,45.41807]},"properties":{"id":"it_015192","istat_code":"015192","name":"San Donato Milanese","province":"MI","population":32070,"type":"settlement"}},{"type":"Feature","geometry":{"type":"Point","coordinates":[9.593148,45.521724]},"properties":{"id":"it_016219","istat_code":"016219","name":"Treviglio","province":"BG","population":30296,"type":"settlement"}},{"type":"Feature","geometry":{"type":"Point","coordinates":[10.538947,45.469485]},"properties":{"id":"it_017067","istat_code":"017067","name":"Desenzano del Garda","province":"BS","population":29314,"type":"settlement"}},{"type":"Feature","geometry":{"type":"Point","coordinates":[8.947888,45.558611]},"properties":{"id":"it_015168","istat_code":"015168","name":"Parabiago","province":"MI","population":28077,"type":"settlement"}},{"type":"Feature","geometry":{"type":"Point","coordinates":[9.080025,45.577145]},"properties":{"id":"it_015105","istat_code":"015105","name":"Garbagnate Milanese","province":"MI","population":26888,"type":"settlement"}},{"type":"Feature","geometry":{"type":"Point","coordinates":[9.109788,45.41715]},"properties":{"id":"it_015036","istat_code":"015036","name":"Buccinasco","province":"MI","population":26711,"type":"settlement"}},{"type":"Feature","geometry":{"type":"Point","coordinates":[9.18773,45.53668]},"properties":{"id":"it_015032","istat_code":"015032","name":"Bresso","province":"MI","population":26358,"type":"settlement"}},{"type":"Feature","geometry":{"type":"Point","coordinates":[9.209729,45.699381]},"properties":{"id":"it_108024","istat_code":"108024","name":"Giussano","province":"MB","population":25930,"type":"settlement"}},{"type":"Feature","geometry":{"type":"Point","coordinates":[9.37006,45.613963]},"properties":{"id":"it_108050","istat_code":"108050","name":"Vimercate","province":"MB","population":25833,"type":"settlement"}},{"type":"Feature","geometry":{"type":"Point","coordinates":[10.390675,45.415181]},"properties":{"id":"it_017113","istat_code":"017113","name":"Montichiari","province":"BS","population":25739,"type":"settlement"}},{"type":"Feature","geometry":{"type":"Point","coordinates":[9.028461,45.57173]},"properties":{"id":"it_015116","istat_code":"015116","name":"Lainate","province":"MI","population":25676,"type":"settlement"}},{"type":"Feature","geometry":{"type":"Point","coordinates":[9.178344,45.697149]},"properties":{"id":"it_013143","istat_code":"013143","name":"Mariano Comense","province":"CO","population":24828,"type":"settlement"}},{"type":"Feature","geometry":{"type":"Point","coordinates":[9.717998,45.684371]},"properties":{"id":"it_016198","istat_code":"016198","name":"Seriate","province":"BG","population":24744,"type":"settlement"}},{"type":"Feature","geometry":{"type":"Point","coordinates":[8.883843,45.465393]},"properties":{"id":"it_015130","istat_code":"015130","name":"Magenta","province":"MI","population":23918,"type":"settlement"}},{"type":"Feature","geometry":{"type":"Point","coordinates":[9.31182,45.431795]},"properties":{"id":"it_015171","istat_code":"015171","name":"Peschiera Borromeo","province":"MI","population":23760,"type":"settlement"}},{"type":"Feature","geometry":{"type":"Point","coordinates":[9.227138,45.593195]},"properties":{"id":"it_108034","istat_code":"108034","name":"Muggiò","province":"MB","population":23611,"type":"settlement"}},{"type":"Feature","geometry":{"type":"Point","coordinates":[9.603953,45.649279]},"properties":{"id":"it_016091","istat_code":"016091","name":"Dalmine","province":"BG","population":23346,"type":"settlement"}},{"type":"Feature","geometry":{"type":"Point","coordinates":[10.488874,45.389677]},"properties":{"id":"it_020017","istat_code":"020017","name":"Castiglione delle Stiviere","province":"MN","population":23313,"type":"settlement"}},{"type":"Feature","geometry":{"type":"Point","coordinates":[9.20034,45.58929]},"properties":{"id":"it_108035","istat_code":"108035","name":"Nova Milanese","province":"MB","population":23292,"type":"settlement"}},{"type":"Feature","geometry":{"type":"Point","coordinates":[9.137379,45.643466]},"properties":{"id":"it_108040","istat_code":"108040","name":"Seveso","province":"MB","population":23235,"type":"settlement"}},{"type":"Feature","geometry":{"type":"Point","coordinates":[9.094054,45.447112]},"properties":{"id":"it_015074","istat_code":"015074","name":"Cesano Boscone","province":"MI","population":23168,"type":"settlement"}},{"type":"Feature","geometry":{"type":"Point","coordinates":[9.156753,45.662505]},"properties":{"id":"it_108030","istat_code":"108030","name":"Meda","province":"MB","population":22869,"type":"settlement"}},{"type":"Feature","geometry":{"type":"Point","coordinates":[10.264546,45.648258]},"properties":{"id":"it_017096","istat_code":"017096","name":"Lumezzane","province":"BS","population":21648,"type":"settlement"}},{"type":"Feature","geometry":{"type":"Point","coordinates":[9.124548,45.576272]},"properties":{"id":"it_015206","istat_code":"015206","name":"Senago","province":"MI","population":21483,"type":"settlement"}},{"type":"Feature","geometry":{"type":"Point","coordinates":[10.258414,46.323362]},"properties":{"id":"it_014061","istat_code":"014061","name":"Sondrio","province":"SO","population":21283,"type":"settlement"}},{"type":"Feature","geometry":{"type":"Point","coordinates":[9.069116,45.417988]},"properties":{"id":"it_015220","istat_code":"015220","name":"Trezzano sul Naviglio","province":"MI","population":21229,"type":"settlement"}},{"type":"Feature","geometry":{"type":"Point","coordinates":[8.825584,45.675221]},"properties":{"id":"it_012040","istat_code":"012040","name":"Cassano Magnago","province":"VA","population":21130,"type":"settlement"}},{"type":"Feature","geometry":{"type":"Point","coordinates":[10.74309,44.991873]},"properties":{"id":"it_020065","istat_code":"020065","name":"Suzzara","province":"MN","population":21032,"type":"settlement"}},{"type":"Feature","geometry":{"type":"Point","coordinates":[9.404651,45.531574]},"properties":{"id":"it_015108","istat_code":"015108","name":"Gorgonzola","province":"MI","population":20635,"type":"settlement"}},{"type":"Feature","geometry":{"type":"Point","coordinates":[9.755087,45.518376]},"properties":{"id":"it_016183","istat_code":"016183","name":"Romano di Lombardia","province":"BG","population":20317,"type":"settlement"}},{"type":"Feature","geometry":{"type":"Point","coordinates":[9.167621,45.544513]},"properties":{"id":"it_015086","istat_code":"015086","name":"Cormano","province":"MI","population":20205,"type":"settlement"}},{"type":"Feature","geometry":{"type":"Point","coordinates":[9.025746,45.501685]},"properties":{"id":"it_015087","istat_code":"015087","name":"Cornaredo","province":"MI","population":20100,"type":"settlement"}},{"type":"Feature","geometry":{"type":"Point","coordinates":[9.140832,45.531939]},"properties":{"id":"it_015157","istat_code":"015157","name":"Novate Milanese","province":"MI","population":20089,"type":"settlement"}},{"type":"Feature","geometry":{"type":"Point","coordinates":[9.884966,45.599069]},"properties":{"id":"it_017133","istat_code":"017133","name":"Palazzolo sull'Oglio","province":"BS","population":19975,"type":"settlement"}},{"type":"Feature","geometry":{"type":"Point","coordinates":[9.055356,45.480309]},"properties":{"id":"it_015211","istat_code":"015211","name":"Settimo Milanese","province":"MI","population":19738,"type":"settlement"}},{"type":"Feature","geometry":{"type":"Point","coordinates":[10.520223,44.926786]},"properties":{"id":"it_020066","istat_code":"020066","name":"Viadana","province":"MN","population":19547,"type":"settlement"}},{"type":"Feature","geometry":{"type":"Point","coordinates":[9.077895,45.54904]},"properties":{"id":"it_015009","istat_code":"015009","name":"Arese","province":"MI","population":19201,"type":"settlement"}},{"type":"Feature","geometry":{"type":"Point","coordinates":[9.928846,45.536462]},"properties":{"id":"it_017052","istat_code":"017052","name":"Chiari","province":"BS","population":19087,"type":"settlement"}},{"type":"Feature","geometry":{"type":"Point","coordinates":[9.998601,45.567038]},"properties":{"id":"it_017166","istat_code":"017166","name":"Rovato","province":"BS","population":18841,"type":"settlement"}},{"type":"Feature","geometry":{"type":"Point","coordinates":[9.521491,45.526333]},"properties":{"id":"it_015059","istat_code":"015059","name":"Cassano d'Adda","province":"MI","population":18834,"type":"settlement"}},{"type":"Feature","geometry":{"type":"Point","coordinates":[8.904146,45.714293]},"properties":{"id":"it_012127","istat_code":"012127","name":"Tradate","province":"VA","population":18635,"type":"settlement"}},{"type":"Feature","geometry":{"type":"Point","coordinates":[8.92009,45.465937]},"properties":{"id":"it_015085","istat_code":"015085","name":"Corbetta","province":"MI","population":18551,"type":"settlement"}},{"type":"Feature","geometry":{"type":"Point","coordinates":[10.279276,45.401081]},"properties":{"id":"it_017078","istat_code":"017078","name":"Ghedi","province":"BS","population":18396,"type":"settlement"}},{"type":"Feature","geometry":{"type":"Point","coordinates":[9.183685,45.552184]},"properties":{"id":"it_015098","istat_code":"015098","name":"Cusano Milanino","province":"MI","population":18311,"type":"settlement"}},{"type":"Feature","geometry":{"type":"Point","coordinates":[9.424251,45.498585]},"properties":{"id":"it_015142","istat_code":"015142","name":"Melzo","province":"MI","population":18276,"type":"settlement"}},{"type":"Feature","geometry":{"type":"Point","coordinates":[9.323976,45.358789]},"properties":{"id":"it_015140","istat_code":"015140","name":"Melegnano","province":"MI","population":18086,"type":"settlement"}},{"type":"Feature","geometry":{"type":"Point","coordinates":[9.050761,45.594935]},"properties":{"id":"it_012034","istat_code":"012034","name":"Caronno Pertusella","province":"VA","population":17940,"type":"settlement"}},{"type":"Feature","geometry":{"type":"Point","coordinates":[9.321465,45.626556]},"properties":{"id":"it_108004","istat_code":"108004","name":"Arcore","province":"MB","population":17833,"type":"settlement"}},{"type":"Feature","geometry":{"type":"Point","coordinates":[9.237162,45.676549]},"properties":{"id":"it_108015","istat_code":"108015","name":"Carate Brianza","province":"MB","population":17562,"type":"settlement"}},{"type":"Feature","geometry":{"type":"Point","coordinates":[9.79683,45.760814]},"properties":{"id":"it_016004","istat_code":"016004","name":"Albino","province":"BG","population":17529,"type":"settlement"}},{"type":"Feature","geometry":{"type":"Point","coordinates":[8.707087,45.683621]},"properties":{"id":"it_012123","istat_code":"012123","name":"Somma Lombardo","province":"VA","population":17467,"type":"settlement"}},{"type":"Feature","geometry":{"type":"Point","coordinates":[8.995973,45.477726]},"properties":{"id":"it_015012","istat_code":"015012","name":"Bareggio","province":"MI","population":17142,"type":"settlement"}},{"type":"Feature","geometry":{"type":"Point","coordinates":[9.151857,45.6109]},"properties":{"id":"it_108010","istat_code":"108010","name":"Bovisio-Masciago","province":"MB","population":16892,"type":"settlement"}},{"type":"Feature","geometry":{"type":"Point","coordinates":[8.970719,45.553647]},"properties":{"id":"it_015154","istat_code":"015154","name":"Nerviano","province":"MI","population":16886,"type":"settlement"}},{"type":"Feature","geometry":{"type":"Point","coordinates":[9.284672,45.512832]},"properties":{"id":"it_015242","istat_code":"015242","name":"Vimodrone","province":"MI","population":16653,"type":"settlement"}},{"type":"Feature","geometry":{"type":"Point","coordinates":[10.484535,45.461039]},"properties":{"id":"it_017092","istat_code":"017092","name":"Lonato del Garda","province":"BS","population":16617,"type":"settlement"}},{"type":"Feature","geometry":{"type":"Point","coordinates":[8.878168,45.800092]},"properties":{"id":"it_012096","istat_code":"012096","name":"Malnate","province":"VA","population":16375,"type":"settlement"}},{"type":"Feature","geometry":{"type":"Point","coordinates":[10.15345,45.592664]},"properties":{"id":"it_017081","istat_code":"017081","name":"Gussago","province":"BS","population":16359,"type":"settlement"}},{"type":"Feature","geometry":{"type":"Point","coordinates":[10.755221,45.192526]},"properties":{"id":"it_020045","istat_code":"020045","name":"Porto Mantovano","province":"MN","population":16352,"type":"settlement"}},{"type":"Feature","geometry":{"type":"Point","coordinates":[9.64374,45.49726]},"properties":{"id":"it_016053","istat_code":"016053","name":"Caravaggio","province":"BG","population":16170,"type":"settlement"}},{"type":"Feature","geometry":{"type":"Point","coordinates":[8.784305,45.628182]},"properties":{"id":"it_012118","istat_code":"012118","name":"Samarate","province":"VA","population":16035,"type":"settlement"}},{"type":"Feature","geometry":{"type":"Point","coordinates":[9.231242,45.80958]},"properties":{"id":"it_013095","istat_code":"013095","name":"Erba","province":"CO","population":15954,"type":"settlement"}},{"type":"Feature","geometry":{"type":"Point","coordinates":[9.11817,45.678405]},"properties":{"id":"it_108054","istat_code":"108054","name":"Lentate sul Seveso","province":"MB","population":15872,"type":"settlement"}},{"type":"Feature","geometry":{"type":"Point","coordinates":[9.335948,45.589675]},"properties":{"id":"it_108021","istat_code":"108021","name":"Concorezzo","province":"MB","population":15643,"type":"settlement"}},{"type":"Feature","geometry":{"type":"Point","coordinates":[10.180707,45.883486]},"properties":{"id":"it_017065","istat_code":"017065","name":"Darfo Boario Terme","province":"BS","population":15598,"type":"settlement"}},{"type":"Feature","geometry":{"type":"Point","coordinates":[9.343749,45.549774]},"properties":{"id":"it_015051","istat_code":"015051","name":"Carugate","province":"MI","population":15539,"type":"settlement"}},{"type":"Feature","geometry":{"type":"Point","coordinates":[10.216967,45.605184]},"properties":{"id":"it_017061","istat_code":"017061","name":"Concesio","province":"BS","population":15537,"type":"settlement"}},{"type":"Feature","geometry":{"type":"Point","coordinates":[9.202072,45.355913]},"properties":{"id":"it_015173","istat_code":"015173","name":"Pieve Emanuele","province":"MI","population":15503,"type":"settlement"}},{"type":"Feature","geometry":{"type":"Point","coordinates":[9.288298,45.701804]},"properties":{"id":"it_108008","istat_code":"108008","name":"Besana in Brianza","province":"MB","population":15469,"type":"settlement"}},{"type":"Feature","geometry":{"type":"Point","coordinates":[8.736385,45.247922]},"properties":{"id":"it_018102","istat_code":"018102","name":"Mortara","province":"PV","population":15242,"type":"settlement"}},{"type":"Feature","geometry":{"type":"Point","coordinates":[9.70437,45.160066]},"properties":{"id":"it_098019","istat_code":"098019","name":"Codogno","province":"LO","population":15240,"type":"settlement"}},{"type":"Feature","geometry":{"type":"Point","coordinates":[9.350948,45.576173]},"properties":{"id":"it_108001","istat_code":"108001","name":"Agrate Brianza","province":"MB","population":15189,"type":"settlement"}},{"type":"Feature","geometry":{"type":"Point","coordinates":[10.41535,44.986386]},"properties":{"id":"it_019021","istat_code":"019021","name":"Casalmaggiore","province":"CR","population":15127,"type":"settlement"}},{"type":"Feature","geometry":{"type":"Point","coordinates":[8.951392,45.593012]},"properties":{"id":"it_015072","istat_code":"015072","name":"Cerro Maggiore","province":"MI","population":15065,"type":"settlement"}},{"type":"Feature","geometry":{"type":"Point","coordinates":[9.648396,45.179329]},"properties":{"id":"it_098010","istat_code":"098010","name":"Casalpusterlengo","province":"LO","population":15058,"type":"settlement"}},{"type":"Feature","geometry":{"type":"Point","coordinates":[10.715842,45.109553]},"properties":{"id":"it_020021","istat_code":"020021","name":"Curtatone","province":"MN","population":14715,"type":"settlement"}},{"type":"Feature","geometry":{"type":"Point","coordinates":[8.772498,45.645717]},"properties":{"id":"it_012032","istat_code":"012032","name":"Cardano al Campo","province":"VA","population":14443,"type":"settlement"}},{"type":"Feature","geometry":{"type":"Point","coordinates":[10.785801,45.088107]},"properties":{"id":"it_020071","istat_code":"020071","name":"Borgo Virgilio","province":"MN","population":14415,"type":"settlement"}},{"type":"Feature","geometry":{"type":"Point","coordinates":[9.411648,45.698679]},"properties":{"id":"it_097048","istat_code":"097048","name":"Merate","province":"LC","population":14380,"type":"settlement"}},{"type":"Feature","geometry":{"type":"Point","coordinates":[8.897038,45.612374]},"properties":{"id":"it_012042","istat_code":"012042","name":"Castellanza","province":"VA","population":14317,"type":"settlement"}},{"type":"Feature","geometry":{"type":"Point","coordinates":[9.077308,45.596474]},"properties":{"id":"it_015076","istat_code":"015076","name":"Cesate","province":"MI","population":14291,"type":"settlement"}},{"type":"Feature","geometry":{"type":"Point","coordinates":[8.739907,45.998908]},"properties":{"id":"it_012092","istat_code":"012092","name":"Luino","province":"VA","population":14248,"type":"settlement"}},{"type":"Feature","geometry":{"type":"Point","coordinates":[10.073946,45.555222]},"properties":{"id":"it_017127","istat_code":"017127","name":"Ospitaletto","province":"BS","population":14107,"type":"settlement"}},{"type":"Feature","geometry":{"type":"Point","coordinates":[8.948931,45.615974]},"properties":{"id":"it_015181","istat_code":"015181","name":"Rescaldina","province":"MI","population":14067,"type":"settlement"}},{"type":"Feature","geometry":{"type":"Point","coordinates":[9.211149,45.373069]},"properties":{"id":"it_015159","istat_code":"015159","name":"Opera","province":"MI","population":14002,"type":"settlement"}},{"type":"Feature","geometry":{"type":"Point","coordinates":[9.300571,45.603981]},"properties":{"id":"it_108049","istat_code":"108049","name":"Villasanta","province":"MB","population":13963,"type":"settlement"}},{"type":"Feature","geometry":{"type":"Point","coordinates":[10.218452,45.367012]},"properties":{"id":"it_017088","istat_code":"017088","name":"Leno","province":"BS","population":13956,"type":"settlement"}},{"type":"Feature","geometry":{"type":"Point","coordinates":[8.88327,45.545558]},"properties":{"id":"it_015041","istat_code":"015041","name":"Busto Garolfo","province":"MI","population":13924,"type":"settlement"}},{"type":"Feature","geometry":{"type":"Point","coordinates":[9.081021,45.617526]},"properties":{"id":"it_015213","istat_code":"015213","name":"Solaro","province":"MI","population":13903,"type":"settlement"}},{"type":"Feature","geometry":{"type":"Point","coordinates":[9.361976,45.519189]},"properties":{"id":"it_015060","istat_code":"015060","name":"Cassina de' Pecchi","province":"MI","population":13901,"type":"settlement"}},{"type":"Feature","geometry":{"type":"Point","coordinates":[10.079783,45.523906]},"properties":{"id":"it_017188","istat_code":"017188","name":"Travagliato","province":"BS","population":13606,"type":"settlement"}},{"type":"Feature","geometry":{"type":"Point","coordinates":[9.432979,45.801472]},"properties":{"id":"it_097013","istat_code":"097013","name":"Calolziocorte","province":"LC","population":13580,"type":"settlement"}},{"type":"Feature","geometry":{"type":"Point","coordinates":[9.156293,45.597444]},"properties":{"id":"it_108045","istat_code":"108045","name":"Varedo","province":"MB","population":13502,"type":"settlement"}},{"type":"Feature","geometry":{"type":"Point","coordinates":[9.730494,45.733603]},"properties":{"id":"it_016008","istat_code":"016008","name":"Alzano Lombardo","province":"BG","population":13370,"type":"settlement"}},{"type":"Feature","geometry":{"type":"Point","coordinates":[9.408656,45.238067]},"properties":{"id":"it_098050","istat_code":"098050","name":"Sant'Angelo Lodigiano","province":"LO","population":13343,"type":"settlement"}},{"type":"Feature","geometry":{"type":"Point","coordinates":[9.65351,45.65138]},"properties":{"id":"it_016207","istat_code":"016207","name":"Stezzano","province":"BG","population":13243,"type":"settlement"}},{"type":"Feature","geometry":{"type":"Point","coordinates":[10.195876,45.66187]},"properties":{"id":"it_017174","istat_code":"017174","name":"Sarezzo","province":"BS","population":13166,"type":"settlement"}},{"type":"Feature","geometry":{"type":"Point","coordinates":[10.316671,45.514182]},"properties":{"id":"it_017161","istat_code":"017161","name":"Rezzato","province":"BS","population":13146,"type":"settlement"}},{"type":"Feature","geometry":{"type":"Point","coordinates":[10.13517,45.355777]},"properties":{"id":"it_017103","istat_code":"017103","name":"Manerbio","province":"BS","population":13128,"type":"settlement"}},{"type":"Feature","geometry":{"type":"Point","coordinates":[9.311646,45.696378]},"properties":{"id":"it_097016","istat_code":"097016","name":"Casatenovo","province":"LC","population":12954,"type":"settlement"}},{"type":"Feature","geometry":{"type":"Point","coordinates":[10.429385,45.364606]},"properties":{"id":"it_017039","istat_code":"017039","name":"Carpenedolo","province":"BS","population":12877,"type":"settlement"}},{"type":"Feature","geometry":{"type":"Point","coordinates":[10.413574,45.457182]},"properties":{"id":"it_017032","istat_code":"017032","name":"Calcinato","province":"BS","population":12810,"type":"settlement"}},{"type":"Feature","geometry":{"type":"Point","coordinates":[8.889841,45631]},"properties":{"id":"it_012108","istat_code":"012108","name":"Olgiate Olona","province":"VA","population":12548,"type":"settlement"}},{"type":"Feature","geometry":{"type":"Point","coordinates":[10.472982,45.295278]},"properties":{"id":"it_020015","istat_code":"020015","name":"Castel Goffredo","province":"MN","population":12540,"type":"settlement"}},{"type":"Feature","geometry":{"type":"Point","coordinates":[9.589053,45.616078]},"properties":{"id":"it_016153","istat_code":"016153","name":"Osio Sotto","province":"BG","population":12472,"type":"settlement"}},{"type":"Feature","geometry":{"type":"Point","coordinates":[8.926792,45.570538]},"properties":{"id":"it_015046","istat_code":"015046","name":"Canegrate","province":"MI","population":12471,"type":"settlement"}},{"type":"Feature","geometry":{"type":"Point","coordinates":[10.18437,45.429079]},"properties":{"id":"it_017009","istat_code":"017009","name":"Bagnolo Mella","province":"BS","population":12406,"type":"settlement"}},{"type":"Feature","geometry":{"type":"Point","coordinates":[10.354162,45.518804]},"properties":{"id":"it_017107","istat_code":"017107","name":"Mazzano","province":"BS","population":12400,"type":"settlement"}},{"type":"Feature","geometry":{"type":"Point","coordinates":[9.569474,46.132419]},"properties":{"id":"it_014045","istat_code":"014045","name":"Morbegno","province":"SO","population":12342,"type":"settlement"}},{"type":"Feature","geometry":{"type":"Point","coordinates":[9.921564,45.403976]},"properties":{"id":"it_017125","istat_code":"017125","name":"Orzinuovi","province":"BS","population":12315,"type":"settlement"}},{"type":"Feature","geometry":{"type":"Point","coordinates":[8.968731,45.488333]},"properties":{"id":"it_015204","istat_code":"015204","name":"Sedriano","province":"MI","population":12304,"type":"settlement"}},{"type":"Feature","geometry":{"type":"Point","coordinates":[8.872771,45.668948]},"properties":{"id":"it_012067","istat_code":"012067","name":"Fagnano Olona","province":"VA","population":12301,"type":"settlement"}},{"type":"Feature","geometry":{"type":"Point","coordinates":[10.438237,45.584627]},"properties":{"id":"it_017077","istat_code":"017077","name":"Gavardo","province":"BS","population":12249,"type":"settlement"}},{"type":"Feature","geometry":{"type":"Point","coordinates":[10.423032,45.510571]},"properties":{"id":"it_017014","istat_code":"017014","name":"Bedizzole","province":"BS","population":12187,"type":"settlement"}},{"type":"Feature","geometry":{"type":"Point","coordinates":[8.941541,45.50507]},"properties":{"id":"it_015010","istat_code":"015010","name":"Arluno","province":"MI","population":12144,"type":"settlement"}},{"type":"Feature","geometry":{"type":"Point","coordinates":[9.27512,45.630987]},"properties":{"id":"it_108009","istat_code":"108009","name":"Biassono","province":"MB","population":12101,"type":"settlement"}},{"type":"Feature","geometry":{"type":"Point","coordinates":[9.331652,45.39537]},"properties":{"id":"it_015139","istat_code":"015139","name":"Mediglia","province":"MI","population":11955,"type":"settlement"}},{"type":"Feature","geometry":{"type":"Point","coordinates":[9.519844,45.608718]},"properties":{"id":"it_015221","istat_code":"015221","name":"Trezzo sull'Adda","province":"MI","population":11858,"type":"settlement"}},{"type":"Feature","geometry":{"type":"Point","coordinates":[9.117601,45.527222]},"properties":{"id":"it_015250","istat_code":"015250","name":"Baranzate","province":"MI","population":11717,"type":"settlement"}},{"type":"Feature","geometry":{"type":"Point","coordinates":[10.871789,45.18053]},"properties":{"id":"it_020057","istat_code":"020057","name":"San Giorgio Bigarello","province":"MN","population":11714,"type":"settlement"}},{"type":"Feature","geometry":{"type":"Point","coordinates":[8.967774,45.785326]},"properties":{"id":"it_013165","istat_code":"013165","name":"Olgiate Comasco","province":"CO","population":11663,"type":"settlement"}},{"type":"Feature","geometry":{"type":"Point","coordinates":[9.295017,45.077356]},"properties":{"id":"it_018153","istat_code":"018153","name":"Stradella","province":"PV","population":11539,"type":"settlement"}},{"type":"Feature","geometry":{"type":"Point","coordinates":[9.587857,45.697819]},"properties":{"id":"it_016170","istat_code":"016170","name":"Ponte San Pietro","province":"BG","population":11511,"type":"settlement"}},{"type":"Feature","geometry":{"type":"Point","coordinates":[10.183724,45.687914]},"properties":{"id":"it_017075","istat_code":"017075","name":"Gardone Val Trompia","province":"BS","population":11390,"type":"settlement"}},{"type":"Feature","geometry":{"type":"Point","coordinates":[10.29831,45.471576]},"properties":{"id":"it_017043","istat_code":"017043","name":"Castenedolo","province":"BS","population":11386,"type":"settlement"}},{"type":"Feature","geometry":{"type":"Point","coordinates":[8.754731,45.596772]},"properties":{"id":"it_012090","istat_code":"012090","name":"Lonate Pozzolo","province":"VA","population":11376,"type":"settlement"}},{"type":"Feature","geometry":{"type":"Point","coordinates":[9.089457,45.510236]},"properties":{"id":"it_015170","istat_code":"015170","name":"Pero","province":"MI","population":11292,"type":"settlement"}},{"type":"Feature","geometry":{"type":"Point","coordinates":[9.406138,45.647508]},"properties":{"id":"it_108007","istat_code":"108007","name":"Bernareggio","province":"MB","population":11258,"type":"settlement"}},{"type":"Feature","geometry":{"type":"Point","coordinates":[9.759275,45.743974]},"properties":{"id":"it_016144","istat_code":"016144","name":"Nembro","province":"BG","population":11243,"type":"settlement"}},{"type":"Feature","geometry":{"type":"Point","coordinates":[9.358244,45.846282]},"properties":{"id":"it_097083","istat_code":"097083","name":"Valmadrera","province":"LC","population":11238,"type":"settlement"}},{"type":"Feature","geometry":{"type":"Point","coordinates":[9.482052,45.540475]},"properties":{"id":"it_015114","istat_code":"015114","name":"Inzago","province":"MI","population":11232,"type":"settlement"}},{"type":"Feature","geometry":{"type":"Point","coordinates":[8.634362,45.723955]},"properties":{"id":"it_012120","istat_code":"012120","name":"Sesto Calende","province":"VA","population":11160,"type":"settlement"}},{"type":"Feature","geometry":{"type":"Point","coordinates":[9.398241,45.416787]},"properties":{"id":"it_015169","istat_code":"015169","name":"Paullo","province":"MI","population":11089,"type":"settlement"}},{"type":"Feature","geometry":{"type":"Point","coordinates":[9.707725,45.579772]},"properties":{"id":"it_016079","istat_code":"016079","name":"Cologno al Serio","province":"BG","population":10999,"type":"settlement"}},{"type":"Feature","geometry":{"type":"Point","coordinates":[8.776992,45.551594]},"properties":{"id":"it_015062","istat_code":"015062","name":"Castano Primo","province":"MI","population":10937,"type":"settlement"}},{"type":"Feature","geometry":{"type":"Point","coordinates":[10.026215,45.580508]},"properties":{"id":"it_017046","istat_code":"017046","name":"Cazzago San Martino","province":"BS","population":10928,"type":"settlement"}},{"type":"Feature","geometry":{"type":"Point","coordinates":[10.145008,45.499592]},"properties":{"id":"it_017042","istat_code":"017042","name":"Castel Mella","province":"BS","population":10848,"type":"settlement"}},{"type":"Feature","geometry":{"type":"Point","coordinates":[8.998218,45.639516]},"properties":{"id":"it_012075","istat_code":"012075","name":"Gerenzano","province":"VA","population":10795,"type":"settlement"}},{"type":"Feature","geometry":{"type":"Point","coordinates":[9.767376,45.570368]},"properties":{"id":"it_016133","istat_code":"016133","name":"Martinengo","province":"BG","population":10757,"type":"settlement"}},{"type":"Feature","geometry":{"type":"Point","coordinates":[9.611742,45.671543]},"properties":{"id":"it_016220","istat_code":"016220","name":"Treviolo","province":"BG","population":10730,"type":"settlement"}},{"type":"Feature","geometry":{"type":"Point","coordinates":[9.003388,45.610905]},"properties":{"id":"it_012130","istat_code":"012130","name":"Uboldo","province":"VA","population":10642,"type":"settlement"}},{"type":"Feature","geometry":{"type":"Point","coordinates":[9.465939,45.646699]},"properties":{"id":"it_108053","istat_code":"108053","name":"Cornate d'Adda","province":"MB","population":10610,"type":"settlement"}},{"type":"Feature","geometry":{"type":"Point","coordinates":[10.323184,45.543262]},"properties":{"id":"it_017023","istat_code":"017023","name":"Botticino","province":"BS","population":10568,"type":"settlement"}},{"type":"Feature","geometry":{"type":"Point","coordinates":[10.520069,45.605678]},"properties":{"id":"it_017170","istat_code":"017170","name":"Salò","province":"BS","population":10463,"type":"settlement"}},{"type":"Feature","geometry":{"type":"Point","coordinates":[10.289235,45.587727]},"properties":{"id":"it_017117","istat_code":"017117","name":"Nave","province":"BS","population":10443,"type":"settlement"}},{"type":"Feature","geometry":{"type":"Point","coordinates":[10.194442,45.632214]},"properties":{"id":"it_017199","istat_code":"017199","name":"Villa Carcina","province":"BS","population":10430,"type":"settlement"}},{"type":"Feature","geometry":{"type":"Point","coordinates":[9.354342,45.652458]},"properties":{"id":"it_108044","istat_code":"108044","name":"Usmate Velate","province":"MB","population":10407,"type":"settlement"}},{"type":"Feature","geometry":{"type":"Point","coordinates":[9.224641,45.357932]},"properties":{"id":"it_015125","istat_code":"015125","name":"Locate di Triulzi","province":"MI","population":10283,"type":"settlement"}},{"type":"Feature","geometry":{"type":"Point","coordinates":[8.839608,45.852448]},"properties":{"id":"it_012083","istat_code":"012083","name":"Induno Olona","province":"VA","population":10254,"type":"settlement"}},{"type":"Feature","geometry":{"type":"Point","coordinates":[8.971932,45.658776]},"properties":{"id":"it_012050","istat_code":"012050","name":"Cislago","province":"VA","population":10193,"type":"settlement"}},{"type":"Feature","geometry":{"type":"Point","coordinates":[9.896063,45.631966]},"properties":{"id":"it_016062","istat_code":"016062","name":"Castelli Calepio","province":"BG","population":10169,"type":"settlement"}},{"type":"Feature","geometry":{"type":"Point","coordinates":[9.559751,45.68338]},"properties":{"id":"it_016030","istat_code":"016030","name":"Bonate Sopra","province":"BG","population":10087,"type":"settlement"}},{"type":"Feature","geometry":{"type":"Point","coordinates":[9.319341,45.919183]},"properties":{"id":"it_097046","istat_code":"097046","name":"Mandello del Lario","province":"LC","population":10074,"type":"settlement"}},{"type":"Feature","geometry":{"type":"Point","coordinates":[10.672941,45.254507]},"properties":{"id":"it_020026","istat_code":"020026","name":"Goito","province":"MN","population":10020,"type":"settlement"}},{"type":"Feature","geometry":{"type":"Point","coordinates":[10.413065,45.22112]},"properties":{"id":"it_020002","istat_code":"020002","name":"Asola","province":"MN","population":10010,"type":"settlement"}},{"type":"Feature","geometry":{"type":"Point","coordinates":[9.03436,45.69924]},"properties":{"id":"it_013133","istat_code":"013133","name":"Lomazzo","province":"CO","population":9901,"type":"settlement"}},{"type":"Feature","geometry":{"type":"Point","coordinates":[8.859618,45.860392]},"properties":{"id":"it_012004","istat_code":"012004","name":"Arcisate","province":"VA","population":9900,"type":"settlement"}},{"type":"Feature","geometry":{"type":"Point","coordinates":[9.694856,45.597197]},"properties":{"id":"it_016222","istat_code":"016222","name":"Urgnano","province":"BG","population":9801,"type":"settlement"}},{"type":"Feature","geometry":{"type":"Point","coordinates":[9.047639,45.742876]},"properties":{"id":"it_013102","istat_code":"013102","name":"Fino Mornasco","province":"CO","population":9797,"type":"settlement"}},{"type":"Feature","geometry":{"type":"Point","coordinates":[9.735055,45.710782]},"properties":{"id":"it_016194","istat_code":"016194","name":"Scanzorosciate","province":"BG","population":9784,"type":"settlement"}},{"type":"Feature","geometry":{"type":"Point","coordinates":[10.109468,45.597646]},"properties":{"id":"it_017163","istat_code":"017163","name":"Rodengo Saiano","province":"BS","population":9708,"type":"settlement"}},{"type":"Feature","geometry":{"type":"Point","coordinates":[8.991472,45.764583]},"properties":{"id":"it_013138","istat_code":"013138","name":"Lurate Caccivio","province":"CO","population":9679,"type":"settlement"}},{"type":"Feature","geometry":{"type":"Point","coordinates":[8.85906,45.25903]},"properties":{"id":"it_018068","istat_code":"018068","name":"Gambolò","province":"PV","population":9620,"type":"settlement"}},{"type":"Feature","geometry":{"type":"Point","coordinates":[9.842557,45.696483]},"properties":{"id":"it_016218","istat_code":"016218","name":"Trescore Balneario","province":"BG","population":9543,"type":"settlement"}},{"type":"Feature","geometry":{"type":"Point","coordinates":[8.923746,45.197362]},"properties":{"id":"it_018069","istat_code":"018069","name":"Garlasco","province":"PV","population":9456,"type":"settlement"}},{"type":"Feature","geometry":{"type":"Point","coordinates":[9.002287,45.654802]},"properties":{"id":"it_013227","istat_code":"013227","name":"Turate","province":"CO","population":9379,"type":"settlement"}},{"type":"Feature","geometry":{"type":"Point","coordinates":[9.261191,45.062162]},"properties":{"id":"it_018024","istat_code":"018024","name":"Broni","province":"PV","population":9353,"type":"settlement"}},{"type":"Feature","geometry":{"type":"Point","coordinates":[8.994955,45.526826]},"properties":{"id":"it_015229","istat_code":"015229","name":"Vanzago","province":"MI","population":9311,"type":"settlement"}},{"type":"Feature","geometry":{"type":"Point","coordinates":[9.376651,45.496573]},"properties":{"id":"it_015237","istat_code":"015237","name":"Vignate","province":"MI","population":9310,"type":"settlement"}},{"type":"Feature","geometry":{"type":"Point","coordinates":[9.933605,45.637256]},"properties":{"id":"it_017038","istat_code":"017038","name":"Capriolo","province":"BS","population":9298,"type":"settlement"}},{"type":"Feature","geometry":{"type":"Point","coordinates":[10.149701,45.527608]},"properties":{"id":"it_017165","istat_code":"017165","name":"Roncadelle","province":"BS","population":9283,"type":"settlement"}},{"type":"Feature","geometry":{"type":"Point","coordinates":[9.764302,45.293813]},"properties":{"id":"it_019025","istat_code":"019025","name":"Castelleone","province":"CR","population":9278,"type":"settlement"}},{"type":"Feature","geometry":{"type":"Point","coordinates":[8.801851,45.578731]},"properties":{"id":"it_015131","istat_code":"015131","name":"Magnago","province":"MI","population":9246,"type":"settlement"}},{"type":"Feature","geometry":{"type":"Point","coordinates":[9.529174,45.576576]},"properties":{"id":"it_015230","istat_code":"015230","name":"Vaprio d'Adda","province":"MI","population":9186,"type":"settlement"}},{"type":"Feature","geometry":{"type":"Point","coordinates":[9.080088,45.70008]},"properties":{"id":"it_013064","istat_code":"013064","name":"Cermenate","province":"CO","population":9173,"type":"settlement"}},{"type":"Feature","geometry":{"type":"Point","coordinates":[9.034418,45.406461]},"properties":{"id":"it_015103","istat_code":"015103","name":"Gaggiano","province":"MI","population":9129,"type":"settlement"}},{"type":"Feature","geometry":{"type":"Point","coordinates":[9.223612,45.740484]},"properties":{"id":"it_013118","istat_code":"013118","name":"Inverigo","province":"CO","population":9106,"type":"settlement"}},{"type":"Feature","geometry":{"type":"Point","coordinates":[8.717671,45.842826]},"properties":{"id":"it_012072","istat_code":"012072","name":"Gavirate","province":"VA","population":9079,"type":"settlement"}},{"type":"Feature","geometry":{"type":"Point","coordinates":[9.230477,45.688186]},"properties":{"id":"it_108048","istat_code":"108048","name":"Verano Brianza","province":"MB","population":9066,"type":"settlement"}},{"type":"Feature","geometry":{"type":"Point","coordinates":[10.240811,45.477262]},"properties":{"id":"it_017021","istat_code":"017021","name":"Borgosatollo","province":"BS","population":9021,"type":"settlement"}},{"type":"Feature","geometry":{"type":"Point","coordinates":[10.051049,45.659555]},"properties":{"id":"it_017085","istat_code":"017085","name":"Iseo","province":"BS","population":9019,"type":"settlement"}},{"type":"Feature","geometry":{"type":"Point","coordinates":[10.098161,45.829888]},"properties":{"id":"it_016086","istat_code":"016086","name":"Costa Volpino","province":"BG","population":9018,"type":"settlement"}},{"type":"Feature","geometry":{"type":"Point","coordinates":[9.388324,45.548535]},"properties":{"id":"it_015172","istat_code":"015172","name":"Pessano con Bornago","province":"MI","population":9007,"type":"settlement"}},{"type":"Feature","geometry":{"type":"Point","coordinates":[9.661195,45.744579]},"properties":{"id":"it_016202","istat_code":"016202","name":"Sorisole","province":"BG","population":8998,"type":"settlement"}},{"type":"Feature","geometry":{"type":"Point","coordinates":[8.952442,45.487969]},"properties":{"id":"it_015243","istat_code":"015243","name":"Vittuone","province":"MI","population":8976,"type":"settlement"}},{"type":"Feature","geometry":{"type":"Point","coordinates":[9.346745,45.79188]},"properties":{"id":"it_097057","istat_code":"097057","name":"Oggiono","province":"LC","population":8970,"type":"settlement"}},{"type":"Feature","geometry":{"type":"Point","coordinates":[9.137047,45.321848]},"properties":{"id":"it_015115","istat_code":"015115","name":"Lacchiarella","province":"MI","population":8965,"type":"settlement"}},{"type":"Feature","geometry":{"type":"Point","coordinates":[9.131355,45.405397]},"properties":{"id":"it_015011","istat_code":"015011","name":"Assago","province":"MI","population":8932,"type":"settlement"}},{"type":"Feature","geometry":{"type":"Point","coordinates":[9.553456,45.407073]},"properties":{"id":"it_019067","istat_code":"019067","name":"Pandino","province":"CR","population":8852,"type":"settlement"}},{"type":"Feature","geometry":{"type":"Point","coordinates":[10.173178,46.215672]},"properties":{"id":"it_014066","istat_code":"014066","name":"Tirano","province":"SO","population":8838,"type":"settlement"}},{"type":"Feature","geometry":{"type":"Point","coordinates":[8.666495,45.845797]},"properties":{"id":"it_012013","istat_code":"012013","name":"Besozzo","province":"VA","population":8800,"type":"settlement"}},{"type":"Feature","geometry":{"type":"Point","coordinates":[9.016846,45.312366]},"properties":{"id":"it_018034","istat_code":"018034","name":"Casorate Primo","province":"PV","population":8783,"type":"settlement"}},{"type":"Feature","geometry":{"type":"Point","coordinates":[10.175008,45.482887]},"properties":{"id":"it_017072","istat_code":"017072","name":"Flero","province":"BS","population":8774,"type":"settlement"}},{"type":"Feature","geometry":{"type":"Point","coordinates":[10.822623,44.952488]},"properties":{"id":"it_020027","istat_code":"020027","name":"Gonzaga","province":"MN","population":8734,"type":"settlement"}},{"type":"Feature","geometry":{"type":"Point","coordinates":[9.978272,45.563448]},"properties":{"id":"it_017056","istat_code":"017056","name":"Coccaglio","province":"BS","population":8723,"type":"settlement"}},{"type":"Feature","geometry":{"type":"Point","coordinates":[9.435192,45.554388]},"properties":{"id":"it_015106","istat_code":"015106","name":"Gessate","province":"MI","population":8697,"type":"settlement"}},{"type":"Feature","geometry":{"type":"Point","coordinates":[9.335754,45.708717]},"properties":{"id":"it_097049","istat_code":"097049","name":"Missaglia","province":"LC","population":8688,"type":"settlement"}},{"type":"Feature","geometry":{"type":"Point","coordinates":[8.955762,45.675188]},"properties":{"id":"it_013159","istat_code":"013159","name":"Mozzate","province":"CO","population":8652,"type":"settlement"}},{"type":"Feature","geometry":{"type":"Point","coordinates":[8.694023,45.724847]},"properties":{"id":"it_012138","istat_code":"012138","name":"Vergiate","province":"VA","population":8649,"type":"settlement"}},{"type":"Feature","geometry":{"type":"Point","coordinates":[9.708189,45.716272]},"properties":{"id":"it_016214","istat_code":"016214","name":"Torre Boldone","province":"BG","population":8641,"type":"settlement"}},{"type":"Feature","geometry":{"type":"Point","coordinates":[9.666203,45.793706]},"properties":{"id":"it_016246","istat_code":"016246","name":"Zogno","province":"BG","population":8640,"type":"settlement"}},{"type":"Feature","geometry":{"type":"Point","coordinates":[9.267441,45.661364]},"properties":{"id":"it_108043","istat_code":"108043","name":"Triuggio","province":"MB","population":8640,"type":"settlement"}},{"type":"Feature","geometry":{"type":"Point","coordinates":[9.684126,45.63946]},"properties":{"id":"it_016245","istat_code":"016245","name":"Zanica","province":"BG","population":8595,"type":"settlement"}},{"type":"Feature","geometry":{"type":"Point","coordinates":[9.856965,45.286473]},"properties":{"id":"it_019098","istat_code":"019098","name":"Soresina","province":"CR","population":8559,"type":"settlement"}},{"type":"Feature","geometry":{"type":"Point","coordinates":[9.972216,45.5985]},"properties":{"id":"it_017069","istat_code":"017069","name":"Erbusco","province":"BS","population":8531,"type":"settlement"}},{"type":"Feature","geometry":{"type":"Point","coordinates":[9.456252,45.513975]},"properties":{"id":"it_015178","istat_code":"015178","name":"Pozzuolo Martesana","province":"MI","population":8529,"type":"settlement"}},{"type":"Feature","geometry":{"type":"Point","coordinates":[9.949656,45.887088]},"properties":{"id":"it_016077","istat_code":"016077","name":"Clusone","province":"BG","population":8519,"type":"settlement"}},{"type":"Feature","geometry":{"type":"Point","coordinates":[10.767527,45.26578]},"properties":{"id":"it_020053","istat_code":"020053","name":"Roverbella","province":"MN","population":8512,"type":"settlement"}},{"type":"Feature","geometry":{"type":"Point","coordinates":[8.851954,45.51383]},"properties":{"id":"it_015113","istat_code":"015113","name":"Inveruno","province":"MI","population":8509,"type":"settlement"}},{"type":"Feature","geometry":{"type":"Point","coordinates":[9.305652,45.648974]},"properties":{"id":"it_108026","istat_code":"108026","name":"Lesmo","province":"MB","population":8503,"type":"settlement"}},{"type":"Feature","geometry":{"type":"Point","coordinates":[9.375015,45.817534]},"properties":{"id":"it_097036","istat_code":"097036","name":"Galbiate","province":"LC","population":8454,"type":"settlement"}},{"type":"Feature","geometry":{"type":"Point","coordinates":[9.080732,45.64548]},"properties":{"id":"it_108020","istat_code":"108020","name":"Cogliate","province":"MB","population":8446,"type":"settlement"}},{"type":"Feature","geometry":{"type":"Point","coordinates":[9.555598,45.603928]},"properties":{"id":"it_016037","istat_code":"016037","name":"Brembate","province":"BG","population":8418,"type":"settlement"}},{"type":"Feature","geometry":{"type":"Point","coordinates":[8.611986,45.9095]},"properties":{"id":"it_012087","istat_code":"012087","name":"Laveno-Mombello","province":"VA","population":8405,"type":"settlement"}},{"type":"Feature","geometry":{"type":"Point","coordinates":[10.345921,45.348052]},"properties":{"id":"it_017034","istat_code":"017034","name":"Calvisano","province":"BS","population":8402,"type":"settlement"}},{"type":"Feature","geometry":{"type":"Point","coordinates":[9.372003,45.536676]},"properties":{"id":"it_015040","istat_code":"015040","name":"Bussero","province":"MI","population":8389,"type":"settlement"}},{"type":"Feature","geometry":{"type":"Point","coordinates":[10.115309,45.560714]},"properties":{"id":"it_017040","istat_code":"017040","name":"Castegnato","province":"BS","population":8328,"type":"settlement"}},{"type":"Feature","geometry":{"type":"Point","coordinates":[8.991417,45.537305]},"properties":{"id":"it_015176","istat_code":"015176","name":"Pogliano Milanese","province":"MI","population":8326,"type":"settlement"}},{"type":"Feature","geometry":{"type":"Point","coordinates":[9.264837,45.648556]},"properties":{"id":"it_108041","istat_code":"108041","name":"Sovico","province":"MB","population":8273,"type":"settlement"}},{"type":"Feature","geometry":{"type":"Point","coordinates":[9.770656,45.686482]},"properties":{"id":"it_016003","istat_code":"016003","name":"Albano Sant'Alessandro","province":"BG","population":8263,"type":"settlement"}},{"type":"Feature","geometry":{"type":"Point","coordinates":[8.942696,45.586091]},"properties":{"id":"it_015201","istat_code":"015201","name":"San Vittore Olona","province":"MI","population":8258,"type":"settlement"}},{"type":"Feature","geometry":{"type":"Point","coordinates":[10.499454,45.643643]},"properties":{"id":"it_017204","istat_code":"017204","name":"Vobarno","province":"BS","population":8173,"type":"settlement"}},{"type":"Feature","geometry":{"type":"Point","coordinates":[8.815266,45.506239]},"properties":{"id":"it_015096","istat_code":"015096","name":"Cuggiono","province":"MI","population":8163,"type":"settlement"}},{"type":"Feature","geometry":{"type":"Point","coordinates":[9.472649,45.691379]},"properties":{"id":"it_016046","istat_code":"016046","name":"Calusco d'Adda","province":"BG","population":8162,"type":"settlement"}},{"type":"Feature","geometry":{"type":"Point","coordinates":[9.528752,45.612578]},"properties":{"id":"it_016051","istat_code":"016051","name":"Capriate San Gervasio","province":"BG","population":8129,"type":"settlement"}},{"type":"Feature","geometry":{"type":"Point","coordinates":[10.607824,45.468849]},"properties":{"id":"it_017179","istat_code":"017179","name":"Sirmione","province":"BS","population":8126,"type":"settlement"}},{"type":"Feature","geometry":{"type":"Point","coordinates":[8.897896,45.644331]},"properties":{"id":"it_012079","istat_code":"012079","name":"Gorla Minore","province":"VA","population":8117,"type":"settlement"}},{"type":"Feature","geometry":{"type":"Point","coordinates":[9.628954,45.604778]},"properties":{"id":"it_016233","istat_code":"016233","name":"Verdello","province":"BG","population":8115,"type":"settlement"}},{"type":"Feature","geometry":{"type":"Point","coordinates":[8.992487,45.288179]},"properties":{"id":"it_015151","istat_code":"015151","name":"Motta Visconti","province":"MI","population":8037,"type":"settlement"}},{"type":"Feature","geometry":{"type":"Point","coordinates":[10.076086,45.328581]},"properties":{"id":"it_017195","istat_code":"017195","name":"Verolanuova","province":"BS","population":8012,"type":"settlement"}},{"type":"Feature","geometry":{"type":"Point","coordinates":[8.901095,45.629323]},"properties":{"id":"it_012098","istat_code":"012098","name":"Marnate","province":"VA","population":8007,"type":"settlement"}},{"type":"Feature","geometry":{"type":"Point","coordinates":[9.530951,45.685479]},"properties":{"id":"it_016213","istat_code":"016213","name":"Terno d'Isola","province":"BG","population":7989,"type":"settlement"}},{"type":"Feature","geometry":{"type":"Point","coordinates":[9.038219,45.724609]},"properties":{"id":"it_013036","istat_code":"013036","name":"Cadorago","province":"CO","population":7961,"type":"settlement"}},{"type":"Feature","geometry":{"type":"Point","coordinates":[9.933834,45.673042]},"properties":{"id":"it_016242","istat_code":"016242","name":"Villongo","province":"BG","population":7954,"type":"settlement"}},{"type":"Feature","geometry":{"type":"Point","coordinates":[9.314998,46.116215]},"properties":{"id":"it_097023","istat_code":"097023","name":"Colico","province":"LC","population":7951,"type":"settlement"}},{"type":"Feature","geometry":{"type":"Point","coordinates":[9.050151,45.669411]},"properties":{"id":"it_013201","istat_code":"013201","name":"Rovellasca","province":"CO","population":7932,"type":"settlement"}},{"type":"Feature","geometry":{"type":"Point","coordinates":[9.512551,45.470659]},"properties":{"id":"it_019084","istat_code":"019084","name":"Rivolta d'Adda","province":"CR","population":7919,"type":"settlement"}},{"type":"Feature","geometry":{"type":"Point","coordinates":[9.537853,45.555676]},"properties":{"id":"it_016096","istat_code":"016096","name":"Fara Gera d'Adda","province":"BG","population":7906,"type":"settlement"}},{"type":"Feature","geometry":{"type":"Point","coordinates":[9.164589,45.349152]},"properties":{"id":"it_015015","istat_code":"015015","name":"Basiglio","province":"MI","population":7904,"type":"settlement"}},{"type":"Feature","geometry":{"type":"Point","coordinates":[9.025297,45.773784]},"properties":{"id":"it_013245","istat_code":"013245","name":"Villa Guardia","province":"CO","population":7878,"type":"settlement"}},{"type":"Feature","geometry":{"type":"Point","coordinates":[10.10819,45.805731]},"properties":{"id":"it_017143","istat_code":"017143","name":"Pisogne","province":"BS","population":7872,"type":"settlement"}},{"type":"Feature","geometry":{"type":"Point","coordinates":[9.579416,45.716763]},"properties":{"id":"it_016038","istat_code":"016038","name":"Brembate di Sopra","province":"BG","population":7863,"type":"settlement"}},{"type":"Feature","geometry":{"type":"Point","coordinates":[9.018061,45.597693]},"properties":{"id":"it_012109","istat_code":"012109","name":"Origgio","province":"VA","population":7856,"type":"settlement"}},{"type":"Feature","geometry":{"type":"Point","coordinates":[9.047438,45.808678]},"properties":{"id":"it_013206","istat_code":"013206","name":"San Fermo della Battaglia","province":"CO","population":7814,"type":"settlement"}},{"type":"Feature","geometry":{"type":"Point","coordinates":[9.08522,45.672326]},"properties":{"id":"it_108025","istat_code":"108025","name":"Lazzate","province":"MB","population":7752,"type":"settlement"}},{"type":"Feature","geometry":{"type":"Point","coordinates":[8.872461,45.690919]},"properties":{"id":"it_012029","istat_code":"012029","name":"Cairate","province":"VA","population":7666,"type":"settlement"}},{"type":"Feature","geometry":{"type":"Point","coordinates":[10.756393,45.220563]},"properties":{"id":"it_020033","istat_code":"020033","name":"Marmirolo","province":"MN","population":7661,"type":"settlement"}},{"type":"Feature","geometry":{"type":"Point","coordinates":[10.609521,45.63453]},"properties":{"id":"it_017187","istat_code":"017187","name":"Toscolano-Maderno","province":"BS","population":7634,"type":"settlement"}},{"type":"Feature","geometry":{"type":"Point","coordinates":[8.866883,45.755476]},"properties":{"id":"it_012046","istat_code":"012046","name":"Castiglione Olona","province":"VA","population":7628,"type":"settlement"}},{"type":"Feature","geometry":{"type":"Point","coordinates":[8.979101,45.734637]},"properties":{"id":"it_013010","istat_code":"013010","name":"Appiano Gentile","province":"CO","population":7607,"type":"settlement"}},{"type":"Feature","geometry":{"type":"Point","coordinates":[9.67518,45.661039]},"properties":{"id":"it_016016","istat_code":"016016","name":"Azzano San Paolo","province":"BG","population":7522,"type":"settlement"}},{"type":"Feature","geometry":{"type":"Point","coordinates":[9.874424,45.398975]},"properties":{"id":"it_019097","istat_code":"019097","name":"Soncino","province":"CR","population":7511,"type":"settlement"}},{"type":"Feature","geometry":{"type":"Point","coordinates":[9.379087,45.647281]},"properties":{"id":"it_108016","istat_code":"108016","name":"Carnate","province":"MB","population":7505,"type":"settlement"}},{"type":"Feature","geometry":{"type":"Point","coordinates":[9.941172,45.58152]},"properties":{"id":"it_017059","istat_code":"017059","name":"Cologne","province":"BS","population":7495,"type":"settlement"}},{"type":"Feature","geometry":{"type":"Point","coordinates":[9.61561,45.603136]},"properties":{"id":"it_016232","istat_code":"016232","name":"Verdellino","province":"BG","population":7469,"type":"settlement"}},{"type":"Feature","geometry":{"type":"Point","coordinates":[9.275072,45.611508]},"properties":{"id":"it_108046","istat_code":"108046","name":"Vedano al Lambro","province":"MB","population":7447,"type":"settlement"}},{"type":"Feature","geometry":{"type":"Point","coordinates":[9.977855,45.512505]},"properties":{"id":"it_017045","istat_code":"017045","name":"Castrezzato","province":"BS","population":7443,"type":"settlement"}},{"type":"Feature","geometry":{"type":"Point","coordinates":[9.431757,45.41106]},"properties":{"id":"it_098061","istat_code":"098061","name":"Zelo Buon Persico","province":"LO","population":7425,"type":"settlement"}},{"type":"Feature","geometry":{"type":"Point","coordinates":[9.416599,45.301075]},"properties":{"id":"it_098032","istat_code":"098032","name":"Lodi Vecchio","province":"LO","population":7417,"type":"settlement"}},{"type":"Feature","geometry":{"type":"Point","coordinates":[9.173743,45.674176]},"properties":{"id":"it_013035","istat_code":"013035","name":"Cabiate","province":"CO","population":7404,"type":"settlement"}},{"type":"Feature","geometry":{"type":"Point","coordinates":[9.269371,45.640116]},"properties":{"id":"it_108029","istat_code":"108029","name":"Macherio","province":"MB","population":7399,"type":"settlement"}},{"type":"Feature","geometry":{"type":"Point","coordinates":[10.24348,45.593137]},"properties":{"id":"it_017025","istat_code":"017025","name":"Bovezzo","province":"BS","population":7393,"type":"settlement"}},{"type":"Feature","geometry":{"type":"Point","coordinates":[9.610966,45.691514]},"properties":{"id":"it_016089","istat_code":"016089","name":"Curno","province":"BG","population":7376,"type":"settlement"}},{"type":"Feature","geometry":{"type":"Point","coordinates":[9.416059,45.584917]},"properties":{"id":"it_108017","istat_code":"108017","name":"Cavenago di Brianza","province":"MB","population":7369,"type":"settlement"}},{"type":"Feature","geometry":{"type":"Point","coordinates":[9.876759,45.637181]},"properties":{"id":"it_016120","istat_code":"016120","name":"Grumello del Monte","province":"BG","population":7350,"type":"settlement"}},{"type":"Feature","geometry":{"type":"Point","coordinates":[9.608652,45.69868]},"properties":{"id":"it_016143","istat_code":"016143","name":"Mozzo","province":"BG","population":7331,"type":"settlement"}},{"type":"Feature","geometry":{"type":"Point","coordinates":[9.488578,45.181716]},"properties":{"id":"it_015191","istat_code":"015191","name":"San Colombano al Lambro","province":"MI","population":7323,"type":"settlement"}},{"type":"Feature","geometry":{"type":"Point","coordinates":[9.386766,45.454413]},"properties":{"id":"it_015210","istat_code":"015210","name":"Settala","province":"MI","population":7316,"type":"settlement"}},{"type":"Feature","geometry":{"type":"Point","coordinates":[9.008012,45.515849]},"properties":{"id":"it_015179","istat_code":"015179","name":"Pregnana Milanese","province":"MI","population":7315,"type":"settlement"}},{"type":"Feature","geometry":{"type":"Point","coordinates":[8.885596,45.776916]},"properties":{"id":"it_012134","istat_code":"012134","name":"Vedano Olona","province":"VA","population":7292,"type":"settlement"}},{"type":"Feature","geometry":{"type":"Point","coordinates":[9.418633,45.618748]},"properties":{"id":"it_108006","istat_code":"108006","name":"Bellusco","province":"MB","population":7284,"type":"settlement"}},{"type":"Feature","geometry":{"type":"Point","coordinates":[8.90476,45.751383]},"properties":{"id":"it_012137","istat_code":"012137","name":"Venegono Superiore","province":"VA","population":7282,"type":"settlement"}},{"type":"Feature","geometry":{"type":"Point","coordinates":[10.044167,45.635971]},"properties":{"id":"it_017156","istat_code":"017156","name":"Provaglio d'Iseo","province":"BS","population":7219,"type":"settlement"}},{"type":"Feature","geometry":{"type":"Point","coordinates":[9.398122,46.319979]},"properties":{"id":"it_014018","istat_code":"014018","name":"Chiavenna","province":"SO","population":7207,"type":"settlement"}},{"type":"Feature","geometry":{"type":"Point","coordinates":[10.659224,45.321302]},"properties":{"id":"it_020070","istat_code":"020070","name":"Volta Mantovana","province":"MN","population":7187,"type":"settlement"}},{"type":"Feature","geometry":{"type":"Point","coordinates":[9.099987,45.33197]},"properties":{"id":"it_015024","istat_code":"015024","name":"Binasco","province":"MI","population":7151,"type":"settlement"}},{"type":"Feature","geometry":{"type":"Point","coordinates":[10.006468,45.637417]},"properties":{"id":"it_017062","istat_code":"017062","name":"Corte Franca","province":"BS","population":7135,"type":"settlement"}},{"type":"Feature","geometry":{"type":"Point","coordinates":[11.29043,44.97833]},"properties":{"id":"it_020061","istat_code":"020061","name":"Sermide e Felonica","province":"MN","population":7105,"type":"settlement"}},{"type":"Feature","geometry":{"type":"Point","coordinates":[9.961376,45.622402]},"properties":{"id":"it_017002","istat_code":"017002","name":"Adro","province":"BS","population":7103,"type":"settlement"}},{"type":"Feature","geometry":{"type":"Point","coordinates":[8.736666,45.52915]},"properties":{"id":"it_015226","istat_code":"015226","name":"Turbigo","province":"MI","population":7043,"type":"settlement"}},{"type":"Feature","geometry":{"type":"Point","coordinates":[9.426842,45.572544]},"properties":{"id":"it_015044","istat_code":"015044","name":"Cambiago","province":"MI","population":7019,"type":"settlement"}},{"type":"Feature","geometry":{"type":"Point","coordinates":[9.413279,45.800938]},"properties":{"id":"it_097059","istat_code":"097059","name":"Olginate","province":"LC","population":6953,"type":"settlement"}},{"type":"Feature","geometry":{"type":"Point","coordinates":[10.092471,45.274374]},"properties":{"id":"it_017149","istat_code":"017149","name":"Pontevico","province":"BS","population":6910,"type":"settlement"}},{"type":"Feature","geometry":{"type":"Point","coordinates":[10.858772,44.995988]},"properties":{"id":"it_020039","istat_code":"020039","name":"Pegognaga","province":"MN","population":6898,"type":"settlement"}},{"type":"Feature","geometry":{"type":"Point","coordinates":[10.064918,45.599487]},"properties":{"id":"it_017136","istat_code":"017136","name":"Passirano","province":"BS","population":6892,"type":"settlement"}},{"type":"Feature","geometry":{"type":"Point","coordinates":[9.130101,45.656416]},"properties":{"id":"it_108005","istat_code":"108005","name":"Barlassina","province":"MB","population":6886,"type":"settlement"}},{"type":"Feature","geometry":{"type":"Point","coordinates":[9.85346,45.56938]},"properties":{"id":"it_017150","istat_code":"017150","name":"Pontoglio","province":"BS","population":6855,"type":"settlement"}},{"type":"Feature","geometry":{"type":"Point","coordinates":[9.492255,45.398872]},"properties":{"id":"it_019102","istat_code":"019102","name":"Spino d'Adda","province":"CR","population":6832,"type":"settlement"}},{"type":"Feature","geometry":{"type":"Point","coordinates":[10.951354,45.135929]},"properties":{"id":"it_020052","istat_code":"020052","name":"Roncoferraro","province":"MN","population":6828,"type":"settlement"}},{"type":"Feature","geometry":{"type":"Point","coordinates":[9.547513,45.708965]},"properties":{"id":"it_016132","istat_code":"016132","name":"Mapello","province":"BG","population":6826,"type":"settlement"}},{"type":"Feature","geometry":{"type":"Point","coordinates":[10.136316,46.537801]},"properties":{"id":"it_014037","istat_code":"014037","name":"Livigno","province":"SO","population":6791,"type":"settlement"}},{"type":"Feature","geometry":{"type":"Point","coordinates":[8.810088,45.36556]},"properties":{"id":"it_018035","istat_code":"018035","name":"Cassolnovo","province":"PV","population":6790,"type":"settlement"}},{"type":"Feature","geometry":{"type":"Point","coordinates":[9.106028,45.36]},"properties":{"id":"it_015247","istat_code":"015247","name":"Zibido San Giacomo","province":"MI","population":6788,"type":"settlement"}},{"type":"Feature","geometry":{"type":"Point","coordinates":[8.887279,45.436507]},"properties":{"id":"it_015184","istat_code":"015184","name":"Robecco sul Naviglio","province":"MI","population":6757,"type":"settlement"}},{"type":"Feature","geometry":{"type":"Point","coordinates":[10.928295,45.041924]},"properties":{"id":"it_020055","istat_code":"020055","name":"San Benedetto Po","province":"MN","population":6753,"type":"settlement"}},{"type":"Feature","geometry":{"type":"Point","coordinates":[10.421857,45.551482]},"properties":{"id":"it_017155","istat_code":"017155","name":"Prevalle","province":"BS","population":6723,"type":"settlement"}},{"type":"Feature","geometry":{"type":"Point","coordinates":[9.651987,45.732077]},"properties":{"id":"it_016169","istat_code":"016169","name":"Ponteranica","province":"BG","population":6722,"type":"settlement"}},{"type":"Feature","geometry":{"type":"Point","coordinates":[9.46567,45.616184]},"properties":{"id":"it_108051","istat_code":"108051","name":"Busnago","province":"MB","population":6709,"type":"settlement"}},{"type":"Feature","geometry":{"type":"Point","coordinates":[8.913739,45.573771]},"properties":{"id":"it_015194","istat_code":"015194","name":"San Giorgio su Legnano","province":"MI","population":6703,"type":"settlement"}},{"type":"Feature","geometry":{"type":"Point","coordinates":[9.963513,45.670143]},"properties":{"id":"it_016193","istat_code":"016193","name":"Sarnico","province":"BG","population":6697,"type":"settlement"}},{"type":"Feature","geometry":{"type":"Point","coordinates":[8.754548,45.614147]},"properties":{"id":"it_012068","istat_code":"012068","name":"Ferno","province":"VA","population":6681,"type":"settlement"}},{"type":"Feature","geometry":{"type":"Point","coordinates":[9.732378,45.722665]},"properties":{"id":"it_016240","istat_code":"016240","name":"Villa di Serio","province":"BG","population":6674,"type":"settlement"}},{"type":"Feature","geometry":{"type":"Point","coordinates":[8.848162,45.540664]},"properties":{"id":"it_015007","istat_code":"015007","name":"Arconate","province":"MI","population":6658,"type":"settlement"}},{"type":"Feature","geometry":{"type":"Point","coordinates":[9.943282,45.498413]},"properties":{"id":"it_017041","istat_code":"017041","name":"Castelcovati","province":"BS","population":6633,"type":"settlement"}},{"type":"Feature","geometry":{"type":"Point","coordinates":[9.10686,45.140173]},"properties":{"id":"it_018041","istat_code":"018041","name":"Cava Manara","province":"PV","population":6619,"type":"settlement"}},{"type":"Feature","geometry":{"type":"Point","coordinates":[8.835848,45.722849]},"properties":{"id":"it_012033","istat_code":"012033","name":"Carnago","province":"VA","population":6617,"type":"settlement"}},{"type":"Feature","geometry":{"type":"Point","coordinates":[9.194574,45.709225]},"properties":{"id":"it_013048","istat_code":"013048","name":"Carugo","province":"CO","population":6610,"type":"settlement"}},{"type":"Feature","geometry":{"type":"Point","coordinates":[9.080797,45.628349]},"properties":{"id":"it_108018","istat_code":"108018","name":"Ceriano Laghetto","province":"MB","population":6605,"type":"settlement"}},{"type":"Feature","geometry":{"type":"Point","coordinates":[9.561388,45.666784]},"properties":{"id":"it_016031","istat_code":"016031","name":"Bonate Sotto","province":"BG","population":6599,"type":"settlement"}},{"type":"Feature","geometry":{"type":"Point","coordinates":[11.13641,45.07039]},"properties":{"id":"it_020038","istat_code":"020038","name":"Ostiglia","province":"MN","population":6580,"type":"settlement"}},{"type":"Feature","geometry":{"type":"Point","coordinates":[9.614451,45.749682]},"properties":{"id":"it_016239","istat_code":"016239","name":"Villa d'Almè","province":"BG","population":6572,"type":"settlement"}},{"type":"Feature","geometry":{"type":"Point","coordinates":[9.719022,45.703735]},"properties":{"id":"it_016115","istat_code":"016115","name":"Gorle","province":"BG","population":6551,"type":"settlement"}},{"type":"Feature","geometry":{"type":"Point","coordinates":[9.123578,45.014114]},"properties":{"id":"it_018037","istat_code":"018037","name":"Casteggio","province":"PV","population":6536,"type":"settlement"}},{"type":"Feature","geometry":{"type":"Point","coordinates":[9.236651,45.292267]},"properties":{"id":"it_018176","istat_code":"018176","name":"Vidigulfo","province":"PV","population":6520,"type":"settlement"}},{"type":"Feature","geometry":{"type":"Point","coordinates":[9.075905,45.841394]},"properties":{"id":"it_013065","istat_code":"013065","name":"Cernobbio","province":"CO","population":6485,"type":"settlement"}},{"type":"Feature","geometry":{"type":"Point","coordinates":[9.723107,45.65723]},"properties":{"id":"it_016117","istat_code":"016117","name":"Grassobbio","province":"BG","population":6463,"type":"settlement"}},{"type":"Feature","geometry":{"type":"Point","coordinates":[9.582251,45.742681]},"properties":{"id":"it_016006","istat_code":"016006","name":"Almenno San Bartolomeo","province":"BG","population":6452,"type":"settlement"}},{"type":"Feature","geometry":{"type":"Point","coordinates":[9.060961,45.698661]},"properties":{"id":"it_013028","istat_code":"013028","name":"Bregnano","province":"CO","population":6446,"type":"settlement"}},{"type":"Feature","geometry":{"type":"Point","coordinates":[11.114649,44.975558]},"properties":{"id":"it_020042","istat_code":"020042","name":"Poggio Rusco","province":"MN","population":6431,"type":"settlement"}},{"type":"Feature","geometry":{"type":"Point","coordinates":[9.255796,45.65899]},"properties":{"id":"it_108003","istat_code":"108003","name":"Albiate","province":"MB","population":6428,"type":"settlement"}},{"type":"Feature","geometry":{"type":"Point","coordinates":[9.135952,45.160963]},"properties":{"id":"it_018137","istat_code":"018137","name":"San Martino Siccomario","province":"PV","population":6411,"type":"settlement"}},{"type":"Feature","geometry":{"type":"Point","coordinates":[9.500377,45.575666]},"properties":{"id":"it_015177","istat_code":"015177","name":"Pozzo d'Adda","province":"MI","population":6410,"type":"settlement"}},{"type":"Feature","geometry":{"type":"Point","coordinates":[9.812858,45.635081]},"properties":{"id":"it_016028","istat_code":"016028","name":"Bolgare","province":"BG","population":6400,"type":"settlement"}},{"type":"Feature","geometry":{"type":"Point","coordinates":[9.188483,45.803117]},"properties":{"id":"it_013003","istat_code":"013003","name":"Albavilla","province":"CO","population":6362,"type":"settlement"}},{"type":"Feature","geometry":{"type":"Point","coordinates":[9.260052,45.311968]},"properties":{"id":"it_018078","istat_code":"018078","name":"Landriano","province":"PV","population":6361,"type":"settlement"}},{"type":"Feature","geometry":{"type":"Point","coordinates":[9.403347,45.730279]},"properties":{"id":"it_097058","istat_code":"097058","name":"Olgiate Molgora","province":"LC","population":6348,"type":"settlement"}},{"type":"Feature","geometry":{"type":"Point","coordinates":[10.532783,45.120575]},"properties":{"id":"it_020031","istat_code":"020031","name":"Marcaria","province":"MN","population":6343,"type":"settlement"}},{"type":"Feature","geometry":{"type":"Point","coordinates":[8.863174,45.565972]},"properties":{"id":"it_015099","istat_code":"015099","name":"Dairago","province":"MI","population":6335,"type":"settlement"}},{"type":"Feature","geometry":{"type":"Point","coordinates":[9.20315,45.314367]},"properties":{"id":"it_018150","istat_code":"018150","name":"Siziano","province":"PV","population":6313,"type":"settlement"}},{"type":"Feature","geometry":{"type":"Point","coordinates":[10.102464,45.50531]},"properties":{"id":"it_017186","istat_code":"017186","name":"Torbole Casaglia","province":"BS","population":6311,"type":"settlement"}},{"type":"Feature","geometry":{"type":"Point","coordinates":[9.789865,45.18907]},"properties":{"id":"it_019076","istat_code":"019076","name":"Pizzighettone","province":"CR","population":6302,"type":"settlement"}},{"type":"Feature","geometry":{"type":"Point","coordinates":[8.735944,45.097858]},"properties":{"id":"it_018088","istat_code":"018088","name":"Mede","province":"PV","population":6263,"type":"settlement"}},{"type":"Feature","geometry":{"type":"Point","coordinates":[9.441322,45.691134]},"properties":{"id":"it_097071","istat_code":"097071","name":"Robbiate","province":"LC","population":6204,"type":"settlement"}},{"type":"Feature","geometry":{"type":"Point","coordinates":[9.470248,45.74248]},"properties":{"id":"it_016074","istat_code":"016074","name":"Cisano Bergamasco","province":"BG","population":6197,"type":"settlement"}},{"type":"Feature","geometry":{"type":"Point","coordinates":[9.041161,45.654152]},"properties":{"id":"it_013202","istat_code":"013202","name":"Rovello Porro","province":"CO","population":6196,"type":"settlement"}},{"type":"Feature","geometry":{"type":"Point","coordinates":[9.578453,45.600878]},"properties":{"id":"it_016029","istat_code":"016029","name":"Boltiere","province":"BG","population":6178,"type":"settlement"}},{"type":"Feature","geometry":{"type":"Point","coordinates":[9.313756,45.158565]},"properties":{"id":"it_018013","istat_code":"018013","name":"Belgioioso","province":"PV","population":6161,"type":"settlement"}},{"type":"Feature","geometry":{"type":"Point","coordinates":[8.888903,45.566752]},"properties":{"id":"it_015248","istat_code":"015248","name":"Villa Cortese","province":"MI","population":6142,"type":"settlement"}},{"type":"Feature","geometry":{"type":"Point","coordinates":[8.873276,45.48722]},"properties":{"id":"it_015134","istat_code":"015134","name":"Marcallo con Casone","province":"MI","population":6133,"type":"settlement"}},{"type":"Feature","geometry":{"type":"Point","coordinates":[10.008568,45.310875]},"properties":{"id":"it_017159","istat_code":"017159","name":"Quinzano d'Oglio","province":"BS","population":6123,"type":"settlement"}},{"type":"Feature","geometry":{"type":"Point","coordinates":[9.753914,45.594193]},"properties":{"id":"it_016113","istat_code":"016113","name":"Ghisalba","province":"BG","population":6102,"type":"settlement"}},{"type":"Feature","geometry":{"type":"Point","coordinates":[9.648953,45.545519]},"properties":{"id":"it_016040","istat_code":"016040","name":"Brignano Gera d'Adda","province":"BG","population":6065,"type":"settlement"}},{"type":"Feature","geometry":{"type":"Point","coordinates":[9.240644,45.710077]},"properties":{"id":"it_108011","istat_code":"108011","name":"Briosco","province":"MB","population":6064,"type":"settlement"}},{"type":"Feature","geometry":{"type":"Point","coordinates":[8.781004,45.739225]},"properties":{"id":"it_012124","istat_code":"012124","name":"Sumirago","province":"VA","population":6056,"type":"settlement"}},{"type":"Feature","geometry":{"type":"Point","coordinates":[9.848016,45.650819]},"properties":{"id":"it_016073","istat_code":"016073","name":"Chiuduno","province":"BG","population":6017,"type":"settlement"}},{"type":"Feature","geometry":{"type":"Point","coordinates":[8.901107,45.738376]},"properties":{"id":"it_012136","istat_code":"012136","name":"Venegono Inferiore","province":"VA","population":5973,"type":"settlement"}},{"type":"Feature","geometry":{"type":"Point","coordinates":[9.121646,45.794503]},"properties":{"id":"it_013129","istat_code":"013129","name":"Lipomo","province":"CO","population":5942,"type":"settlement"}},{"type":"Feature","geometry":{"type":"Point","coordinates":[9.798877,45.619721]},"properties":{"id":"it_016043","istat_code":"016043","name":"Calcinate","province":"BG","population":5931,"type":"settlement"}},{"type":"Feature","geometry":{"type":"Point","coordinates":[9.714663,45.726338]},"properties":{"id":"it_016178","istat_code":"016178","name":"Ranica","province":"BG","population":5891,"type":"settlement"}},{"type":"Feature","geometry":{"type":"Point","coordinates":[10.580481,45.32068]},"properties":{"id":"it_020028","istat_code":"020028","name":"Guidizzolo","province":"MN","population":5881,"type":"settlement"}},{"type":"Feature","geometry":{"type":"Point","coordinates":[9.734955,45.695982]},"properties":{"id":"it_016160","istat_code":"016160","name":"Pedrengo","province":"BG","population":5877,"type":"settlement"}},{"type":"Feature","geometry":{"type":"Point","coordinates":[9.742361,45.378874]},"properties":{"id":"it_019062","istat_code":"019062","name":"Offanengo","province":"CR","population":5874,"type":"settlement"}},{"type":"Feature","geometry":{"type":"Point","coordinates":[8.861647,45.959734]},"properties":{"id":"it_012086","istat_code":"012086","name":"Lavena Ponte Tresa","province":"VA","population":5831,"type":"settlement"}},{"type":"Feature","geometry":{"type":"Point","coordinates":[9.397993,45.373492]},"properties":{"id":"it_098041","istat_code":"098041","name":"Mulazzano","province":"LO","population":5822,"type":"settlement"}},{"type":"Feature","geometry":{"type":"Point","coordinates":[9.887062,45.488578]},"properties":{"id":"it_017167","istat_code":"017167","name":"Rudiano","province":"BS","population":5805,"type":"settlement"}},{"type":"Feature","geometry":{"type":"Point","coordinates":[9.352631,45.439548]},"properties":{"id":"it_015167","istat_code":"015167","name":"Pantigliate","province":"MI","population":5796,"type":"settlement"}},{"type":"Feature","geometry":{"type":"Point","coordinates":[8.982192,45.390781]},"properties":{"id":"it_015251","istat_code":"015251","name":"Vermezzo con Zelo","province":"MI","population":5794,"type":"settlement"}},{"type":"Feature","geometry":{"type":"Point","coordinates":[9.468553,45.483874]},"properties":{"id":"it_015224","istat_code":"015224","name":"Truccazzano","province":"MI","population":5789,"type":"settlement"}},{"type":"Feature","geometry":{"type":"Point","coordinates":[9.017478,45.351992]},"properties":{"id":"it_015188","istat_code":"015188","name":"Rosate","province":"MI","population":5779,"type":"settlement"}},{"type":"Feature","geometry":{"type":"Point","coordinates":[9.403652,45.334092]},"properties":{"id":"it_098056","istat_code":"098056","name":"Tavazzano con Villavesco","province":"LO","population":5777,"type":"settlement"}},{"type":"Feature","geometry":{"type":"Point","coordinates":[10.453872,45.60168]},"properties":{"id":"it_017201","istat_code":"017201","name":"Villanuova sul Clisi","province":"BS","population":5774,"type":"settlement"}},{"type":"Feature","geometry":{"type":"Point","coordinates":[8.593278,45.289971]},"properties":{"id":"it_018123","istat_code":"018123","name":"Robbio","province":"PV","population":5759,"type":"settlement"}},{"type":"Feature","geometry":{"type":"Point","coordinates":[9.804066,45.688557]},"properties":{"id":"it_016189","istat_code":"016189","name":"San Paolo d'Argon","province":"BG","population":5725,"type":"settlement"}},{"type":"Feature","geometry":{"type":"Point","coordinates":[10.880429,45.092253]},"properties":{"id":"it_020003","istat_code":"020003","name":"Bagnolo San Vito","province":"MN","population":5712,"type":"settlement"}},{"type":"Feature","geometry":{"type":"Point","coordinates":[9.010799,45.723878]},"properties":{"id":"it_013114","istat_code":"013114","name":"Guanzate","province":"CO","population":5710,"type":"settlement"}},{"type":"Feature","geometry":{"type":"Point","coordinates":[8.796529,45.692682]},"properties":{"id":"it_012048","istat_code":"012048","name":"Cavaria con Premezzo","province":"VA","population":5705,"type":"settlement"}},{"type":"Feature","geometry":{"type":"Point","coordinates":[9.146436,45.802426]},"properties":{"id":"it_013222","istat_code":"013222","name":"Tavernerio","province":"CO","population":5693,"type":"settlement"}},{"type":"Feature","geometry":{"type":"Point","coordinates":[9.668856,45.582078]},"properties":{"id":"it_016206","istat_code":"016206","name":"Spirano","province":"BG","population":5669,"type":"settlement"}},{"type":"Feature","geometry":{"type":"Point","coordinates":[9.835698,45.587549]},"properties":{"id":"it_016157","istat_code":"016157","name":"Palosco","province":"BG","population":5666,"type":"settlement"}},{"type":"Feature","geometry":{"type":"Point","coordinates":[8.740521,45.673376]},"properties":{"id":"it_012039","istat_code":"012039","name":"Casorate Sempione","province":"VA","population":5632,"type":"settlement"}},{"type":"Feature","geometry":{"type":"Point","coordinates":[9.596368,45.749956]},"properties":{"id":"it_016007","istat_code":"016007","name":"Almenno San Salvatore","province":"BG","population":5606,"type":"settlement"}},{"type":"Feature","geometry":{"type":"Point","coordinates":[9.761354,45.670846]},"properties":{"id":"it_016042","istat_code":"016042","name":"Brusaporto","province":"BG","population":5574,"type":"settlement"}},{"type":"Feature","geometry":{"type":"Point","coordinates":[9.083941,45.662375]},"properties":{"id":"it_108032","istat_code":"108032","name":"Misinto","province":"MB","population":5544,"type":"settlement"}},{"type":"Feature","geometry":{"type":"Point","coordinates":[10.075203,45.41811]},"properties":{"id":"it_017066","istat_code":"017066","name":"Dello","province":"BS","population":5528,"type":"settlement"}},{"type":"Feature","geometry":{"type":"Point","coordinates":[9.99557,45.188771]},"properties":{"id":"it_019026","istat_code":"019026","name":"Castelverde","province":"CR","population":5509,"type":"settlement"}},{"type":"Feature","geometry":{"type":"Point","coordinates":[8.90154,45.52437]},"properties":{"id":"it_015058","istat_code":"015058","name":"Casorezzo","province":"MI","population":5491,"type":"settlement"}},{"type":"Feature","geometry":{"type":"Point","coordinates":[9.43761,45.665698]},"properties":{"id":"it_097091","istat_code":"097091","name":"Verderio","province":"LC","population":5489,"type":"settlement"}},{"type":"Feature","geometry":{"type":"Point","coordinates":[9.614785,45.73701]},"properties":{"id":"it_016005","istat_code":"016005","name":"Almè","province":"BG","population":5486,"type":"settlement"}},{"type":"Feature","geometry":{"type":"Point","coordinates":[9.130032,45.770802]},"properties":{"id":"it_013043","istat_code":"013043","name":"Capiago Intimiano","province":"CO","population":5451,"type":"settlement"}},{"type":"Feature","geometry":{"type":"Point","coordinates":[8.768315,45.700165]},"properties":{"id":"it_012012","istat_code":"012012","name":"Besnate","province":"VA","population":5420,"type":"settlement"}},{"type":"Feature","geometry":{"type":"Point","coordinates":[9.529154,46.133741]},"properties":{"id":"it_014024","istat_code":"014024","name":"Cosio Valtellino","province":"SO","population":5420,"type":"settlement"}},{"type":"Feature","geometry":{"type":"Point","coordinates":[9.148114,45.257015]},"properties":{"id":"it_018046","istat_code":"018046","name":"Certosa di Pavia","province":"PV","population":5418,"type":"settlement"}},{"type":"Feature","geometry":{"type":"Point","coordinates":[9.415905,45.724868]},"properties":{"id":"it_097012","istat_code":"097012","name":"Calco","province":"LC","population":5413,"type":"settlement"}},{"type":"Feature","geometry":{"type":"Point","coordinates":[8.575122,45.772188]},"properties":{"id":"it_012003","istat_code":"012003","name":"Angera","province":"VA","population":5407,"type":"settlement"}},{"type":"Feature","geometry":{"type":"Point","coordinates":[9.60085,45.585281]},"properties":{"id":"it_016075","istat_code":"016075","name":"Ciserano","province":"BG","population":5399,"type":"settlement"}},{"type":"Feature","geometry":{"type":"Point","coordinates":[9.001526,45.804718]},"properties":{"id":"it_013251","istat_code":"013251","name":"Colverde","province":"CO","population":5381,"type":"settlement"}},{"type":"Feature","geometry":{"type":"Point","coordinates":[9.968467,45.346975]},"properties":{"id":"it_017020","istat_code":"017020","name":"Borgo San Giacomo","province":"BS","population":5377,"type":"settlement"}},{"type":"Feature","geometry":{"type":"Point","coordinates":[10.010665,45.477279]},"properties":{"id":"it_017190","istat_code":"017190","name":"Trenzano","province":"BS","population":5375,"type":"settlement"}},{"type":"Feature","geometry":{"type":"Point","coordinates":[8.887751,45.651379]},"properties":{"id":"it_012122","istat_code":"012122","name":"Solbiate Olona","province":"VA","population":5350,"type":"settlement"}},{"type":"Feature","geometry":{"type":"Point","coordinates":[11.121971,45.026484]},"properties":{"id":"it_020072","istat_code":"020072","name":"Borgo Mantovano","province":"MN","population":5340,"type":"settlement"}},{"type":"Feature","geometry":{"type":"Point","coordinates":[9.850979,45.50921]},"properties":{"id":"it_016044","istat_code":"016044","name":"Calcio","province":"BG","population":5332,"type":"settlement"}},{"type":"Feature","geometry":{"type":"Point","coordinates":[10.562593,45.556043]},"properties":{"id":"it_017102","istat_code":"017102","name":"Manerba del Garda","province":"BS","population":5321,"type":"settlement"}},{"type":"Feature","geometry":{"type":"Point","coordinates":[10.913395,44.937174]},"properties":{"id":"it_020035","istat_code":"020035","name":"Moglia","province":"MN","population":5311,"type":"settlement"}},{"type":"Feature","geometry":{"type":"Point","coordinates":[8.610138,45.815457]},"properties":{"id":"it_012084","istat_code":"012084","name":"Ispra","province":"VA","population":5301,"type":"settlement"}},{"type":"Feature","geometry":{"type":"Point","coordinates":[9.027521,45.790331]},"properties":{"id":"it_013154","istat_code":"013154","name":"Montano Lucino","province":"CO","population":5295,"type":"settlement"}},{"type":"Feature","geometry":{"type":"Point","coordinates":[8.743348,45.309752]},"properties":{"id":"it_018050","istat_code":"018050","name":"Cilavegna","province":"PV","population":5288,"type":"settlement"}},{"type":"Feature","geometry":{"type":"Point","coordinates":[10.98046,45.006579]},"properties":{"id":"it_020047","istat_code":"020047","name":"Quistello","province":"MN","population":5288,"type":"settlement"}},{"type":"Feature","geometry":{"type":"Point","coordinates":[9.213197,45.74864]},"properties":{"id":"it_013136","istat_code":"013136","name":"Lurago d'Erba","province":"CO","population":5287,"type":"settlement"}},{"type":"Feature","geometry":{"type":"Point","coordinates":[9.486652,45.582777]},"properties":{"id":"it_015219","istat_code":"015219","name":"Trezzano Rosa","province":"MI","population":5240,"type":"settlement"}},{"type":"Feature","geometry":{"type":"Point","coordinates":[9.140749,45.284766]},"properties":{"id":"it_018072","istat_code":"018072","name":"Giussago","province":"PV","population":5235,"type":"settlement"}},{"type":"Feature","geometry":{"type":"Point","coordinates":[8.782372,45.579253]},"properties":{"id":"it_015249","istat_code":"015249","name":"Vanzaghello","province":"MI","population":5233,"type":"settlement"}},{"type":"Feature","geometry":{"type":"Point","coordinates":[9.591063,45.630787]},"properties":{"id":"it_016152","istat_code":"016152","name":"Osio Sopra","province":"BG","population":5229,"type":"settlement"}},{"type":"Feature","geometry":{"type":"Point","coordinates":[9.903118,45.811533]},"properties":{"id":"it_016108","istat_code":"016108","name":"Gandino","province":"BG","population":5218,"type":"settlement"}},{"type":"Feature","geometry":{"type":"Point","coordinates":[8.803131,45.723943]},"properties":{"id":"it_012002","istat_code":"012002","name":"Albizzate","province":"VA","population":5217,"type":"settlement"}},{"type":"Feature","geometry":{"type":"Point","coordinates":[10.624984,45.199577]},"properties":{"id":"it_020051","istat_code":"020051","name":"Rodigo","province":"MN","population":5193,"type":"settlement"}},{"type":"Feature","geometry":{"type":"Point","coordinates":[9.014159,44.930767]},"properties":{"id":"it_018122","istat_code":"018122","name":"Rivanazzano Terme","province":"PV","population":5191,"type":"settlement"}},{"type":"Feature","geometry":{"type":"Point","coordinates":[8.793964,45.708033]},"properties":{"id":"it_012085","istat_code":"012085","name":"Jerago con Orago","province":"VA","population":5185,"type":"settlement"}},{"type":"Feature","geometry":{"type":"Point","coordinates":[9.422214,45.598404]},"properties":{"id":"it_108036","istat_code":"108036","name":"Ornago","province":"MB","population":5182,"type":"settlement"}},{"type":"Feature","geometry":{"type":"Point","coordinates":[10.648485,45.147276]},"properties":{"id":"it_020016","istat_code":"020016","name":"Castellucchio","province":"MN","population":5179,"type":"settlement"}},{"type":"Feature","geometry":{"type":"Point","coordinates":[10.023098,45.820724]},"properties":{"id":"it_016204","istat_code":"016204","name":"Sovere","province":"BG","population":5162,"type":"settlement"}},{"type":"Feature","geometry":{"type":"Point","coordinates":[10.250862,45.925692]},"properties":{"id":"it_017070","istat_code":"017070","name":"Esine","province":"BS","population":5162,"type":"settlement"}},{"type":"Feature","geometry":{"type":"Point","coordinates":[9.274802,45.850641]},"properties":{"id":"it_013042","istat_code":"013042","name":"Canzo","province":"CO","population":5161,"type":"settlement"}},{"type":"Feature","geometry":{"type":"Point","coordinates":[8.906348,45.102259]},"properties":{"id":"it_018138","istat_code":"018138","name":"Sannazzaro de' Burgondi","province":"PV","population":5143,"type":"settlement"}},{"type":"Feature","geometry":{"type":"Point","coordinates":[10.173909,45.460663]},"properties":{"id":"it_017147","istat_code":"017147","name":"Poncarale","province":"BS","population":5142,"type":"settlement"}},{"type":"Feature","geometry":{"type":"Point","coordinates":[9.827054,45.676703]},"properties":{"id":"it_016114","istat_code":"016114","name":"Gorlago","province":"BG","population":5125,"type":"settlement"}},{"type":"Feature","geometry":{"type":"Point","coordinates":[9.339053,45.329969]},"properties":{"id":"it_015071","istat_code":"015071","name":"Cerro al Lambro","province":"MI","population":5092,"type":"settlement"}},{"type":"Feature","geometry":{"type":"Point","coordinates":[9.375441,45.565438]},"properties":{"id":"it_108052","istat_code":"108052","name":"Caponago","province":"MB","population":5086,"type":"settlement"}},{"type":"Feature","geometry":{"type":"Point","coordinates":[9.208043,45.716977]},"properties":{"id":"it_013012","istat_code":"013012","name":"Arosio","province":"CO","population":5084,"type":"settlement"}},{"type":"Feature","geometry":{"type":"Point","coordinates":[8.905862,45.872238]},"properties":{"id":"it_012139","istat_code":"012139","name":"Viggiù","province":"VA","population":5066,"type":"settlement"}},{"type":"Feature","geometry":{"type":"Point","coordinates":[10.075214,45.816882]},"properties":{"id":"it_016128","istat_code":"016128","name":"Lovere","province":"BG","population":5066,"type":"settlement"}},{"type":"Feature","geometry":{"type":"Point","coordinates":[9.376047,45.667978]},"properties":{"id":"it_097044","istat_code":"097044","name":"Lomagna","province":"LC","population":5050,"type":"settlement"}},{"type":"Feature","geometry":{"type":"Point","coordinates":[8.814162,45.74683]},"properties":{"id":"it_012047","istat_code":"012047","name":"Castronno","province":"VA","population":5031,"type":"settlement"}},{"type":"Feature","geometry":{"type":"Point","coordinates":[8.874286,45.704503]},"properties":{"id":"it_012089","istat_code":"012089","name":"Lonate Ceppino","province":"VA","population":5029,"type":"settlement"}},{"type":"Feature","geometry":{"type":"Point","coordinates":[9.128939,45.70978]},"properties":{"id":"it_013101","istat_code":"013101","name":"Figino Serenza","province":"CO","population":5027,"type":"settlement"}},{"type":"Feature","geometry":{"type":"Point","coordinates":[10.228771,45.44638]},"properties":{"id":"it_017114","istat_code":"017114","name":"Montirone","province":"BS","population":5023,"type":"settlement"}},{"type":"Feature","geometry":{"type":"Point","coordinates":[9.191491,45.983524]},"properties":{"id":"it_013252","istat_code":"013252","name":"Tremezzina","province":"CO","population":5018,"type":"settlement"}},{"type":"Feature","geometry":{"type":"Point","coordinates":[9.83096,45.554879]},"properties":{"id":"it_016076","istat_code":"016076","name":"Cividate al Piano","province":"BG","population":5015,"type":"settlement"}},{"type":"Feature","geometry":{"type":"Point","coordinates":[9.074278,45.760483]},"properties":{"id":"it_013053","istat_code":"013053","name":"Casnate con Bernate","province":"CO","population":5002,"type":"settlement"}},{"type":"Feature","geometry":{"type":"Point","coordinates":[9.506451,45.639878]},"properties":{"id":"it_016034","istat_code":"016034","name":"Bottanuco","province":"BG","population":4997,"type":"settlement"}},{"type":"Feature","geometry":{"type":"Point","coordinates":[9.312813,45.733474]},"properties":{"id":"it_097006","istat_code":"097006","name":"Barzanò","province":"LC","population":4991,"type":"settlement"}},{"type":"Feature","geometry":{"type":"Point","coordinates":[8.890948,45.664137]},"properties":{"id":"it_012078","istat_code":"012078","name":"Gorla Maggiore","province":"VA","population":4947,"type":"settlement"}},{"type":"Feature","geometry":{"type":"Point","coordinates":[8.752299,45.747541]},"properties":{"id":"it_012106","istat_code":"012106","name":"Mornago","province":"VA","population":4941,"type":"settlement"}},{"type":"Feature","geometry":{"type":"Point","coordinates":[9.834955,45.796642]},"properties":{"id":"it_016111","istat_code":"016111","name":"Gazzaniga","province":"BG","population":4940,"type":"settlement"}},{"type":"Feature","geometry":{"type":"Point","coordinates":[8.918626,45.487263]},"properties":{"id":"it_015200","istat_code":"015200","name":"Santo Stefano Ticino","province":"MI","population":4935,"type":"settlement"}},{"type":"Feature","geometry":{"type":"Point","coordinates":[10.269829,45.291033]},"properties":{"id":"it_017080","istat_code":"017080","name":"Gottolengo","province":"BS","population":4933,"type":"settlement"}},{"type":"Feature","geometry":{"type":"Point","coordinates":[10.692404,45.386139]},"properties":{"id":"it_020036","istat_code":"020036","name":"Monzambano","province":"MN","population":4928,"type":"settlement"}},{"type":"Feature","geometry":{"type":"Point","coordinates":[8.990243,45.444669]},"properties":{"id":"it_015078","istat_code":"015078","name":"Cisliano","province":"MI","population":4920,"type":"settlement"}},{"type":"Feature","geometry":{"type":"Point","coordinates":[9.569345,45.569175]},"properties":{"id":"it_016172","istat_code":"016172","name":"Pontirolo Nuovo","province":"BG","population":4920,"type":"settlement"}},{"type":"Feature","geometry":{"type":"Point","coordinates":[9.255463,45.212072]},"properties":{"id":"it_018060","istat_code":"018060","name":"Cura Carpignano","province":"PV","population":4917,"type":"settlement"}},{"type":"Feature","geometry":{"type":"Point","coordinates":[9.851659,45.628881]},"properties":{"id":"it_016212","istat_code":"016212","name":"Telgate","province":"BG","population":4911,"type":"settlement"}},{"type":"Feature","geometry":{"type":"Point","coordinates":[8.964901,45.823859]},"properties":{"id":"it_013228","istat_code":"013228","name":"Uggiate-Trevano","province":"CO","population":4905,"type":"settlement"}},{"type":"Feature","geometry":{"type":"Point","coordinates":[10.180245,45.584106]},"properties":{"id":"it_017048","istat_code":"017048","name":"Cellatica","province":"BS","population":4904,"type":"settlement"}},{"type":"Feature","geometry":{"type":"Point","coordinates":[9.612958,45.361172]},"properties":{"id":"it_019005","istat_code":"019005","name":"Bagnolo Cremasco","province":"CR","population":4862,"type":"settlement"}},{"type":"Feature","geometry":{"type":"Point","coordinates":[9.95507,45.659876]},"properties":{"id":"it_017134","istat_code":"017134","name":"Paratico","province":"BS","population":4815,"type":"settlement"}},{"type":"Feature","geometry":{"type":"Point","coordinates":[9.182041,45.769778]},"properties":{"id":"it_013007","istat_code":"013007","name":"Alzate Brianza","province":"CO","population":4794,"type":"settlement"}},{"type":"Feature","geometry":{"type":"Point","coordinates":[9.801961,45.469877]},"properties":{"id":"it_016101","istat_code":"016101","name":"Fontanella","province":"BG","population":4786,"type":"settlement"}},{"type":"Feature","geometry":{"type":"Point","coordinates":[9.914056,45.4643]},"properties":{"id":"it_017162","istat_code":"017162","name":"Roccafranca","province":"BS","population":4780,"type":"settlement"}},{"type":"Feature","geometry":{"type":"Point","coordinates":[8.831226,45.738636]},"properties":{"id":"it_012035","istat_code":"012035","name":"Caronno Varesino","province":"VA","population":4772,"type":"settlement"}},{"type":"Feature","geometry":{"type":"Point","coordinates":[9.570351,45.69208]},"properties":{"id":"it_016176","istat_code":"016176","name":"Presezzo","province":"BG","population":4771,"type":"settlement"}},{"type":"Feature","geometry":{"type":"Point","coordinates":[9.614054,45.575577]},"properties":{"id":"it_016011","istat_code":"016011","name":"Arcene","province":"BG","population":4768,"type":"settlement"}},{"type":"Feature","geometry":{"type":"Point","coordinates":[8.731452,45.688158]},"properties":{"id":"it_012005","istat_code":"012005","name":"Arsago Seprio","province":"VA","population":4765,"type":"settlement"}},{"type":"Feature","geometry":{"type":"Point","coordinates":[9.278316,45.767002]},"properties":{"id":"it_097026","istat_code":"097026","name":"Costa Masnaga","province":"LC","population":4764,"type":"settlement"}},{"type":"Feature","geometry":{"type":"Point","coordinates":[9.118392,46.036072]},"properties":{"id":"it_013189","istat_code":"013189","name":"Porlezza","province":"CO","population":4762,"type":"settlement"}},{"type":"Feature","geometry":{"type":"Point","coordinates":[8.922159,45.784412]},"properties":{"id":"it_013023","istat_code":"013023","name":"Binago","province":"CO","population":4757,"type":"settlement"}},{"type":"Feature","geometry":{"type":"Point","coordinates":[9.664731,45.838631]},"properties":{"id":"it_016190","istat_code":"016190","name":"San Pellegrino Terme","province":"BG","population":4757,"type":"settlement"}},{"type":"Feature","geometry":{"type":"Point","coordinates":[9.457611,45.602443]},"properties":{"id":"it_108055","istat_code":"108055","name":"Roncello","province":"MB","population":4752,"type":"settlement"}},{"type":"Feature","geometry":{"type":"Point","coordinates":[9.391148,45.675678]},"properties":{"id":"it_097061","istat_code":"097061","name":"Osnago","province":"LC","population":4744,"type":"settlement"}},{"type":"Feature","geometry":{"type":"Point","coordinates":[8.764558,45.532481]},"properties":{"id":"it_015183","istat_code":"015183","name":"Robecchetto con Induno","province":"MI","population":4738,"type":"settlement"}},{"type":"Feature","geometry":{"type":"Point","coordinates":[9.829158,45.665182]},"properties":{"id":"it_016055","istat_code":"016055","name":"Carobbio degli Angeli","province":"BG","population":4728,"type":"settlement"}},{"type":"Feature","geometry":{"type":"Point","coordinates":[8.971173,45.808891]},"properties":{"id":"it_013099","istat_code":"013099","name":"Faloppio","province":"CO","population":4722,"type":"settlement"}},{"type":"Feature","geometry":{"type":"Point","coordinates":[8.894712,45.819946]},"properties":{"id":"it_012030","istat_code":"012030","name":"Cantello","province":"VA","population":4709,"type":"settlement"}},{"type":"Feature","geometry":{"type":"Point","coordinates":[10.506376,45.509584]},"properties":{"id":"it_017129","istat_code":"017129","name":"Padenghe sul Garda","province":"BS","population":4696,"type":"settlement"}},{"type":"Feature","geometry":{"type":"Point","coordinates":[10.30404,45.956324]},"properties":{"id":"it_017028","istat_code":"017028","name":"Breno","province":"BS","population":4694,"type":"settlement"}},{"type":"Feature","geometry":{"type":"Point","coordinates":[10.225262,45.919692]},"properties":{"id":"it_017206","istat_code":"017206","name":"Piancogno","province":"BS","population":4694,"type":"settlement"}},{"type":"Feature","geometry":{"type":"Point","coordinates":[10.157887,45.843752]},"properties":{"id":"it_017142","istat_code":"017142","name":"Pian Camuno","province":"BS","population":4684,"type":"settlement"}},{"type":"Feature","geometry":{"type":"Point","coordinates":[8.915405,45.800442]},"properties":{"id":"it_013255","istat_code":"013255","name":"Solbiate con Cagno","province":"CO","population":4674,"type":"settlement"}},{"type":"Feature","geometry":{"type":"Point","coordinates":[8.938136,45.421126]},"properties":{"id":"it_015005","istat_code":"015005","name":"Albairate","province":"MI","population":4669,"type":"settlement"}},{"type":"Feature","geometry":{"type":"Point","coordinates":[10.217058,45.491572]},"properties":{"id":"it_017173","istat_code":"017173","name":"San Zeno Naviglio","province":"BS","population":4662,"type":"settlement"}},{"type":"Feature","geometry":{"type":"Point","coordinates":[9.653022,45.874075]},"properties":{"id":"it_016188","istat_code":"016188","name":"San Giovanni Bianco","province":"BG","population":4660,"type":"settlement"}},{"type":"Feature","geometry":{"type":"Point","coordinates":[8.695665,45.863436]},"properties":{"id":"it_012053","istat_code":"012053","name":"Cocquio-Trevisago","province":"VA","population":4643,"type":"settlement"}},{"type":"Feature","geometry":{"type":"Point","coordinates":[10.369172,45.532183]},"properties":{"id":"it_017120","istat_code":"017120","name":"Nuvolera","province":"BS","population":4643,"type":"settlement"}},{"type":"Feature","geometry":{"type":"Point","coordinates":[9.482249,45.703779]},"properties":{"id":"it_016057","istat_code":"016057","name":"Carvico","province":"BG","population":4639,"type":"settlement"}},{"type":"Feature","geometry":{"type":"Point","coordinates":[9.3692,45.728714]},"properties":{"id":"it_097092","istat_code":"097092","name":"La Valletta Brianza","province":"LC","population":4629,"type":"settlement"}},{"type":"Feature","geometry":{"type":"Point","coordinates":[10.130348,45.454869]},"properties":{"id":"it_017037","istat_code":"017037","name":"Capriano del Colle","province":"BS","population":4622,"type":"settlement"}},{"type":"Feature","geometry":{"type":"Point","coordinates":[9.612944,46.138492]},"properties":{"id":"it_014063","istat_code":"014063","name":"Talamona","province":"SO","population":4610,"type":"settlement"}},{"type":"Feature","geometry":{"type":"Point","coordinates":[8.793769,45.780222]},"properties":{"id":"it_012006","istat_code":"012006","name":"Azzate","province":"VA","population":4604,"type":"settlement"}},{"type":"Feature","geometry":{"type":"Point","coordinates":[9.353461,45.477658]},"properties":{"id":"it_015185","istat_code":"015185","name":"Rodano","province":"MI","population":4599,"type":"settlement"}},{"type":"Feature","geometry":{"type":"Point","coordinates":[10.293411,45.255246]},"properties":{"id":"it_017073","istat_code":"017073","name":"Gambara","province":"BS","population":4578,"type":"settlement"}},{"type":"Feature","geometry":{"type":"Point","coordinates":[10.210271,45.581315]},"properties":{"id":"it_017057","istat_code":"017057","name":"Collebeato","province":"BS","population":4542,"type":"settlement"}},{"type":"Feature","geometry":{"type":"Point","coordinates":[10.09857,45.63219]},"properties":{"id":"it_017112","istat_code":"017112","name":"Monticelli Brusati","province":"BS","population":4542,"type":"settlement"}},{"type":"Feature","geometry":{"type":"Point","coordinates":[8.812943,45.544916]},"properties":{"id":"it_015038","istat_code":"015038","name":"Buscate","province":"MI","population":4540,"type":"settlement"}},{"type":"Feature","geometry":{"type":"Point","coordinates":[8.832404,45.781043]},"properties":{"id":"it_012073","istat_code":"012073","name":"Gazzada Schianno","province":"VA","population":4526,"type":"settlement"}},{"type":"Feature","geometry":{"type":"Point","coordinates":[9.783129,45.746733]},"properties":{"id":"it_016173","istat_code":"016173","name":"Pradalunga","province":"BG","population":4520,"type":"settlement"}},{"type":"Feature","geometry":{"type":"Point","coordinates":[8.951882,45.155085]},"properties":{"id":"it_018061","istat_code":"018061","name":"Dorno","province":"PV","population":4519,"type":"settlement"}},{"type":"Feature","geometry":{"type":"Point","coordinates":[9.535027,45.752115]},"properties":{"id":"it_016156","istat_code":"016156","name":"Palazzago","province":"BG","population":4506,"type":"settlement"}},{"type":"Feature","geometry":{"type":"Point","coordinates":[9.853507,45.810219]},"properties":{"id":"it_016234","istat_code":"016234","name":"Vertova","province":"BG","population":4502,"type":"settlement"}},{"type":"Feature","geometry":{"type":"Point","coordinates":[9.602816,45.46331]},"properties":{"id":"it_019112","istat_code":"019112","name":"Vailate","province":"CR","population":4489,"type":"settlement"}},{"type":"Feature","geometry":{"type":"Point","coordinates":[10.97513,45.189008]},"properties":{"id":"it_020014","istat_code":"020014","name":"Castel d'Ario","province":"MN","population":4489,"type":"settlement"}},{"type":"Feature","geometry":{"type":"Point","coordinates":[9.461649,45.71398]},"properties":{"id":"it_016238","istat_code":"016238","name":"Villa d'Adda","province":"BG","population":4485,"type":"settlement"}},{"type":"Feature","geometry":{"type":"Point","coordinates":[9.694111,45.218912]},"properties":{"id":"it_098014","istat_code":"098014","name":"Castiglione d'Adda","province":"LO","population":4481,"type":"settlement"}},{"type":"Feature","geometry":{"type":"Point","coordinates":[9.050375,45.360159]},"properties":{"id":"it_015158","istat_code":"015158","name":"Noviglio","province":"MI","population":4471,"type":"settlement"}},{"type":"Feature","geometry":{"type":"Point","coordinates":[10.330757,46.179375]},"properties":{"id":"it_017068","istat_code":"017068","name":"Edolo","province":"BS","population":4466,"type":"settlement"}},{"type":"Feature","geometry":{"type":"Point","coordinates":[9.159647,45.149067]},"properties":{"id":"it_018162","istat_code":"018162","name":"Travacò Siccomario","province":"PV","population":4463,"type":"settlement"}},{"type":"Feature","geometry":{"type":"Point","coordinates":[9.444142,45.741969]},"properties":{"id":"it_097010","istat_code":"097010","name":"Brivio","province":"LC","population":4462,"type":"settlement"}},{"type":"Feature","geometry":{"type":"Point","coordinates":[10.026767,45.370576]},"properties":{"id":"it_017138","istat_code":"017138","name":"San Paolo","province":"BS","population":4444,"type":"settlement"}},{"type":"Feature","geometry":{"type":"Point","coordinates":[9.503737,45.705467]},"properties":{"id":"it_016203","istat_code":"016203","name":"Sotto il Monte Giovanni XXIII","province":"BG","population":4436,"type":"settlement"}},{"type":"Feature","geometry":{"type":"Point","coordinates":[10.064126,46.172675]},"properties":{"id":"it_014065","istat_code":"014065","name":"Teglio","province":"SO","population":4430,"type":"settlement"}},{"type":"Feature","geometry":{"type":"Point","coordinates":[10.274516,46.29893]},"properties":{"id":"it_014033","istat_code":"014033","name":"Grosio","province":"SO","population":4427,"type":"settlement"}},{"type":"Feature","geometry":{"type":"Point","coordinates":[9.44485,45.628977]},"properties":{"id":"it_108031","istat_code":"108031","name":"Mezzago","province":"MB","population":4411,"type":"settlement"}},{"type":"Feature","geometry":{"type":"Point","coordinates":[9.110641,45.702976]},"properties":{"id":"it_013046","istat_code":"013046","name":"Carimate","province":"CO","population":4405,"type":"settlement"}},{"type":"Feature","geometry":{"type":"Point","coordinates":[9.689258,45.476076]},"properties":{"id":"it_016142","istat_code":"016142","name":"Mozzanica","province":"BG","population":4391,"type":"settlement"}},{"type":"Feature","geometry":{"type":"Point","coordinates":[9.420684,45.633999]},"properties":{"id":"it_108042","istat_code":"108042","name":"Sulbiate","province":"MB","population":4390,"type":"settlement"}},{"type":"Feature","geometry":{"type":"Point","coordinates":[9.663127,45.622911]},"properties":{"id":"it_016081","istat_code":"016081","name":"Comun Nuovo","province":"BG","population":4375,"type":"settlement"}},{"type":"Feature","geometry":{"type":"Point","coordinates":[9.291088,45.738206]},"properties":{"id":"it_097017","istat_code":"097017","name":"Cassago Brianza","province":"LC","population":4373,"type":"settlement"}},{"type":"Feature","geometry":{"type":"Point","coordinates":[9.355253,45.327269]},"properties":{"id":"it_015202","istat_code":"015202","name":"San Zenone al Lambro","province":"MI","population":4365,"type":"settlement"}},{"type":"Feature","geometry":{"type":"Point","coordinates":[9.607536,45.717833]},"properties":{"id":"it_016224","istat_code":"016224","name":"Valbrembo","province":"BG","population":4358,"type":"settlement"}},{"type":"Feature","geometry":{"type":"Point","coordinates":[9.490245,45.26472]},"properties":{"id":"it_098037","istat_code":"098037","name":"Massalengo","province":"LO","population":4348,"type":"settlement"}},{"type":"Feature","geometry":{"type":"Point","coordinates":[9.781057,45.660881]},"properties":{"id":"it_016018","istat_code":"016018","name":"Bagnatica","province":"BG","population":4346,"type":"settlement"}},{"type":"Feature","geometry":{"type":"Point","coordinates":[10.49587,45.616764]},"properties":{"id":"it_017164","istat_code":"017164","name":"Roè Volciano","province":"BS","population":4337,"type":"settlement"}},{"type":"Feature","geometry":{"type":"Point","coordinates":[8.994031,45.178609]},"properties":{"id":"it_018076","istat_code":"018076","name":"Gropello Cairoli","province":"PV","population":4334,"type":"settlement"}},{"type":"Feature","geometry":{"type":"Point","coordinates":[9.885456,45.800686]},"properties":{"id":"it_016124","istat_code":"016124","name":"Leffe","province":"BG","population":4311,"type":"settlement"}},{"type":"Feature","geometry":{"type":"Point","coordinates":[9.499683,45.213268]},"properties":{"id":"it_098004","istat_code":"098004","name":"Borghetto Lodigiano","province":"LO","population":4305,"type":"settlement"}},{"type":"Feature","geometry":{"type":"Point","coordinates":[8.871723,45.874873]},"properties":{"id":"it_012015","istat_code":"012015","name":"Bisuschio","province":"VA","population":4301,"type":"settlement"}},{"type":"Feature","geometry":{"type":"Point","coordinates":[9.225441,45.82658]},"properties":{"id":"it_013188","istat_code":"013188","name":"Ponte Lambro","province":"CO","population":4293,"type":"settlement"}},{"type":"Feature","geometry":{"type":"Point","coordinates":[9.033528,45.446245]},"properties":{"id":"it_015097","istat_code":"015097","name":"Cusago","province":"MI","population":4293,"type":"settlement"}},{"type":"Feature","geometry":{"type":"Point","coordinates":[8.818381,45.699435]},"properties":{"id":"it_012107","istat_code":"012107","name":"Oggiona con Santo Stefano","province":"VA","population":4277,"type":"settlement"}},{"type":"Feature","geometry":{"type":"Point","coordinates":[9.601286,45.494981]},"properties":{"id":"it_016047","istat_code":"016047","name":"Calvenzano","province":"BG","population":4272,"type":"settlement"}},{"type":"Feature","geometry":{"type":"Point","coordinates":[9.262513,45.73363]},"properties":{"id":"it_108047","istat_code":"108047","name":"Veduggio con Colzano","province":"MB","population":4264,"type":"settlement"}},{"type":"Feature","geometry":{"type":"Point","coordinates":[9.377706,45.59666]},"properties":{"id":"it_108013","istat_code":"108013","name":"Burago di Molgora","province":"MB","population":4262,"type":"settlement"}},{"type":"Feature","geometry":{"type":"Point","coordinates":[9.375298,45.8526]},"properties":{"id":"it_097045","istat_code":"097045","name":"Malgrate","province":"LC","population":4259,"type":"settlement"}},{"type":"Feature","geometry":{"type":"Point","coordinates":[8.901266,45.506211]},"properties":{"id":"it_015164","istat_code":"015164","name":"Ossona","province":"MI","population":4254,"type":"settlement"}},{"type":"Feature","geometry":{"type":"Point","coordinates":[8.8315,45.764961]},"properties":{"id":"it_012105","istat_code":"012105","name":"Morazzone","province":"VA","population":4246,"type":"settlement"}},{"type":"Feature","geometry":{"type":"Point","coordinates":[10.379736,45.149405]},"properties":{"id":"it_020008","istat_code":"020008","name":"Canneto sull'Oglio","province":"MN","population":4217,"type":"settlement"}},{"type":"Feature","geometry":{"type":"Point","coordinates":[9.704925,45.512646]},"properties":{"id":"it_016020","istat_code":"016020","name":"Bariano","province":"BG","population":4216,"type":"settlement"}},{"type":"Feature","geometry":{"type":"Point","coordinates":[8.930679,45.688851]},"properties":{"id":"it_013131","istat_code":"013131","name":"Locate Varesino","province":"CO","population":4209,"type":"settlement"}},{"type":"Feature","geometry":{"type":"Point","coordinates":[9.601566,45.824643]},"properties":{"id":"it_016253","istat_code":"016253","name":"Val Brembilla","province":"BG","population":4205,"type":"settlement"}},{"type":"Feature","geometry":{"type":"Point","coordinates":[8.854202,45.501314]},"properties":{"id":"it_015144","istat_code":"015144","name":"Mesero","province":"MI","population":4200,"type":"settlement"}},{"type":"Feature","geometry":{"type":"Point","coordinates":[10.403471,45.710641]},"properties":{"id":"it_017197","istat_code":"017197","name":"Vestone","province":"BS","population":4200,"type":"settlement"}},{"type":"Feature","geometry":{"type":"Point","coordinates":[9.541653,45.575677]},"properties":{"id":"it_016049","istat_code":"016049","name":"Canonica d'Adda","province":"BG","population":4188,"type":"settlement"}},{"type":"Feature","geometry":{"type":"Point","coordinates":[10.215326,45.709374]},"properties":{"id":"it_017104","istat_code":"017104","name":"Marcheno","province":"BS","population":4174,"type":"settlement"}},{"type":"Feature","geometry":{"type":"Point","coordinates":[10.292304,46.489037]},"properties":{"id":"it_014071","istat_code":"014071","name":"Valdidentro","province":"SO","population":4160,"type":"settlement"}},{"type":"Feature","geometry":{"type":"Point","coordinates":[9.82546,45.78367]},"properties":{"id":"it_016070","istat_code":"016070","name":"Cene","province":"BG","population":4155,"type":"settlement"}},{"type":"Feature","geometry":{"type":"Point","coordinates":[9.423444,45.898184]},"properties":{"id":"it_097004","istat_code":"097004","name":"Ballabio","province":"LC","population":4137,"type":"settlement"}},{"type":"Feature","geometry":{"type":"Point","coordinates":[10.488587,44.998436]},"properties":{"id":"it_020054","istat_code":"020054","name":"Sabbioneta","province":"MN","population":4133,"type":"settlement"}},{"type":"Feature","geometry":{"type":"Point","coordinates":[9.168256,45.797299]},"properties":{"id":"it_013004","istat_code":"013004","name":"Albese con Cassano","province":"CO","population":4130,"type":"settlement"}},{"type":"Feature","geometry":{"type":"Point","coordinates":[9.078415,45.728215]},"properties":{"id":"it_013242","istat_code":"013242","name":"Vertemate con Minoprio","province":"CO","population":4129,"type":"settlement"}},{"type":"Feature","geometry":{"type":"Point","coordinates":[10.514405,45.324254]},"properties":{"id":"it_020034","istat_code":"020034","name":"Medole","province":"MN","population":4124,"type":"settlement"}},{"type":"Feature","geometry":{"type":"Point","coordinates":[9.630053,45.66638]},"properties":{"id":"it_016123","istat_code":"016123","name":"Lallio","province":"BG","population":4123,"type":"settlement"}},{"type":"Feature","geometry":{"type":"Point","coordinates":[9.983457,45.892989]},"properties":{"id":"it_016187","istat_code":"016187","name":"Rovetta","province":"BG","population":4116,"type":"settlement"}},{"type":"Feature","geometry":{"type":"Point","coordinates":[9.272733,45.340572]},"properties":{"id":"it_015050","istat_code":"015050","name":"Carpiano","province":"MI","population":4110,"type":"settlement"}},{"type":"Feature","geometry":{"type":"Point","coordinates":[8.830608,45.467278]},"properties":{"id":"it_015026","istat_code":"015026","name":"Boffalora sopra Ticino","province":"MI","population":4099,"type":"settlement"}},{"type":"Feature","geometry":{"type":"Point","coordinates":[9.770107,45.500322]},"properties":{"id":"it_016087","istat_code":"016087","name":"Covo","province":"BG","population":4099,"type":"settlement"}},{"type":"Feature","geometry":{"type":"Point","coordinates":[9.184376,46.157675]},"properties":{"id":"it_013249","istat_code":"013249","name":"Gravedona ed Uniti","province":"CO","population":4095,"type":"settlement"}},{"type":"Feature","geometry":{"type":"Point","coordinates":[10.372216,46.469244]},"properties":{"id":"it_014009","istat_code":"014009","name":"Bormio","province":"SO","population":4091,"type":"settlement"}},{"type":"Feature","geometry":{"type":"Point","coordinates":[9.314141,45.70878]},"properties":{"id":"it_097054","istat_code":"097054","name":"Monticello Brianza","province":"LC","population":4083,"type":"settlement"}},{"type":"Feature","geometry":{"type":"Point","coordinates":[10.322164,45.309153]},"properties":{"id":"it_017086","istat_code":"017086","name":"Isorella","province":"BS","population":4059,"type":"settlement"}},{"type":"Feature","geometry":{"type":"Point","coordinates":[9.279944,45.724378]},"properties":{"id":"it_108037","istat_code":"108037","name":"Renate","province":"MB","population":4059,"type":"settlement"}},{"type":"Feature","geometry":{"type":"Point","coordinates":[10.117457,45.386133]},"properties":{"id":"it_017122","istat_code":"017122","name":"Offlaga","province":"BS","population":4054,"type":"settlement"}},{"type":"Feature","geometry":{"type":"Point","coordinates":[9.742367,46.168878]},"properties":{"id":"it_014007","istat_code":"014007","name":"Berbenno di Valtellina","province":"SO","population":4047,"type":"settlement"}},{"type":"Feature","geometry":{"type":"Point","coordinates":[9.246188,45.78774]},"properties":{"id":"it_013147","istat_code":"013147","name":"Merone","province":"CO","population":4046,"type":"settlement"}},{"type":"Feature","geometry":{"type":"Point","coordinates":[9.409012,45.481549]},"properties":{"id":"it_015122","istat_code":"015122","name":"Liscate","province":"MI","population":4035,"type":"settlement"}},{"type":"Feature","geometry":{"type":"Point","coordinates":[9.607994,45.730674]},"properties":{"id":"it_016155","istat_code":"016155","name":"Paladina","province":"BG","population":4016,"type":"settlement"}},{"type":"Feature","geometry":{"type":"Point","coordinates":[9.104903,45.317888]},"properties":{"id":"it_015055","istat_code":"015055","name":"Casarile","province":"MI","population":4012,"type":"settlement"}},{"type":"Feature","geometry":{"type":"Point","coordinates":[9.178551,45.234765]},"properties":{"id":"it_018135","istat_code":"018135","name":"San Genesio ed Uniti","province":"PV","population":4006,"type":"settlement"}},{"type":"Feature","geometry":{"type":"Point","coordinates":[8.814344,45.719056]},"properties":{"id":"it_012121","istat_code":"012121","name":"Solbiate Arno","province":"VA","population":4004,"type":"settlement"}},{"type":"Feature","geometry":{"type":"Point","coordinates":[8.674199,45.805066]},"properties":{"id":"it_012128","istat_code":"012128","name":"Travedona-Monate","province":"VA","population":3999,"type":"settlement"}},{"type":"Feature","geometry":{"type":"Point","coordinates":[10.324863,46.331392]},"properties":{"id":"it_014060","istat_code":"014060","name":"Sondalo","province":"SO","population":3996,"type":"settlement"}},{"type":"Feature","geometry":{"type":"Point","coordinates":[9.950064,45.471278]},"properties":{"id":"it_017060","istat_code":"017060","name":"Comezzano-Cizzago","province":"BS","population":3990,"type":"settlement"}},{"type":"Feature","geometry":{"type":"Point","coordinates":[9.567808,45.494124]},"properties":{"id":"it_016059","istat_code":"016059","name":"Casirate d'Adda","province":"BG","population":3987,"type":"settlement"}},{"type":"Feature","geometry":{"type":"Point","coordinates":[9.006438,45.747076]},"properties":{"id":"it_013034","istat_code":"013034","name":"Bulgarograsso","province":"CO","population":3983,"type":"settlement"}},{"type":"Feature","geometry":{"type":"Point","coordinates":[10.483982,45.102474]},"properties":{"id":"it_020007","istat_code":"020007","name":"Bozzolo","province":"MN","population":3982,"type":"settlement"}},{"type":"Feature","geometry":{"type":"Point","coordinates":[9.547963,45.649957]},"properties":{"id":"it_016131","istat_code":"016131","name":"Madone","province":"BG","population":3978,"type":"settlement"}},{"type":"Feature","geometry":{"type":"Point","coordinates":[10.420571,45.658587]},"properties":{"id":"it_017168","istat_code":"017168","name":"Sabbio Chiese","province":"BS","population":3959,"type":"settlement"}},{"type":"Feature","geometry":{"type":"Point","coordinates":[9.349762,45.35636]},"properties":{"id":"it_015244","istat_code":"015244","name":"Vizzolo Predabissi","province":"MI","population":3938,"type":"settlement"}},{"type":"Feature","geometry":{"type":"Point","coordinates":[10.358068,45.135779]},"properties":{"id":"it_019116","istat_code":"019116","name":"Piadena Drizzona","province":"CR","population":3925,"type":"settlement"}},{"type":"Feature","geometry":{"type":"Point","coordinates":[9.481559,45.148166]},"properties":{"id":"it_018048","istat_code":"018048","name":"Chignolo Po","province":"PV","population":3906,"type":"settlement"}},{"type":"Feature","geometry":{"type":"Point","coordinates":[9.825711,45.698864]},"properties":{"id":"it_016069","istat_code":"016069","name":"Cenate Sotto","province":"BG","population":3898,"type":"settlement"}},{"type":"Feature","geometry":{"type":"Point","coordinates":[9.907258,45.749184]},"properties":{"id":"it_016058","istat_code":"016058","name":"Casazza","province":"BG","population":3879,"type":"settlement"}},{"type":"Feature","geometry":{"type":"Point","coordinates":[10.386772,45.545784]},"properties":{"id":"it_017119","istat_code":"017119","name":"Nuvolento","province":"BS","population":3867,"type":"settlement"}},{"type":"Feature","geometry":{"type":"Point","coordinates":[9.535963,45.811687]},"properties":{"id":"it_016252","istat_code":"016252","name":"Sant'Omobono Terme","province":"BG","population":3863,"type":"settlement"}},{"type":"Feature","geometry":{"type":"Point","coordinates":[9.557056,45.444374]},"properties":{"id":"it_019002","istat_code":"019002","name":"Agnadello","province":"CR","population":3854,"type":"settlement"}},{"type":"Feature","geometry":{"type":"Point","coordinates":[9.44456,45.681458]},"properties":{"id":"it_097062","istat_code":"097062","name":"Paderno d'Adda","province":"LC","population":3845,"type":"settlement"}},{"type":"Feature","geometry":{"type":"Point","coordinates":[9.637931,45.14672]},"properties":{"id":"it_098054","istat_code":"098054","name":"Somaglia","province":"LO","population":3845,"type":"settlement"}},{"type":"Feature","geometry":{"type":"Point","coordinates":[8.979838,45.689174]},"properties":{"id":"it_013128","istat_code":"013128","name":"Limido Comasco","province":"CO","population":3843,"type":"settlement"}},{"type":"Feature","geometry":{"type":"Point","coordinates":[8.724159,45.993507]},"properties":{"id":"it_012076","istat_code":"012076","name":"Germignaga","province":"VA","population":3842,"type":"settlement"}},{"type":"Feature","geometry":{"type":"Point","coordinates":[8.660738,45.898911]},"properties":{"id":"it_012051","istat_code":"012051","name":"Cittiglio","province":"VA","population":3797,"type":"settlement"}},{"type":"Feature","geometry":{"type":"Point","coordinates":[10.294791,45.935562]},"properties":{"id":"it_017018","istat_code":"017018","name":"Bienno","province":"BS","population":3777,"type":"settlement"}},{"type":"Feature","geometry":{"type":"Point","coordinates":[10.133545,45.857665]},"properties":{"id":"it_016182","istat_code":"016182","name":"Rogno","province":"BG","population":3774,"type":"settlement"}},{"type":"Feature","geometry":{"type":"Point","coordinates":[10.462731,45.823561]},"properties":{"id":"it_017010","istat_code":"017010","name":"Bagolino","province":"BS","population":3772,"type":"settlement"}},{"type":"Feature","geometry":{"type":"Point","coordinates":[9.569557,45.390073]},"properties":{"id":"it_019066","istat_code":"019066","name":"Palazzo Pignano","province":"CR","population":3768,"type":"settlement"}},{"type":"Feature","geometry":{"type":"Point","coordinates":[9.342944,45.828081]},"properties":{"id":"it_097022","istat_code":"097022","name":"Civate","province":"LC","population":3765,"type":"settlement"}},{"type":"Feature","geometry":{"type":"Point","coordinates":[9.445951,45.542075]},"properties":{"id":"it_015016","istat_code":"015016","name":"Bellinzago Lombardo","province":"MI","population":3763,"type":"settlement"}},{"type":"Feature","geometry":{"type":"Point","coordinates":[9.400698,45.69286]},"properties":{"id":"it_097020","istat_code":"097020","name":"Cernusco Lombardone","province":"LC","population":3761,"type":"settlement"}},{"type":"Feature","geometry":{"type":"Point","coordinates":[10.057256,45.327012]},"properties":{"id":"it_017196","istat_code":"017196","name":"Verolavecchia","province":"BS","population":3746,"type":"settlement"}},{"type":"Feature","geometry":{"type":"Point","coordinates":[9.989265,45.431977]},"properties":{"id":"it_017146","istat_code":"017146","name":"Pompiano","province":"BS","population":3744,"type":"settlement"}},{"type":"Feature","geometry":{"type":"Point","coordinates":[10.164574,45.175073]},"properties":{"id":"it_019113","istat_code":"019113","name":"Vescovato","province":"CR","population":3731,"type":"settlement"}},{"type":"Feature","geometry":{"type":"Point","coordinates":[9.541688,45.365153]},"properties":{"id":"it_019041","istat_code":"019041","name":"Dovera","province":"CR","population":3726,"type":"settlement"}},{"type":"Feature","geometry":{"type":"Point","coordinates":[9.500154,45.655902]},"properties":{"id":"it_016209","istat_code":"016209","name":"Suisio","province":"BG","population":3720,"type":"settlement"}},{"type":"Feature","geometry":{"type":"Point","coordinates":[10.053276,45.484238]},"properties":{"id":"it_017091","istat_code":"017091","name":"Lograto","province":"BS","population":3718,"type":"settlement"}},{"type":"Feature","geometry":{"type":"Point","coordinates":[10.598522,45.347559]},"properties":{"id":"it_020018","istat_code":"020018","name":"Cavriana","province":"MN","population":3710,"type":"settlement"}},{"type":"Feature","geometry":{"type":"Point","coordinates":[9.869661,45.515978]},"properties":{"id":"it_017192","istat_code":"017192","name":"Urago d'Oglio","province":"BS","population":3687,"type":"settlement"}},{"type":"Feature","geometry":{"type":"Point","coordinates":[9.461512,46.153343]},"properties":{"id":"it_014027","istat_code":"014027","name":"Dubino","province":"SO","population":3685,"type":"settlement"}},{"type":"Feature","geometry":{"type":"Point","coordinates":[9.624154,45.625179]},"properties":{"id":"it_016126","istat_code":"016126","name":"Levate","province":"BG","population":3683,"type":"settlement"}},{"type":"Feature","geometry":{"type":"Point","coordinates":[8.620454,45.875366]},"properties":{"id":"it_012088","istat_code":"012088","name":"Leggiuno","province":"VA","population":3680,"type":"settlement"}},{"type":"Feature","geometry":{"type":"Point","coordinates":[9.528032,45.271532]},"properties":{"id":"it_098048","istat_code":"098048","name":"San Martino in Strada","province":"LO","population":3678,"type":"settlement"}},{"type":"Feature","geometry":{"type":"Point","coordinates":[9.973919,45.245645]},"properties":{"id":"it_019016","istat_code":"019016","name":"Casalbuttano ed Uniti","province":"CR","population":3666,"type":"settlement"}},{"type":"Feature","geometry":{"type":"Point","coordinates":[9.467854,45.573588]},"properties":{"id":"it_015014","istat_code":"015014","name":"Basiano","province":"MI","population":3663,"type":"settlement"}},{"type":"Feature","geometry":{"type":"Point","coordinates":[8.871731,45.20913]},"properties":{"id":"it_018164","istat_code":"018164","name":"Tromello","province":"PV","population":3647,"type":"settlement"}},{"type":"Feature","geometry":{"type":"Point","coordinates":[10.357418,46.425215]},"properties":{"id":"it_014072","istat_code":"014072","name":"Valdisotto","province":"SO","population":3627,"type":"settlement"}},{"type":"Feature","geometry":{"type":"Point","coordinates":[9.378952,45.413371]},"properties":{"id":"it_015222","istat_code":"015222","name":"Tribiano","province":"MI","population":3623,"type":"settlement"}},{"type":"Feature","geometry":{"type":"Point","coordinates":[8.784327,45.832797]},"properties":{"id":"it_012038","istat_code":"012038","name":"Casciago","province":"VA","population":3619,"type":"settlement"}},{"type":"Feature","geometry":{"type":"Point","coordinates":[9.268944,45.746479]},"properties":{"id":"it_097056","istat_code":"097056","name":"Nibionno","province":"LC","population":3618,"type":"settlement"}},{"type":"Feature","geometry":{"type":"Point","coordinates":[9.2613,45.987255]},"properties":{"id":"it_013250","istat_code":"013250","name":"Bellagio","province":"CO","population":3616,"type":"settlement"}},{"type":"Feature","geometry":{"type":"Point","coordinates":[9.587158,45.371972]},"properties":{"id":"it_019111","istat_code":"019111","name":"Vaiano Cremasco","province":"CR","population":3605,"type":"settlement"}},{"type":"Feature","geometry":{"type":"Point","coordinates":[10.076411,45.589187]},"properties":{"id":"it_017130","istat_code":"017130","name":"Paderno Franciacorta","province":"BS","population":3602,"type":"settlement"}},{"type":"Feature","geometry":{"type":"Point","coordinates":[8.615061,45.764344]},"properties":{"id":"it_012125","istat_code":"012125","name":"Taino","province":"VA","population":3597,"type":"settlement"}},{"type":"Feature","geometry":{"type":"Point","coordinates":[9.463821,45.567547]},"properties":{"id":"it_015136","istat_code":"015136","name":"Masate","province":"MI","population":3582,"type":"settlement"}},{"type":"Feature","geometry":{"type":"Point","coordinates":[9.445558,45.171966]},"properties":{"id":"it_018093","istat_code":"018093","name":"Miradolo Terme","province":"PV","population":3580,"type":"settlement"}},{"type":"Feature","geometry":{"type":"Point","coordinates":[9.269749,45.860669]},"properties":{"id":"it_013013","istat_code":"013013","name":"Asso","province":"CO","population":3567,"type":"settlement"}},{"type":"Feature","geometry":{"type":"Point","coordinates":[8.87914,45.914773]},"properties":{"id":"it_012058","istat_code":"012058","name":"Cuasso al Monte","province":"VA","population":3560,"type":"settlement"}},{"type":"Feature","geometry":{"type":"Point","coordinates":[9.27504,45.186626]},"properties":{"id":"it_018004","istat_code":"018004","name":"Albuzzano","province":"PV","population":3555,"type":"settlement"}},{"type":"Feature","geometry":{"type":"Point","coordinates":[10.445833,45.54004]},"properties":{"id":"it_017033","istat_code":"017033","name":"Calvagese della Riviera","province":"BS","population":3552,"type":"settlement"}},{"type":"Feature","geometry":{"type":"Point","coordinates":[10.164556,45.848982]},"properties":{"id":"it_017007","istat_code":"017007","name":"Artogne","province":"BS","population":3545,"type":"settlement"}},{"type":"Feature","geometry":{"type":"Point","coordinates":[9.307444,45.78038]},"properties":{"id":"it_097051","istat_code":"097051","name":"Molteno","province":"LC","population":3542,"type":"settlement"}},{"type":"Feature","geometry":{"type":"Point","coordinates":[10.631373,45.40597]},"properties":{"id":"it_017151","istat_code":"017151","name":"Pozzolengo","province":"BS","population":3533,"type":"settlement"}},{"type":"Feature","geometry":{"type":"Point","coordinates":[9.93106,45.660582]},"properties":{"id":"it_016088","istat_code":"016088","name":"Credaro","province":"BG","population":3522,"type":"settlement"}},{"type":"Feature","geometry":{"type":"Point","coordinates":[9.400698,45.667563]},"properties":{"id":"it_108038","istat_code":"108038","name":"Ronco Briantino","province":"MB","population":3518,"type":"settlement"}},{"type":"Feature","geometry":{"type":"Point","coordinates":[9.063741,45.950461]},"properties":{"id":"it_013254","istat_code":"013254","name":"Centro Valle Intelvi","province":"CO","population":3512,"type":"settlement"}},{"type":"Feature","geometry":{"type":"Point","coordinates":[9.701659,45.428875]},"properties":{"id":"it_019094","istat_code":"019094","name":"Sergnano","province":"CR","population":3494,"type":"settlement"}},{"type":"Feature","geometry":{"type":"Point","coordinates":[9.29665,45.283242]},"properties":{"id":"it_018160","istat_code":"018160","name":"Torrevecchia Pia","province":"PV","population":3492,"type":"settlement"}},{"type":"Feature","geometry":{"type":"Point","coordinates":[10.51147,45.565692]},"properties":{"id":"it_017158","istat_code":"017158","name":"Puegnago del Garda","province":"BS","population":3469,"type":"settlement"}},{"type":"Feature","geometry":{"type":"Point","coordinates":[9.095489,45.739876]},"properties":{"id":"it_013084","istat_code":"013084","name":"Cucciago","province":"CO","population":3467,"type":"settlement"}},{"type":"Feature","geometry":{"type":"Point","coordinates":[9.304032,46.042957]},"properties":{"id":"it_097008","istat_code":"097008","name":"Bellano","province":"LC","population":3456,"type":"settlement"}},{"type":"Feature","geometry":{"type":"Point","coordinates":[10.551733,45.589546]},"properties":{"id":"it_017171","istat_code":"017171","name":"San Felice del Benaco","province":"BS","population":3451,"type":"settlement"}},{"type":"Feature","geometry":{"type":"Point","coordinates":[8.832261,45.95005]},"properties":{"id":"it_012097","istat_code":"012097","name":"Marchirolo","province":"VA","population":3445,"type":"settlement"}},{"type":"Feature","geometry":{"type":"Point","coordinates":[10.079567,45.449179]},"properties":{"id":"it_017099","istat_code":"017099","name":"Mairano","province":"BS","population":3442,"type":"settlement"}},{"type":"Feature","geometry":{"type":"Point","coordinates":[9.122253,45.083601]},"properties":{"id":"it_018023","istat_code":"018023","name":"Bressana Bottarone","province":"PV","population":3437,"type":"settlement"}},{"type":"Feature","geometry":{"type":"Point","coordinates":[9.365693,45.341143]},"properties":{"id":"it_098055","istat_code":"098055","name":"Sordio","province":"LO","population":3431,"type":"settlement"}},{"type":"Feature","geometry":{"type":"Point","coordinates":[9.412168,45.769871]},"properties":{"id":"it_097082","istat_code":"097082","name":"Valgreghentino","province":"LC","population":3402,"type":"settlement"}},{"type":"Feature","geometry":{"type":"Point","coordinates":[9.931158,45.937512]},"properties":{"id":"it_016012","istat_code":"016012","name":"Ardesio","province":"BG","population":3392,"type":"settlement"}},{"type":"Feature","geometry":{"type":"Point","coordinates":[9.527651,45.667579]},"properties":{"id":"it_016072","istat_code":"016072","name":"Chignolo d'Isola","province":"BG","population":3386,"type":"settlement"}},{"type":"Feature","geometry":{"type":"Point","coordinates":[9.676906,45.497925]},"properties":{"id":"it_016105","istat_code":"016105","name":"Fornovo San Giovanni","province":"BG","population":3371,"type":"settlement"}},{"type":"Feature","geometry":{"type":"Point","coordinates":[10.035059,45.907455]},"properties":{"id":"it_016064","istat_code":"016064","name":"Castione della Presolana","province":"BG","population":3362,"type":"settlement"}},{"type":"Feature","geometry":{"type":"Point","coordinates":[9.679244,45.32856]},"properties":{"id":"it_019081","istat_code":"019081","name":"Ripalta Cremasca","province":"CR","population":3355,"type":"settlement"}},{"type":"Feature","geometry":{"type":"Point","coordinates":[9.969058,45.792486]},"properties":{"id":"it_016093","istat_code":"016093","name":"Endine Gaiano","province":"BG","population":3350,"type":"settlement"}},{"type":"Feature","geometry":{"type":"Point","coordinates":[9.099249,45.270665]},"properties":{"id":"it_018173","istat_code":"018173","name":"Vellezzo Bellini","province":"PV","population":3339,"type":"settlement"}},{"type":"Feature","geometry":{"type":"Point","coordinates":[9.0312,45.75055]},"properties":{"id":"it_013055","istat_code":"013055","name":"Cassina Rizzardi","province":"CO","population":3338,"type":"settlement"}},{"type":"Feature","geometry":{"type":"Point","coordinates":[10.371743,45.279498]},"properties":{"id":"it_017160","istat_code":"017160","name":"Remedello","province":"BS","population":3333,"type":"settlement"}},{"type":"Feature","geometry":{"type":"Point","coordinates":[9.697165,45.081966]},"properties":{"id":"it_098049","istat_code":"098049","name":"San Rocco al Porto","province":"LO","population":3332,"type":"settlement"}},{"type":"Feature","geometry":{"type":"Point","coordinates":[9.498642,45.732311]},"properties":{"id":"it_016171","istat_code":"016171","name":"Pontida","province":"BG","population":3320,"type":"settlement"}},{"type":"Feature","geometry":{"type":"Point","coordinates":[10.116823,45.454722]},"properties":{"id":"it_017008","istat_code":"017008","name":"Azzano Mella","province":"BS","population":3315,"type":"settlement"}},{"type":"Feature","geometry":{"type":"Point","coordinates":[10.076639,45.181365]},"properties":{"id":"it_019068","istat_code":"019068","name":"Persico Dosimo","province":"CR","population":3311,"type":"settlement"}},{"type":"Feature","geometry":{"type":"Point","coordinates":[9.290743,45.80228]},"properties":{"id":"it_097009","istat_code":"097009","name":"Bosisio Parini","province":"LC","population":3311,"type":"settlement"}},{"type":"Feature","geometry":{"type":"Point","coordinates":[10.111139,45.715453]},"properties":{"id":"it_017169","istat_code":"017169","name":"Sale Marasino","province":"BS","population":3310,"type":"settlement"}},{"type":"Feature","geometry":{"type":"Point","coordinates":[10.637588,44.953372]},"properties":{"id":"it_020022","istat_code":"020022","name":"Dosolo","province":"MN","population":3310,"type":"settlement"}},{"type":"Feature","geometry":{"type":"Point","coordinates":[9.46064,46.13609]},"properties":{"id":"it_014026","istat_code":"014026","name":"Delebio","province":"SO","population":3296,"type":"settlement"}},{"type":"Feature","geometry":{"type":"Point","coordinates":[9.364356,45.219467]},"properties":{"id":"it_018180","istat_code":"018180","name":"Villanterio","province":"PV","population":3291,"type":"settlement"}},{"type":"Feature","geometry":{"type":"Point","coordinates":[9.060968,45.316147]},"properties":{"id":"it_015236","istat_code":"015236","name":"Vernate","province":"MI","population":3290,"type":"settlement"}},{"type":"Feature","geometry":{"type":"Point","coordinates":[9.793957,45.661981]},"properties":{"id":"it_016084","istat_code":"016084","name":"Costa di Mezzate","province":"BG","population":3278,"type":"settlement"}},{"type":"Feature","geometry":{"type":"Point","coordinates":[8.726136,45.911293]},"properties":{"id":"it_012062","istat_code":"012062","name":"Cuveglio","province":"VA","population":3272,"type":"settlement"}},{"type":"Feature","geometry":{"type":"Point","coordinates":[9.279079,46.122936]},"properties":{"id":"it_013090","istat_code":"013090","name":"Dongo","province":"CO","population":3244,"type":"settlement"}},{"type":"Feature","geometry":{"type":"Point","coordinates":[9.805657,45.672082]},"properties":{"id":"it_016139","istat_code":"016139","name":"Montello","province":"BG","population":3227,"type":"settlement"}},{"type":"Feature","geometry":{"type":"Point","coordinates":[9.644944,46.164292]},"properties":{"id":"it_014005","istat_code":"014005","name":"Ardenno","province":"SO","population":3224,"type":"settlement"}},{"type":"Feature","geometry":{"type":"Point","coordinates":[8.713238,45.821512]},"properties":{"id":"it_012014","istat_code":"012014","name":"Biandronno","province":"VA","population":3206,"type":"settlement"}},{"type":"Feature","geometry":{"type":"Point","coordinates":[10.121365,45.627283]},"properties":{"id":"it_017123","istat_code":"017123","name":"Ome","province":"BS","population":3195,"type":"settlement"}},{"type":"Feature","geometry":{"type":"Point","coordinates":[9.065673,44.890183]},"properties":{"id":"it_018073","istat_code":"018073","name":"Godiasco Salice Terme","province":"PV","population":3193,"type":"settlement"}},{"type":"Feature","geometry":{"type":"Point","coordinates":[10.892761,45.214712]},"properties":{"id":"it_020013","istat_code":"020013","name":"Castelbelforte","province":"MN","population":3193,"type":"settlement"}},{"type":"Feature","geometry":{"type":"Point","coordinates":[8.650052,45.828539]},"properties":{"id":"it_012017","istat_code":"012017","name":"Brebbia","province":"VA","population":3192,"type":"settlement"}},{"type":"Feature","geometry":{"type":"Point","coordinates":[9.334056,45.900045]},"properties":{"id":"it_097001","istat_code":"097001","name":"Abbadia Lariana","province":"LC","population":3190,"type":"settlement"}},{"type":"Feature","geometry":{"type":"Point","coordinates":[9.935128,45.186436]},"properties":{"id":"it_019095","istat_code":"019095","name":"Sesto ed Uniti","province":"CR","population":3183,"type":"settlement"}},{"type":"Feature","geometry":{"type":"Point","coordinates":[8.999679,45.701637]},"properties":{"id":"it_013100","istat_code":"013100","name":"Fenegrò","province":"CO","population":3177,"type":"settlement"}},{"type":"Feature","geometry":{"type":"Point","coordinates":[9.374353,45.35387]},"properties":{"id":"it_098009","istat_code":"098009","name":"Casalmaiocco","province":"LO","population":3172,"type":"settlement"}},{"type":"Feature","geometry":{"type":"Point","coordinates":[9.047196,45.842827]},"properties":{"id":"it_013144","istat_code":"013144","name":"Maslianico","province":"CO","population":3170,"type":"settlement"}},{"type":"Feature","geometry":{"type":"Point","coordinates":[9.79146,45.486477]},"properties":{"id":"it_016010","istat_code":"016010","name":"Antegnate","province":"BG","population":3144,"type":"settlement"}},{"type":"Feature","geometry":{"type":"Point","coordinates":[9.868556,45.815986]},"properties":{"id":"it_016060","istat_code":"016060","name":"Casnigo","province":"BG","population":3133,"type":"settlement"}},{"type":"Feature","geometry":{"type":"Point","coordinates":[9.556352,45.637578]},"properties":{"id":"it_016098","istat_code":"016098","name":"Filago","province":"BG","population":3120,"type":"settlement"}},{"type":"Feature","geometry":{"type":"Point","coordinates":[9.003176,45.112799]},"properties":{"id":"it_018190","istat_code":"018190","name":"Zinasco","province":"PV","population":3120,"type":"settlement"}},{"type":"Feature","geometry":{"type":"Point","coordinates":[9.11104,45.762977]},"properties":{"id":"it_013212","istat_code":"013212","name":"Senna Comasco","province":"CO","population":3119,"type":"settlement"}},{"type":"Feature","geometry":{"type":"Point","coordinates":[10.093762,45.736086]},"properties":{"id":"it_017106","istat_code":"017106","name":"Marone","province":"BS","population":3116,"type":"settlement"}},{"type":"Feature","geometry":{"type":"Point","coordinates":[9.1545,46.050003]},"properties":{"id":"it_013047","istat_code":"013047","name":"Carlazzo","province":"CO","population":3102,"type":"settlement"}},{"type":"Feature","geometry":{"type":"Point","coordinates":[9.027957,45.257378]},"properties":{"id":"it_018014","istat_code":"018014","name":"Bereguardo","province":"PV","population":3093,"type":"settlement"}},{"type":"Feature","geometry":{"type":"Point","coordinates":[10.319212,46.122581]},"properties":{"id":"it_017101","istat_code":"017101","name":"Malonno","province":"BS","population":3092,"type":"settlement"}},{"type":"Feature","geometry":{"type":"Point","coordinates":[8.80499,45.785997]},"properties":{"id":"it_012025","istat_code":"012025","name":"Buguggiate","province":"VA","population":3086,"type":"settlement"}},{"type":"Feature","geometry":{"type":"Point","coordinates":[9.241433,46.022565]},"properties":{"id":"it_013145","istat_code":"013145","name":"Menaggio","province":"CO","population":3085,"type":"settlement"}},{"type":"Feature","geometry":{"type":"Point","coordinates":[9.481748,45.74528]},"properties":{"id":"it_016052","istat_code":"016052","name":"Caprino Bergamasco","province":"BG","population":3081,"type":"settlement"}},{"type":"Feature","geometry":{"type":"Point","coordinates":[9.274043,45.782379]},"properties":{"id":"it_097072","istat_code":"097072","name":"Rogeno","province":"LC","population":3076,"type":"settlement"}},{"type":"Feature","geometry":{"type":"Point","coordinates":[9.784985,45.377177]},"properties":{"id":"it_019086","istat_code":"019086","name":"Romanengo","province":"CR","population":3072,"type":"settlement"}},{"type":"Feature","geometry":{"type":"Point","coordinates":[8.983074,45.71558]},"properties":{"id":"it_013238","istat_code":"013238","name":"Veniano","province":"CO","population":3060,"type":"settlement"}},{"type":"Feature","geometry":{"type":"Point","coordinates":[9.196904,44.82354]},"properties":{"id":"it_018171","istat_code":"018171","name":"Varzi","province":"PV","population":3059,"type":"settlement"}},{"type":"Feature","geometry":{"type":"Point","coordinates":[8.771828,45.778403]},"properties":{"id":"it_012064","istat_code":"012064","name":"Daverio","province":"VA","population":3058,"type":"settlement"}},{"type":"Feature","geometry":{"type":"Point","coordinates":[10.366071,45.570284]},"properties":{"id":"it_017178","istat_code":"017178","name":"Serle","province":"BS","population":3058,"type":"settlement"}},{"type":"Feature","geometry":{"type":"Point","coordinates":[9.920059,45.690883]},"properties":{"id":"it_016104","istat_code":"016104","name":"Foresto Sparso","province":"BG","population":3052,"type":"settlement"}},{"type":"Feature","geometry":{"type":"Point","coordinates":[9.495203,45.591865]},"properties":{"id":"it_015110","istat_code":"015110","name":"Grezzago","province":"MI","population":3045,"type":"settlement"}},{"type":"Feature","geometry":{"type":"Point","coordinates":[9.85317,46.147232]},"properties":{"id":"it_014002","istat_code":"014002","name":"Albosaggia","province":"SO","population":3037,"type":"settlement"}},{"type":"Feature","geometry":{"type":"Point","coordinates":[9.303626,45.665689]},"properties":{"id":"it_108022","istat_code":"108022","name":"Correzzana","province":"MB","population":3033,"type":"settlement"}},{"type":"Feature","geometry":{"type":"Point","coordinates":[10.157675,45.108571]},"properties":{"id":"it_019099","istat_code":"019099","name":"Sospiro","province":"CR","population":3031,"type":"settlement"}},{"type":"Feature","geometry":{"type":"Point","coordinates":[8.818039,45.479342]},"properties":{"id":"it_015019","istat_code":"015019","name":"Bernate Ticino","province":"MI","population":3023,"type":"settlement"}},{"type":"Feature","geometry":{"type":"Point","coordinates":[8.921668,45.873908]},"properties":{"id":"it_012117","istat_code":"012117","name":"Saltrio","province":"VA","population":3021,"type":"settlement"}},{"type":"Feature","geometry":{"type":"Point","coordinates":[8.818079,45.943544]},"properties":{"id":"it_012059","istat_code":"012059","name":"Cugliate-Fabiasco","province":"VA","population":3020,"type":"settlement"}},{"type":"Feature","geometry":{"type":"Point","coordinates":[9.7635,45.168938]},"properties":{"id":"it_098035","istat_code":"098035","name":"Maleo","province":"LO","population":3005,"type":"settlement"}},{"type":"Feature","geometry":{"type":"Point","coordinates":[9.360642,45.37297]},"properties":{"id":"it_015101","istat_code":"015101","name":"Dresano","province":"MI","population":2989,"type":"settlement"}},{"type":"Feature","geometry":{"type":"Point","coordinates":[9.360225,45.280388]},"properties":{"id":"it_098012","istat_code":"098012","name":"Caselle Lurani","province":"LO","population":2984,"type":"settlement"}},{"type":"Feature","geometry":{"type":"Point","coordinates":[9.041875,45.980864]},"properties":{"id":"it_013253","istat_code":"013253","name":"Alta Valle Intelvi","province":"CO","population":2978,"type":"settlement"}},{"type":"Feature","geometry":{"type":"Point","coordinates":[9.90295,46.178495]},"properties":{"id":"it_014044","istat_code":"014044","name":"Montagna in Valtellina","province":"SO","population":2967,"type":"settlement"}},{"type":"Feature","geometry":{"type":"Point","coordinates":[9.842294,45.799841]},"properties":{"id":"it_016100","istat_code":"016100","name":"Fiorano al Serio","province":"BG","population":2960,"type":"settlement"}},{"type":"Feature","geometry":{"type":"Point","coordinates":[10.579383,45.200277]},"properties":{"id":"it_020024","istat_code":"020024","name":"Gazoldo degli Ippoliti","province":"MN","population":2948,"type":"settlement"}},{"type":"Feature","geometry":{"type":"Point","coordinates":[9.395236,46.307194]},"properties":{"id":"it_014054","istat_code":"014054","name":"Prata Camportaccio","province":"SO","population":2945,"type":"settlement"}},{"type":"Feature","geometry":{"type":"Point","coordinates":[8.801245,45.937476]},"properties":{"id":"it_012060","istat_code":"012060","name":"Cunardo","province":"VA","population":2943,"type":"settlement"}},{"type":"Feature","geometry":{"type":"Point","coordinates":[9.361954,45.293568]},"properties":{"id":"it_098008","istat_code":"098008","name":"Casaletto Lodigiano","province":"LO","population":2940,"type":"settlement"}},{"type":"Feature","geometry":{"type":"Point","coordinates":[10.133854,46.203898]},"properties":{"id":"it_014078","istat_code":"014078","name":"Villa di Tirano","province":"SO","population":2931,"type":"settlement"}},{"type":"Feature","geometry":{"type":"Point","coordinates":[9.621057,45.468775]},"properties":{"id":"it_016135","istat_code":"016135","name":"Misano di Gera d'Adda","province":"BG","population":2927,"type":"settlement"}},{"type":"Feature","geometry":{"type":"Point","coordinates":[8.940016,45.683657]},"properties":{"id":"it_013045","istat_code":"013045","name":"Carbonate","province":"CO","population":2907,"type":"settlement"}},{"type":"Feature","geometry":{"type":"Point","coordinates":[8.675397,45.879217]},"properties":{"id":"it_012074","istat_code":"012074","name":"Gemonio","province":"VA","population":2901,"type":"settlement"}},{"type":"Feature","geometry":{"type":"Point","coordinates":[8.746441,45.839617]},"properties":{"id":"it_012055","istat_code":"012055","name":"Comerio","province":"VA","population":2894,"type":"settlement"}},{"type":"Feature","geometry":{"type":"Point","coordinates":[9.809259,45.59138]},"properties":{"id":"it_016141","istat_code":"016141","name":"Mornico al Serio","province":"BG","population":2882,"type":"settlement"}},{"type":"Feature","geometry":{"type":"Point","coordinates":[9.291047,45.754703]},"properties":{"id":"it_097011","istat_code":"097011","name":"Bulciago","province":"LC","population":2873,"type":"settlement"}},{"type":"Feature","geometry":{"type":"Point","coordinates":[9.120498,45.698946]},"properties":{"id":"it_013163","istat_code":"013163","name":"Novedrate","province":"CO","population":2863,"type":"settlement"}},{"type":"Feature","geometry":{"type":"Point","coordinates":[9.392875,45.264809]},"properties":{"id":"it_098015","istat_code":"098015","name":"Castiraga Vidardo","province":"LO","population":2862,"type":"settlement"}},{"type":"Feature","geometry":{"type":"Point","coordinates":[9.395079,46.24616]},"properties":{"id":"it_014057","istat_code":"014057","name":"Samolaco","province":"SO","population":2855,"type":"settlement"}},{"type":"Feature","geometry":{"type":"Point","coordinates":[9.487957,45.286169]},"properties":{"id":"it_098021","istat_code":"098021","name":"Cornegliano Laudense","province":"LO","population":2854,"type":"settlement"}},{"type":"Feature","geometry":{"type":"Point","coordinates":[9.525796,46.14962]},"properties":{"id":"it_014069","istat_code":"014069","name":"Traona","province":"SO","population":2835,"type":"settlement"}},{"type":"Feature","geometry":{"type":"Point","coordinates":[8.904946,45.903067]},"properties":{"id":"it_012113","istat_code":"012113","name":"Porto Ceresio","province":"VA","population":2826,"type":"settlement"}},{"type":"Feature","geometry":{"type":"Point","coordinates":[9.640155,45.565677]},"properties":{"id":"it_016129","istat_code":"016129","name":"Lurano","province":"BG","population":2817,"type":"settlement"}},{"type":"Feature","geometry":{"type":"Point","coordinates":[9.619855,45.552277]},"properties":{"id":"it_016063","istat_code":"016063","name":"Castel Rozzone","province":"BG","population":2813,"type":"settlement"}},{"type":"Feature","geometry":{"type":"Point","coordinates":[9.330845,45.736579]},"properties":{"id":"it_097076","istat_code":"097076","name":"Sirtori","province":"LC","population":2811,"type":"settlement"}},{"type":"Feature","geometry":{"type":"Point","coordinates":[9.27091,45.160981]},"properties":{"id":"it_018081","istat_code":"018081","name":"Linarolo","province":"PV","population":2804,"type":"settlement"}},{"type":"Feature","geometry":{"type":"Point","coordinates":[10.217413,45.267999]},"properties":{"id":"it_017152","istat_code":"017152","name":"Pralboino","province":"BS","population":2798,"type":"settlement"}},{"type":"Feature","geometry":{"type":"Point","coordinates":[10.43468,45.162475]},"properties":{"id":"it_020001","istat_code":"020001","name":"Acquanegra sul Chiese","province":"MN","population":2789,"type":"settlement"}},{"type":"Feature","geometry":{"type":"Point","coordinates":[9.057838,45.775177]},"properties":{"id":"it_013110","istat_code":"013110","name":"Grandate","province":"CO","population":2782,"type":"settlement"}},{"type":"Feature","geometry":{"type":"Point","coordinates":[9.424247,45.75388]},"properties":{"id":"it_097002","istat_code":"097002","name":"Airuno","province":"LC","population":2782,"type":"settlement"}},{"type":"Feature","geometry":{"type":"Point","coordinates":[9.726703,45.3443]},"properties":{"id":"it_019055","istat_code":"019055","name":"Madignano","province":"CR","population":2776,"type":"settlement"}},{"type":"Feature","geometry":{"type":"Point","coordinates":[9.624958,45.401573]},"properties":{"id":"it_019109","istat_code":"019109","name":"Trescore Cremasco","province":"CR","population":2773,"type":"settlement"}},{"type":"Feature","geometry":{"type":"Point","coordinates":[8.958279,45.771006]},"properties":{"id":"it_013022","istat_code":"013022","name":"Beregazzo con Figliaro","province":"CO","population":2769,"type":"settlement"}},{"type":"Feature","geometry":{"type":"Point","coordinates":[10.663501,45.688138]},"properties":{"id":"it_017076","istat_code":"017076","name":"Gargnano","province":"BS","population":2766,"type":"settlement"}},{"type":"Feature","geometry":{"type":"Point","coordinates":[10.252075,45.220775]},"properties":{"id":"it_019064","istat_code":"019064","name":"Ostiano","province":"CR","population":2766,"type":"settlement"}},{"type":"Feature","geometry":{"type":"Point","coordinates":[9.424433,45.812946]},"properties":{"id":"it_097086","istat_code":"097086","name":"Vercurago","province":"LC","population":2755,"type":"settlement"}},{"type":"Feature","geometry":{"type":"Point","coordinates":[10.043665,45.50298]},"properties":{"id":"it_017015","istat_code":"017015","name":"Berlingo","province":"BS","population":2731,"type":"settlement"}},{"type":"Feature","geometry":{"type":"Point","coordinates":[9.035438,45.762877]},"properties":{"id":"it_013135","istat_code":"013135","name":"Luisago","province":"CO","population":2721,"type":"settlement"}},{"type":"Feature","geometry":{"type":"Point","coordinates":[10.277462,45.942493]},"properties":{"id":"it_017055","istat_code":"017055","name":"Cividate Camuno","province":"BS","population":2721,"type":"settlement"}},{"type":"Feature","geometry":{"type":"Point","coordinates":[8.76414,45.327664]},"properties":{"id":"it_018075","istat_code":"018075","name":"Gravellona Lomellina","province":"PV","population":2715,"type":"settlement"}},{"type":"Feature","geometry":{"type":"Point","coordinates":[9.561678,45.481513]},"properties":{"id":"it_016013","istat_code":"016013","name":"Arzago d'Adda","province":"BG","population":2711,"type":"settlement"}},{"type":"Feature","geometry":{"type":"Point","coordinates":[8.740087,45.767332]},"properties":{"id":"it_012036","istat_code":"012036","name":"Casale Litta","province":"VA","population":2708,"type":"settlement"}},{"type":"Feature","geometry":{"type":"Point","coordinates":[9.375436,45.705744]},"properties":{"id":"it_097053","istat_code":"097053","name":"Montevecchia","province":"LC","population":2694,"type":"settlement"}},{"type":"Feature","geometry":{"type":"Point","coordinates":[9.890855,45.874587]},"properties":{"id":"it_016158","istat_code":"016158","name":"Parre","province":"BG","population":2693,"type":"settlement"}},{"type":"Feature","geometry":{"type":"Point","coordinates":[10.208401,45.301256]},"properties":{"id":"it_017137","istat_code":"017137","name":"Pavone del Mella","province":"BS","population":2688,"type":"settlement"}},{"type":"Feature","geometry":{"type":"Point","coordinates":[9.853358,45.687882]},"properties":{"id":"it_016244","istat_code":"016244","name":"Zandobbio","province":"BG","population":2687,"type":"settlement"}},{"type":"Feature","geometry":{"type":"Point","coordinates":[8.939235,45.805577]},"properties":{"id":"it_013005","istat_code":"013005","name":"Albiolo","province":"CO","population":2683,"type":"settlement"}},{"type":"Feature","geometry":{"type":"Point","coordinates":[9.40197,45.80604]},"properties":{"id":"it_097038","istat_code":"097038","name":"Garlate","province":"LC","population":2675,"type":"settlement"}},{"type":"Feature","geometry":{"type":"Point","coordinates":[9.181741,45.777379]},"properties":{"id":"it_013170","istat_code":"013170","name":"Orsenigo","province":"CO","population":2669,"type":"settlement"}},{"type":"Feature","geometry":{"type":"Point","coordinates":[10.504875,45.551185]},"properties":{"id":"it_017145","istat_code":"017145","name":"Polpenazze del Garda","province":"BS","population":2660,"type":"settlement"}},{"type":"Feature","geometry":{"type":"Point","coordinates":[10.566679,45.368581]},"properties":{"id":"it_020063","istat_code":"020063","name":"Solferino","province":"MN","population":2655,"type":"settlement"}},{"type":"Feature","geometry":{"type":"Point","coordinates":[9.57146,45.214568]},"properties":{"id":"it_098006","istat_code":"098006","name":"Brembio","province":"LO","population":2651,"type":"settlement"}},{"type":"Feature","geometry":{"type":"Point","coordinates":[9.217951,45.266566]},"properties":{"id":"it_018019","istat_code":"018019","name":"Bornasco","province":"PV","population":2643,"type":"settlement"}},{"type":"Feature","geometry":{"type":"Point","coordinates":[10.474379,45.254777]},"properties":{"id":"it_020011","istat_code":"020011","name":"Casaloldo","province":"MN","population":2641,"type":"settlement"}},{"type":"Feature","geometry":{"type":"Point","coordinates":[10.461874,45.562485]},"properties":{"id":"it_017116","istat_code":"017116","name":"Muscoline","province":"BS","population":2634,"type":"settlement"}},{"type":"Feature","geometry":{"type":"Point","coordinates":[8.649289,45.789909]},"properties":{"id":"it_012143","istat_code":"012143","name":"Cadrezzate con Osmate","province":"VA","population":2629,"type":"settlement"}},{"type":"Feature","geometry":{"type":"Point","coordinates":[10.559101,45.618785]},"properties":{"id":"it_017074","istat_code":"017074","name":"Gardone Riviera","province":"BS","population":2627,"type":"settlement"}},{"type":"Feature","geometry":{"type":"Point","coordinates":[8.65565,45.696899]},"properties":{"id":"it_012077","istat_code":"012077","name":"Golasecca","province":"VA","population":2626,"type":"settlement"}},{"type":"Feature","geometry":{"type":"Point","coordinates":[10.350137,45.011263]},"properties":{"id":"it_019052","istat_code":"019052","name":"Gussola","province":"CR","population":2626,"type":"settlement"}},{"type":"Feature","geometry":{"type":"Point","coordinates":[10.148671,45.307376]},"properties":{"id":"it_017172","istat_code":"017172","name":"San Gervasio Bresciano","province":"BS","population":2620,"type":"settlement"}},{"type":"Feature","geometry":{"type":"Point","coordinates":[9.679791,45.109902]},"properties":{"id":"it_098029","istat_code":"098029","name":"Guardamiglio","province":"LO","population":2620,"type":"settlement"}},{"type":"Feature","geometry":{"type":"Point","coordinates":[8.932232,45.817455]},"properties":{"id":"it_013232","istat_code":"013232","name":"Valmorea","province":"CO","population":2611,"type":"settlement"}},{"type":"Feature","geometry":{"type":"Point","coordinates":[9.345355,45.756471]},"properties":{"id":"it_097019","istat_code":"097019","name":"Castello di Brianza","province":"LC","population":2605,"type":"settlement"}},{"type":"Feature","geometry":{"type":"Point","coordinates":[9.301631,45.881055]},"properties":{"id":"it_013229","istat_code":"013229","name":"Valbrona","province":"CO","population":2603,"type":"settlement"}},{"type":"Feature","geometry":{"type":"Point","coordinates":[9.76164,45.625097]},"properties":{"id":"it_016066","istat_code":"016066","name":"Cavernago","province":"BG","population":2603,"type":"settlement"}},{"type":"Feature","geometry":{"type":"Point","coordinates":[9.264711,45.818252]},"properties":{"id":"it_013097","istat_code":"013097","name":"Eupilio","province":"CO","population":2600,"type":"settlement"}},{"type":"Feature","geometry":{"type":"Point","coordinates":[9.14055,45.240665]},"properties":{"id":"it_018015","istat_code":"018015","name":"Borgarello","province":"PV","population":2598,"type":"settlement"}},{"type":"Feature","geometry":{"type":"Point","coordinates":[9.385155,45.296569]},"properties":{"id":"it_098046","istat_code":"098046","name":"Salerano sul Lambro","province":"LO","population":2596,"type":"settlement"}},{"type":"Feature","geometry":{"type":"Point","coordinates":[9.304528,46.076574]},"properties":{"id":"it_097030","istat_code":"097030","name":"Dervio","province":"LC","population":2589,"type":"settlement"}},{"type":"Feature","geometry":{"type":"Point","coordinates":[9.452577,45.209188]},"properties":{"id":"it_098028","istat_code":"098028","name":"Graffignana","province":"LO","population":2578,"type":"settlement"}},{"type":"Feature","geometry":{"type":"Point","coordinates":[8.651989,45.877893]},"properties":{"id":"it_012031","istat_code":"012031","name":"Caravate","province":"VA","population":2577,"type":"settlement"}},{"type":"Feature","geometry":{"type":"Point","coordinates":[9.435759,45.109364]},"properties":{"id":"it_018114","istat_code":"018114","name":"Pieve Porto Morone","province":"PV","population":2576,"type":"settlement"}},{"type":"Feature","geometry":{"type":"Point","coordinates":[8.981338,45.705775]},"properties":{"id":"it_013137","istat_code":"013137","name":"Lurago Marinone","province":"CO","population":2551,"type":"settlement"}},{"type":"Feature","geometry":{"type":"Point","coordinates":[9.823789,45.711865]},"properties":{"id":"it_016068","istat_code":"016068","name":"Cenate Sopra","province":"BG","population":2541,"type":"settlement"}},{"type":"Feature","geometry":{"type":"Point","coordinates":[10.537573,45.528523]},"properties":{"id":"it_017109","istat_code":"017109","name":"Moniga del Garda","province":"BS","population":2541,"type":"settlement"}},{"type":"Feature","geometry":{"type":"Point","coordinates":[9.339345,45.76698]},"properties":{"id":"it_097031","istat_code":"097031","name":"Dolzago","province":"LC","population":2531,"type":"settlement"}},{"type":"Feature","geometry":{"type":"Point","coordinates":[8.690318,45.782286]},"properties":{"id":"it_012126","istat_code":"012126","name":"Ternate","province":"VA","population":2526,"type":"settlement"}},{"type":"Feature","geometry":{"type":"Point","coordinates":[10.567035,45.26513]},"properties":{"id":"it_020019","istat_code":"020019","name":"Ceresara","province":"MN","population":2525,"type":"settlement"}},{"type":"Feature","geometry":{"type":"Point","coordinates":[8.890388,45.889039]},"properties":{"id":"it_012011","istat_code":"012011","name":"Besano","province":"VA","population":2519,"type":"settlement"}},{"type":"Feature","geometry":{"type":"Point","coordinates":[10.206404,45.94733]},"properties":{"id":"it_017022","istat_code":"017022","name":"Borno","province":"BS","population":2519,"type":"settlement"}},{"type":"Feature","geometry":{"type":"Point","coordinates":[10.512516,46.416517]},"properties":{"id":"it_014073","istat_code":"014073","name":"Valfurva","province":"SO","population":2513,"type":"settlement"}},{"type":"Feature","geometry":{"type":"Point","coordinates":[9.302566,45.772926]},"properties":{"id":"it_097037","istat_code":"097037","name":"Garbagnate Monastero","province":"LC","population":2509,"type":"settlement"}},{"type":"Feature","geometry":{"type":"Point","coordinates":[9.241845,45.759191]},"properties":{"id":"it_013121","istat_code":"013121","name":"Lambrugo","province":"CO","population":2506,"type":"settlement"}},{"type":"Feature","geometry":{"type":"Point","coordinates":[9.694759,45.402174]},"properties":{"id":"it_019072","istat_code":"019072","name":"Pianengo","province":"CR","population":2491,"type":"settlement"}},{"type":"Feature","geometry":{"type":"Point","coordinates":[9.444549,45.705873]},"properties":{"id":"it_097039","istat_code":"097039","name":"Imbersago","province":"LC","population":2482,"type":"settlement"}},{"type":"Feature","geometry":{"type":"Point","coordinates":[9.364813,45.166777]},"properties":{"id":"it_018192","istat_code":"018192","name":"Corteolona e Genzone","province":"PV","population":2472,"type":"settlement"}},{"type":"Feature","geometry":{"type":"Point","coordinates":[9.146079,45.785458]},"properties":{"id":"it_013157","istat_code":"013157","name":"Montorfano","province":"CO","population":2470,"type":"settlement"}},{"type":"Feature","geometry":{"type":"Point","coordinates":[9.773514,45.700822]},"properties":{"id":"it_016216","istat_code":"016216","name":"Torre de' Roveri","province":"BG","population":2463,"type":"settlement"}},{"type":"Feature","geometry":{"type":"Point","coordinates":[9.624051,45.781783]},"properties":{"id":"it_016196","istat_code":"016196","name":"Sedrina","province":"BG","population":2462,"type":"settlement"}},{"type":"Feature","geometry":{"type":"Point","coordinates":[9.705278,45.533604]},"properties":{"id":"it_016140","istat_code":"016140","name":"Morengo","province":"BG","population":2461,"type":"settlement"}},{"type":"Feature","geometry":{"type":"Point","coordinates":[9.707262,45.285171]},"properties":{"id":"it_019059","istat_code":"019059","name":"Montodine","province":"CR","population":2453,"type":"settlement"}},{"type":"Feature","geometry":{"type":"Point","coordinates":[9.571049,45.814783]},"properties":{"id":"it_016023","istat_code":"016023","name":"Berbenno","province":"BG","population":2452,"type":"settlement"}},{"type":"Feature","geometry":{"type":"Point","coordinates":[10.764023,45.03494]},"properties":{"id":"it_020037","istat_code":"020037","name":"Motteggiana","province":"MN","population":2451,"type":"settlement"}},{"type":"Feature","geometry":{"type":"Point","coordinates":[8.703666,45.77463]},"properties":{"id":"it_012132","istat_code":"012132","name":"Varano Borghi","province":"VA","population":2450,"type":"settlement"}},{"type":"Feature","geometry":{"type":"Point","coordinates":[8.776408,46.073685]},"properties":{"id":"it_012142","istat_code":"012142","name":"Maccagno con Pino e Veddasca","province":"VA","population":2450,"type":"settlement"}},{"type":"Feature","geometry":{"type":"Point","coordinates":[9.989355,46.170821]},"properties":{"id":"it_014020","istat_code":"014020","name":"Chiuro","province":"SO","population":2450,"type":"settlement"}},{"type":"Feature","geometry":{"type":"Point","coordinates":[9.081353,45.04066]},"properties":{"id":"it_018084","istat_code":"018084","name":"Lungavilla","province":"PV","population":2448,"type":"settlement"}},{"type":"Feature","geometry":{"type":"Point","coordinates":[10.432104,45.070309]},"properties":{"id":"it_020050","istat_code":"020050","name":"Rivarolo Mantovano","province":"MN","population":2445,"type":"settlement"}},{"type":"Feature","geometry":{"type":"Point","coordinates":[10.280587,45.931693]},"properties":{"id":"it_017017","istat_code":"017017","name":"Berzo Inferiore","province":"BS","population":2436,"type":"settlement"}},{"type":"Feature","geometry":{"type":"Point","coordinates":[10.123964,45.661484]},"properties":{"id":"it_017144","istat_code":"017144","name":"Polaveno","province":"BS","population":2434,"type":"settlement"}},{"type":"Feature","geometry":{"type":"Point","coordinates":[9.079349,45.253065]},"properties":{"id":"it_018086","istat_code":"018086","name":"Marcignago","province":"PV","population":2434,"type":"settlement"}},{"type":"Feature","geometry":{"type":"Point","coordinates":[9.961729,45.42066]},"properties":{"id":"it_017126","istat_code":"017126","name":"Orzivecchi","province":"BS","population":2426,"type":"settlement"}},{"type":"Feature","geometry":{"type":"Point","coordinates":[9.014546,45.327266]},"properties":{"id":"it_015035","istat_code":"015035","name":"Bubbiano","province":"MI","population":2423,"type":"settlement"}},{"type":"Feature","geometry":{"type":"Point","coordinates":[9.435836,45.278042]},"properties":{"id":"it_098005","istat_code":"098005","name":"Borgo San Giovanni","province":"LO","population":2419,"type":"settlement"}},{"type":"Feature","geometry":{"type":"Point","coordinates":[9.54646,45.192268]},"properties":{"id":"it_098030","istat_code":"098030","name":"Livraga","province":"LO","population":2408,"type":"settlement"}},{"type":"Feature","geometry":{"type":"Point","coordinates":[10.345862,46.030996]},"properties":{"id":"it_017035","istat_code":"017035","name":"Capo di Ponte","province":"BS","population":2406,"type":"settlement"}},{"type":"Feature","geometry":{"type":"Point","coordinates":[10.148172,45.266975]},"properties":{"id":"it_017004","istat_code":"017004","name":"Alfianello","province":"BS","population":2388,"type":"settlement"}},{"type":"Feature","geometry":{"type":"Point","coordinates":[9.076149,45.217464]},"properties":{"id":"it_018159","istat_code":"018159","name":"Torre d'Isola","province":"PV","population":2385,"type":"settlement"}},{"type":"Feature","geometry":{"type":"Point","coordinates":[9.848647,46.265097]},"properties":{"id":"it_014019","istat_code":"014019","name":"Chiesa in Valmalenco","province":"SO","population":2379,"type":"settlement"}},{"type":"Feature","geometry":{"type":"Point","coordinates":[8.926989,45.006146]},"properties":{"id":"it_018033","istat_code":"018033","name":"Casei Gerola","province":"PV","population":2377,"type":"settlement"}},{"type":"Feature","geometry":{"type":"Point","coordinates":[8.976296,45.756962]},"properties":{"id":"it_013169","istat_code":"013169","name":"Oltrona di San Mamette","province":"CO","population":2369,"type":"settlement"}},{"type":"Feature","geometry":{"type":"Point","coordinates":[9.55015,45.71958]},"properties":{"id":"it_016009","istat_code":"016009","name":"Ambivere","province":"BG","population":2366,"type":"settlement"}},{"type":"Feature","geometry":{"type":"Point","coordinates":[9.314244,45.755479]},"properties":{"id":"it_097005","istat_code":"097005","name":"Barzago","province":"LC","population":2364,"type":"settlement"}},{"type":"Feature","geometry":{"type":"Point","coordinates":[9.299543,45.816781]},"properties":{"id":"it_097021","istat_code":"097021","name":"Cesana Brianza","province":"LC","population":2364,"type":"settlement"}},{"type":"Feature","geometry":{"type":"Point","coordinates":[9.232579,45.782867]},"properties":{"id":"it_013153","istat_code":"013153","name":"Monguzzo","province":"CO","population":2354,"type":"settlement"}},{"type":"Feature","geometry":{"type":"Point","coordinates":[10.146099,45.891036]},"properties":{"id":"it_017006","istat_code":"017006","name":"Angolo Terme","province":"BS","population":2345,"type":"settlement"}},{"type":"Feature","geometry":{"type":"Point","coordinates":[9.49565,45.668579]},"properties":{"id":"it_016250","istat_code":"016250","name":"Medolago","province":"BG","population":2342,"type":"settlement"}},{"type":"Feature","geometry":{"type":"Point","coordinates":[9.322144,45.77268]},"properties":{"id":"it_097075","istat_code":"097075","name":"Sirone","province":"LC","population":2328,"type":"settlement"}},{"type":"Feature","geometry":{"type":"Point","coordinates":[10.687221,45.412515]},"properties":{"id":"it_020044","istat_code":"020044","name":"Ponti sul Mincio","province":"MN","population":2326,"type":"settlement"}},{"type":"Feature","geometry":{"type":"Point","coordinates":[9.042748,45.258464]},"properties":{"id":"it_018163","istat_code":"018163","name":"Trivolzio","province":"PV","population":2318,"type":"settlement"}},{"type":"Feature","geometry":{"type":"Point","coordinates":[10.12837,45.327176]},"properties":{"id":"it_017013","istat_code":"017013","name":"Bassano Bresciano","province":"BS","population":2311,"type":"settlement"}},{"type":"Feature","geometry":{"type":"Point","coordinates":[8.681809,45.96137]},"properties":{"id":"it_012114","istat_code":"012114","name":"Porto Valtravaglia","province":"VA","population":2287,"type":"settlement"}},{"type":"Feature","geometry":{"type":"Point","coordinates":[9.300198,44.986177]},"properties":{"id":"it_018143","istat_code":"018143","name":"Santa Maria della Versa","province":"PV","population":2286,"type":"settlement"}},{"type":"Feature","geometry":{"type":"Point","coordinates":[9.332414,45.807621]},"properties":{"id":"it_097003","istat_code":"097003","name":"Annone di Brianza","province":"LC","population":2283,"type":"settlement"}},{"type":"Feature","geometry":{"type":"Point","coordinates":[10.054367,45.405077]},"properties":{"id":"it_017011","istat_code":"017011","name":"Barbariga","province":"BS","population":2282,"type":"settlement"}},{"type":"Feature","geometry":{"type":"Point","coordinates":[9.643258,45.444075]},"properties":{"id":"it_019015","istat_code":"019015","name":"Capralba","province":"CR","population":2276,"type":"settlement"}},{"type":"Feature","geometry":{"type":"Point","coordinates":[9.572766,45.373482]},"properties":{"id":"it_019058","istat_code":"019058","name":"Monte Cremasco","province":"CR","population":2263,"type":"settlement"}},{"type":"Feature","geometry":{"type":"Point","coordinates":[9.684479,45.136629]},"properties":{"id":"it_098026","istat_code":"098026","name":"Fombio","province":"LO","population":2261,"type":"settlement"}},{"type":"Feature","geometry":{"type":"Point","coordinates":[10.076571,45.259374]},"properties":{"id":"it_019085","istat_code":"019085","name":"Robecco d'Oglio","province":"CR","population":2258,"type":"settlement"}},{"type":"Feature","geometry":{"type":"Point","coordinates":[9.429608,45.986971]},"properties":{"id":"it_097070","istat_code":"097070","name":"Primaluna","province":"LC","population":2257,"type":"settlement"}},{"type":"Feature","geometry":{"type":"Point","coordinates":[9.616459,45.340472]},"properties":{"id":"it_019029","istat_code":"019029","name":"Chieve","province":"CR","population":2253,"type":"settlement"}},{"type":"Feature","geometry":{"type":"Point","coordinates":[9.468656,45.33577]},"properties":{"id":"it_098040","istat_code":"098040","name":"Montanaso Lombardo","province":"LO","population":2244,"type":"settlement"}},{"type":"Feature","geometry":{"type":"Point","coordinates":[9.977851,46.174996]},"properties":{"id":"it_014052","istat_code":"014052","name":"Ponte in Valtellina","province":"SO","population":2243,"type":"settlement"}},{"type":"Feature","geometry":{"type":"Point","coordinates":[9.464654,45.440973]},"properties":{"id":"it_098020","istat_code":"098020","name":"Comazzo","province":"LO","population":2237,"type":"settlement"}},{"type":"Feature","geometry":{"type":"Point","coordinates":[9.243152,45.260266]},"properties":{"id":"it_018043","istat_code":"018043","name":"Ceranova","province":"PV","population":2234,"type":"settlement"}},{"type":"Feature","geometry":{"type":"Point","coordinates":[9.575158,45.356672]},"properties":{"id":"it_098025","istat_code":"098025","name":"Crespiatica","province":"LO","population":2201,"type":"settlement"}},{"type":"Feature","geometry":{"type":"Point","coordinates":[9.393945,45.833482]},"properties":{"id":"it_097068","istat_code":"097068","name":"Pescate","province":"LC","population":2194,"type":"settlement"}},{"type":"Feature","geometry":{"type":"Point","coordinates":[8.751004,45.791229]},"properties":{"id":"it_012016","istat_code":"012016","name":"Bodio Lomnago","province":"VA","population":2192,"type":"settlement"}},{"type":"Feature","geometry":{"type":"Point","coordinates":[9.480377,45.774566]},"properties":{"id":"it_016215","istat_code":"016215","name":"Torre de' Busi","province":"BG","population":2192,"type":"settlement"}},{"type":"Feature","geometry":{"type":"Point","coordinates":[9.948935,45.699945]},"properties":{"id":"it_016001","istat_code":"016001","name":"Adrara San Martino","province":"BG","population":2185,"type":"settlement"}},{"type":"Feature","geometry":{"type":"Point","coordinates":[9.187142,45.742978]},"properties":{"id":"it_013029","istat_code":"013029","name":"Brenna","province":"CO","population":2184,"type":"settlement"}},{"type":"Feature","geometry":{"type":"Point","coordinates":[9.423463,46.05173]},"properties":{"id":"it_097069","istat_code":"097069","name":"Premana","province":"LC","population":2182,"type":"settlement"}},{"type":"Feature","geometry":{"type":"Point","coordinates":[9.424054,45.373871]},"properties":{"id":"it_098018","istat_code":"098018","name":"Cervignano d'Adda","province":"LO","population":2173,"type":"settlement"}},{"type":"Feature","geometry":{"type":"Point","coordinates":[8.859798,45.739598]},"properties":{"id":"it_012080","istat_code":"012080","name":"Gornate Olona","province":"VA","population":2167,"type":"settlement"}},{"type":"Feature","geometry":{"type":"Point","coordinates":[9.64336,45.337572]},"properties":{"id":"it_019012","istat_code":"019012","name":"Capergnanica","province":"CR","population":2166,"type":"settlement"}},{"type":"Feature","geometry":{"type":"Point","coordinates":[10.404478,45.259577]},"properties":{"id":"it_020010","istat_code":"020010","name":"Casalmoro","province":"MN","population":2164,"type":"settlement"}},{"type":"Feature","geometry":{"type":"Point","coordinates":[8.830903,45.9646]},"properties":{"id":"it_012027","istat_code":"012027","name":"Cadegliano-Viconago","province":"VA","population":2153,"type":"settlement"}},{"type":"Feature","geometry":{"type":"Point","coordinates":[10.183653,45.86453]},"properties":{"id":"it_017079","istat_code":"017079","name":"Gianico","province":"BS","population":2152,"type":"settlement"}},{"type":"Feature","geometry":{"type":"Point","coordinates":[9.319646,45.655977]},"properties":{"id":"it_108014","istat_code":"108014","name":"Camparada","province":"MB","population":2150,"type":"settlement"}},{"type":"Feature","geometry":{"type":"Point","coordinates":[9.375011,45.744389]},"properties":{"id":"it_097074","istat_code":"097074","name":"Santa Maria Hoè","province":"LC","population":2140,"type":"settlement"}},{"type":"Feature","geometry":{"type":"Point","coordinates":[10.401255,45.553076]},"properties":{"id":"it_017132","istat_code":"017132","name":"Paitone","province":"BS","population":2139,"type":"settlement"}},{"type":"Feature","geometry":{"type":"Point","coordinates":[10.583113,45.069175]},"properties":{"id":"it_020025","istat_code":"020025","name":"Gazzuolo","province":"MN","population":2128,"type":"settlement"}},{"type":"Feature","geometry":{"type":"Point","coordinates":[9.302478,45.959202]},"properties":{"id":"it_097043","istat_code":"097043","name":"Lierna","province":"LC","population":2123,"type":"settlement"}},{"type":"Feature","geometry":{"type":"Point","coordinates":[9.807876,45.243546]},"properties":{"id":"it_019088","istat_code":"019088","name":"San Bassano","province":"CR","population":2109,"type":"settlement"}},{"type":"Feature","geometry":{"type":"Point","coordinates":[9.601442,45.28401]},"properties":{"id":"it_098017","istat_code":"098017","name":"Cavenago d'Adda","province":"LO","population":2108,"type":"settlement"}},{"type":"Feature","geometry":{"type":"Point","coordinates":[11.030232,45.144747]},"properties":{"id":"it_020068","istat_code":"020068","name":"Villimpenta","province":"MN","population":2104,"type":"settlement"}},{"type":"Feature","geometry":{"type":"Point","coordinates":[9.32456,45.724635]},"properties":{"id":"it_097090","istat_code":"097090","name":"Viganò","province":"LC","population":2099,"type":"settlement"}},{"type":"Feature","geometry":{"type":"Point","coordinates":[10.315085,45.612677]},"properties":{"id":"it_017031","istat_code":"017031","name":"Caino","province":"BS","population":2097,"type":"settlement"}},{"type":"Feature","geometry":{"type":"Point","coordinates":[8.668542,45.153058]},"properties":{"id":"it_018168","istat_code":"018168","name":"Valle Lomellina","province":"PV","population":2094,"type":"settlement"}},{"type":"Feature","geometry":{"type":"Point","coordinates":[9.934951,46.159595]},"properties":{"id":"it_014049","istat_code":"014049","name":"Piateda","province":"SO","population":2090,"type":"settlement"}},{"type":"Feature","geometry":{"type":"Point","coordinates":[9.414949,45.639977]},"properties":{"id":"it_108002","istat_code":"108002","name":"Aicurzio","province":"MB","population":2080,"type":"settlement"}},{"type":"Feature","geometry":{"type":"Point","coordinates":[9.671157,45.534277]},"properties":{"id":"it_016154","istat_code":"016154","name":"Pagazzano","province":"BG","population":2079,"type":"settlement"}},{"type":"Feature","geometry":{"type":"Point","coordinates":[10.332872,45.809312]},"properties":{"id":"it_017058","istat_code":"017058","name":"Collio","province":"BS","population":2067,"type":"settlement"}},{"type":"Feature","geometry":{"type":"Point","coordinates":[10.379751,45.011112]},"properties":{"id":"it_019057","istat_code":"019057","name":"Martignana di Po","province":"CR","population":2066,"type":"settlement"}},{"type":"Feature","geometry":{"type":"Point","coordinates":[10.760773,45.771079]},"properties":{"id":"it_017189","istat_code":"017189","name":"Tremosine sul Garda","province":"BS","population":2061,"type":"settlement"}},{"type":"Feature","geometry":{"type":"Point","coordinates":[9.012539,45.699775]},"properties":{"id":"it_013068","istat_code":"013068","name":"Cirimido","province":"CO","population":2059,"type":"settlement"}},{"type":"Feature","geometry":{"type":"Point","coordinates":[10.286877,45.143573]},"properties":{"id":"it_019107","istat_code":"019107","name":"Torre de' Picenardi","province":"CR","population":2059,"type":"settlement"}},{"type":"Feature","geometry":{"type":"Point","coordinates":[8.796245,45.121059]},"properties":{"id":"it_018083","istat_code":"018083","name":"Lomello","province":"PV","population":2055,"type":"settlement"}},{"type":"Feature","geometry":{"type":"Point","coordinates":[10.273756,45.793307]},"properties":{"id":"it_017024","istat_code":"017024","name":"Bovegno","province":"BS","population":2053,"type":"settlement"}},{"type":"Feature","geometry":{"type":"Point","coordinates":[8.969645,45.312965]},"properties":{"id":"it_015022","istat_code":"015022","name":"Besate","province":"MI","population":2036,"type":"settlement"}},{"type":"Feature","geometry":{"type":"Point","coordinates":[9.488937,45.677143]},"properties":{"id":"it_016251","istat_code":"016251","name":"Solza","province":"BG","population":2029,"type":"settlement"}},{"type":"Feature","geometry":{"type":"Point","coordinates":[9.729336,45.871941]},"properties":{"id":"it_016199","istat_code":"016199","name":"Serina","province":"BG","population":2024,"type":"settlement"}},{"type":"Feature","geometry":{"type":"Point","coordinates":[9.554207,45.160313]},"properties":{"id":"it_098042","istat_code":"098042","name":"Orio Litta","province":"LO","population":2018,"type":"settlement"}},{"type":"Feature","geometry":{"type":"Point","coordinates":[10.046262,45.709385]},"properties":{"id":"it_016211","istat_code":"016211","name":"Tavernola Bergamasca","province":"BG","population":2014,"type":"settlement"}},{"type":"Feature","geometry":{"type":"Point","coordinates":[9.942551,46.175695]},"properties":{"id":"it_014070","istat_code":"014070","name":"Tresivio","province":"SO","population":2013,"type":"settlement"}},{"type":"Feature","geometry":{"type":"Point","coordinates":[9.567264,45.733986]},"properties":{"id":"it_016021","istat_code":"016021","name":"Barzana","province":"BG","population":2005,"type":"settlement"}},{"type":"Feature","geometry":{"type":"Point","coordinates":[9.194112,45.945075]},"properties":{"id":"it_013126","istat_code":"013126","name":"Lezzeno","province":"CO","population":2003,"type":"settlement"}},{"type":"Feature","geometry":{"type":"Point","coordinates":[10.324177,45.231475]},"properties":{"id":"it_017071","istat_code":"017071","name":"Fiesse","province":"BS","population":2000,"type":"settlement"}},{"type":"Feature","geometry":{"type":"Point","coordinates":[10.372376,45.318378]},"properties":{"id":"it_017203","istat_code":"017203","name":"Visano","province":"BS","population":1998,"type":"settlement"}},{"type":"Feature","geometry":{"type":"Point","coordinates":[9.751675,45.781144]},"properties":{"id":"it_016197","istat_code":"016197","name":"Selvino","province":"BG","population":1994,"type":"settlement"}},{"type":"Feature","geometry":{"type":"Point","coordinates":[9.337852,45.37977]},"properties":{"id":"it_015082","istat_code":"015082","name":"Colturano","province":"MI","population":1986,"type":"settlement"}},{"type":"Feature","geometry":{"type":"Point","coordinates":[10.333263,45.975994]},"properties":{"id":"it_017118","istat_code":"017118","name":"Niardo","province":"BS","population":1983,"type":"settlement"}},{"type":"Feature","geometry":{"type":"Point","coordinates":[10.273339,45.950602]},"properties":{"id":"it_017100","istat_code":"017100","name":"Malegno","province":"BS","population":1982,"type":"settlement"}},{"type":"Feature","geometry":{"type":"Point","coordinates":[9.874626,45.705615]},"properties":{"id":"it_016094","istat_code":"016094","name":"Entratico","province":"BG","population":1979,"type":"settlement"}},{"type":"Feature","geometry":{"type":"Point","coordinates":[9.674828,46.182788]},"properties":{"id":"it_014010","istat_code":"014010","name":"Buglio in Monte","province":"SO","population":1977,"type":"settlement"}},{"type":"Feature","geometry":{"type":"Point","coordinates":[11.019604,45.069272]},"properties":{"id":"it_020064","istat_code":"020064","name":"Sustinente","province":"MN","population":1972,"type":"settlement"}},{"type":"Feature","geometry":{"type":"Point","coordinates":[9.578661,45.168767]},"properties":{"id":"it_098043","istat_code":"098043","name":"Ospedaletto Lodigiano","province":"LO","population":1959,"type":"settlement"}},{"type":"Feature","geometry":{"type":"Point","coordinates":[9.879466,45.244572]},"properties":{"id":"it_019003","istat_code":"019003","name":"Annicco","province":"CR","population":1953,"type":"settlement"}},{"type":"Feature","geometry":{"type":"Point","coordinates":[9.365335,46.292293]},"properties":{"id":"it_014032","istat_code":"014032","name":"Gordona","province":"SO","population":1945,"type":"settlement"}},{"type":"Feature","geometry":{"type":"Point","coordinates":[9.750043,45.355385]},"properties":{"id":"it_019054","istat_code":"019054","name":"Izano","province":"CR","population":1945,"type":"settlement"}},{"type":"Feature","geometry":{"type":"Point","coordinates":[9.45307,45.972641]},"properties":{"id":"it_097040","istat_code":"097040","name":"Introbio","province":"LC","population":1944,"type":"settlement"}},{"type":"Feature","geometry":{"type":"Point","coordinates":[10.512675,45.527784]},"properties":{"id":"it_017180","istat_code":"017180","name":"Soiano del Lago","province":"BS","population":1940,"type":"settlement"}},{"type":"Feature","geometry":{"type":"Point","coordinates":[8.63373,45.856932]},"properties":{"id":"it_012104","istat_code":"012104","name":"Monvalle","province":"VA","population":1938,"type":"settlement"}},{"type":"Feature","geometry":{"type":"Point","coordinates":[9.787859,45.538978]},"properties":{"id":"it_016083","istat_code":"016083","name":"Cortenuova","province":"BG","population":1927,"type":"settlement"}},{"type":"Feature","geometry":{"type":"Point","coordinates":[10.100963,45.690385]},"properties":{"id":"it_017182","istat_code":"017182","name":"Sulzano","province":"BS","population":1923,"type":"settlement"}},{"type":"Feature","geometry":{"type":"Point","coordinates":[9.250424,45.819244]},"properties":{"id":"it_013134","istat_code":"013134","name":"Longone al Segrino","province":"CO","population":1919,"type":"settlement"}},{"type":"Feature","geometry":{"type":"Point","coordinates":[9.59346,45.232869]},"properties":{"id":"it_098052","istat_code":"098052","name":"Secugnago","province":"LO","population":1917,"type":"settlement"}},{"type":"Feature","geometry":{"type":"Point","coordinates":[11.214786,45.034383]},"properties":{"id":"it_020073","istat_code":"020073","name":"Borgocarbonara","province":"MN","population":1915,"type":"settlement"}},{"type":"Feature","geometry":{"type":"Point","coordinates":[9.420908,46.330143]},"properties":{"id":"it_014050","istat_code":"014050","name":"Piuro","province":"SO","population":1914,"type":"settlement"}},{"type":"Feature","geometry":{"type":"Point","coordinates":[10.243457,46.166198]},"properties":{"id":"it_017063","istat_code":"017063","name":"Corteno Golgi","province":"BS","population":1913,"type":"settlement"}},{"type":"Feature","geometry":{"type":"Point","coordinates":[9.442169,45.951783]},"properties":{"id":"it_097065","istat_code":"097065","name":"Pasturo","province":"LC","population":1912,"type":"settlement"}},{"type":"Feature","geometry":{"type":"Point","coordinates":[10.388448,45.64685]},"properties":{"id":"it_017121","istat_code":"017121","name":"Odolo","province":"BS","population":1911,"type":"settlement"}},{"type":"Feature","geometry":{"type":"Point","coordinates":[10.37518,45.078872]},"properties":{"id":"it_019090","istat_code":"019090","name":"San Giovanni in Croce","province":"CR","population":1904,"type":"settlement"}},{"type":"Feature","geometry":{"type":"Point","coordinates":[8.659784,45.944923]},"properties":{"id":"it_012045","istat_code":"012045","name":"Castelveccana","province":"VA","population":1900,"type":"settlement"}},{"type":"Feature","geometry":{"type":"Point","coordinates":[10.114948,45.167703]},"properties":{"id":"it_019046","istat_code":"019046","name":"Gadesco-Pieve Delmona","province":"CR","population":1900,"type":"settlement"}},{"type":"Feature","geometry":{"type":"Point","coordinates":[8.929329,45.864206]},"properties":{"id":"it_012052","istat_code":"012052","name":"Clivio","province":"VA","population":1899,"type":"settlement"}},{"type":"Feature","geometry":{"type":"Point","coordinates":[10.478326,45.737745]},"properties":{"id":"it_017082","istat_code":"017082","name":"Idro","province":"BS","population":1893,"type":"settlement"}},{"type":"Feature","geometry":{"type":"Point","coordinates":[9.449839,46.221592]},"properties":{"id":"it_014046","istat_code":"014046","name":"Novate Mezzola","province":"SO","population":1879,"type":"settlement"}},{"type":"Feature","geometry":{"type":"Point","coordinates":[9.454647,45.770781]},"properties":{"id":"it_097052","istat_code":"097052","name":"Monte Marenzo","province":"LC","population":1875,"type":"settlement"}},{"type":"Feature","geometry":{"type":"Point","coordinates":[9.418996,45.154392]},"properties":{"id":"it_018139","istat_code":"018139","name":"Santa Cristina e Bissone","province":"PV","population":1871,"type":"settlement"}},{"type":"Feature","geometry":{"type":"Point","coordinates":[8.971033,45.968081]},"properties":{"id":"it_013040","istat_code":"013040","name":"Campione d'Italia","province":"CO","population":1869,"type":"settlement"}},{"type":"Feature","geometry":{"type":"Point","coordinates":[9.735614,45.120066]},"properties":{"id":"it_098051","istat_code":"098051","name":"Santo Stefano Lodigiano","province":"LO","population":1854,"type":"settlement"}},{"type":"Feature","geometry":{"type":"Point","coordinates":[8.750845,45.282602]},"properties":{"id":"it_018109","istat_code":"018109","name":"Parona","province":"PV","population":1848,"type":"settlement"}},{"type":"Feature","geometry":{"type":"Point","coordinates":[9.92605,46.174795]},"properties":{"id":"it_014051","istat_code":"014051","name":"Poggiridenti","province":"SO","population":1847,"type":"settlement"}},{"type":"Feature","geometry":{"type":"Point","coordinates":[9.481858,45.237968]},"properties":{"id":"it_098060","istat_code":"098060","name":"Villanova del Sillaro","province":"LO","population":1841,"type":"settlement"}},{"type":"Feature","geometry":{"type":"Point","coordinates":[9.382335,46.306294]},"properties":{"id":"it_014043","istat_code":"014043","name":"Mese","province":"SO","population":1838,"type":"settlement"}},{"type":"Feature","geometry":{"type":"Point","coordinates":[10.469783,45.027972]},"properties":{"id":"it_019083","istat_code":"019083","name":"Rivarolo del Re ed Uniti","province":"CR","population":1831,"type":"settlement"}},{"type":"Feature","geometry":{"type":"Point","coordinates":[8.908314,45.423576]},"properties":{"id":"it_015061","istat_code":"015061","name":"Cassinetta di Lugagnano","province":"MI","population":1829,"type":"settlement"}},{"type":"Feature","geometry":{"type":"Point","coordinates":[9.722165,45.136368]},"properties":{"id":"it_098047","istat_code":"098047","name":"San Fiorano","province":"LO","population":1826,"type":"settlement"}},{"type":"Feature","geometry":{"type":"Point","coordinates":[9.720895,45.436968]},"properties":{"id":"it_019017","istat_code":"019017","name":"Casale Cremasco-Vidolasco","province":"CR","population":1817,"type":"settlement"}},{"type":"Feature","geometry":{"type":"Point","coordinates":[8.533436,45.301761]},"properties":{"id":"it_018107","istat_code":"018107","name":"Palestro","province":"PV","population":1814,"type":"settlement"}},{"type":"Feature","geometry":{"type":"Point","coordinates":[10.014361,45.680784]},"properties":{"id":"it_016174","istat_code":"016174","name":"Predore","province":"BG","population":1803,"type":"settlement"}},{"type":"Feature","geometry":{"type":"Point","coordinates":[9.195442,45.768478]},"properties":{"id":"it_013009","istat_code":"013009","name":"Anzano del Parco","province":"CO","population":1796,"type":"settlement"}},{"type":"Feature","geometry":{"type":"Point","coordinates":[10.351963,46.002595]},"properties":{"id":"it_017050","istat_code":"017050","name":"Ceto","province":"BS","population":1796,"type":"settlement"}},{"type":"Feature","geometry":{"type":"Point","coordinates":[8.669572,45.749866]},"properties":{"id":"it_012101","istat_code":"012101","name":"Mercallo","province":"VA","population":1786,"type":"settlement"}},{"type":"Feature","geometry":{"type":"Point","coordinates":[9.930855,45.904689]},"properties":{"id":"it_016241","istat_code":"016241","name":"Villa d'Ogna","province":"BG","population":1785,"type":"settlement"}},{"type":"Feature","geometry":{"type":"Point","coordinates":[10.025203,45.781784]},"properties":{"id":"it_016200","istat_code":"016200","name":"Solto Collina","province":"BG","population":1777,"type":"settlement"}},{"type":"Feature","geometry":{"type":"Point","coordinates":[9.593862,45.151667]},"properties":{"id":"it_098053","istat_code":"098053","name":"Senna Lodigiana","province":"LO","population":1776,"type":"settlement"}},{"type":"Feature","geometry":{"type":"Point","coordinates":[9.628758,45.408174]},"properties":{"id":"it_019020","istat_code":"019020","name":"Casaletto Vaprio","province":"CR","population":1773,"type":"settlement"}},{"type":"Feature","geometry":{"type":"Point","coordinates":[9.311543,45.816781]},"properties":{"id":"it_097078","istat_code":"097078","name":"Suello","province":"LC","population":1769,"type":"settlement"}},{"type":"Feature","geometry":{"type":"Point","coordinates":[8.804146,45.049957]},"properties":{"id":"it_018113","istat_code":"018113","name":"Pieve del Cairo","province":"PV","population":1758,"type":"settlement"}},{"type":"Feature","geometry":{"type":"Point","coordinates":[9.313453,45.308268]},"properties":{"id":"it_018009","istat_code":"018009","name":"Bascapè","province":"PV","population":1755,"type":"settlement"}},{"type":"Feature","geometry":{"type":"Point","coordinates":[9.377155,45.252967]},"properties":{"id":"it_098036","istat_code":"098036","name":"Marudo","province":"LO","population":1755,"type":"settlement"}},{"type":"Feature","geometry":{"type":"Point","coordinates":[9.329355,45.223566]},"properties":{"id":"it_018085","istat_code":"018085","name":"Magherno","province":"PV","population":1752,"type":"settlement"}},{"type":"Feature","geometry":{"type":"Point","coordinates":[9.900355,45.799761]},"properties":{"id":"it_016161","istat_code":"016161","name":"Peia","province":"BG","population":1746,"type":"settlement"}},{"type":"Feature","geometry":{"type":"Point","coordinates":[10.508662,46.258603]},"properties":{"id":"it_017148","istat_code":"017148","name":"Ponte di Legno","province":"BS","population":1743,"type":"settlement"}},{"type":"Feature","geometry":{"type":"Point","coordinates":[9.882974,45.866062]},"properties":{"id":"it_016168","istat_code":"016168","name":"Ponte Nossa","province":"BG","population":1740,"type":"settlement"}},{"type":"Feature","geometry":{"type":"Point","coordinates":[8.685101,45.89318]},"properties":{"id":"it_012019","istat_code":"012019","name":"Brenta","province":"VA","population":1738,"type":"settlement"}},{"type":"Feature","geometry":{"type":"Point","coordinates":[10.199273,45.273575]},"properties":{"id":"it_017108","istat_code":"017108","name":"Milzano","province":"BS","population":1736,"type":"settlement"}},{"type":"Feature","geometry":{"type":"Point","coordinates":[9.72396,45.405674]},"properties":{"id":"it_019079","istat_code":"019079","name":"Ricengo","province":"CR","population":1736,"type":"settlement"}},{"type":"Feature","geometry":{"type":"Point","coordinates":[9.362425,45.761661]},"properties":{"id":"it_097024","istat_code":"097024","name":"Colle Brianza","province":"LC","population":1731,"type":"settlement"}},{"type":"Feature","geometry":{"type":"Point","coordinates":[9.639553,45.394917]},"properties":{"id":"it_019037","istat_code":"019037","name":"Cremosano","province":"CR","population":1728,"type":"settlement"}},{"type":"Feature","geometry":{"type":"Point","coordinates":[9.336008,45.256932]},"properties":{"id":"it_098059","istat_code":"098059","name":"Valera Fratta","province":"LO","population":1724,"type":"settlement"}},{"type":"Feature","geometry":{"type":"Point","coordinates":[9.494156,45.359771]},"properties":{"id":"it_098003","istat_code":"098003","name":"Boffalora d'Adda","province":"LO","population":1722,"type":"settlement"}},{"type":"Feature","geometry":{"type":"Point","coordinates":[9.123964,45.4782]},"properties":{"id":"it_013248","istat_code":"013248","name":"San Siro","province":"CO","population":1716,"type":"settlement"}},{"type":"Feature","geometry":{"type":"Point","coordinates":[10.114774,45.134771]},"properties":{"id":"it_019056","istat_code":"019056","name":"Malagnino","province":"CR","population":1710,"type":"settlement"}},{"type":"Feature","geometry":{"type":"Point","coordinates":[8.942735,45.834278]},"properties":{"id":"it_013024","istat_code":"013024","name":"Bizzarone","province":"CO","population":1702,"type":"settlement"}},{"type":"Feature","geometry":{"type":"Point","coordinates":[9.429853,45.433372]},"properties":{"id":"it_098039","istat_code":"098039","name":"Merlino","province":"LO","population":1698,"type":"settlement"}},{"type":"Feature","geometry":{"type":"Point","coordinates":[9.458357,45.263268]},"properties":{"id":"it_098045","istat_code":"098045","name":"Pieve Fissiraga","province":"LO","population":1696,"type":"settlement"}},{"type":"Feature","geometry":{"type":"Point","coordinates":[9.322455,45.196266]},"properties":{"id":"it_018053","istat_code":"018053","name":"Copiano","province":"PV","population":1693,"type":"settlement"}},{"type":"Feature","geometry":{"type":"Point","coordinates":[9.299885,45.74168]},"properties":{"id":"it_097028","istat_code":"097028","name":"Cremella","province":"LC","population":1691,"type":"settlement"}},{"type":"Feature","geometry":{"type":"Point","coordinates":[10.534508,45.227309]},"properties":{"id":"it_020041","istat_code":"020041","name":"Piubega","province":"MN","population":1687,"type":"settlement"}},{"type":"Feature","geometry":{"type":"Point","coordinates":[9.866095,45.20073]},"properties":{"id":"it_019051","istat_code":"019051","name":"Grumello Cremonese ed Uniti","province":"CR","population":1686,"type":"settlement"}},{"type":"Feature","geometry":{"type":"Point","coordinates":[9.012955,45.207166]},"properties":{"id":"it_018189","istat_code":"018189","name":"Zerbolò","province":"PV","population":1681,"type":"settlement"}},{"type":"Feature","geometry":{"type":"Point","coordinates":[10.052666,45.454178]},"properties":{"id":"it_017026","istat_code":"017026","name":"Brandico","province":"BS","population":1678,"type":"settlement"}},{"type":"Feature","geometry":{"type":"Point","coordinates":[9.692956,45.676227]},"properties":{"id":"it_016150","istat_code":"016150","name":"Orio al Serio","province":"BG","population":1676,"type":"settlement"}},{"type":"Feature","geometry":{"type":"Point","coordinates":[9.201144,45.257869]},"properties":{"id":"it_018185","istat_code":"018185","name":"Zeccone","province":"PV","population":1676,"type":"settlement"}},{"type":"Feature","geometry":{"type":"Point","coordinates":[9.870128,45.479947]},"properties":{"id":"it_016177","istat_code":"016177","name":"Pumenengo","province":"BG","population":1671,"type":"settlement"}},{"type":"Feature","geometry":{"type":"Point","coordinates":[9.167254,45.069861]},"properties":{"id":"it_018115","istat_code":"018115","name":"Pinarolo Po","province":"PV","population":1668,"type":"settlement"}},{"type":"Feature","geometry":{"type":"Point","coordinates":[9.295054,45.247967]},"properties":{"id":"it_018087","istat_code":"018087","name":"Marzano","province":"PV","population":1656,"type":"settlement"}},{"type":"Feature","geometry":{"type":"Point","coordinates":[8.756831,45.840476]},"properties":{"id":"it_012008","istat_code":"012008","name":"Barasso","province":"VA","population":1649,"type":"settlement"}},{"type":"Feature","geometry":{"type":"Point","coordinates":[9.23087,45.837589]},"properties":{"id":"it_013052","istat_code":"013052","name":"Caslino d'Erba","province":"CO","population":1649,"type":"settlement"}},{"type":"Feature","geometry":{"type":"Point","coordinates":[9.473729,45.93485]},"properties":{"id":"it_097029","istat_code":"097029","name":"Cremeno","province":"LC","population":1649,"type":"settlement"}},{"type":"Feature","geometry":{"type":"Point","coordinates":[9.884704,45.812733]},"properties":{"id":"it_016067","istat_code":"016067","name":"Cazzano Sant'Andrea","province":"BG","population":1646,"type":"settlement"}},{"type":"Feature","geometry":{"type":"Point","coordinates":[10.080176,45.716536]},"properties":{"id":"it_017111","istat_code":"017111","name":"Monte Isola","province":"BS","population":1646,"type":"settlement"}},{"type":"Feature","geometry":{"type":"Point","coordinates":[10.258441,46.279862]},"properties":{"id":"it_014034","istat_code":"014034","name":"Grosotto","province":"SO","population":1644,"type":"settlement"}},{"type":"Feature","geometry":{"type":"Point","coordinates":[10.353335,45.650676]},"properties":{"id":"it_017003","istat_code":"017003","name":"Agnosine","province":"BS","population":1644,"type":"settlement"}},{"type":"Feature","geometry":{"type":"Point","coordinates":[10.591879,44.928756]},"properties":{"id":"it_020043","istat_code":"020043","name":"Pomponesco","province":"MN","population":1644,"type":"settlement"}},{"type":"Feature","geometry":{"type":"Point","coordinates":[10.321243,45.69455]},"properties":{"id":"it_017044","istat_code":"017044","name":"Casto","province":"BS","population":1643,"type":"settlement"}},{"type":"Feature","geometry":{"type":"Point","coordinates":[10.518348,45.099056]},"properties":{"id":"it_020059","istat_code":"020059","name":"San Martino dall'Argine","province":"MN","population":1643,"type":"settlement"}},{"type":"Feature","geometry":{"type":"Point","coordinates":[8.983636,45.832278]},"properties":{"id":"it_013199","istat_code":"013199","name":"Ronago","province":"CO","population":1642,"type":"settlement"}},{"type":"Feature","geometry":{"type":"Point","coordinates":[9.09599,45.81947]},"properties":{"id":"it_013032","istat_code":"013032","name":"Brunate","province":"CO","population":1641,"type":"settlement"}},{"type":"Feature","geometry":{"type":"Point","coordinates":[8.734129,45.896177]},"properties":{"id":"it_012063","istat_code":"012063","name":"Cuvio","province":"VA","population":1633,"type":"settlement"}},{"type":"Feature","geometry":{"type":"Point","coordinates":[10.277667,45.719687]},"properties":{"id":"it_017090","istat_code":"017090","name":"Lodrino","province":"BS","population":1633,"type":"settlement"}},{"type":"Feature","geometry":{"type":"Point","coordinates":[9.816401,45.329394]},"properties":{"id":"it_019110","istat_code":"019110","name":"Trigolo","province":"CR","population":1633,"type":"settlement"}},{"type":"Feature","geometry":{"type":"Point","coordinates":[9.855865,45.816027]},"properties":{"id":"it_016080","istat_code":"016080","name":"Colzate","province":"BG","population":1631,"type":"settlement"}},{"type":"Feature","geometry":{"type":"Point","coordinates":[9.315538,45.036946]},"properties":{"id":"it_018100","istat_code":"018100","name":"Montù Beccaria","province":"PV","population":1616,"type":"settlement"}},{"type":"Feature","geometry":{"type":"Point","coordinates":[8.757834,45.947817]},"properties":{"id":"it_012102","istat_code":"012102","name":"Mesenzana","province":"VA","population":1607,"type":"settlement"}},{"type":"Feature","geometry":{"type":"Point","coordinates":[8.998828,45.372872]},"properties":{"id":"it_015112","istat_code":"015112","name":"Gudo Visconti","province":"MI","population":1596,"type":"settlement"}},{"type":"Feature","geometry":{"type":"Point","coordinates":[10.011019,45.854348]},"properties":{"id":"it_016071","istat_code":"016071","name":"Cerete","province":"BG","population":1590,"type":"settlement"}},{"type":"Feature","geometry":{"type":"Point","coordinates":[8.820143,45.900037]},"properties":{"id":"it_012131","istat_code":"012131","name":"Valganna","province":"VA","population":1583,"type":"settlement"}},{"type":"Feature","geometry":{"type":"Point","coordinates":[8.698036,45.834865]},"properties":{"id":"it_012009","istat_code":"012009","name":"Bardello","province":"VA","population":1581,"type":"settlement"}},{"type":"Feature","geometry":{"type":"Point","coordinates":[10.186275,45.130272]},"properties":{"id":"it_019075","istat_code":"019075","name":"Pieve San Giacomo","province":"CR","population":1578,"type":"settlement"}},{"type":"Feature","geometry":{"type":"Point","coordinates":[9.899666,45.286373]},"properties":{"id":"it_019022","istat_code":"019022","name":"Casalmorano","province":"CR","population":1575,"type":"settlement"}},{"type":"Feature","geometry":{"type":"Point","coordinates":[9.087823,44.975948]},"properties":{"id":"it_018155","istat_code":"018155","name":"Torrazza Coste","province":"PV","population":1569,"type":"settlement"}},{"type":"Feature","geometry":{"type":"Point","coordinates":[9.098438,45.85998]},"properties":{"id":"it_013152","istat_code":"013152","name":"Moltrasio","province":"CO","population":1568,"type":"settlement"}},{"type":"Feature","geometry":{"type":"Point","coordinates":[10.336266,46.093418]},"properties":{"id":"it_017016","istat_code":"017016","name":"Berzo Demo","province":"BS","population":1562,"type":"settlement"}},{"type":"Feature","geometry":{"type":"Point","coordinates":[9.650529,45.296063]},"properties":{"id":"it_019034","istat_code":"019034","name":"Credera Rubbiano","province":"CR","population":1562,"type":"settlement"}},{"type":"Feature","geometry":{"type":"Point","coordinates":[8.556336,45.332162]},"properties":{"id":"it_018052","istat_code":"018052","name":"Confienza","province":"PV","population":1556,"type":"settlement"}},{"type":"Feature","geometry":{"type":"Point","coordinates":[9.800247,46.172794]},"properties":{"id":"it_014015","istat_code":"014015","name":"Castione Andevenno","province":"SO","population":1555,"type":"settlement"}},{"type":"Feature","geometry":{"type":"Point","coordinates":[9.639955,45.586378]},"properties":{"id":"it_016167","istat_code":"016167","name":"Pognano","province":"BG","population":1554,"type":"settlement"}},{"type":"Feature","geometry":{"type":"Point","coordinates":[9.036174,44.9493]},"properties":{"id":"it_018121","istat_code":"018121","name":"Retorbido","province":"PV","population":1548,"type":"settlement"}},{"type":"Feature","geometry":{"type":"Point","coordinates":[9.181503,45.033836]},"properties":{"id":"it_018140","istat_code":"018140","name":"Santa Giuletta","province":"PV","population":1541,"type":"settlement"}},{"type":"Feature","geometry":{"type":"Point","coordinates":[9.362846,45.096606]},"properties":{"id":"it_018005","istat_code":"018005","name":"Arena Po","province":"PV","population":1540,"type":"settlement"}},{"type":"Feature","geometry":{"type":"Point","coordinates":[9.564308,45.30961]},"properties":{"id":"it_098024","istat_code":"098024","name":"Corte Palasio","province":"LO","population":1534,"type":"settlement"}},{"type":"Feature","geometry":{"type":"Point","coordinates":[9.867959,45.112842]},"properties":{"id":"it_098013","istat_code":"098013","name":"Castelnuovo Bocca d'Adda","province":"LO","population":1533,"type":"settlement"}},{"type":"Feature","geometry":{"type":"Point","coordinates":[9.621461,45.24887]},"properties":{"id":"it_098058","istat_code":"098058","name":"Turano Lodigiano","province":"LO","population":1533,"type":"settlement"}},{"type":"Feature","geometry":{"type":"Point","coordinates":[9.275453,45.228166]},"properties":{"id":"it_018129","istat_code":"018129","name":"Roncaro","province":"PV","population":1528,"type":"settlement"}},{"type":"Feature","geometry":{"type":"Point","coordinates":[9.308254,45.210766]},"properties":{"id":"it_018181","istat_code":"018181","name":"Vistarino","province":"PV","population":1526,"type":"settlement"}},{"type":"Feature","geometry":{"type":"Point","coordinates":[9.795567,45.102568]},"properties":{"id":"it_098011","istat_code":"098011","name":"Caselle Landi","province":"LO","population":1515,"type":"settlement"}},{"type":"Feature","geometry":{"type":"Point","coordinates":[9.103454,45.000959]},"properties":{"id":"it_018095","istat_code":"018095","name":"Montebello della Battaglia","province":"PV","population":1511,"type":"settlement"}},{"type":"Feature","geometry":{"type":"Point","coordinates":[10.187717,45.195148]},"properties":{"id":"it_019069","istat_code":"019069","name":"Pescarolo ed Uniti","province":"CR","population":1511,"type":"settlement"}},{"type":"Feature","geometry":{"type":"Point","coordinates":[10.414677,45.307378]},"properties":{"id":"it_017001","istat_code":"017001","name":"Acquafredda","province":"BS","population":1510,"type":"settlement"}},{"type":"Feature","geometry":{"type":"Point","coordinates":[10.150773,45.201873]},"properties":{"id":"it_019050","istat_code":"019050","name":"Grontardo","province":"CR","population":1505,"type":"settlement"}},{"type":"Feature","geometry":{"type":"Point","coordinates":[10.230561,45.946192]},"properties":{"id":"it_017128","istat_code":"017128","name":"Ossimo","province":"BS","population":1502,"type":"settlement"}},{"type":"Feature","geometry":{"type":"Point","coordinates":[8.664244,45.113845]},"properties":{"id":"it_018146","istat_code":"018146","name":"Sartirana Lomellina","province":"PV","population":1501,"type":"settlement"}},{"type":"Feature","geometry":{"type":"Point","coordinates":[11.033097,44.972575]},"properties":{"id":"it_020056","istat_code":"020056","name":"San Giacomo delle Segnate","province":"MN","population":1495,"type":"settlement"}},{"type":"Feature","geometry":{"type":"Point","coordinates":[10.39677,45.668287]},"properties":{"id":"it_017153","istat_code":"017153","name":"Preseglie","province":"BS","population":1493,"type":"settlement"}},{"type":"Feature","geometry":{"type":"Point","coordinates":[9.843416,45.862895]},"properties":{"id":"it_016116","istat_code":"016116","name":"Gorno","province":"BG","population":1492,"type":"settlement"}},{"type":"Feature","geometry":{"type":"Point","coordinates":[9.929672,45.148751]},"properties":{"id":"it_019100","istat_code":"019100","name":"Spinadesco","province":"CR","population":1488,"type":"settlement"}},{"type":"Feature","geometry":{"type":"Point","coordinates":[9.743802,45.200297]},"properties":{"id":"it_098062","istat_code":"098062","name":"Castelgerundo","province":"LO","population":1485,"type":"settlement"}},{"type":"Feature","geometry":{"type":"Point","coordinates":[8.768819,45.973207]},"properties":{"id":"it_012103","istat_code":"012103","name":"Montegrino Valtravaglia","province":"VA","population":1483,"type":"settlement"}},{"type":"Feature","geometry":{"type":"Point","coordinates":[10.151656,46.152697]},"properties":{"id":"it_014004","istat_code":"014004","name":"Aprica","province":"SO","population":1482,"type":"settlement"}},{"type":"Feature","geometry":{"type":"Point","coordinates":[10.189375,45.308636]},"properties":{"id":"it_017053","istat_code":"017053","name":"Cigole","province":"BS","population":1482,"type":"settlement"}},{"type":"Feature","geometry":{"type":"Point","coordinates":[8.633327,45.875076]},"properties":{"id":"it_012141","istat_code":"012141","name":"Sangiano","province":"VA","population":1478,"type":"settlement"}},{"type":"Feature","geometry":{"type":"Point","coordinates":[10.369378,45.200675]},"properties":{"id":"it_020012","istat_code":"020012","name":"Casalromano","province":"MN","population":1478,"type":"settlement"}},{"type":"Feature","geometry":{"type":"Point","coordinates":[8.78712,46.019164]},"properties":{"id":"it_012065","istat_code":"012065","name":"Dumenza","province":"VA","population":1469,"type":"settlement"}},{"type":"Feature","geometry":{"type":"Point","coordinates":[10.399732,46.240213]},"properties":{"id":"it_017198","istat_code":"017198","name":"Vezza d'Oglio","province":"BS","population":1466,"type":"settlement"}},{"type":"Feature","geometry":{"type":"Point","coordinates":[11.100535,45.072885]},"properties":{"id":"it_020062","istat_code":"020062","name":"Serravalle a Po","province":"MN","population":1466,"type":"settlement"}},{"type":"Feature","geometry":{"type":"Point","coordinates":[8.59484,45.178758]},"properties":{"id":"it_018027","istat_code":"018027","name":"Candia Lomellina","province":"PV","population":1464,"type":"settlement"}},{"type":"Feature","geometry":{"type":"Point","coordinates":[10.042715,45.476998]},"properties":{"id":"it_017097","istat_code":"017097","name":"Maclodio","province":"BS","population":1462,"type":"settlement"}},{"type":"Feature","geometry":{"type":"Point","coordinates":[9.328142,46.15099]},"properties":{"id":"it_013089","istat_code":"013089","name":"Domaso","province":"CO","population":1461,"type":"settlement"}},{"type":"Feature","geometry":{"type":"Point","coordinates":[9.043912,46.029095]},"properties":{"id":"it_013234","istat_code":"013234","name":"Valsolda","province":"CO","population":1460,"type":"settlement"}},{"type":"Feature","geometry":{"type":"Point","coordinates":[9.385256,45.197866]},"properties":{"id":"it_018077","istat_code":"018077","name":"Inverno e Monteleone","province":"PV","population":1460,"type":"settlement"}},{"type":"Feature","geometry":{"type":"Point","coordinates":[9.234493,45.171612]},"properties":{"id":"it_018169","istat_code":"018169","name":"Valle Salimbene","province":"PV","population":1460,"type":"settlement"}},{"type":"Feature","geometry":{"type":"Point","coordinates":[10.237377,45.774127]},"properties":{"id":"it_017141","istat_code":"017141","name":"Pezzaze","province":"BS","population":1455,"type":"settlement"}},{"type":"Feature","geometry":{"type":"Point","coordinates":[10.077473,45.11367]},"properties":{"id":"it_019006","istat_code":"019006","name":"Bonemerse","province":"CR","population":1452,"type":"settlement"}},{"type":"Feature","geometry":{"type":"Point","coordinates":[10.04306,45.809887]},"properties":{"id":"it_016162","istat_code":"016162","name":"Pianico","province":"BG","population":1445,"type":"settlement"}},{"type":"Feature","geometry":{"type":"Point","coordinates":[11.1811,45.005578]},"properties":{"id":"it_020029","istat_code":"020029","name":"Magnacavallo","province":"MN","population":1439,"type":"settlement"}},{"type":"Feature","geometry":{"type":"Point","coordinates":[9.888859,45.658882]},"properties":{"id":"it_016109","istat_code":"016109","name":"Gandosso","province":"BG","population":1438,"type":"settlement"}},{"type":"Feature","geometry":{"type":"Point","coordinates":[9.318857,45.097563]},"properties":{"id":"it_018118","istat_code":"018118","name":"Portalbera","province":"PV","population":1438,"type":"settlement"}},{"type":"Feature","geometry":{"type":"Point","coordinates":[10.09248,45.997675]},"properties":{"id":"it_016243","istat_code":"016243","name":"Vilminore di Scalve","province":"BG","population":1436,"type":"settlement"}},{"type":"Feature","geometry":{"type":"Point","coordinates":[10.177973,45.242674]},"properties":{"id":"it_017177","istat_code":"017177","name":"Seniga","province":"BS","population":1434,"type":"settlement"}},{"type":"Feature","geometry":{"type":"Point","coordinates":[10.089205,45.073157]},"properties":{"id":"it_019103","istat_code":"019103","name":"Stagno Lombardo","province":"CR","population":1433,"type":"settlement"}},{"type":"Feature","geometry":{"type":"Point","coordinates":[9.42934,46.13419]},"properties":{"id":"it_014048","istat_code":"014048","name":"Piantedo","province":"SO","population":1428,"type":"settlement"}},{"type":"Feature","geometry":{"type":"Point","coordinates":[10.34399,46.055989]},"properties":{"id":"it_017176","istat_code":"017176","name":"Sellero","province":"BS","population":1419,"type":"settlement"}},{"type":"Feature","geometry":{"type":"Point","coordinates":[8.924514,45.365848]},"properties":{"id":"it_015165","istat_code":"015165","name":"Ozzero","province":"MI","population":1417,"type":"settlement"}},{"type":"Feature","geometry":{"type":"Point","coordinates":[10.390175,45.610193]},"properties":{"id":"it_017193","istat_code":"017193","name":"Vallio Terme","province":"BS","population":1416,"type":"settlement"}},{"type":"Feature","geometry":{"type":"Point","coordinates":[9.061957,45.165422]},"properties":{"id":"it_018030","istat_code":"018030","name":"Carbonara al Ticino","province":"PV","population":1416,"type":"settlement"}},{"type":"Feature","geometry":{"type":"Point","coordinates":[10.0462,45.211016]},"properties":{"id":"it_019077","istat_code":"019077","name":"Pozzaglio ed Uniti","province":"CR","population":1411,"type":"settlement"}},{"type":"Feature","geometry":{"type":"Point","coordinates":[10.007366,45.443778]},"properties":{"id":"it_017064","istat_code":"017064","name":"Corzano","province":"BS","population":1402,"type":"settlement"}},{"type":"Feature","geometry":{"type":"Point","coordinates":[9.537059,45.245669]},"properties":{"id":"it_098044","istat_code":"098044","name":"Ossago Lodigiano","province":"LO","population":1399,"type":"settlement"}},{"type":"Feature","geometry":{"type":"Point","coordinates":[9.903158,45.719384]},"properties":{"id":"it_016025","istat_code":"016025","name":"Berzo San Fermo","province":"BG","population":1393,"type":"settlement"}},{"type":"Feature","geometry":{"type":"Point","coordinates":[9.359656,45.206566]},"properties":{"id":"it_018071","istat_code":"018071","name":"Gerenzago","province":"PV","population":1384,"type":"settlement"}},{"type":"Feature","geometry":{"type":"Point","coordinates":[9.462047,45.803482]},"properties":{"id":"it_097014","istat_code":"097014","name":"Carenno","province":"LC","population":1384,"type":"settlement"}},{"type":"Feature","geometry":{"type":"Point","coordinates":[9.930966,45.355375]},"properties":{"id":"it_017200","istat_code":"017200","name":"Villachiara","province":"BS","population":1367,"type":"settlement"}},{"type":"Feature","geometry":{"type":"Point","coordinates":[9.281843,45.81388]},"properties":{"id":"it_013193","istat_code":"013193","name":"Pusiano","province":"CO","population":1365,"type":"settlement"}},{"type":"Feature","geometry":{"type":"Point","coordinates":[9.862576,46.263526]},"properties":{"id":"it_014013","istat_code":"014013","name":"Caspoggio","province":"SO","population":1362,"type":"settlement"}},{"type":"Feature","geometry":{"type":"Point","coordinates":[9.605822,45.780936]},"properties":{"id":"it_016221","istat_code":"016221","name":"Ubiale Clanezzo","province":"BG","population":1361,"type":"settlement"}},{"type":"Feature","geometry":{"type":"Point","coordinates":[9.57836,45.251769]},"properties":{"id":"it_098034","istat_code":"098034","name":"Mairago","province":"LO","population":1356,"type":"settlement"}},{"type":"Feature","geometry":{"type":"Point","coordinates":[9.729346,46.153693]},"properties":{"id":"it_014023","istat_code":"014023","name":"Colorina","province":"SO","population":1353,"type":"settlement"}},{"type":"Feature","geometry":{"type":"Point","coordinates":[8.704052,45.911648]},"properties":{"id":"it_012037","istat_code":"012037","name":"Casalzuigno","province":"VA","population":1344,"type":"settlement"}},{"type":"Feature","geometry":{"type":"Point","coordinates":[9.205338,45.124654]},"properties":{"id":"it_018092","istat_code":"018092","name":"Mezzanino","province":"PV","population":1341,"type":"settlement"}},{"type":"Feature","geometry":{"type":"Point","coordinates":[9.278757,45.050462]},"properties":{"id":"it_018029","istat_code":"018029","name":"Canneto Pavese","province":"PV","population":1325,"type":"settlement"}},{"type":"Feature","geometry":{"type":"Point","coordinates":[10.051407,45.090209]},"properties":{"id":"it_019048","istat_code":"019048","name":"Gerre de' Caprioli","province":"CR","population":1325,"type":"settlement"}},{"type":"Feature","geometry":{"type":"Point","coordinates":[9.930268,45.238872]},"properties":{"id":"it_019065","istat_code":"019065","name":"Paderno Ponchielli","province":"CR","population":1324,"type":"settlement"}},{"type":"Feature","geometry":{"type":"Point","coordinates":[10.338869,45.672786]},"properties":{"id":"it_017019","istat_code":"017019","name":"Bione","province":"BS","population":1319,"type":"settlement"}},{"type":"Feature","geometry":{"type":"Point","coordinates":[10.096684,45.220029]},"properties":{"id":"it_019033","istat_code":"019033","name":"Corte de' Frati","province":"CR","population":1314,"type":"settlement"}},{"type":"Feature","geometry":{"type":"Point","coordinates":[10.3017,45.05312]},"properties":{"id":"it_019092","istat_code":"019092","name":"Scandolara Ravara","province":"CR","population":1310,"type":"settlement"}},{"type":"Feature","geometry":{"type":"Point","coordinates":[9.89399,45.726531]},"properties":{"id":"it_016236","istat_code":"016236","name":"Vigano San Martino","province":"BG","population":1303,"type":"settlement"}},{"type":"Feature","geometry":{"type":"Point","coordinates":[8.769093,45.839307]},"properties":{"id":"it_012093","istat_code":"012093","name":"Luvinate","province":"VA","population":1300,"type":"settlement"}},{"type":"Feature","geometry":{"type":"Point","coordinates":[8.862656,45.715977]},"properties":{"id":"it_012044","istat_code":"012044","name":"Castelseprio","province":"VA","population":1299,"type":"settlement"}},{"type":"Feature","geometry":{"type":"Point","coordinates":[9.189892,46.050863]},"properties":{"id":"it_013111","istat_code":"013111","name":"Grandola ed Uniti","province":"CO","population":1297,"type":"settlement"}},{"type":"Feature","geometry":{"type":"Point","coordinates":[9.244856,45.032761]},"properties":{"id":"it_018049","istat_code":"018049","name":"Cigognola","province":"PV","population":1297,"type":"settlement"}},{"type":"Feature","geometry":{"type":"Point","coordinates":[9.148504,44.966449]},"properties":{"id":"it_018016","istat_code":"018016","name":"Borgo Priolo","province":"PV","population":1296,"type":"settlement"}},{"type":"Feature","geometry":{"type":"Point","coordinates":[9.737362,45.49172]},"properties":{"id":"it_016097","istat_code":"016097","name":"Fara Olivana con Sola","province":"BG","population":1292,"type":"settlement"}},{"type":"Feature","geometry":{"type":"Point","coordinates":[9.445355,45.357971]},"properties":{"id":"it_098027","istat_code":"098027","name":"Galgagnano","province":"LO","population":1289,"type":"settlement"}},{"type":"Feature","geometry":{"type":"Point","coordinates":[9.869247,46.269297]},"properties":{"id":"it_014036","istat_code":"014036","name":"Lanzada","province":"SO","population":1283,"type":"settlement"}},{"type":"Feature","geometry":{"type":"Point","coordinates":[8.571135,45.797591]},"properties":{"id":"it_012116","istat_code":"012116","name":"Ranco","province":"VA","population":1282,"type":"settlement"}},{"type":"Feature","geometry":{"type":"Point","coordinates":[10.109354,46.188197]},"properties":{"id":"it_014008","istat_code":"014008","name":"Bianzone","province":"SO","population":1278,"type":"settlement"}},{"type":"Feature","geometry":{"type":"Point","coordinates":[10.182276,45.06377]},"properties":{"id":"it_019089","istat_code":"019089","name":"San Daniele Po","province":"CR","population":1276,"type":"settlement"}},{"type":"Feature","geometry":{"type":"Point","coordinates":[9.468765,45.946095]},"properties":{"id":"it_097007","istat_code":"097007","name":"Barzio","province":"LC","population":1272,"type":"settlement"}},{"type":"Feature","geometry":{"type":"Point","coordinates":[8.915234,45.823977]},"properties":{"id":"it_013197","istat_code":"013197","name":"Rodero","province":"CO","population":1270,"type":"settlement"}},{"type":"Feature","geometry":{"type":"Point","coordinates":[9.199529,45.779103]},"properties":{"id":"it_013006","istat_code":"013006","name":"Alserio","province":"CO","population":1267,"type":"settlement"}},{"type":"Feature","geometry":{"type":"Point","coordinates":[10.123675,45.08957]},"properties":{"id":"it_019074","istat_code":"019074","name":"Pieve d'Olmi","province":"CR","population":1258,"type":"settlement"}},{"type":"Feature","geometry":{"type":"Point","coordinates":[10.06706,45.802987]},"properties":{"id":"it_016065","istat_code":"016065","name":"Castro","province":"BG","population":1256,"type":"settlement"}},{"type":"Feature","geometry":{"type":"Point","coordinates":[9.232703,45.833229]},"properties":{"id":"it_013058","istat_code":"013058","name":"Castelmarte","province":"CO","population":1250,"type":"settlement"}},{"type":"Feature","geometry":{"type":"Point","coordinates":[9.935725,45.789229]},"properties":{"id":"it_016179","istat_code":"016179","name":"Ranzanico","province":"BG","population":1237,"type":"settlement"}},{"type":"Feature","geometry":{"type":"Point","coordinates":[11.081617,44.966893]},"properties":{"id":"it_020058","istat_code":"020058","name":"San Giovanni del Dosso","province":"MN","population":1236,"type":"settlement"}},{"type":"Feature","geometry":{"type":"Point","coordinates":[8.679464,45.828215]},"properties":{"id":"it_012095","istat_code":"012095","name":"Malgesso","province":"VA","population":1235,"type":"settlement"}},{"type":"Feature","geometry":{"type":"Point","coordinates":[8.774329,45.949179]},"properties":{"id":"it_012081","istat_code":"012081","name":"Grantola","province":"VA","population":1232,"type":"settlement"}},{"type":"Feature","geometry":{"type":"Point","coordinates":[8.857734,45.775675]},"properties":{"id":"it_012091","istat_code":"012091","name":"Lozza","province":"VA","population":1232,"type":"settlement"}},{"type":"Feature","geometry":{"type":"Point","coordinates":[9.285912,45.929247]},"properties":{"id":"it_097060","istat_code":"097060","name":"Oliveto Lario","province":"LC","population":1232,"type":"settlement"}},{"type":"Feature","geometry":{"type":"Point","coordinates":[9.17556,45.109649]},"properties":{"id":"it_018175","istat_code":"018175","name":"Verrua Po","province":"PV","population":1225,"type":"settlement"}},{"type":"Feature","geometry":{"type":"Point","coordinates":[10.35286,46.165499]},"properties":{"id":"it_017181","istat_code":"017181","name":"Sonico","province":"BS","population":1222,"type":"settlement"}},{"type":"Feature","geometry":{"type":"Point","coordinates":[9.365345,45.78568]},"properties":{"id":"it_097033","istat_code":"097033","name":"Ello","province":"LC","population":1220,"type":"settlement"}},{"type":"Feature","geometry":{"type":"Point","coordinates":[8.717908,45.977696]},"properties":{"id":"it_012020","istat_code":"012020","name":"Brezzo di Bedero","province":"VA","population":1218,"type":"settlement"}},{"type":"Feature","geometry":{"type":"Point","coordinates":[9.027746,45.325966]},"properties":{"id":"it_015042","istat_code":"015042","name":"Calvignasco","province":"MI","population":1216,"type":"settlement"}},{"type":"Feature","geometry":{"type":"Point","coordinates":[8.747233,45.948567]},"properties":{"id":"it_012022","istat_code":"012022","name":"Brissago-Valtravaglia","province":"VA","population":1215,"type":"settlement"}},{"type":"Feature","geometry":{"type":"Point","coordinates":[8.674392,45.77196]},"properties":{"id":"it_012054","istat_code":"012054","name":"Comabbio","province":"VA","population":1215,"type":"settlement"}},{"type":"Feature","geometry":{"type":"Point","coordinates":[9.74576,45.443275]},"properties":{"id":"it_019010","istat_code":"019010","name":"Camisano","province":"CR","population":1214,"type":"settlement"}},{"type":"Feature","geometry":{"type":"Point","coordinates":[9.675623,45.947786]},"properties":{"id":"it_016164","istat_code":"016164","name":"Piazza Brembana","province":"BG","population":1213,"type":"settlement"}},{"type":"Feature","geometry":{"type":"Point","coordinates":[10.240565,45.746987]},"properties":{"id":"it_017183","istat_code":"017183","name":"Tavernole sul Mella","province":"BS","population":1206,"type":"settlement"}},{"type":"Feature","geometry":{"type":"Point","coordinates":[10.512282,45.166376]},"properties":{"id":"it_020048","istat_code":"020048","name":"Redondesco","province":"MN","population":1202,"type":"settlement"}},{"type":"Feature","geometry":{"type":"Point","coordinates":[9.77761,45.336361]},"properties":{"id":"it_019043","istat_code":"019043","name":"Fiesco","province":"CR","population":1193,"type":"settlement"}},{"type":"Feature","geometry":{"type":"Point","coordinates":[10.721765,45.739781]},"properties":{"id":"it_017185","istat_code":"017185","name":"Tignale","province":"BS","population":1192,"type":"settlement"}},{"type":"Feature","geometry":{"type":"Point","coordinates":[9.56775,45.784482]},"properties":{"id":"it_016050","istat_code":"016050","name":"Capizzone","province":"BG","population":1191,"type":"settlement"}},{"type":"Feature","geometry":{"type":"Point","coordinates":[9.379666,46.172005]},"properties":{"id":"it_013216","istat_code":"013216","name":"Sorico","province":"CO","population":1189,"type":"settlement"}},{"type":"Feature","geometry":{"type":"Point","coordinates":[9.157113,45.911422]},"properties":{"id":"it_013161","istat_code":"013161","name":"Nesso","province":"CO","population":1177,"type":"settlement"}},{"type":"Feature","geometry":{"type":"Point","coordinates":[9.170904,45.858079]},"properties":{"id":"it_013098","istat_code":"013098","name":"Faggeto Lario","province":"CO","population":1169,"type":"settlement"}},{"type":"Feature","geometry":{"type":"Point","coordinates":[9.927054,45.96399]},"properties":{"id":"it_016118","istat_code":"016118","name":"Gromo","province":"BG","population":1165,"type":"settlement"}},{"type":"Feature","geometry":{"type":"Point","coordinates":[8.889216,45.947756]},"properties":{"id":"it_012024","istat_code":"012024","name":"Brusimpiano","province":"VA","population":1163,"type":"settlement"}},{"type":"Feature","geometry":{"type":"Point","coordinates":[9.383165,45.999922]},"properties":{"id":"it_097025","istat_code":"097025","name":"Cortenova","province":"LC","population":1160,"type":"settlement"}},{"type":"Feature","geometry":{"type":"Point","coordinates":[10.441281,45.128574]},"properties":{"id":"it_019009","istat_code":"019009","name":"Calvatone","province":"CR","population":1159,"type":"settlement"}},{"type":"Feature","geometry":{"type":"Point","coordinates":[9.10247,45.839942]},"properties":{"id":"it_013026","istat_code":"013026","name":"Blevio","province":"CO","population":1153,"type":"settlement"}},{"type":"Feature","geometry":{"type":"Point","coordinates":[9.894848,45.721786]},"properties":{"id":"it_016032","istat_code":"016032","name":"Borgo di Terzo","province":"BG","population":1153,"type":"settlement"}},{"type":"Feature","geometry":{"type":"Point","coordinates":[9.083384,45.13065]},"properties":{"id":"it_018151","istat_code":"018151","name":"Sommo","province":"PV","population":1152,"type":"settlement"}},{"type":"Feature","geometry":{"type":"Point","coordinates":[10.157759,46.008793]},"properties":{"id":"it_016195","istat_code":"016195","name":"Schilpario","province":"BG","population":1150,"type":"settlement"}},{"type":"Feature","geometry":{"type":"Point","coordinates":[10.41217,45.681887]},"properties":{"id":"it_017012","istat_code":"017012","name":"Barghe","province":"BS","population":1147,"type":"settlement"}},{"type":"Feature","geometry":{"type":"Point","coordinates":[10.275478,45.085071]},"properties":{"id":"it_019031","istat_code":"019031","name":"Cingia de' Botti","province":"CR","population":1145,"type":"settlement"}},{"type":"Feature","geometry":{"type":"Point","coordinates":[9.877265,45.332574]},"properties":{"id":"it_019047","istat_code":"019047","name":"Genivolta","province":"CR","population":1140,"type":"settlement"}},{"type":"Feature","geometry":{"type":"Point","coordinates":[10.791579,45.814119]},"properties":{"id":"it_017089","istat_code":"017089","name":"Limone sul Garda","province":"BS","population":1136,"type":"settlement"}},{"type":"Feature","geometry":{"type":"Point","coordinates":[9.016151,45.061259]},"properties":{"id":"it_018047","istat_code":"018047","name":"Cervesina","province":"PV","population":1136,"type":"settlement"}},{"type":"Feature","geometry":{"type":"Point","coordinates":[9.617559,45.318071]},"properties":{"id":"it_019018","istat_code":"019018","name":"Casaletto Ceredano","province":"CR","population":1136,"type":"settlement"}},{"type":"Feature","geometry":{"type":"Point","coordinates":[9.931658,45.763185]},"properties":{"id":"it_016137","istat_code":"016137","name":"Monasterolo del Castello","province":"BG","population":1132,"type":"settlement"}},{"type":"Feature","geometry":{"type":"Point","coordinates":[9.116294,45.857591]},"properties":{"id":"it_013223","istat_code":"013223","name":"Torno","province":"CO","population":1131,"type":"settlement"}},{"type":"Feature","geometry":{"type":"Point","coordinates":[9.233213,45.235341]},"properties":{"id":"it_018080","istat_code":"018080","name":"Lardirago","province":"PV","population":1131,"type":"settlement"}},{"type":"Feature","geometry":{"type":"Point","coordinates":[9.994057,45.892689]},"properties":{"id":"it_016099","istat_code":"016099","name":"Fino del Monte","province":"BG","population":1130,"type":"settlement"}},{"type":"Feature","geometry":{"type":"Point","coordinates":[9.560642,46.154191]},"properties":{"id":"it_014022","istat_code":"014022","name":"Civo","province":"SO","population":1127,"type":"settlement"}},{"type":"Feature","geometry":{"type":"Point","coordinates":[9.890147,45.168436]},"properties":{"id":"it_019001","istat_code":"019001","name":"Acquanegra Cremonese","province":"CR","population":1126,"type":"settlement"}},{"type":"Feature","geometry":{"type":"Point","coordinates":[8.682044,45.046656]},"properties":{"id":"it_018065","istat_code":"018065","name":"Frascarolo","province":"PV","population":1123,"type":"settlement"}},{"type":"Feature","geometry":{"type":"Point","coordinates":[9.110496,45.88052]},"properties":{"id":"it_013044","istat_code":"013044","name":"Carate Urio","province":"CO","population":1122,"type":"settlement"}},{"type":"Feature","geometry":{"type":"Point","coordinates":[9.780243,45.355543]},"properties":{"id":"it_019087","istat_code":"019087","name":"Salvirola","province":"CR","population":1122,"type":"settlement"}},{"type":"Feature","geometry":{"type":"Point","coordinates":[10.082757,45.974292]},"properties":{"id":"it_016078","istat_code":"016078","name":"Colere","province":"BG","population":1116,"type":"settlement"}},{"type":"Feature","geometry":{"type":"Point","coordinates":[9.610376,45.425794]},"properties":{"id":"it_019073","istat_code":"019073","name":"Pieranica","province":"CR","population":1115,"type":"settlement"}},{"type":"Feature","geometry":{"type":"Point","coordinates":[9.758512,45.133291]},"properties":{"id":"it_098022","istat_code":"098022","name":"Corno Giovine","province":"LO","population":1113,"type":"settlement"}},{"type":"Feature","geometry":{"type":"Point","coordinates":[9.962284,45.684342]},"properties":{"id":"it_016235","istat_code":"016235","name":"Viadanica","province":"BG","population":1110,"type":"settlement"}},{"type":"Feature","geometry":{"type":"Point","coordinates":[10.46805,46.249214]},"properties":{"id":"it_017184","istat_code":"017184","name":"Temù","province":"BS","population":1110,"type":"settlement"}},{"type":"Feature","geometry":{"type":"Point","coordinates":[10.350068,46.076646]},"properties":{"id":"it_017047","istat_code":"017047","name":"Cedegolo","province":"BS","population":1105,"type":"settlement"}},{"type":"Feature","geometry":{"type":"Point","coordinates":[8.864347,45.115059]},"properties":{"id":"it_018062","istat_code":"018062","name":"Ferrera Erbognone","province":"PV","population":1100,"type":"settlement"}},{"type":"Feature","geometry":{"type":"Point","coordinates":[10.312957,45.176269]},"properties":{"id":"it_019053","istat_code":"019053","name":"Isola Dovarese","province":"CR","population":1099,"type":"settlement"}},{"type":"Feature","geometry":{"type":"Point","coordinates":[11.072981,44.995094]},"properties":{"id":"it_020060","istat_code":"020060","name":"Schivenoglia","province":"MN","population":1096,"type":"settlement"}},{"type":"Feature","geometry":{"type":"Point","coordinates":[10.545345,45.034443]},"properties":{"id":"it_020020","istat_code":"020020","name":"Commessaggio","province":"MN","population":1091,"type":"settlement"}},{"type":"Feature","geometry":{"type":"Point","coordinates":[9.877063,45.446377]},"properties":{"id":"it_016217","istat_code":"016217","name":"Torre Pallavicina","province":"BG","population":1081,"type":"settlement"}},{"type":"Feature","geometry":{"type":"Point","coordinates":[9.874655,45.870187]},"properties":{"id":"it_016175","istat_code":"016175","name":"Premolo","province":"BG","population":1079,"type":"settlement"}},{"type":"Feature","geometry":{"type":"Point","coordinates":[9.244955,45.094424]},"properties":{"id":"it_018026","istat_code":"018026","name":"Campospinoso","province":"PV","population":1067,"type":"settlement"}},{"type":"Feature","geometry":{"type":"Point","coordinates":[8.829209,45.152816]},"properties":{"id":"it_018106","istat_code":"018106","name":"Ottobiano","province":"PV","population":1067,"type":"settlement"}},{"type":"Feature","geometry":{"type":"Point","coordinates":[8.68714,45.234561]},"properties":{"id":"it_018039","istat_code":"018039","name":"Castello d'Agogna","province":"PV","population":1066,"type":"settlement"}},{"type":"Feature","geometry":{"type":"Point","coordinates":[8.734475,45.785316]},"properties":{"id":"it_012082","istat_code":"012082","name":"Inarzo","province":"VA","population":1062,"type":"settlement"}},{"type":"Feature","geometry":{"type":"Point","coordinates":[9.454739,46.198692]},"properties":{"id":"it_014075","istat_code":"014075","name":"Verceia","province":"SO","population":1062,"type":"settlement"}},{"type":"Feature","geometry":{"type":"Point","coordinates":[9.57745,45.773082]},"properties":{"id":"it_016208","istat_code":"016208","name":"Strozza","province":"BG","population":1059,"type":"settlement"}},{"type":"Feature","geometry":{"type":"Point","coordinates":[9.814548,46.149994]},"properties":{"id":"it_014011","istat_code":"014011","name":"Caiolo","province":"SO","population":1057,"type":"settlement"}},{"type":"Feature","geometry":{"type":"Point","coordinates":[11.045796,45.039077]},"properties":{"id":"it_020046","istat_code":"020046","name":"Quingentole","province":"MN","population":1057,"type":"settlement"}},{"type":"Feature","geometry":{"type":"Point","coordinates":[9.371899,46.171099]},"properties":{"id":"it_013107","istat_code":"013107","name":"Gera Lario","province":"CO","population":1050,"type":"settlement"}},{"type":"Feature","geometry":{"type":"Point","coordinates":[9.668062,45.23307]},"properties":{"id":"it_098002","istat_code":"098002","name":"Bertonico","province":"LO","population":1050,"type":"settlement"}},{"type":"Feature","geometry":{"type":"Point","coordinates":[8.848447,45.059858]},"properties":{"id":"it_018090","istat_code":"018090","name":"Mezzana Bigli","province":"PV","population":1045,"type":"settlement"}},{"type":"Feature","geometry":{"type":"Point","coordinates":[9.927255,45.896488]},"properties":{"id":"it_016163","istat_code":"016163","name":"Piario","province":"BG","population":1044,"type":"settlement"}},{"type":"Feature","geometry":{"type":"Point","coordinates":[9.24869,44.916917]},"properties":{"id":"it_018193","istat_code":"018193","name":"Colli Verdi","province":"PV","population":1043,"type":"settlement"}},{"type":"Feature","geometry":{"type":"Point","coordinates":[9.276633,46.102769]},"properties":{"id":"it_013183","istat_code":"013183","name":"Pianello del Lario","province":"CO","population":1034,"type":"settlement"}},{"type":"Feature","geometry":{"type":"Point","coordinates":[8.790098,45.174413]},"properties":{"id":"it_018136","istat_code":"018136","name":"San Giorgio di Lomellina","province":"PV","population":1033,"type":"settlement"}},{"type":"Feature","geometry":{"type":"Point","coordinates":[10.115882,45.763445]},"properties":{"id":"it_017205","istat_code":"017205","name":"Zone","province":"BS","population":1032,"type":"settlement"}},{"type":"Feature","geometry":{"type":"Point","coordinates":[10.003095,45.267444]},"properties":{"id":"it_019032","istat_code":"019032","name":"Corte de' Cortesi con Cignone","province":"CR","population":1028,"type":"settlement"}},{"type":"Feature","geometry":{"type":"Point","coordinates":[9.203918,45.037446]},"properties":{"id":"it_018120","istat_code":"018120","name":"Redavalle","province":"PV","population":1027,"type":"settlement"}},{"type":"Feature","geometry":{"type":"Point","coordinates":[9.035447,45.282965]},"properties":{"id":"it_018165","istat_code":"018165","name":"Trovo","province":"PV","population":1026,"type":"settlement"}},{"type":"Feature","geometry":{"type":"Point","coordinates":[8.954811,45.352442]},"properties":{"id":"it_015150","istat_code":"015150","name":"Morimondo","province":"MI","population":1025,"type":"settlement"}},{"type":"Feature","geometry":{"type":"Point","coordinates":[10.256656,46.2586]},"properties":{"id":"it_014040","istat_code":"014040","name":"Mazzo di Valtellina","province":"SO","population":1022,"type":"settlement"}}]}