{"type":"FeatureCollection","features":[{"type":"Feature","geometry":{"type":"Point","coordinates":[11.88,43.46]},"properties":{"id":"dc_001","name":"Aruba IT1 - Arezzo","type":"data_center","subtype":"colocation","operator":"Aruba S.p.A.","capacity":"4 MW","description_it":"Data center di colocation Aruba IT1 situato ad Arezzo, con 1.500 mq di spazio e capacità di potenza fino a 40 kW per rack. Uno dei primi data center di Aruba in Italia, operativo dal 2000.","country":"IT","city":"Arezzo","confidence":"medium","impact":{"capacity_mw":4,"power_draw_mw_est":null,"pue":null,"water_use_m3_year":null,"land_ha":null,"co2_t_year_est":null,"energy_mix_note_it":"Colocation di piccola/media taglia; prelievo dipendente dall’occupazione rack.","energy_mix_note_en":"Small/medium colocation; draw depends on rack occupancy."},"updated_at":"2026-09-23","description_en":"Aruba IT1 colocation data center in Arezzo, with 1,500 sqm of space and power capacity up to 40 kW per rack. One of Aruba’s first data centers in Italy, operational since 2000."}},{"type":"Feature","geometry":{"type":"Point","coordinates":[9.5878,45.6955]},"properties":{"id":"dc_002","name":"Aruba Global Cloud Data Center IT3 - Ponte San Pietro","type":"data_center","subtype":"hyperscale","operator":"Aruba S.p.A.","capacity":"60 MW (campus totale)","description_it":"Campus hyperscale Aruba IT3 a Ponte San Pietro (Bergamo), tra i più grandi in Italia (~200.000 mq). Completamento (Data Center D) con allaccio diretto alla cabina primaria E-Distribuzione «Ponte» contigua; a monte, SE Terna Mozzo 132 kV (autorizzata) rinforza la stessa cabina. L’operatore dichiara copertura rinnovabile.","country":"IT","city":"Ponte San Pietro","status":"operational","site_category":"infrastructure","opened_year":2021,"updated_at":"2026-09-29","confidence":"medium","impact":{"capacity_mw":60,"power_draw_mw_est":15,"pue":null,"water_use_m3_year":null,"land_ha":20,"co2_t_year_est":null,"energy_mix_note_it":"Allaccio confirmed: cabina primaria Ponte (E-Distribuzione). Mozzo è rinforzo RTN a monte, non il punto di prelievo del campus.","energy_mix_note_en":"Connection confirmed: Ponte primary cabin (E-Distribuzione). Mozzo is upstream RTN reinforcement, not the campus offtake point."},"employment":{"direct":null,"indirect_est":null,"contractors_est":null,"note_it":"Nessun headcount pubblico stabile per IT3. Pattern hyperscale: pochi tecnici di facility rispetto ai 60 MW di campus; picco occupazionale in cantiere e appalti di manutenzione.","conditions_tags":["high_skill","construction_phase"],"note_en":"No stable public headcount for IT3. Hyperscale pattern: few facility technicians relative to the 60 MW campus; employment peaks during construction and maintenance contracts."},"community_impact_it":"Consumo elettrico e pressione sulla rete bergamasca; riqualificazione di ex sito industriale. Occupazione diretta tipicamente limitata rispetto alla potenza installata.","labor_risks":["construction_phase"],"sources":[{"title":"Aruba — Global Cloud Data Center IT3","url":"https://www.aruba.it/","accessed_at":"2026-09-16","note":"Scheda campus / capacità dichiarata (~60 MW campus)"},{"title":"MASE — Aruba allaccio cabina AT E-Distribuzione","url":"https://va.mite.gov.it/File/Documento/1017323","accessed_at":"2026-09-29"},{"title":"Comune Mozzo — SE Terna / cabina Ponte","url":"https://www.comune.mozzo.bg.it/novita/news/un-impianto-di-terna-da-oltre-130-chilovolt-mozzo-la-posizione-dellamministrazione","accessed_at":"2026-09-29"}],"description_en":"Aruba IT3 hyperscale campus at Ponte San Pietro (Bergamo), among Italy’s largest (~200,000 sqm). Completion (Data Center D) with a direct connection to the contiguous E-Distribuzione «Ponte» primary cabin; upstream, the authorised Terna Mozzo 132 kV SE reinforces that cabin. The operator declares renewable coverage.","community_impact_en":"Electricity consumption and pressure on the Bergamo-area grid; redevelopment of a former industrial site. Direct employment typically limited relative to installed power."}},{"type":"Feature","geometry":{"type":"Point","coordinates":[9.19,45.4642]},"properties":{"id":"dc_003","name":"Google Cloud Region - Milano","type":"data_center","subtype":"hyperscale","operator":"Google (ospitato in data center TIM)","capacity":"N/D","description_it":"Regione cloud di Google a Milano, operativa dal giugno 2022, ospitata nei data center di TIM. Utilizzata da grandi imprese italiane come Intesa Sanpaolo per la loro infrastruttura digitale.","country":"IT","city":"Milano","confidence":"high","status":"operational","site_category":"infrastructure","opened_year":2022,"updated_at":"2026-09-27","sources":[{"title":"Google Cloud — region europe-west8 (Milano)","url":"https://cloud.google.com/blog/products/identity-security/google-cloud-region-in-milan-italy-now-open","accessed_at":"2026-09-27","note":"Regione cloud ospitata; pin città-level, non campus fisico Google"}],"description_en":"Google cloud region in Milan, operational since June 2022, hosted in TIM data centers. Used by large Italian enterprises such as Intesa Sanpaolo for their digital infrastructure."}},{"type":"Feature","geometry":{"type":"Point","coordinates":[9.38,45.45]},"properties":{"id":"dc_004","name":"Microsoft Azure Italy North - Settala","type":"data_center","subtype":"hyperscale","operator":"Microsoft","capacity":"N/D","description_it":"Regione cloud Microsoft Azure Italy North nella zona metropolitana di Milano. Campus operativo a Settala (unità RDD e Ballard, MIL01/MIL02); altri siti in costruzione: San Bovio / Peschiera Borromeo (dc_032), Bornasco (dc_033) e Noviglio–Santa Corinna (dc_024). L’esercizio elettrico, dichiarato da Microsoft in ottemperanza allo screening VIA (ID VIP 6197), è su tre linee in media tensione di E-Distribuzione: RDD e Ballard dalla cabina primaria di Caleppio di Settala, backup di Ballard dalla sottostazione di Zelo Buon Persico (nominata, senza pin: il punto non è in OpenStreetMap). Il contratto con Enel Energia include una garanzia d’origine rinnovabile per ogni MWh: è un certificato, non il percorso del cavo.","description_en":"Microsoft Azure Italy North cloud region in the Milan metro area. Operational campus at Settala (RDD and Ballard units, MIL01/MIL02); other sites under construction: San Bovio / Peschiera Borromeo (dc_032), Bornasco (dc_033) and Noviglio–Santa Corinna (dc_024). Operating power, as Microsoft stated in the EIA-screening compliance file (ID VIP 6197), is three E-Distribuzione medium-voltage lines: RDD and Ballard from the Caleppio di Settala primary substation, with a Ballard backup from the Zelo Buon Persico substation (named, but no pin: the point is not in OpenStreetMap). The Enel Energia supply contract includes a renewable guarantee of origin for each MWh: a certificate, not the path of the cable.","country":"IT","city":"Settala","confidence":"high","updated_at":"2026-09-29","status":"operational","site_category":"infrastructure","sources":[{"title":"Microsoft Azure — Italy North","url":"https://azure.microsoft.com/en-us/explore/global-infrastructure/geographies/","accessed_at":"2026-09-27"},{"title":"Microsoft — ottemperanza screening Caleppio di Settala (ID VIP 6197)","url":"https://va.mite.gov.it/File/Documento/770887","accessed_at":"2026-09-28","note":"Linee MT E-Distribuzione da Caleppio; backup Zelo Buon Persico; contratto Enel Energia con garanzia d’origine"},{"title":"Enfinity — primo impianto PPA Microsoft Italia a COD (33,8 MW)","url":"https://enfinity.global/news/press-releases/enfinity-microsoft-ppa-italy/","accessed_at":"2026-09-29","note":"Portfolio fino a 366 MW AC; ubicazione primo sito non divulgata"},{"title":"DCD — Enfinity 33,8 MW under Microsoft PPA","url":"https://www.datacenterdynamics.com/en/news/enfinity-global-brings-338mw-italian-solar-project-online-under-microsoft-ppa/","accessed_at":"2026-09-29"}],"impact":{"capacity_mw":null,"power_draw_mw_est":null,"pue":null,"water_use_m3_year":null,"land_ha":null,"co2_t_year_est":null,"energy_mix_note_it":"Punto di allaccio: cabina primaria E-Distribuzione di Caleppio (132 kV) e, in backup, sottostazione di Zelo Buon Persico. Contratto Enel Energia con garanzia d’origine rinnovabile. Nessuna centrale nominata. Separatamente, Enfinity Global ha un PPA portfolio fino a ~366 MW AC con Microsoft in Italia (primo impianto 33,8 MW a COD gen 2026; siti in Lazio/Emilia-Romagna/Basilicata non nominati pubblicamente): contratto virtuale a supporto del footprint italiano, senza pin impianto → nessun arco powers finché manca la localizzazione.","energy_mix_note_en":"Connection point: E-Distribuzione primary substation at Caleppio (132 kV) and, as backup, the Zelo Buon Persico substation. Enel Energia contract with renewable guarantees of origin. No power plant is named."}}},{"type":"Feature","geometry":{"type":"Point","coordinates":[9.09,45.52]},"properties":{"id":"dc_005","name":"AWS Europe (Milano) - Rho/Pero","type":"data_center","subtype":"hyperscale","operator":"Amazon Web Services","capacity":"100.000 mq (area totale)","description_it":"Regione AWS Europe (Milano) con tre zone di disponibilità, operativa dal 2020 nell’area Rho/Pero. Programma di interesse strategico nazionale (~1,2 mld) con espansione documentata anche a Zibido San Giacomo (vedi dc_025) e relative opere di rete Terna.","country":"IT","city":"Rho/Pero","confidence":"high","updated_at":"2026-09-29","status":"operational","site_category":"infrastructure","description_en":"AWS Europe (Milan) region with three Availability Zones, operational since 2020 in the Rho/Pero area. Nationally strategic programme (~€1.2bn) with documented expansion also at Zibido San Giacomo (dc_025). No public STMG naming a specific connection substation for Rho/Pero was curated; an inferred connects edge marks the shared Turbigo transmission cluster (not a site offtake).","sources":[{"title":"AWS — Europe (Milan) Region","url":"https://aws.amazon.com/about-aws/global-infrastructure/regions_az/","accessed_at":"2026-09-29"},{"title":"MIMIT — programmi strategici data center (Amazon)","url":"https://www.mimit.gov.it/it/notizie-stampa/data-center-ok-cdm-a-strategicita-per-due-investimenti-in-lombardia-e-sardegna-per-6-8-mld","accessed_at":"2026-09-29"}]}},{"type":"Feature","geometry":{"type":"Point","coordinates":[9.0387,45.4755]},"properties":{"id":"dc_006","name":"Equinix ML5 - Settimo Milanese","type":"data_center","subtype":"colocation","operator":"Equinix","capacity":"N/D","description_it":"Data center IBX® Equinix ML5 a Settimo Milanese, vicino a Via Caldera, il punto di interconnessione più connesso di Milano. Offre connessioni virtuali ai principali provider cloud. Parte del campus Equinix Milano che recupera calore dai server per riscaldare abitazioni milanesi (progetto 2026).","country":"IT","city":"Settimo Milanese","confidence":"medium","status":"operational","site_category":"infrastructure","updated_at":"2026-09-27","sources":[{"title":"Equinix — IBX ML5 Settimo Milanese","url":"https://www.equinix.com/data-centers/europe-colocation/italy-colocation/milan-data-centers/ml5","accessed_at":"2026-09-27"},{"title":"OpenStreetMap / Overpass","url":"https://wiki.openstreetmap.org/wiki/Tag:telecom%3Ddata_center","accessed_at":"2026-09-23","note":"osm_id=571018422"}],"description_en":"Equinix IBX® ML5 data center in Settimo Milanese, near Via Caldera, Milan’s most connected interconnection point. Offers virtual connections to major cloud providers. Part of the Equinix Milan campus that recovers heat from servers to warm Milanese homes (2026 project).","opened_year":null}},{"type":"Feature","geometry":{"type":"Point","coordinates":[9.1473,45.4486]},"properties":{"id":"dc_007","name":"Equinix ML2 - Milano Via Savona","type":"data_center","subtype":"colocation","operator":"Equinix","capacity":"N/D","description_it":"Data center Equinix ML2 in Via Savona 125, Milano. Struttura carrier-neutral che offre opzioni di interconnessione e certificazioni di sicurezza. Uno dei principali hub di scambio dati nel sud Europa.","country":"IT","city":"Milano","confidence":"medium","status":"operational","site_category":"infrastructure","updated_at":"2026-09-27","sources":[{"title":"Equinix — IBX ML2 Milano","url":"https://www.equinix.com/data-centers/europe-colocation/italy-colocation/milan-data-centers/ml2","accessed_at":"2026-09-27"}],"description_en":"Equinix ML2 data center at Via Savona 125, Milan. Carrier-neutral facility offering interconnection options and security certifications. One of the main data-exchange hubs in southern Europe."}},{"type":"Feature","geometry":{"type":"Point","coordinates":[9.12,45.48]},"properties":{"id":"dc_008","name":"Irideos Avalon Campus - Milano","type":"data_center","subtype":"colocation","operator":"Irideos/Retelit","capacity":"28 MW (totale nazionale)","description_it":"Avalon Campus di Irideos in Via Caldera 21, Milano, il più grande hub di interconnessione neutrale in Italia con oltre 2.600 rack su 13.000 mq. Irideos gestisce 16 data center in Italia tra Milano, Roma, Verona e Trento, con 27.000 km di fibra ottica.","country":"IT","city":"Milano","confidence":"medium","status":"operational","site_category":"infrastructure","updated_at":"2026-09-27","sources":[{"title":"Retelit / Irideos — Avalon Campus","url":"https://www.retelit.it/","accessed_at":"2026-09-27","note":"Hub Caldera; verificare pagina campus aggiornata"}],"description_en":"Irideos Avalon Campus at Via Caldera 21, Milan, Italy’s largest neutral interconnection hub with over 2,600 racks across 13,000 sqm. Irideos operates 16 data centers in Italy across Milan, Rome, Verona and Trento, with 27,000 km of optical fibre."}},{"type":"Feature","geometry":{"type":"Point","coordinates":[9.2,45.33]},"properties":{"id":"dc_009","name":"STACK Infrastructure MIL01 - Siziano","type":"data_center","subtype":"hyperscale","operator":"STACK Infrastructure","capacity":"40+ MW (espandibile a 50+ MW)","description_it":"Campus hyperscale STACK Infrastructure a Siziano (PV), ex Supernap / Infrastructure Italia Land 2, con oltre 100.000 mq su ~12 ettari. Allaccio documentato alla SE Terna Lacchiarella (elettrodotto 132 kV e STMG in doppia antenna sulle baie future adiacenti). Scoping/VIA MASE per l’espansione campus in corso.","country":"IT","city":"Siziano","confidence":"high","impact":{"capacity_mw":40,"power_draw_mw_est":null,"pue":null,"water_use_m3_year":null,"land_ha":12,"co2_t_year_est":null,"energy_mix_note_it":"Domanda dichiarata ~288 MW per l’espansione (sottostazione AT tecnica). Allaccio: Lacchiarella esistente, non Lacchiarella Ovest.","energy_mix_note_en":"Declared demand ~288 MW for the expansion (technical HV substation note). Connection: existing Lacchiarella, not Lacchiarella Ovest."},"community_impact_it":"Espansione data center nell’area metropolitana milanese: pressione su rete elettrica, suolo e risorse idriche locali; occupazione diretta tipicamente limitata rispetto alla potenza.","updated_at":"2026-09-29","status":"operational","site_category":"infrastructure","sources":[{"title":"STACK Infrastructure — Milano / Siziano","url":"https://www.stackinfra.com/","accessed_at":"2026-09-27"},{"title":"MASE Info — Stack Campus Siziano","url":"https://va.mite.gov.it/it-IT/Oggetti/Info/11703","accessed_at":"2026-09-29"},{"title":"STACK — descrizione tecnica sottostazione AT / STMG Lacchiarella","url":"https://va.mite.gov.it/File/Documento/1225685","accessed_at":"2026-09-29"},{"title":"MASE — elettrodotto Lacchiarella–Supernap (VIP 6230)","url":"https://va.mite.gov.it/File/Documento/535610","accessed_at":"2026-09-29"},{"title":"OpenStreetMap / Overpass","url":"https://wiki.openstreetmap.org/wiki/Tag:telecom%3Ddata_center","accessed_at":"2026-09-23","note":"osm_id=524879451"}],"description_en":"STACK Infrastructure hyperscale campus at Siziano (PV), former Supernap / Infrastructure Italia Land 2, with over 100,000 sqm on ~12 ha. Documented connection to Terna’s Lacchiarella SE (132 kV line and STMG in double-antenna on adjacent future bays). MASE scoping/EIA for campus expansion ongoing.","community_impact_en":"Data-center expansion in the Milan metro area: pressure on the power grid, land and local water resources; direct employment typically limited relative to power.","opened_year":null}},{"type":"Feature","geometry":{"type":"Point","coordinates":[9.1639,45.3813]},"properties":{"id":"dc_010","name":"TIM Noovle Data Center - Rozzano","type":"data_center","subtype":"enterprise","operator":"TIM S.p.A.","capacity":"125 MW (totale rete nazionale TIM)","description_it":"Data center TIM/Noovle a Rozzano (Milano), parte della rete di 17 data center TIM Enterprise in Italia con capacità installata totale di 125 MW. TIM ha annunciato un piano di investimenti da 1 miliardo di euro per espandere la propria infrastruttura data center.","country":"IT","city":"Rozzano","confidence":"medium","status":"operational","site_category":"infrastructure","updated_at":"2026-09-27","sources":[{"title":"TIM Enterprise — data center","url":"https://www.timenterprise.it/","accessed_at":"2026-09-27","note":"Capacity 125 MW = rete nazionale, non solo Rozzano"}],"description_en":"TIM/Noovle data center in Rozzano (Milan), part of the TIM Enterprise network of 17 data centers in Italy with total installed capacity of 125 MW. TIM has announced a €1 billion investment plan to expand its data-center infrastructure."}},{"type":"Feature","geometry":{"type":"Point","coordinates":[12.4975,41.6797]},"properties":{"id":"dc_011","name":"TIM Data Center - Pomezia (Roma)","type":"data_center","subtype":"enterprise","operator":"TIM S.p.A. / Trust Technologies","capacity":"Campus ~51.000 mq; fino a ~25 MW citati in cronaca; 3 edifici (PISP, DC1, Enterprise)","description_it":"Campus TIM / Noovle a Pomezia (Via Pontina km 29+100): tre data center (PISP, DC1, Enterprise) su ~51.000 mq. Nodo cloud pubblico TIM. Autorizzazioni regionali/metropolitane 2025–2026 su nuovi impianti di emergenza (gruppi elettrogeni / DRUPS). Allaccio di rete nominato non dettagliato in fonti aperte consultate.","country":"IT","city":"Pomezia","confidence":"medium","status":"operational","site_category":"infrastructure","updated_at":"2026-09-29","description_en":"TIM / Noovle campus at Pomezia (Via Pontina km 29+100): three data centers (PISP, DC1, Enterprise) on ~51,000 m². TIM public-cloud node. Regional/metropolitan 2025–2026 authorisations for new emergency plant (gensets / DRUPS). Named grid connection not detailed in open sources consulted.","impact":{"capacity_mw":25,"power_draw_mw_est":null,"pue":null,"water_use_m3_year":null,"land_ha":5.1,"co2_t_year_est":null,"energy_mix_note_it":"Dibattito locale concentrato sui gruppi di emergenza; punto di allaccio RTN non nominato nelle fonti usate.","energy_mix_note_en":"Local debate focused on emergency gensets; RTN connection point not named in the sources used."},"community_impact_it":"Pressione acustica e autorizzativa sui generatori di emergenza a Pomezia; campus già operativo.","labor_risks":["shift_work"],"employment":{"direct":null,"indirect_est":null,"contractors_est":null,"note_it":"Occupazione non dettagliata nelle fonti aperte consultate.","conditions_tags":["shift_work","high_skill"],"note_en":"Employment not detailed in the open sources consulted."},"sources":[{"title":"Il Caffè — autorizzazione definitiva impianti emergenza campus TIM Pomezia","url":"https://ilcaffe.tv/articolo/253408/pomezia-finalmente-lautorizzazione-definitiva-ai-lavori-per-i-nuovi-impianti-del-campus-data-center-da-51-000-metri-quadri","accessed_at":"2026-09-29","note":"Campus 51.000 mq; tre DC; ~25 MW citati"}],"community_impact_en":"Noise and permitting pressure over emergency generators in Pomezia; campus already operational."}},{"type":"Feature","geometry":{"type":"Point","coordinates":[27.2,60.57]},"properties":{"id":"dc_012","name":"Google Data Center - Hamina, Finlandia","type":"data_center","subtype":"hyperscale","operator":"Google","capacity":"140 MW","description_it":"Il più grande data center in Finlandia, costruito nel 2009 con un investimento di 3,5 miliardi di euro. Opera con il 97% di energia carbon-free. Primo progetto di recupero del calore off-site di Google, che fornisce calore alla comunità locale di Hamina.","country":"FI","city":"Hamina","confidence":"high","impact":{"capacity_mw":140,"power_draw_mw_est":null,"pue":null,"water_use_m3_year":null,"land_ha":null,"co2_t_year_est":null,"energy_mix_note_it":"Operatore dichiara mix prevalentemente carbon-free; recupero calore verso la comunità di Hamina.","energy_mix_note_en":"Operator declares a predominantly carbon-free mix; heat recovery to the Hamina community."},"community_impact_it":"Grande domanda elettrica regionale; recupero calore verso teleriscaldamento Hamina (partenariato Haminan Energia). Occupazione locale reale ma bassa rispetto alla potenza: il «lavoro» del cloud qui è facility e cantiere, non migliaia di impiegati IT in sala.","updated_at":"2026-09-27","employment":{"direct":400,"indirect_est":null,"contractors_est":null,"note_it":"Campus Hamina: ~400 persone in ruoli full-time e contractor (tecnici, facility, security, catering) secondo Business Finland (maggio 2024); con le espansioni Google punta a ~500. Occupazione diretta contenuta rispetto a MW e investimento: tipico degli hyperscale.","conditions_tags":["high_skill","shift_work","construction_phase"],"note_en":"Hamina campus: ~400 people in full-time and contractor roles (technicians, facility, security, catering) per Business Finland (May 2024); with expansions Google aims for ~500. Direct employment contained relative to MW and investment: typical of hyperscale."},"labor_risks":["construction_phase"],"sources":[{"title":"Business Finland — espansione Hamina e occupazione campus","url":"https://www.businessfinland.fi/en/whats-new/news/2024/google-announced-an-expansion-of-its-hamina-data-center/","accessed_at":"2026-09-27","note":"~400 FTE+contractor; +100 FTE previsti con espansione"}],"description_en":"Finland’s largest data center, built in 2009 with a €3.5 billion investment. Operates on 97% carbon-free energy. Google’s first off-site heat-recovery project, supplying heat to the local Hamina community.","community_impact_en":"Large regional electricity demand; heat recovery to Hamina district heating (Haminan Energia partnership). Real but low local employment relative to power: cloud «work» here is facility and construction, not thousands of IT staff on the floor."}},{"type":"Feature","geometry":{"type":"Point","coordinates":[22.1547,65.5848]},"properties":{"id":"dc_013","name":"Meta Data Center - Luleå, Svezia","type":"data_center","subtype":"hyperscale","operator":"Meta Platforms","capacity":"N/D (circa 100+ MW stimati)","description_it":"Primo data center di Meta (ex Facebook), aperto nel 2013 a Luleå, nel nord della Svezia, appena sotto il Circolo Polare Artico. Tre strutture per un totale di circa 93.000 mq. Sfrutta il clima naturalmente freddo per ridurre i costi di raffreddamento e l'energia idroelettrica locale.","country":"SE","city":"Luleå","confidence":"high","impact":{"capacity_mw":100,"power_draw_mw_est":null,"pue":null,"water_use_m3_year":null,"land_ha":null,"co2_t_year_est":null,"energy_mix_note_it":"Stima di potenza di campus (~100 MW); clima freddo e idroelettrico nordico riducono fabbisogno di raffreddamento e intensità carbonica.","energy_mix_note_en":"Campus power estimate (~100 MW); cold climate and Nordic hydropower reduce cooling demand and carbon intensity."},"community_impact_it":"Infrastruttura artica ad alto consumo elettrico idroelettrico; Meta dichiara investimenti locali in formazione e comunità. Occupazione diretta ~300 a fronte di un campus multi-edificio: contrasto netto con i siti estrattivi a monte della filiera.","updated_at":"2026-09-27","employment":{"direct":300,"indirect_est":null,"contractors_est":null,"note_it":"Meta dichiara oltre 300 posti a tempo pieno legati al campus di Luleå (scheda sostenibilità Meta). Facility operations e critical facility engineers: organico operativo ridotto rispetto alla capacità di calcolo.","conditions_tags":["high_skill","shift_work"],"note_en":"Meta declares over 300 full-time roles linked to the Luleå campus (Meta sustainability fact sheet). Facility operations and critical facility engineers: lean operating headcount relative to compute capacity."},"labor_risks":[],"sources":[{"title":"Meta — Luleå Data Center (scheda sostenibilità)","url":"https://datacenters.atmeta.com/wp-content/uploads/2025/02/Meta_s-Lulea-Data-Center_SV.pdf","accessed_at":"2026-09-27","note":"300+ fully employed (heltidsanställda)"}],"description_en":"Meta’s first data center (formerly Facebook), opened in 2013 in Luleå, northern Sweden, just below the Arctic Circle. Three buildings totaling about 93,000 sqm. Uses the naturally cold climate to cut cooling costs and local hydropower.","community_impact_en":"Arctic infrastructure with high hydropower electricity use; Meta declares local investments in training and community. Direct employment ~300 across a multi-building campus: a sharp contrast with upstream extractive sites in the supply chain."}},{"type":"Feature","geometry":{"type":"Point","coordinates":[8.6821,50.1109]},"properties":{"id":"dc_014","name":"Equinix FR13 - Francoforte","type":"data_center","subtype":"colocation","operator":"Equinix","capacity":"7,75 MW (FR13); fino a 25 MW per struttura","description_it":"Data center Equinix a Francoforte, sede del più grande punto di scambio Internet al mondo (DE-CIX). Equinix gestisce molteplici strutture di colocation a Francoforte, tra cui FR2, FR4, FR10x (16,8 MW) e FR13 (7,75 MW, inaugurato nel 2024).","country":"DE","city":"Francoforte","confidence":"medium","impact":{"capacity_mw":7.75,"power_draw_mw_est":null,"pue":null,"water_use_m3_year":null,"land_ha":null,"co2_t_year_est":null,"energy_mix_note_it":"Colocation in hub DE-CIX; potenza riferita alla struttura FR13.","energy_mix_note_en":"Colocation in the DE-CIX hub; power refers to the FR13 facility."},"updated_at":"2026-09-23","description_en":"Equinix data center in Frankfurt, home to the world’s largest Internet exchange point (DE-CIX). Equinix operates multiple colocation facilities in Frankfurt, including FR2, FR4, FR10x (16.8 MW) and FR13 (7.75 MW, opened in 2024)."}},{"type":"Feature","geometry":{"type":"Point","coordinates":[4.9544,52.3567]},"properties":{"id":"dc_015","name":"Equinix AM3 - Amsterdam Science Park","type":"data_center","subtype":"colocation","operator":"Equinix","capacity":"N/D","description_it":"Data center Equinix AM3 ad Amsterdam Science Park 610, importante gateway digitale verso l'Europa. Ospita l'Amsterdam Internet Exchange (AMS-IX) e offre opportunità di peering con i principali provider cloud. Equinix gestisce anche AM1, AM2, AM5 e AM7 ad Amsterdam.","country":"NL","city":"Amsterdam","confidence":"medium","description_en":"Equinix AM3 data center at Amsterdam Science Park 610, a major digital gateway into Europe. Hosts the Amsterdam Internet Exchange (AMS-IX) and offers peering with major cloud providers. Equinix also operates AM1, AM2, AM5 and AM7 in Amsterdam.","status":"unknown","opened_year":null,"sources":[{"title":"OpenStreetMap / Overpass","url":"https://wiki.openstreetmap.org/wiki/Tag:telecom%3Ddata_center","accessed_at":"2026-09-23","note":"osm_id=2853597655"}]}},{"type":"Feature","geometry":{"type":"Point","coordinates":[-6.445,53.322]},"properties":{"id":"dc_016","name":"Microsoft Azure North Europe — Grange Castle (Dublino)","type":"data_center","subtype":"hyperscale","operator":"Microsoft","capacity":"Campus multi-edificio (Grange Castle / Nangor Rd); decine di MW IT aggregati non pubblicati edificio-per-edificio","description_it":"Campus hyperscale Microsoft Azure North Europe a Grange Castle Business Park (Dublino 22 / Nangor Road): uno dei nodi cloud più densi d’Europa. Il footprint irlandese Microsoft conta numerosi edifici (DUB03–DUB15 e correlati) concentrati tra Grange Castle e l’area Clonee/Meath; pin a livello campus, non edificio singolo. Alimenta cloud e carichi AI per Irlanda, UK e regioni vicine. Espansioni pianificate anche in contea di Kildare. La rete EirGrid tratta i data center come Large Energy Users con vincoli di connessione nell’area di Dublino.","country":"IE","city":"Dublino","confidence":"high","employment":{"direct":null,"indirect_est":null,"contractors_est":null,"note_it":"Microsoft non pubblica un headcount sito-per-sito per Azure North Europe. Ruoli tipici: facility, network, security; forte fase di cantiere nelle espansioni. Confronta con i PPA (es. Lenalea): l’energia è nominata, il lavoro sul campus resta opaco.","note_en":"Microsoft does not publish site-by-site headcount for Azure North Europe. Typical roles: facility, network, security; strong construction phases in expansions. Compare with PPAs (e.g. Lenalea): energy is named, campus labour remains opaque.","conditions_tags":["high_skill","construction_phase"]},"labor_risks":["construction_phase"],"community_impact_it":"Cluster data center intorno a Dublino sotto pressione di rete (EirGrid DCCOPP / Technical Assessment 2026); dibattito pubblico su consumo elettrico vs occupazione locale limitata.","updated_at":"2026-10-08","description_en":"Microsoft Azure North Europe hyperscale campus at Grange Castle Business Park (Dublin 22 / Nangor Road): one of Europe’s densest cloud nodes. Microsoft’s Irish footprint spans many buildings (DUB03–DUB15 and related) across Grange Castle and the Clonee/Meath area; campus-level pin, not a single building. Powers cloud and AI workloads for Ireland, the UK and nearby regions. Further expansions planned in County Kildare. EirGrid treats data centres as Large Energy Users with connection constraints in the Dublin area.","community_impact_en":"Dublin-area data-centre cluster under grid pressure (EirGrid DCCOPP / Technical Assessment 2026); public debate over electricity use vs limited local employment.","status":"operational","site_category":"infrastructure","opened_year":2009,"impact":{"capacity_mw":null,"power_draw_mw_est":null,"pue":null,"water_use_m3_year":null,"land_ha":null,"co2_t_year_est":null,"energy_mix_note_it":"Matching rinnovabile via CPPA (es. Lenalea Wind Farm → conn_019). Il prelievo di rete resta sul sistema EirGrid/CRU; area Dublino storicamente vincolata per nuove connessioni LEU.","energy_mix_note_en":"Renewable matching via CPPAs (e.g. Lenalea Wind Farm → conn_019). Grid draw remains on the EirGrid/CRU system; Dublin area historically constrained for new LEU connections."},"sources":[{"title":"Data Center Map — Ireland (129 facilities / 39 operators)","url":"https://www.datacentermap.com/ireland/","accessed_at":"2026-10-08","note":"Inventario di mercato; pin campus Microsoft Grange Castle / DUB03"},{"title":"Data Center Map — Dublin (97 facilities)","url":"https://www.datacentermap.com/ireland/dublin/","accessed_at":"2026-10-08"},{"title":"EirGrid — Data Centre Connection Offer Process and Policy v3","url":"https://cms.eirgrid.ie/sites/default/files/publications/Data-Centre-Connection-Offer-Process-and-Policy-V3-May-2026.pdf","accessed_at":"2026-10-08","note":"Policy LEU ≥1 MVA; vincoli area Dublino"},{"title":"OpenStreetMap — Microsoft DUB buildings (Grange Castle)","url":"https://www.openstreetmap.org/","accessed_at":"2026-10-08","note":"Coordinate campus da cluster OSM DUB03–DUB15"},{"title":"OpenStreetMap / Overpass","url":"https://wiki.openstreetmap.org/wiki/Tag:telecom%3Ddata_center","accessed_at":"2026-09-23","note":"osm_id=256107907"}]}},{"type":"Feature","geometry":{"type":"Point","coordinates":[-6.4474,53.3136]},"properties":{"id":"dc_017","name":"Google Data Center — Profile Park (Dublino)","type":"data_center","subtype":"hyperscale","operator":"Google","capacity":"Campus Profile Park (Grange Castle); edifici multipli; MW IT non pubblicati ufficialmente per sito","description_it":"Data center Google a Profile Park / Grange Castle (Dublino 22, Baldonnel / Nangor Road), operativo dal 2012 dopo l’acquisto del lotto nel 2011. Uno dei siti Google più efficienti in Europa per free cooling ad aria. Espansione progressiva del campus irlandese (secondo edificio e ulteriori fasi). Pin a livello campus; coordinate allineate al footprint OSM.","country":"IE","city":"Dublino","confidence":"high","description_en":"Google data centre at Profile Park / Grange Castle (Dublin 22, Baldonnel / Nangor Road), operational since 2012 after the 2011 land purchase. Among Google’s more energy-efficient European sites thanks to air-side free cooling. Progressive Irish campus expansion (second building and later phases). Campus-level pin; coordinates aligned to the OSM footprint.","status":"operational","site_category":"infrastructure","opened_year":2012,"updated_at":"2026-10-08","impact":{"capacity_mw":null,"power_draw_mw_est":null,"pue":null,"water_use_m3_year":null,"land_ha":null,"co2_t_year_est":null,"energy_mix_note_it":"PPA Google–Power Capital su Tullabeg Solar (Wexford, 58 MW new-to-grid) → conn_090. Matching rinnovabile anche a livello flotta; prelievo di rete su EirGrid.","energy_mix_note_en":"Google–Power Capital PPA on Tullabeg Solar (Wexford, 58 MW new-to-grid) → conn_090. Fleet-level renewable matching also applies; grid draw on EirGrid."},"employment":{"direct":null,"indirect_est":null,"contractors_est":null,"note_it":"All’apertura (2012) stimati ~30 ruoli operativi e fino a ~200 in cantiere; headcount attuale non pubblicato sito-per-sito.","note_en":"At opening (2012) ~30 operational roles and up to ~200 in construction were cited; current site headcount not published building-by-building.","conditions_tags":["high_skill","construction_phase"]},"labor_risks":["construction_phase"],"community_impact_it":"Parte del cluster Grange Castle / Profile Park insieme a Microsoft, Digital Realty, EdgeConneX e CyrusOne; pressione su rete e suolo nell’ovest di Dublino.","community_impact_en":"Part of the Grange Castle / Profile Park cluster with Microsoft, Digital Realty, EdgeConneX and CyrusOne; grid and land pressure in west Dublin.","sources":[{"title":"Google — Dublin, Ireland data center","url":"https://datacenters.google/locations/dublin-ireland","accessed_at":"2026-10-08"},{"title":"Data Center Dynamics — Google launches Dublin data center (2012)","url":"https://www.datacenterdynamics.com/en/news/google-launches-dublin-data-center/","accessed_at":"2026-10-08"},{"title":"OpenStreetMap — Google Profile Park","url":"https://www.openstreetmap.org/","accessed_at":"2026-10-08","note":"osm footprint ~53.3136, -6.4474"},{"title":"OpenStreetMap / Overpass","url":"https://wiki.openstreetmap.org/wiki/Tag:telecom%3Ddata_center","accessed_at":"2026-09-23","note":"osm_id=262199046"}]}},{"type":"Feature","geometry":{"type":"Point","coordinates":[7.75,48.58]},"properties":{"id":"dc_018","name":"OVHcloud SBG5 - Strasburgo","type":"data_center","subtype":"colocation","operator":"OVHcloud","capacity":"500 mq di colocation","description_it":"Data center OVHcloud SBG5 a Strasburgo, parte della rete globale di 46 data center su 4 continenti con 100 Tbps di capacità di rete. Strasburgo è designata come parte della prima regione SecNumCloud di OVHcloud.","country":"FR","city":"Strasburgo","confidence":"medium","description_en":"OVHcloud SBG5 data center in Strasbourg, part of a global network of 46 data centers across 4 continents with 100 Tbps of network capacity. Strasbourg is designated as part of OVHcloud’s first SecNumCloud region."}},{"type":"Feature","geometry":{"type":"Point","coordinates":[16.5099,59.3716]},"properties":{"id":"dc_019","name":"AWS Europe (Stoccolma) - Eskilstuna","type":"data_center","subtype":"hyperscale","operator":"Amazon Web Services","capacity":"N/D","description_it":"Regione AWS Europe (Stoccolma) con tre zone di disponibilità distribuite tra Eskilstuna, Katrineholm e Västerås. Operativa dalla fine del 2018. AWS utilizza acciaio a basse emissioni di carbonio (SSAB) nella costruzione dei nuovi data center svedesi.","country":"SE","city":"Eskilstuna","confidence":"medium","employment":{"direct":null,"indirect_est":null,"contractors_est":null,"note_it":"AWS non pubblica organici per i singoli AZ di Europe (Stockholm). Come per altri hyperscale nordici: pochi operatori a regime, molti più lavoratori in fase di costruzione e nella filiera energetica a monte (PPA eolici).","conditions_tags":["high_skill","construction_phase"],"note_en":"AWS does not publish headcounts for individual Europe (Stockholm) AZs. As with other Nordic hyperscale: few operators at steady state, many more workers in construction and the upstream energy chain (wind PPAs)."},"labor_risks":["construction_phase"],"community_impact_it":"Espansione AWS in Svezia (Eskilstuna/Katrineholm/Västerås) legata a grandi PPA eolici: il lavoro visibile sul territorio è spesso più nei cantieri rinnovabili che nelle sale server.","updated_at":"2026-09-27","description_en":"AWS Europe (Stockholm) region with three Availability Zones across Eskilstuna, Katrineholm and Västerås. Operational since late 2018. AWS uses low-carbon steel (SSAB) in the construction of new Swedish data centers.","community_impact_en":"AWS expansion in Sweden (Eskilstuna/Katrineholm/Västerås) tied to large wind PPAs: visible work on the ground is often more in renewable construction than in server halls."}},{"type":"Feature","geometry":{"type":"Point","coordinates":[11.35943,44.52044]},"properties":{"id":"dc_020","name":"CINECA Tecnopolo DAMA — Supercomputer Leonardo","type":"data_center","subtype":"hyperscale","operator":"CINECA / EuroHPC JU","capacity":"~240 PFLOPS (Leonardo); campus HPC/AI in espansione","description_it":"Hub nazionale di calcolo ad alte prestazioni nel Tecnopolo DAMA di Bologna: ospita Leonardo (sistema pre-exascale EuroHPC), cluster AI/quantum (tra cui LISA e sistemi ICSC) e condivide il sito con ECMWF e INFN. Nodo centrale della Data Valley e dell’AI Factory italiana — infrastruttura pubblica dell’IA, non solo cloud commerciale.","country":"IT","city":"Bologna","status":"operational","site_category":"infrastructure","opened_year":2022,"updated_at":"2026-09-27","confidence":"high","impact":{"capacity_mw":null,"power_draw_mw_est":null,"pue":null,"water_use_m3_year":null,"land_ha":null,"co2_t_year_est":null,"energy_mix_note_it":"Carico elettrico rilevante per HPC/AI pubblico; mix dipendente dalla rete emiliana e da contratti CINECA (da verificare sito per sito).","energy_mix_note_en":"Significant electricity load for public HPC/AI; mix depends on the Emilia grid and CINECA contracts (to be verified site by site)."},"employment":{"direct":null,"indirect_est":null,"contractors_est":null,"note_it":"Organico CINECA/ICSC e partner scientifici sul campus; profilo diverso dagli hyperscale commerciali (ricerca, operazioni HPC, facility).","conditions_tags":["high_skill"],"note_en":"CINECA/ICSC and scientific partners’ staff on campus; different profile from commercial hyperscale (research, HPC operations, facility)."},"community_impact_it":"Riconversione dell’ex Manifattura Tabacchi in Data Valley: polo strategico per ricerca, meteo e AI pubblica, con domanda energetica e pressione infrastrutturale sul territorio bolognese.","labor_risks":[],"sources":[{"title":"CINECA — infrastruttura / Leonardo al Tecnopolo","url":"https://www.cineca.it/it/infrastruttura/configurazione-dellinfrastruttura","accessed_at":"2026-09-27"},{"title":"Leonardo Supercomputer — sito ufficiale","url":"https://leonardo-supercomputer.cineca.eu/it/home-it/","accessed_at":"2026-09-27"},{"title":"OpenStreetMap / Overpass","url":"https://wiki.openstreetmap.org/wiki/Tag:telecom%3Ddata_center","accessed_at":"2026-09-23","note":"osm_id=10206899831"}],"description_en":"National high-performance computing hub at Bologna’s Tecnopolo DAMA: hosts Leonardo (EuroHPC pre-exascale system), AI/quantum clusters (including LISA and ICSC systems) and shares the site with ECMWF and INFN. Central node of the Data Valley and the Italian AI Factory — public AI infrastructure, not only commercial cloud.","community_impact_en":"Conversion of the former Manifattura Tabacchi into the Data Valley: strategic hub for research, weather and public AI, with energy demand and infrastructure pressure on the Bologna area."}},{"type":"Feature","geometry":{"type":"Point","coordinates":[9.03706,45.47154]},"properties":{"id":"dc_021","name":"Data4 Campus MIL01 — Cornaredo","type":"data_center","subtype":"colocation","operator":"Data4 Italia","capacity":"Campus multi-edificio; riserva elettrica dichiarata fino a centinaia di MW","description_it":"Uno dei maggiori campus di colocation in Italia, a Cornaredo (cluster ovest di Milano). Più edifici operativi (MIL01) e espansione verso Vittuone/MIL02 (dc_050). Hub di interconnessione con POP MIX/TOP-IX e accesso a decine di carrier e cloud pubblici.","country":"IT","city":"Cornaredo","status":"operational","site_category":"infrastructure","opened_year":null,"updated_at":"2026-09-29","confidence":"high","impact":{"capacity_mw":170,"power_draw_mw_est":null,"pue":null,"water_use_m3_year":null,"land_ha":28,"co2_t_year_est":null,"energy_mix_note_it":"Campus wholesale/colocation ad alta densità sul cluster ovest milanese; domanda elettrica rilevante sulla rete lombarda. PPA Edison Energia (mar 2025): FV 148 MWp in provincia di Viterbo, >500 GWh/10 anni (~10% consumi Data4 Italia); arco powers verso ep_019.","energy_mix_note_en":"High-density wholesale/colocation campus on the Milan west cluster; significant electricity demand on the Lombardy grid. Edison Energia PPA (Mar 2025): 148 MWp PV in Viterbo province, >500 GWh/10 years (~10% of Data4 Italy consumption); powers arc toward ep_019."},"community_impact_it":"Pressione cumulativa di suolo, rete e traffico nel corridoio Cornaredo–Settimo Milanese, già saturo di campus data center.","labor_risks":["construction_phase"],"sources":[{"title":"DATA4 — campus Milano / Cornaredo","url":"https://www.data4group.com/en/data-center-in-milan-italy/","accessed_at":"2026-09-27"},{"title":"MASE — SIA Data Center DATA4 Cornaredo / Settimo Milanese","url":"https://va.mite.gov.it/File/Documento/1261929","accessed_at":"2026-09-29","note":"Masterplan / carta vincoli; consultare fascicolo VIA per aggiornamenti sull’allaccio"},{"title":"Data4 × Edison Energia — PPA FV Viterbo (PDF)","url":"https://www.data4group.com/wp-content/uploads/2025/04/PPA-Data4-x-Edison-Italy_Ita_eng.pdf","accessed_at":"2026-09-29"},{"title":"OpenStreetMap / Overpass","url":"https://wiki.openstreetmap.org/wiki/Tag:telecom%3Ddata_center","accessed_at":"2026-09-23","note":"osm_id=571018421"}],"description_en":"One of Italy’s largest colocation campuses, in Cornaredo (Milan west cluster). Multiple operational buildings (MIL01) and expansion toward Vittuone/MIL02 (dc_050). Interconnection hub with MIX/TOP-IX POPs and access to dozens of carriers and public clouds.","community_impact_en":"Cumulative pressure on land, grid and traffic in the Cornaredo–Settimo Milanese corridor, already saturated with data-center campuses."}},{"type":"Feature","geometry":{"type":"Point","coordinates":[9.31835,45.35517]},"properties":{"id":"dc_022","name":"Vantage MXP1 — Melegnano","type":"data_center","subtype":"hyperscale","operator":"Vantage Data Centers","capacity":"~64 MW IT (campus); programma strategico nazionale multi-sito ~8 mld","description_it":"Campus Vantage a Melegnano (sud Milano), primo nodo del programma italiano dichiarato di preminente interesse strategico nazionale (~8 mld con MXP4): Melegnano (MXP1), Settimo Milanese (MXP2, dc_023), Cornaredo (dc_039) e Tavazzano (MXP4, dc_034). Destinato a carichi cloud/AI hyperscale nel mercato milanese. L’allaccio in alta tensione previsto è la nuova stazione Terna 220 kV Melegnano, contigua al campus: il cavo attraversa solo il confine tra le due stazioni. La stazione è in mappa come gn_005 (pin approssimato: non è in OpenStreetMap). Attenzione naming: i codici MXP1/MXP2 sono usati anche da Hscale (dc_044/dc_045) su siti diversi — non confondere con Vantage.","country":"IT","city":"Melegnano","status":"under_construction","site_category":"infrastructure","opened_year":null,"updated_at":"2026-09-29","confidence":"high","impact":{"capacity_mw":64,"power_draw_mw_est":null,"pue":null,"water_use_m3_year":null,"land_ha":null,"co2_t_year_est":null,"energy_mix_note_it":"VIA di MXP1: doppia fornitura 220 kV dalla nuova stazione Terna 220 kV Melegnano (gn_005) contigua; in attesa della messa in servizio il prelievo è in media tensione. Decreto Terna EL 488 / STMG 202000961. Nessun PPA nominato.","energy_mix_note_en":"MXP1 EIA: dual 220 kV supply from the new contiguous Terna 220 kV Melegnano substation (gn_005); until commissioning, offtake is at medium voltage. Terna decree EL 488 / STMG 202000961. No named PPA."},"employment":{"direct":null,"indirect_est":null,"contractors_est":null,"note_it":"Fase di cantiere dominante; a regime organico facility tipicamente contenuto rispetto ai MW.","conditions_tags":["construction_phase","high_skill"],"note_en":"Construction phase dominant; at steady state, facility headcount typically contained relative to MW."},"community_impact_it":"Nuovo polo a sud di Milano: consumo di suolo agricolo/industriale, connessione di rete e dibattiti locali su energia e ambiente.","labor_risks":["construction_phase"],"sources":[{"title":"MIMIT — programmi data center di interesse strategico (Vantage)","url":"https://www.mimit.gov.it/it/notizie-stampa/data-center-ok-cdm-a-strategicita-per-due-investimenti-in-lombardia-e-sardegna-per-6-8-mld","accessed_at":"2026-09-27","note":"Vantage tra i 7 programmi strategici; siti Melegnano, Settimo M., Cornaredo, Tavazzano"},{"title":"MASE — decreto EL 488, nuova SE 220 kV Melegnano","url":"https://www.mase.gov.it/portale/documents/d/guest/dec_el-488_firmato26-8-22-pdf","accessed_at":"2026-09-28","note":"STMG 202000961, 100 MW, entra-esce sulla linea Ricevitrice Sud Milano–Tavazzano"},{"title":"MASE VIA — completamento MXP1 Melegnano","url":"https://va.mite.gov.it/it-IT/Oggetti/Info/10753","accessed_at":"2026-09-28","note":"Stazione Terna contigua; cavo AT limitato al confine tra le due stazioni"}],"description_en":"Vantage campus at Melegnano (south Milan), first node of the Italian programme declared of outstanding national strategic interest (~€8bn with MXP4): Melegnano (MXP1), Settimo Milanese (MXP2, dc_023), Cornaredo (dc_039) and Tavazzano (MXP4, dc_034). Aimed at hyperscale cloud/AI loads in the Milan market. The planned high-voltage connection is the new Terna 220 kV Melegnano substation, contiguous with the campus: the cable crosses only the boundary between the two substations. The substation is on the map as gn_005 (approximate pin: not in OpenStreetMap). Naming caveat: MXP1/MXP2 codes are also used by Hscale (dc_044/dc_045) on different sites — do not confuse with Vantage.","community_impact_en":"New hub south of Milan: agricultural/industrial land take, grid connection and local debates on energy and environment."}},{"type":"Feature","geometry":{"type":"Point","coordinates":[9.03842,45.47339]},"properties":{"id":"dc_023","name":"Vantage MXP2 — Castelletto / Settimo Milanese","type":"data_center","subtype":"hyperscale","operator":"Vantage Data Centers","capacity":"~32 MW IT (campus Castelletto); programma multi-sito ~8 mld","description_it":"Secondo campus Vantage nel cluster ovest milanese (Castelletto / Settimo Milanese), adiacente al corridoio Data4–Equinix. Parte dello stesso programma di interesse strategico nazionale. Il parere regionale sull’istruttoria Microsoft MIL03 elenca MXP2 tra i data center collegati alla stazione Terna di Baggio, insieme a MIL03 e Equinix ML7/ML8.","country":"IT","city":"Settimo Milanese","status":"under_construction","site_category":"infrastructure","opened_year":null,"updated_at":"2026-09-29","confidence":"medium","impact":{"capacity_mw":32,"power_draw_mw_est":null,"pue":null,"water_use_m3_year":null,"land_ha":null,"co2_t_year_est":null,"energy_mix_note_it":"Allaccio nominato in documentazione regionale: SE Terna Baggio (insieme a MIL03 e Equinix ML7/ML8). È il punto di connessione, non la centrale che produce l’elettricità.","energy_mix_note_en":"Connection named in regional documentation: Terna Baggio SE (together with MIL03 and Equinix ML7/ML8). It is the connection point, not the plant that generates the electricity."},"community_impact_it":"Densificazione ulteriore del corridoio Settimo–Cornaredo: effetto cumulativo su rete, suolo e qualità ambientale locale.","labor_risks":["construction_phase"],"sources":[{"title":"MIMIT — programmi data center di interesse strategico (Vantage)","url":"https://www.mimit.gov.it/it/notizie-stampa/data-center-ok-cdm-a-strategicita-per-due-investimenti-in-lombardia-e-sardegna-per-6-8-mld","accessed_at":"2026-09-27"},{"title":"Regione Lombardia — parere MIL03: DC collegati a SE Baggio (MXP2, ML7/ML8)","url":"https://va.mite.gov.it/File/Documento/1251809","accessed_at":"2026-09-29","note":"Elenca MXP2 (VDC) tra i collegati a Baggio"},{"title":"MIMIT — programmi data center di interesse strategico (Vantage)","url":"https://www.mimit.gov.it/it/notizie-stampa/data-center-ok-cdm-a-strategicita-per-due-investimenti-in-lombardia-e-piemonte-per-8-mld","accessed_at":"2026-09-29"}],"description_en":"Second Vantage campus in the west-Milan cluster (Castelletto / Settimo Milanese), next to the Data4–Equinix corridor. Part of the same nationally strategic programme. The regional opinion on Microsoft MIL03 lists MXP2 among data centers connected to Terna’s Baggio station, together with MIL03 and Equinix ML7/ML8.","community_impact_en":"Further densification of the Settimo–Cornaredo corridor: cumulative effect on grid, land and local environmental quality."}},{"type":"Feature","geometry":{"type":"Point","coordinates":[9.09359,45.33921]},"properties":{"id":"dc_024","name":"Microsoft Azure — Noviglio (Santa Corinna)","type":"data_center","subtype":"hyperscale","operator":"Microsoft / Noviglio Datacenters MXP I (Compass / Hines)","capacity":"~100 MW connessione elettrica autorizzata","description_it":"Campus Microsoft a Santa Corinna (Noviglio), sud-ovest di Milano: circa 230.000 mq di area, ~95.000 mq coperti, connessione elettrica autorizzata da 100 MW. Il primo edificio (Building MXP-I) è allacciato con un cavo interrato a 132 kV alla stazione Terna di Lacchiarella, autorizzato dalla Città metropolitana di Milano con determina 2234 del 21 marzo 2022. Avvio operativo a fasi (prima fase settembre 2026). Completa la regione Azure Italy North oltre Settala e gli altri campus in costruzione.","country":"IT","city":"Noviglio","status":"under_construction","site_category":"infrastructure","opened_year":2026,"updated_at":"2026-09-29","confidence":"high","impact":{"capacity_mw":100,"power_draw_mw_est":null,"pue":null,"water_use_m3_year":null,"land_ha":23,"co2_t_year_est":null,"energy_mix_note_it":"Allaccio: cavo interrato 132 kV dalla stazione Terna di Lacchiarella alla sottostazione del campus (determina Città metropolitana 2234/2022). È il punto di connessione, non la centrale che produce l’elettricità.","energy_mix_note_en":"Connection: 132 kV underground cable from the Terna Lacchiarella substation to the campus substation (Metropolitan City determination 2234/2022). It is the connection point, not the plant that generates the electricity."},"employment":{"direct":null,"indirect_est":null,"contractors_est":null,"note_it":"Picco occupazionale in cantiere; a regime organico facility tipico hyperscale.","conditions_tags":["construction_phase","high_skill"],"note_en":"Employment peak during construction; at steady state, typical hyperscale facility headcount."},"community_impact_it":"Conflitto locale su rumore, consumi energetici/idrici e compensazioni; caso emblematico del trade-off IA/cloud vs territorio.","labor_risks":["construction_phase","land_use_conflict"],"sources":[{"title":"Atti/cronaca — data center Microsoft Noviglio Santa Corinna","url":"https://www.napoli365.it/data-center-noviglio-milano-cloud-microsoft-inaugura-limpianto-il-22/","accessed_at":"2026-09-27","note":"Dati dimensionali e 100 MW da atti amministrativi riportati in cronaca"},{"title":"SIA — ampliamento data center Noviglio, cavo 132 kV","url":"https://va.mite.gov.it/File/Documento/1186222","accessed_at":"2026-09-28","note":"Determina Città metropolitana di Milano 2234 del 21/03/2022"}],"noise":{"lw_dba":112,"scenario":"emergency_test","origin":"estimated","note_it":"Stima Lw da campus hyperscale ~100 MW; il conflitto locale sul rumore è documentato in community_impact, senza Lw di progetto pubblico.","note_en":"Lw estimate for ~100 MW hyperscale campus; local noise conflict is documented in community_impact, without a public design Lw."},"description_en":"Microsoft campus at Santa Corinna (Noviglio), south-west of Milan: about 230,000 sqm of site area, ~95,000 sqm built, authorised electrical connection of 100 MW. The first building (Building MXP-I) is connected by a 132 kV underground cable to the Terna Lacchiarella substation, authorised by the Metropolitan City of Milan with determination 2234 of 21 March 2022. Phased operational start (first phase September 2026). Completes the Azure Italy North region beyond Settala and the other campuses under construction.","community_impact_en":"Local conflict over noise, energy/water consumption and compensation; emblematic case of the AI/cloud vs territory trade-off."}},{"type":"Feature","geometry":{"type":"Point","coordinates":[9.11167,45.37337]},"properties":{"id":"dc_025","name":"AWS Europe (Milano) — Zibido San Giacomo","type":"data_center","subtype":"hyperscale","operator":"Amazon Data Services Italy","capacity":"N/D (espansione regione Europe Milan; VIA in corso)","description_it":"Espansione della regione AWS Europe (Milan) a Zibido San Giacomo (Edificio A), oltre ai siti Rho/Pero. VIA nazionale MASE in istruttoria. Il parere del Parco Agricolo Sud Milano sul fascicolo cita una nuova sottostazione utente e un cavidotto AT (~2,7 km) verso la nuova SE 220 kV al confine Lacchiarella–Zibido (nodo in autorizzazione come Lacchiarella Ovest / EL-647). Parte del programma AWS da ~1,2 mld di interesse strategico nazionale.","country":"IT","city":"Zibido San Giacomo","status":"planned","site_category":"infrastructure","opened_year":null,"updated_at":"2026-09-29","confidence":"high","impact":{"capacity_mw":null,"power_draw_mw_est":null,"pue":null,"water_use_m3_year":null,"land_ha":null,"co2_t_year_est":null,"energy_mix_note_it":"Avviso VIA: gruppi di emergenza (~139 MWt termici), non la potenza IT. Allaccio di rete: nuova SE 220 kV al confine (Lacchiarella Ovest), certainty likely finché manca STMG pubblica con codice.","energy_mix_note_en":"EIA notice: emergency generators (~139 MWt thermal), not IT capacity. Grid connection: new 220 kV SE at the border (Lacchiarella Ovest), certainty likely until a public STMG with a code is available."},"community_impact_it":"Nuovo polo a sud di Milano con opere di rete associate; consultazioni pubbliche e osservazioni comunali in corso.","labor_risks":["construction_phase","land_use_conflict"],"sources":[{"title":"MASE VIA — AWS Europe (Milan) Edificio A, Zibido San Giacomo","url":"https://va.mite.gov.it/it-IT/Oggetti/Info/11970","accessed_at":"2026-09-27"},{"title":"MIMIT — programmi strategici data center (Amazon)","url":"https://www.mimit.gov.it/it/notizie-stampa/data-center-ok-cdm-a-strategicita-per-due-investimenti-in-lombardia-e-sardegna-per-6-8-mld","accessed_at":"2026-09-27"},{"title":"Parco Agricolo Sud Milano — parere VIA AWS (SE 220 kV)","url":"https://va.mite.gov.it/File/Documento/1374304","accessed_at":"2026-09-29"},{"title":"Comune Zibido — EL-647 Lacchiarella Ovest","url":"https://www.comune.zibidosangiacomo.mi.it/it/news/el-647-nuova-se-lacchiarella-ovest-380-220-kv-e-raccordi-aerei-alla-rtn","accessed_at":"2026-09-29"}],"description_en":"Expansion of the AWS Europe (Milan) region at Zibido San Giacomo (Building A), beyond the Rho/Pero sites. National MASE EIA under review. The Parco Agricolo Sud Milano opinion on the file cites a new user substation and an HV cable (~2.7 km) to the new 220 kV SE on the Lacchiarella–Zibido border (the node under authorisation as Lacchiarella Ovest / EL-647). Part of AWS’s ~€1.2bn nationally strategic programme.","noise":{"backup_mwt":139,"scenario":"emergency_test","origin":"estimated","note_it":"Avviso VIA: generatori di emergenza ~139 MWt termici (non capacità IT). Scenario prova.","note_en":"EIA notice: emergency generators ~139 MWt thermal (not IT capacity). Test scenario."},"community_impact_en":"New hub south of Milan with associated grid works; public consultations and municipal observations underway."}},{"type":"Feature","geometry":{"type":"Point","coordinates":[9.02217,45.44807]},"properties":{"id":"dc_026","name":"Equinix Italia — Cusago / Settimo Milanese (espansione)","type":"data_center","subtype":"colocation","operator":"Equinix","capacity":"Sette nuovi DC previsti; investimento ~4 mld (2026–2033)","description_it":"Programma Equinix a Settimo Milanese / Cornaredo (ambito ex Italtel «Il Castelletto»): ampliamento ML5 (edificio ML5.4) e nuovo ML6, con cantiere previsto dal 4° trimestre 2027 secondo lo SIA. Distinto dal campus hyperscale ML7–ML8 (dc_042) già allacciato a Baggio. Consultare la documentazione VIA per lo stato dell’allaccio.","country":"IT","city":"Cusago","status":"planned","site_category":"infrastructure","opened_year":null,"updated_at":"2026-09-29","confidence":"high","impact":{"capacity_mw":null,"power_draw_mw_est":null,"pue":null,"water_use_m3_year":null,"land_ha":null,"co2_t_year_est":null,"energy_mix_note_it":"CdM: intero fabbisogno coperto da rinnovabili tramite accordo già sottoscritto (PPA/offtake da nominare quando pubblico).","energy_mix_note_en":"Council of Ministers: entire demand covered by renewables via an already signed agreement (PPA/offtake to be named when public)."},"employment":{"direct":500,"indirect_est":null,"contractors_est":1500,"note_it":"Stima MIMIT: ~1.500 addetti in realizzazione; oltre 500 occupati diretti e indiretti a regime.","conditions_tags":["construction_phase","high_skill"],"note_en":"MIMIT estimate: ~1,500 workers during construction; over 500 direct and indirect jobs at steady state."},"community_impact_it":"Ulteriore densificazione del cluster ovest milanese; Occupazione di cantiere rilevante rispetto ai MW a regime.","labor_risks":["construction_phase"],"sources":[{"title":"MIMIT — Equinix per l’Italia / Cavour (CdM)","url":"https://www.mimit.gov.it/it/notizie-stampa/data-center-ok-cdm-a-strategicita-per-due-investimenti-in-lombardia-e-piemonte-per-8-mld","accessed_at":"2026-09-27"},{"title":"MASE — SIA Equinix ML5.4 / ML6 Settimo Milanese (Castelletto)","url":"https://va.mite.gov.it/File/Documento/1320505","accessed_at":"2026-09-29","note":"Due nuovi edifici: ML5 Edificio 2 (ML5.4) e ML6"}],"description_en":"Equinix programme at Settimo Milanese / Cornaredo (former Italtel «Il Castelletto» area): ML5 expansion (building ML5.4) and new ML6, with construction from Q4 2027 per the EIA. Distinct from the ML7–ML8 hyperscale campus (dc_042) already tied to Baggio. Check the EIA file for connection status.","community_impact_en":"Further densification of the Milan west cluster; significant construction employment relative to steady-state MW."}},{"type":"Feature","geometry":{"type":"Point","coordinates":[9.20975,45.37726]},"properties":{"id":"dc_027","name":"EdgeConneX Campus Italia — Opera","type":"data_center","subtype":"hyperscale","operator":"EdgeConneX","capacity":"Quota programma Campus Italia (>300 MW su tre siti); MW IT Opera N/D","description_it":"Campus EdgeConneX a Opera (~60 MW dichiarati in presentazione pubblica), uno dei tre nodi Campus Italia (~3 mld, interesse strategico nazionale) con Pieve Emanuele/Fizzonasco e Bertonico. Presentazione comunale: alimentazione da sottostazione Terna dedicata, senza prelievo dalla rete cittadina. Nome SE / STMG non pubblicati → nessun arco connects finché manca il fascicolo.","country":"IT","city":"Opera","status":"planned","site_category":"infrastructure","opened_year":null,"updated_at":"2026-09-29","confidence":"medium","impact":{"capacity_mw":100,"power_draw_mw_est":null,"pue":null,"water_use_m3_year":null,"land_ha":null,"co2_t_year_est":null,"energy_mix_note_it":"Quota indicativa 1/3 del programma multi-campus (>300 MW totali dichiarati); non potenza IT certificata del solo Opera.","energy_mix_note_en":"Indicative share 1/3 of the multi-campus programme (>300 MW total declared); not certified IT power for Opera alone."},"community_impact_it":"Nuova cintura hyperscale a sud di Milano/Lodigiano: suolo, rete e pressione cumulativa con AWS/Microsoft/Vantage.","labor_risks":["construction_phase","land_use_conflict"],"sources":[{"title":"MIMIT — programmi strategici data center","url":"https://www.mimit.gov.it/it/notizie-stampa/data-center-ok-cdm-a-strategicita-per-due-investimenti-in-lombardia-e-sardegna-per-6-8-mld","accessed_at":"2026-09-27"},{"title":"DDay — sette programmi strategici data center (EdgeConneX)","url":"https://www.dday.it/redazione/58290/data-center-in-italia-il-governo-rivela-altri-due-progetti-da-68-miliardi-ecco-tutti-i-sette-siti-in-programma","accessed_at":"2026-09-27"},{"title":"Il Giorno — presentazione EdgeConneX Opera (SE Terna dedicata)","url":"https://www.ilgiorno.it/milano/cronaca/data-center-opera-k7n5qatn","accessed_at":"2026-09-29"}],"description_en":"EdgeConneX campus at Opera (~60 MW stated in a public presentation), one of three Campus Italia nodes (~€3bn, nationally strategic) with Pieve Emanuele/Fizzonasco and Bertonico. Municipal presentation: supply from a dedicated Terna substation, not from the town grid. SE name / STMG not published → no connects edge until a filing is available.","community_impact_en":"New hyperscale belt south of Milan/Lodi area: land, grid and cumulative pressure with AWS/Microsoft/Vantage."}},{"type":"Feature","geometry":{"type":"Point","coordinates":[8.295,45.188]},"properties":{"id":"dc_028","name":"Cavour Hyperscale Campus — Trino (ex Galileo Ferraris)","type":"data_center","subtype":"hyperscale","operator":"Techbau (BentallGreenOak)","capacity":"300–400 MW (progetto); investimento ~4 mld","description_it":"Riconversione dell’ex centrale termoelettrica Galileo Ferraris di Trino (VC) / Leri Cavour in campus hyperscale (Techbau / BentallGreenOak), 300–400 MW, investimento ~4 mld. Interesse strategico CdM: conferenza di servizi entro fine 2026, autorizzazione unica ~2027, primo lotto ~2028. Sul medesimo nodo: FV Enel ~87 MW (powers likely) e stazione 380 kV (connects likely verso il campus). Previsti anche accumuli elettrochimici 100–120 MW / 200–240 MWh.","country":"IT","city":"Trino","status":"planned","site_category":"infrastructure","opened_year":null,"updated_at":"2026-09-29","confidence":"high","impact":{"capacity_mw":350,"power_draw_mw_est":null,"pue":null,"water_use_m3_year":null,"land_ha":null,"co2_t_year_est":null,"energy_mix_note_it":"SE 380 kV sul sito (gn_006) e FV Enel (ep_002): contesto documentato dal comunicato MIMIT. Niente STMG pubblica consultata → connects likely, non confirmed. Niente PPA nominato Enel→Cavour → powers likely.","energy_mix_note_en":"380 kV SE on site (gn_006) and Enel PV (ep_002): context documented by the MIMIT press release. No public STMG consulted → connects likely, not confirmed. No named Enel→Cavour PPA → powers likely."},"employment":{"direct":325,"indirect_est":1000,"contractors_est":1200,"note_it":"Stima MIMIT: ~1.200 medi in cantiere (picchi >2.000); a regime ~300–350 qualificati + indotto ~1.000.","conditions_tags":["construction_phase","high_skill"],"note_en":"MIMIT estimate: ~1,200 average on site during construction (peaks >2,000); at steady state ~300–350 skilled + ~1,000 induced."},"community_impact_it":"Riqualificazione brownfield e nuovo carico elettrico enorme in un territorio già segnato dalla storia nucleare/termoelettrica.","labor_risks":["construction_phase"],"sources":[{"title":"MIMIT — Cavour Hyperscale Campus / Equinix (CdM)","url":"https://www.mimit.gov.it/it/notizie-stampa/data-center-ok-cdm-a-strategicita-per-due-investimenti-in-lombardia-e-piemonte-per-8-mld","accessed_at":"2026-09-27"},{"title":"Radio Gold — Cavour Trino, 4 mld e cronoprogramma autorizzativo","url":"https://radiogold.it/news-alto-piemonte/cronaca-alto-piemonte/442160-data-center-trino-investimento-governo/","accessed_at":"2026-09-29"},{"title":"Al Nutisiari — testo comunicato governo su SE 380 kV e FV 87,5 MW","url":"https://alnutisiari.it/index.php/2026/07/24/via-libera-del-governo-a-cavour-hyperscale-campus-il-data-center-che-nascera-a-leri-cavour-che-avra-una-media-di-1200-lavoratori-in-fase-di-costruzione/","accessed_at":"2026-09-29"}],"description_en":"Conversion of the former Galileo Ferraris thermal plant at Trino (VC) / Leri Cavour into a hyperscale campus (Techbau / BentallGreenOak), 300–400 MW, ~€4bn. National strategic status: services conference by end-2026, single authorisation ~2027, first lot ~2028. On the same node: Enel ~87 MW PV (powers likely) and a 380 kV station (connects likely to the campus). Electrochemical storage 100–120 MW / 200–240 MWh also planned.","community_impact_en":"Brownfield redevelopment and a huge new electricity load in a territory already marked by nuclear/thermal power history."}},{"type":"Feature","geometry":{"type":"Point","coordinates":[8.43285,39.22317]},"properties":{"id":"dc_029","name":"Digital Vault Sulcis — Nuraxi Figus (Gonnesa)","type":"data_center","subtype":"hyperscale","operator":"Energy Vault Sulcis","capacity":"fino a ~30 MW (Edge AI) + accumulo/rinnovabili integrate","description_it":"Digital Vault Sulcis (Energy Vault): Edge AI data center sull’ex miniera Monte Sinni a Nuraxi Figus (Gonnesa), investimento ~1,49 mld, fino a ~30 MW (espansioni citate fino a 50–60 MW). Integra generazione e accumulo rinnovabile sul brownfield Carbosulcis. Interesse strategico CdM (ago 2026); lavori indicativi ~2028, operatività commerciale ~2030. Energy Vault dichiara progressi su connessione di rete, ma lo schema RTN/STMG non è ancora pubblico: nessun arco connects.","country":"IT","city":"Gonnesa","status":"planned","site_category":"infrastructure","opened_year":null,"updated_at":"2026-09-29","confidence":"high","impact":{"capacity_mw":30,"power_draw_mw_est":null,"pue":null,"water_use_m3_year":null,"land_ha":null,"co2_t_year_est":null,"energy_mix_note_it":"Modello dichiarato: DC + rinnovabili + storage sullo stesso sito. Connessione di rete «in avanzamento» (dichiarazioni azienda) ma senza fascicolo STMG/VIA consultabile che nomini cabina/stazione → niente connects.","energy_mix_note_en":"Declared model: DC + renewables + storage on the same site. Grid connection «in progress» (company statements) but no consultable STMG/EIA dossier naming a cabin/substation → no connects."},"employment":{"direct":null,"indirect_est":400,"contractors_est":null,"note_it":"Stima MIMIT: ~400 posti/anno tra diretti e indotto a regime.","conditions_tags":["construction_phase","high_skill"],"note_en":"MIMIT estimate: ~400 jobs/year between direct and induced at steady state."},"community_impact_it":"Riconversione di un territorio minerario in crisi (Sulcis): narrazione di transizione giusta da verificare su tempi, occupazione reale e impatto ambientale.","labor_risks":["construction_phase"],"sources":[{"title":"MIMIT — Digital Vault Sulcis / K2 (CdM)","url":"https://www.mimit.gov.it/it/notizie-stampa/data-center-ok-cdm-a-strategicita-per-due-investimenti-in-lombardia-e-sardegna-per-6-8-mld","accessed_at":"2026-09-27"},{"title":"EnergiaMercato — Nuraxi Figus, timeline e connessioni ancora da definire","url":"https://www.energiamercato.it/notizie/enertech/nuraxi-figus-data-center-miniera-del-sulcis","accessed_at":"2026-09-29"},{"title":"Unione Sarda — CdM Digital Vault Sulcis; dichiarazione Energy Vault su grid connection","url":"https://www.unionesarda.it/news-sardegna/sulcis-iglesiente/ok-del-governo-1-5-miliardi-per-il-data-center-ai-nellex-miniera-di-nuraxi-figus-qkqlkea8","accessed_at":"2026-09-29"}],"description_en":"Digital Vault Sulcis (Energy Vault): Edge AI data center at the former Monte Sinni mine in Nuraxi Figus (Gonnesa), ~€1.49bn, up to ~30 MW (expansions cited to 50–60 MW). Integrates renewable generation and storage on the Carbosulcis brownfield. National strategic status (Aug 2026); indicative works ~2028, commercial operation ~2030. Energy Vault reports grid-connection progress, but the RTN/STMG scheme is not yet public: no connects edge.","community_impact_en":"Conversion of a mining territory in crisis (Sulcis): just-transition narrative to be verified on timelines, real employment and environmental impact."}},{"type":"Feature","geometry":{"type":"Point","coordinates":[12.48705,41.7744]},"properties":{"id":"dc_030","name":"Digital Realty ROM1 — Trigoria (Roma)","type":"data_center","subtype":"colocation","operator":"Digital Realty","capacity":"~3 MW IT in prima fase; campus fino a ~22 ha a pieno sviluppo","description_it":"Primo data center Digital Realty in Italia (ROM1), Via delle Testuggini 98–100, Trigoria (Roma). Cantiere avviato; completamento prima fase previsto 2027 (~3 MW IT in moduli). Campus fino a ~22 ha a pieno sviluppo. Indirizzo e scheda operatore pubblicati; allaccio RTN nominato non trovato in fonti aperte consultate.","country":"IT","city":"Roma","status":"under_construction","site_category":"infrastructure","opened_year":null,"updated_at":"2026-09-29","confidence":"high","impact":{"capacity_mw":3,"power_draw_mw_est":null,"pue":null,"water_use_m3_year":null,"land_ha":22,"co2_t_year_est":null,"energy_mix_note_it":"Operatore dichiara focus su energia green; dettaglio PPA da verificare.","energy_mix_note_en":"Operator declares a focus on green energy; PPA detail to be verified."},"community_impact_it":"Nuovo campus a sud di Roma; espansione futura rilevante rispetto alla prima fase da 3 MW.","labor_risks":["construction_phase"],"sources":[{"title":"Digital Realty — espansione Milano e presenza Roma ROM1","url":"https://www.globenewswire.com/news-release/2026/03/24/3261249/0/en/Digital-Realty-Further-Expands-Mediterranean-Presence-with-Strategic-Land-Acquisitions-in-Milan.html","accessed_at":"2026-09-27"},{"title":"Digital Realty — scheda ROM1 Via delle Testuggini","url":"https://www.digitalrealty.com/it/data-centers/emea/rome/rom1","accessed_at":"2026-09-29"},{"title":"DCD — Digital Realty breaks ground on Rome ROM1","url":"https://www.datacenterdynamics.com/en/news/digital-realty-breaks-ground-on-rome-data-center-italy/","accessed_at":"2026-09-29"}],"description_en":"Digital Realty’s first Italian data center (ROM1), Via delle Testuggini 98–100, Trigoria (Rome). Ground broken; first phase targeted for 2027 (~3 MW IT in modules). Campus up to ~22 ha at full build-out. Operator address published; named RTN connection not found in open sources consulted.","community_impact_en":"New campus south of Rome; future expansion significant relative to the first 3 MW phase."}},{"type":"Feature","geometry":{"type":"Point","coordinates":[9.13732,45.32157]},"properties":{"id":"dc_031","name":"K2 Strategic Infrastructure — Zibido / Lacchiarella","type":"data_center","subtype":"hyperscale","operator":"K2 Strategic Infrastructure Italy","capacity":"~400 MW; investimento ~5,3 mld","description_it":"Campus hyperscale K2 nei comuni di Zibido San Giacomo e Lacchiarella, interesse strategico nazionale (~5,3 mld, ~400 MW). Cronaca istituzionale collega l’alimentazione alla futura SE Terna Lacchiarella Ovest (EL-647). Distinto dal campus Apto (allaccio confirmed sulla SE Lacchiarella esistente).","country":"IT","city":"Lacchiarella","status":"planned","site_category":"infrastructure","opened_year":null,"updated_at":"2026-09-29","confidence":"high","impact":{"capacity_mw":400,"power_draw_mw_est":null,"pue":null,"water_use_m3_year":null,"land_ha":null,"co2_t_year_est":null,"energy_mix_note_it":"Connects likely a Lacchiarella Ovest. Nessuna STMG K2 pubblica consultata.","energy_mix_note_en":"Connects likely to Lacchiarella Ovest. No consulted public K2 STMG."},"employment":{"direct":null,"indirect_est":null,"contractors_est":2000,"note_it":"Stima riportata: media ~2.000 occupati/anno in quattro anni di cantiere.","conditions_tags":["construction_phase"],"note_en":"Reported estimate: average ~2,000 workers/year over four years of construction."},"community_impact_it":"Concentrazione estrema di MW nel sud Milano insieme ad AWS e altri programmi: rischio saturazione rete e conflitto d’uso del suolo.","labor_risks":["construction_phase","land_use_conflict"],"sources":[{"title":"MIMIT — K2 / Digital Vault Sulcis (CdM)","url":"https://www.mimit.gov.it/it/notizie-stampa/data-center-ok-cdm-a-strategicita-per-due-investimenti-in-lombardia-e-sardegna-per-6-8-mld","accessed_at":"2026-09-27"},{"title":"Il Giorno — Lacchiarella Ovest / campus Lacchiarella–Zibido","url":"https://www.ilgiorno.it/milano/cronaca/avanza-la-nuova-centrale-elettrica-768c3694","accessed_at":"2026-09-29"},{"title":"Comune Zibido — EL-647","url":"https://www.comune.zibidosangiacomo.mi.it/it/news/el-647-nuova-se-lacchiarella-ovest-380-220-kv-e-raccordi-aerei-alla-rtn","accessed_at":"2026-09-29"}],"description_en":"K2 hyperscale campus in Zibido San Giacomo and Lacchiarella, nationally strategic (~€5.3bn, ~400 MW). Institutional reporting links supply to the future Terna Lacchiarella Ovest SE (EL-647). Distinct from the Apto campus (confirmed connection on the existing Lacchiarella SE).","community_impact_en":"Extreme MW concentration in south Milan together with AWS and other programmes: risk of grid saturation and land-use conflict."}},{"type":"Feature","geometry":{"type":"Point","coordinates":[9.30725,45.4633]},"properties":{"id":"dc_032","name":"Microsoft Azure — San Bovio (Peschiera Borromeo)","type":"data_center","subtype":"hyperscale","operator":"Microsoft","capacity":"N/D (ex Postalmarket; bonifica/cantiere in corso)","description_it":"Campus Microsoft sull’area dell’ex Postalmarket a San Bovio (Peschiera Borromeo), Via Trieste. Demolizione e bonifica avviate a febbraio 2025; screening ambientale MASE con esito favorevole su acqua, rumore e traffico secondo comunicazioni Microsoft alla comunità. Parte dell’espansione Azure Italy North insieme a Settala (dc_004), Noviglio (dc_024) e Bornasco (dc_033).","country":"IT","city":"Peschiera Borromeo","status":"under_construction","site_category":"infrastructure","opened_year":null,"updated_at":"2026-09-27","confidence":"high","impact":{"capacity_mw":null,"power_draw_mw_est":null,"pue":null,"water_use_m3_year":null,"land_ha":null,"co2_t_year_est":null,"energy_mix_note_it":"Microsoft dichiara energia da fonti rinnovabili tramite Terna; nessun prelievo da falda potabile locale secondo screening MASE riportato.","energy_mix_note_en":"Microsoft declares energy from renewable sources via Terna; no draw from the local potable aquifer per reported MASE screening."},"employment":{"direct":null,"indirect_est":null,"contractors_est":null,"note_it":"Fase demolizione/bonifica e cantiere; organico a regime tipico facility hyperscale.","conditions_tags":["construction_phase","high_skill"],"note_en":"Demolition/remediation and construction phase; steady-state headcount typical of hyperscale facility."},"community_impact_it":"Riconversione brownfield ex commerciale; dibattito locale su sostenibilità, traffico e opportunità di lavoro; contributi a infrastrutture scolastiche dichiarati da Microsoft.","labor_risks":["construction_phase"],"sources":[{"title":"Microsoft Local — aggiornamento cantiere San Bovio","url":"https://local.microsoft.com/it/blog/san-bovio-datacenter-construction-update/","accessed_at":"2026-09-27"}],"description_en":"Microsoft campus on the former Postalmarket site at San Bovio (Peschiera Borromeo), Via Trieste. Demolition and remediation started in February 2025; MASE environmental screening with a favourable outcome on water, noise and traffic per Microsoft community communications. Part of the Azure Italy North expansion alongside Settala (dc_004), Noviglio (dc_024) and Bornasco (dc_033).","community_impact_en":"Former commercial brownfield conversion; local debate on sustainability, traffic and job opportunities; school-infrastructure contributions declared by Microsoft."}},{"type":"Feature","geometry":{"type":"Point","coordinates":[9.20714,45.25325]},"properties":{"id":"dc_033","name":"Microsoft Azure — Bornasco","type":"data_center","subtype":"hyperscale","operator":"Microsoft","capacity":"N/D (campus a due edifici; backup generators ~50 MW riportati)","description_it":"Campus Microsoft self-build a Bornasco (PV) — MIL05/MIL06 — a sud di Milano (Via dei Pioppi / Via Rimembranze). Cantiere urbanizzazioni dal 2025; costruzione edifici dati dal 2026. Opere di connessione: doppio elettrodotto 132 kV verso nuova SE Terna Bornasco e cabina Enel Est Pavia (tracciati in valutazione nel SIA).","country":"IT","city":"Bornasco","status":"under_construction","site_category":"infrastructure","opened_year":null,"updated_at":"2026-09-29","confidence":"high","impact":{"capacity_mw":null,"power_draw_mw_est":null,"pue":null,"water_use_m3_year":null,"land_ha":null,"co2_t_year_est":null,"energy_mix_note_it":"Allaccio likely verso SE Terna Bornasco (e backup Enel Est Pavia). Nessun PPA impianto nominato.","energy_mix_note_en":"Connection likely to Terna Bornasco SE (and Enel Est Pavia backup). No named plant PPA."},"employment":{"direct":null,"indirect_est":null,"contractors_est":null,"note_it":"Cantiere attivo dal 2026; organico a regime da verificare.","conditions_tags":["construction_phase","high_skill"],"note_en":"Construction active from 2026; steady-state headcount to be verified."},"community_impact_it":"Nuovo polo hyperscale nel Pavese a sud di Milano: pressione su rete e suolo in area già interessata da altri campus (Siziano, Ferrera Erbognone).","labor_risks":["construction_phase"],"sources":[{"title":"Structure Research — Microsoft begins another Milan self-build (Bornasco)","url":"https://www.structureresearch.net/2026/02/11/microsoft-begins-another-milan-self-build/","accessed_at":"2026-09-27"},{"title":"MASE — opere di connessione Bornasco (SIA)","url":"https://va.mite.gov.it/File/Documento/968327","accessed_at":"2026-09-29"},{"title":"Microsoft Local — aggiornamento cantiere Bornasco","url":"https://local.microsoft.com/blog/bornasco-datacenter-construction-update/","accessed_at":"2026-09-29"}],"description_en":"Microsoft self-build campus at Bornasco (PV) — MIL05/MIL06 — south of Milan (Via dei Pioppi / Via Rimembranze). Site works from 2025; data-building construction from 2026. Connection works: dual 132 kV lines toward the new Terna Bornasco SE and Enel Est Pavia primary cabin (alignments under evaluation in the EIA).","noise":{"backup_mwt":50,"scenario":"emergency_test","origin":"estimated","note_it":"Backup generators ~50 MW riportati in fonti aperte; Lw scalato dalla potenza termica di emergenza (non misura in situ).","note_en":"~50 MW backup generators reported in open sources; Lw scaled from emergency thermal power (not an in-situ measurement)."},"community_impact_en":"New hyperscale hub in the Pavia area south of Milan: pressure on grid and land in an area already affected by other campuses (Siziano, Ferrera Erbognone)."}},{"type":"Feature","geometry":{"type":"Point","coordinates":[9.4364,45.3325]},"properties":{"id":"dc_034","name":"Vantage MXP4 — Tavazzano / Montanaso","type":"data_center","subtype":"hyperscale","operator":"Vantage Data Centers","capacity":"N/D; estensione strategicità ~3,79 mld (programma IT totale ~8 mld)","description_it":"Quarto campus italiano Vantage (MXP4) previsto nei comuni di Tavazzano con Villavesco e Montanaso (LO), dentro/accanto al perimetro della centrale termoelettrica TTEP. Il CdM ha esteso la strategicità nazionale (~3,79 mld aggiuntivi). Cronaca locale (incontro tecnico MIMIT/commissario): ubicazione in centrale confermata; progetto edilizio ancora da presentare. Non è un PPA nominato: il legame energetico in mappa è powers likely per co-locazione sullo stesso nodo. Pin allineato al perimetro TTEP (ep_018); lotto edilizio ancora non depositato.","country":"IT","city":"Tavazzano con Villavesco","status":"planned","site_category":"infrastructure","opened_year":null,"updated_at":"2026-09-29","confidence":"medium","impact":{"capacity_mw":null,"power_draw_mw_est":null,"pue":null,"water_use_m3_year":null,"land_ha":null,"co2_t_year_est":null,"energy_mix_note_it":"Co-locazione con centrale a gas TTEP (ep_018): sinergia territoriale documentata dalla cronaca/incontri tecnici; nessun offtake/PPA nominato → non elevare a confirmed.","energy_mix_note_en":"Co-location with the TTEP gas plant (ep_018): territorial synergy documented by reporting/technical meetings; no named offtake/PPA → do not elevate to confirmed."},"employment":{"direct":null,"indirect_est":null,"contractors_est":null,"note_it":"Prevalentemente fase di pianificazione/autorizzazione; organico cantiere da definire.","conditions_tags":["construction_phase","high_skill"],"note_en":"Predominantly planning/permitting phase; construction headcount to be defined."},"community_impact_it":"Estensione del cluster Vantage verso il Lodigiano; dibattiti locali su energia, suolo e ruolo della centrale esistente.","labor_risks":["construction_phase","land_use_conflict"],"sources":[{"title":"MIMIT — programmi strategici data center","url":"https://www.mimit.gov.it/it/notizie-stampa/data-center-ok-cdm-a-strategicita-per-due-investimenti-in-lombardia-e-sardegna-per-6-8-mld","accessed_at":"2026-09-27"},{"title":"Il Cittadino — data center Vantage nella centrale di Tavazzano","url":"https://www.ilcittadino.it/stories/premium/centro_lodigiano/il-data-center-della-multinazionale-vantage-sara-nella-centrale-di-tavazzano-o_205632_96/","accessed_at":"2026-09-27","note":"Localizzazione presso TTEP; progetto non ancora depositato in sede comunale secondo la cronaca"},{"title":"Il Cittadino — maxi data center accanto a centrale Tavazzano","url":"https://www.ilcittadino.it/stories/premium/centro_lodigiano/arriva-un-nuovo-maxi-data-center-o_203721_96/","accessed_at":"2026-09-29"},{"title":"MIMIT — programmi strategici data center (Vantage)","url":"https://www.mimit.gov.it/it/notizie-stampa/data-center-ok-cdm-a-strategicita-per-due-investimenti-in-lombardia-e-piemonte-per-8-mld","accessed_at":"2026-09-29"}],"description_en":"Fourth Italian Vantage campus (MXP4) planned in Tavazzano con Villavesco and Montanaso (LO), inside/beside the TTEP thermal plant perimeter. The government extended national strategic status (~€3.79bn additional). Local reporting (MIMIT/commissioner technical meeting): plant location confirmed; building plans still to be filed. Not a named PPA: the map link is powers likely for same-node co-location.","community_impact_en":"Extension of the Vantage cluster toward the Lodi area; local debates on energy, land and the role of the existing power plant."}},{"type":"Feature","geometry":{"type":"Point","coordinates":[9.37402,45.49875]},"properties":{"id":"dc_035","name":"MIL05 — Vignate (Infrastructure Italia Land 5)","type":"data_center","subtype":"hyperscale","operator":"Infrastructure Italia Land 5 S.r.l.","capacity":"~94.000 mq (MIL05A+B); 50 GE emergenza ~298 MWt","description_it":"Nuovo data center MIL05 a Vignate (MI), lungo la SP 103 Nuova Cassanese / Via Galileo Galilei. VIA nazionale conclusa con giudizio positivo di compatibilità ambientale (DM 411 del 30/06/2026). Alimentazione prevista con due cavidotti 220 kV e sottostazione dedicata; area netta intervento ~73.000 mq + riserva di espansione (~21.000 mq). Caso chiaro di progetto autorizzato in attesa di realizzazione (termine 5 anni dal decreto).","country":"IT","city":"Vignate","status":"planned","site_category":"infrastructure","opened_year":null,"updated_at":"2026-09-29","confidence":"high","impact":{"capacity_mw":null,"power_draw_mw_est":null,"pue":null,"water_use_m3_year":null,"land_ha":9.4,"co2_t_year_est":null,"energy_mix_note_it":"Due cavi interrati 220 kV, ciascuno in grado di portare l’intero carico. Il primo (circa 244 m) parte dal traliccio n. 14 della linea aerea Cassano–Ricevitrice Nord, nel comune di Vignate. Il secondo (circa 628 m) si attesta su una buca giunti della linea interrata in progetto dalla futura stazione Terna di Pioltello verso la cabina di Infrastructure Italia Land 6 a Liscate. Non è un cavo disegnato fino a Pioltello, e quella stazione non ha ancora un punto pubblicabile.","energy_mix_note_en":"Two buried 220 kV cables, each able to carry the full load. The first (about 244 m) leaves pylon 14 of the Cassano–Ricevitrice Nord overhead line, in Vignate. The second (about 628 m) ends at a joint bay on the planned underground line from the future Terna Pioltello station toward the Infrastructure Italia Land 6 primary cabin in Liscate. It is not a cable drawn all the way to Pioltello, and that station does not yet have a publishable point."},"employment":{"direct":null,"indirect_est":null,"contractors_est":null,"note_it":"Autorizzato; cantiere non ancora avviato alla data del decreto VIA.","conditions_tags":["construction_phase","high_skill"],"note_en":"Authorised; construction not yet started as of the EIA decree date."},"community_impact_it":"Trasformazione di area agricola già prevista a destinazione produttiva/commerciale dal PGT; confine con Parco Agricolo Sud Milano; mitigazioni paesaggistiche (duna verde) negli atti.","labor_risks":["construction_phase","land_use_conflict"],"sources":[{"title":"MASE VIA — MIL05 Vignate (VIP 11494)","url":"https://va.mite.gov.it/it-IT/Oggetti/Info/11494","accessed_at":"2026-09-27"},{"title":"MASE — decreto compatibilità ambientale DM 411/2026 (MIL05)","url":"https://va.mite.gov.it/it-IT/Oggetti/MetadatoDocumento/1406010","accessed_at":"2026-09-27","note":"Giudizio positivo 30/06/2026; realizzazione entro 5 anni"}],"noise":{"backup_mwt":298,"scenario":"emergency_test","origin":"estimated","note_it":"VIA: ~50 gruppi elettrogeni di emergenza (~298 MWt). Isolinee = scenario prova banco gruppi, non esercizio continuo.","note_en":"EIA: ~50 emergency gensets (~298 MWt). Isolines = genset test-bank scenario, not continuous operation."},"description_en":"New MIL05 data center in Vignate (MI), along SP 103 Nuova Cassanese / Via Galileo Galilei. National EIA concluded with a positive environmental compatibility ruling (DM 411 of 30/06/2026). Planned supply via two 220 kV cable ducts and a dedicated substation; net intervention area ~73,000 sqm + expansion reserve (~21,000 sqm). Clear case of an authorised project awaiting construction (5-year term from the decree).","community_impact_en":"Conversion of agricultural land already zoned for productive/commercial use in the PGT; border with Parco Agricolo Sud Milano; landscape mitigations (green dune) in the acts."}},{"type":"Feature","geometry":{"type":"Point","coordinates":[8.86145,45.09933]},"properties":{"id":"dc_036","name":"Eni–Khazna AI Data Center Campus — Ferrera Erbognone","type":"data_center","subtype":"hyperscale","operator":"Eni / Khazna Data Centers (JV)","capacity":"fino a 500 MW IT (campus modulare); target partnership IT–UAE fino a 1 GW in Italia","description_it":"Campus AI hyperscale fino a 500 MW IT a Ferrera Erbognone (PV), sullo stesso polo del Green Data Center Eni (HPC). Heads of Terms Eni–Khazna (luglio 2025); JV autorizzata dalla Commissione europea. Alimentazione dichiarata: «Blue Power» Eni (nuova CCGT con CCS verso Ravenna). Non è ancora un PPA eseguito.","country":"IT","city":"Ferrera Erbognone","status":"planned","site_category":"infrastructure","opened_year":null,"updated_at":"2026-09-29","confidence":"high","impact":{"capacity_mw":500,"power_draw_mw_est":null,"pue":null,"water_use_m3_year":null,"land_ha":null,"co2_t_year_est":null,"energy_mix_note_it":"Powers likely da Blue Power (HoT). Distinto dalla centrale Enipower già operativa nel comune.","energy_mix_note_en":"Powers likely from Blue Power (HoT). Distinct from the existing Enipower plant in the municipality."},"employment":{"direct":null,"indirect_est":null,"contractors_est":null,"note_it":"Sviluppo e cantieri modulari previsti; primi moduli operativi dichiarati verso fine decennio in fonti secondarie.","conditions_tags":["construction_phase","high_skill"],"note_en":"Modular development and construction planned; first operational modules declared toward the end of the decade in secondary sources."},"community_impact_it":"Uno dei più grandi campus AI annunciati in Italia: impatto energetico e territoriale di scala nazionale sul Pavese.","labor_risks":["construction_phase","land_use_conflict"],"sources":[{"title":"Eni — HoT con Khazna per AI Data Center Campus (500 MW)","url":"https://www.eni.com/en-IT/media/press-release/2025/07/pr-khazna-data-centers-eni-partner-develop-i-data-center-campus.html","accessed_at":"2026-09-27"},{"title":"Il Sole 24 Ore — via libera Ue alla JV Eni–Khazna","url":"https://www.ilsole24ore.com/art/data-center-via-libera-ue-joint-venture-eni-khazna-accelerazione-polo-lombardo-AJl2Zcj","accessed_at":"2026-09-27"},{"title":"Eni — HoT Khazna / Blue Power","url":"https://www.eni.com/it-IT/media/comunicati-stampa/2025/07/cs-khazna-data-centers-eni-comunita-insieme-sviluppo-ai-data-center-campus.html","accessed_at":"2026-09-29"}],"description_en":"AI hyperscale campus up to 500 MW IT at Ferrera Erbognone (PV), on the same hub as Eni’s Green Data Center (HPC). Eni–Khazna Head of Terms (July 2025); JV cleared by the European Commission. Declared supply: Eni «Blue Power» (new CCGT with CCS to Ravenna). Not yet an executed PPA.","community_impact_en":"One of the largest AI campuses announced in Italy: national-scale energy and territorial impact on the Pavia area."}},{"type":"Feature","geometry":{"type":"Point","coordinates":[9.19047,45.37232]},"properties":{"id":"dc_037","name":"EdgeConneX Campus Italia — Pieve Emanuele / Fizzonasco","type":"data_center","subtype":"hyperscale","operator":"EdgeConneX","capacity":"Quota programma Campus Italia (>300 MW su tre siti); MW IT sito N/D","description_it":"Secondo nodo del programma EdgeConneX Campus Italia (~3 mld, interesse strategico nazionale), nei comuni di Pieve Emanuele / Fizzonasco a sud di Milano. Stesso programma di Opera (dc_027) e Bertonico (dc_038). Pin sul nucleo di Fizzonasco (Nominatim); lotto edilizio esatto da raffinare con atti.","country":"IT","city":"Pieve Emanuele","status":"planned","site_category":"infrastructure","opened_year":null,"updated_at":"2026-09-29","confidence":"medium","impact":{"capacity_mw":100,"power_draw_mw_est":null,"pue":null,"water_use_m3_year":null,"land_ha":null,"co2_t_year_est":null,"energy_mix_note_it":"Quota indicativa 1/3 del programma multi-campus; non potenza IT certificata del sito.","energy_mix_note_en":"Indicative share 1/3 of the multi-campus programme; not certified IT power for the site."},"community_impact_it":"Densificazione ulteriore della cintura sud-milanese già satura di progetti hyperscale.","labor_risks":["construction_phase","land_use_conflict"],"sources":[{"title":"MIMIT — programmi strategici data center","url":"https://www.mimit.gov.it/it/notizie-stampa/data-center-ok-cdm-a-strategicita-per-due-investimenti-in-lombardia-e-sardegna-per-6-8-mld","accessed_at":"2026-09-27"}],"description_en":"Second node of the EdgeConneX Campus Italia programme (~€3bn, national strategic interest), in the municipalities of Pieve Emanuele / Fizzonasco south of Milan. Same programme as Opera (dc_027) and Bertonico (dc_038). Pin on the Fizzonasco core (Nominatim); exact building lot to be refined with acts.","community_impact_en":"Further densification of the south-Milan belt already saturated with hyperscale projects."}},{"type":"Feature","geometry":{"type":"Point","coordinates":[9.67466,45.24519]},"properties":{"id":"dc_038","name":"EdgeConneX Campus Italia — Bertonico","type":"data_center","subtype":"hyperscale","operator":"EdgeConneX","capacity":"Quota programma Campus Italia (>300 MW su tre siti); MW IT sito N/D","description_it":"Terzo nodo del programma EdgeConneX Campus Italia nel Lodigiano (Bertonico). Stesso programma di Opera (dc_027) e Pieve Emanuele (dc_037). Pin sul centroide comunale (Nominatim); lotto edilizio esatto da raffinare con atti.","country":"IT","city":"Bertonico","status":"planned","site_category":"infrastructure","opened_year":null,"updated_at":"2026-09-29","confidence":"medium","impact":{"capacity_mw":100,"power_draw_mw_est":null,"pue":null,"water_use_m3_year":null,"land_ha":null,"co2_t_year_est":null,"energy_mix_note_it":"Quota indicativa 1/3 del programma multi-campus; non potenza IT certificata del sito.","energy_mix_note_en":"Indicative share 1/3 of the multi-campus programme; not certified IT power for the site."},"community_impact_it":"Estensione della proliferazione data center oltre la cintura milanese, verso il Lodigiano.","labor_risks":["construction_phase","land_use_conflict"],"sources":[{"title":"MIMIT — programmi strategici data center","url":"https://www.mimit.gov.it/it/notizie-stampa/data-center-ok-cdm-a-strategicita-per-due-investimenti-in-lombardia-e-sardegna-per-6-8-mld","accessed_at":"2026-09-27"}],"description_en":"Third node of the EdgeConneX Campus Italia programme in the Lodi area (Bertonico). Same programme as Opera (dc_027) and Pieve Emanuele (dc_037). Pin on the municipal centroid (Nominatim); exact building lot to be refined with acts.","community_impact_en":"Extension of data-center proliferation beyond the Milan belt, toward the Lodi area."}},{"type":"Feature","geometry":{"type":"Point","coordinates":[9.02575,45.50169]},"properties":{"id":"dc_039","name":"Vantage — Cornaredo (programma strategico)","type":"data_center","subtype":"hyperscale","operator":"Vantage Data Centers","capacity":"N/D (nodo del programma multi-campus ~8 mld)","description_it":"Nodo Cornaredo del programma Vantage di interesse strategico nazionale (insieme a Melegnano/MXP1, Settimo/MXP2 e Tavazzano/MXP4). Distinto dal campus Data4 MIL01 già operativo nello stesso comune (dc_021). Lotto e potenza IT da raffinare; pin sul centroide comunale di Cornaredo (Nominatim); lotto distinto da Data4 MIL01 (dc_021).","country":"IT","city":"Cornaredo","status":"planned","site_category":"infrastructure","opened_year":null,"updated_at":"2026-09-29","confidence":"medium","impact":{"capacity_mw":null,"power_draw_mw_est":null,"pue":null,"water_use_m3_year":null,"land_ha":null,"co2_t_year_est":null,"energy_mix_note_it":"Stesso corridoio ovest-Milano di Data4 ed Equinix; dettaglio MW IT non pubblico.","energy_mix_note_en":"Same Milan-west corridor as Data4 and Equinix; IT MW detail not public."},"community_impact_it":"Ulteriore densificazione del corridoio Cornaredo–Settimo già saturo di campus colo/hyperscale.","labor_risks":["construction_phase","land_use_conflict"],"sources":[{"title":"MIMIT — programmi strategici data center","url":"https://www.mimit.gov.it/it/notizie-stampa/data-center-ok-cdm-a-strategicita-per-due-investimenti-in-lombardia-e-sardegna-per-6-8-mld","accessed_at":"2026-09-27","note":"Vantage: Melegnano, Settimo Milanese, Cornaredo, Tavazzano"}],"description_en":"Cornaredo node of the Vantage programme of national strategic interest (together with Melegnano/MXP1, Settimo/MXP2 and Tavazzano/MXP4). Distinct from the already operational Data4 MIL01 campus in the same municipality (dc_021). Lot and IT power to be refined; pin on the Cornaredo municipal centroid (Nominatim); lot distinct from Data4 MIL01 (dc_021).","community_impact_en":"Further densification of the Cornaredo–Settimo corridor already saturated with colo/hyperscale campuses."}},{"type":"Feature","geometry":{"type":"Point","coordinates":[9.0425,45.4762]},"properties":{"id":"dc_040","name":"Microsoft Azure — MIL03 (Castelletto / Settimo Milanese)","type":"data_center","subtype":"hyperscale","operator":"Microsoft","capacity":"MIL03; allaccio 132 kV verso SE Baggio","description_it":"Campus Microsoft MIL03 a Settimo Milanese, al margine sud di Castelletto presso via Reiss Romoli. Distinto da Equinix ML5 e da Vantage MXP2 nello stesso corridoio. Il collegamento elettrico previsto è un doppio elettrodotto AT 132 kV interrato (~2,4 km) dalla sottostazione del sito alla stazione Terna di Baggio (via Edison, frazione Seguro). Pin approssimato sul corridoio Via Reiss Romoli indicato in VIA.","description_en":"Microsoft MIL03 campus at Settimo Milanese, on the southern edge of Castelletto near Via Reiss Romoli. Distinct from Equinix ML5 and Vantage MXP2 in the same corridor. The planned electrical link is a dual buried 132 kV line (~2.4 km) from the site substation to Terna’s Baggio station (Via Edison, Seguro). Approximate pin on the Via Reiss Romoli corridor named in the EIA.","country":"IT","city":"Settimo Milanese","status":"under_construction","site_category":"infrastructure","opened_year":null,"updated_at":"2026-09-29","confidence":"medium","impact":{"capacity_mw":null,"power_draw_mw_est":null,"pue":null,"water_use_m3_year":null,"land_ha":null,"co2_t_year_est":null,"energy_mix_note_it":"Allaccio documentato: due cavi 132 kV interrati verso SE Terna Baggio. È il punto di connessione, non la centrale che produce l’elettricità.","energy_mix_note_en":"Documented connection: two underground 132 kV cables toward Terna Baggio SE. It is the connection point, not the plant that generates the electricity."},"employment":{"direct":null,"indirect_est":null,"contractors_est":null,"note_it":"Cantiere e istruttoria VIA in corso; organico operativo non dichiarato in fonti aperte.","conditions_tags":["construction_phase"],"note_en":"Construction and EIA review underway; operating headcount not declared in open sources."},"community_impact_it":"Pressione cumulativa di suolo e rete nel corridoio Castelletto–Seguro insieme a Equinix e Vantage.","labor_risks":["construction_phase"],"sources":[{"title":"MASE — integrazione elettrodotto MIL03 / SE Baggio (ID VIP 9549)","url":"https://va.mite.gov.it/File/Documento/833908","accessed_at":"2026-09-29","note":"Due elettrodotti AT 132 kV interrati ~2,433 km verso SE Baggio"},{"title":"Regione Lombardia — parere istruttoria MIL03 Settimo Milanese","url":"https://va.mite.gov.it/File/Documento/1251809","accessed_at":"2026-09-29","note":"Collegamento alla stazione Terna Baggio a ~1,2 km"}],"community_impact_en":"Cumulative land and grid pressure in the Castelletto–Seguro corridor together with Equinix and Vantage."}},{"type":"Feature","geometry":{"type":"Point","coordinates":[9.1355,45.3248]},"properties":{"id":"dc_041","name":"Apto — Campus Lacchiarella","type":"data_center","subtype":"hyperscale","operator":"Apto Italia","capacity":"~300 MVA pianificati; investimento dichiarato ~3 mld","description_it":"Campus hyperscale Apto a Lacchiarella (~228.000 mq, fino a cinque edifici). Distinto da K2 (dc_031) nello stesso comune. STMG Terna 202400955 (7 marzo 2024): allaccio con cavo sotterraneo alla stazione esistente 380/132 kV Lacchiarella — non alla futura SE Lacchiarella Ovest. VIA nazionale in corso (ID VIP 13535). Pin approssimato sull’area industriale sud del comune.","description_en":"Apto hyperscale campus at Lacchiarella (~228,000 m², up to five buildings). Distinct from K2 (dc_031) in the same municipality. Terna STMG 202400955 (7 March 2024): underground cable to the existing Lacchiarella 380/132 kV station — not the future Lacchiarella Ovest station. National EIA ongoing (VIP 13535). Approximate pin on the southern industrial area.","country":"IT","city":"Lacchiarella","status":"planned","site_category":"infrastructure","opened_year":null,"updated_at":"2026-09-29","confidence":"medium","impact":{"capacity_mw":300,"power_draw_mw_est":null,"pue":null,"water_use_m3_year":null,"land_ha":22.8,"co2_t_year_est":null,"energy_mix_note_it":"Allaccio nominato: SE Lacchiarella esistente (STMG 202400955). Lacchiarella Ovest resta un progetto Terna distinto.","energy_mix_note_en":"Named connection: existing Lacchiarella SE (STMG 202400955). Lacchiarella Ovest remains a distinct Terna project."},"employment":{"direct":null,"indirect_est":null,"contractors_est":null,"note_it":"Investimento dichiarato ~3 mld; organico operativo non ancora dettagliato in fonti aperte.","conditions_tags":["construction_phase"],"note_en":"Declared investment ~€3bn; operating headcount not yet detailed in open sources."},"community_impact_it":"Concentrazione di MW a Lacchiarella insieme a K2 e al corridoio AWS Zibido; pressione su rete e suolo agricolo sud Milano.","labor_risks":["construction_phase","land_use_conflict"],"sources":[{"title":"Apto — campus Lacchiarella","url":"https://aptodc.com/apto-announces-plans-for-italys-largest-data-centre-campus/","accessed_at":"2026-09-29"},{"title":"MASE VIA — Data Center Lacchiarella (Apto Italia, ID VIP 13535)","url":"https://va.mite.gov.it/it-IT/Oggetti/Info/11503","accessed_at":"2026-09-29"},{"title":"Apto — controdeduzioni: STMG 202400955 verso SE Lacchiarella","url":"https://va.mite.gov.it/File/Documento/1406478","accessed_at":"2026-09-29","note":"Allaccio cavo sotterraneo alla SE esistente 380/132 kV Lacchiarella"}],"community_impact_en":"MW concentration at Lacchiarella together with K2 and the AWS Zibido corridor; pressure on grid and agricultural land south of Milan."}},{"type":"Feature","geometry":{"type":"Point","coordinates":[9.03768,45.47684]},"properties":{"id":"dc_042","name":"Equinix Hyperscale — ML7 / ML8 (Castelletto)","type":"data_center","subtype":"hyperscale","operator":"Equinix Hyperscale 2 (ML7)","capacity":"Generazione emergenza dichiarata ~125–134 MWt (ML7+ML8); potenza IT non pubblica","description_it":"Campus hyperscale Equinix a Settimo Milanese, località Il Castelletto: due unità indipendenti ML7 e ML8. Alimentate da una stazione AT/MT prossima al sito, collegata alla SE Terna Baggio con elettrodotto in doppio cavo interrato (screening/documentazione ambientale Equinix; parere regionale MIL03 conferma il collegamento a Baggio). ML7 in costruzione dal 2021; ML8 in sviluppo successivo. Distinto da ML5 (IBX) e dal progetto ML5.4/ML6 (dc_026). Pin da OpenStreetMap (Equinix ML7x).","description_en":"Equinix hyperscale campus at Settimo Milanese, Il Castelletto: two independent units ML7 and ML8. Fed from a nearby HV/MV station linked to Terna’s Baggio SE by a dual buried cable (Equinix environmental filings; regional MIL03 opinion confirms the Baggio connection). ML7 under construction since 2021; ML8 later. Distinct from ML5 (IBX) and the ML5.4/ML6 project (dc_026). Pin from OpenStreetMap (Equinix ML7x).","country":"IT","city":"Settimo Milanese","status":"under_construction","site_category":"infrastructure","opened_year":null,"updated_at":"2026-09-29","confidence":"high","impact":{"capacity_mw":null,"power_draw_mw_est":null,"pue":null,"water_use_m3_year":null,"land_ha":null,"co2_t_year_est":null,"energy_mix_note_it":"Allaccio documentato: doppio cavo interrato verso SE Terna Baggio. Non è un PPA e non indica quale centrale produce l’energia.","energy_mix_note_en":"Documented connection: dual underground cable toward Terna Baggio SE. It is not a PPA and does not indicate which plant generates the energy."},"employment":{"direct":null,"indirect_est":null,"contractors_est":null,"note_it":"Cantiere ML7 avviato; ML8 in fasi successive. Organico operativo non dichiarato in fonti aperte.","conditions_tags":["construction_phase","high_skill"],"note_en":"ML7 construction started; ML8 in later phases. Operating headcount not declared in open sources."},"community_impact_it":"Pressione cumulativa a Castelletto insieme a Data4, Vantage MXP2 e Microsoft MIL03; prossimità al Parco Agricolo Sud Milano.","labor_risks":["construction_phase"],"sources":[{"title":"MASE — Info Data Center ML7–ML8 Settimo Milanese (Equinix)","url":"https://va.mite.gov.it/it-IT/Oggetti/Info/11965","accessed_at":"2026-09-29"},{"title":"Equinix — Studio preliminare ambientale ML7–ML8 (allaccio Baggio)","url":"https://va.mite.gov.it/File/Documento/712030","accessed_at":"2026-09-29","note":"Doppio cavo interrato dalla stazione AT/MT del sito alla SE Baggio"},{"title":"Equinix — integrazione ML7–ML8 (descrizione allaccio Baggio)","url":"https://va.mite.gov.it/File/Documento/931063","accessed_at":"2026-09-29"},{"title":"Regione Lombardia — parere MIL03: ML7/ML8 collegati a Baggio","url":"https://va.mite.gov.it/File/Documento/1251809","accessed_at":"2026-09-29"},{"title":"OpenStreetMap — Equinix ML7x (way 1482049979)","url":"https://www.openstreetmap.org/way/1482049979","accessed_at":"2026-09-29"}],"noise":{"backup_mwt":130,"scenario":"emergency_test","origin":"estimated","note_it":"Generazione emergenza dichiarata ~125–134 MWt (ML7+ML8). Lw stimato da MWt; mitigazioni e orari prova non modellati.","note_en":"Declared emergency generation ~125–134 MWt (ML7+ML8). Lw estimated from MWt; mitigations and test schedules not modeled."},"community_impact_en":"Cumulative pressure at Castelletto together with Data4, Vantage MXP2 and Microsoft MIL03; proximity to Parco Agricolo Sud Milano."}},{"type":"Feature","geometry":{"type":"Point","coordinates":[12.63138,41.93183]},"properties":{"id":"dc_043","name":"Aruba Hyper Cloud Data Center IT4 — Tecnopolo Tiburtino (Roma)","type":"data_center","subtype":"colocation","operator":"Aruba","capacity":"N/D; ampliamento con gruppi elettrogeni in istruttoria ambientale","description_it":"Campus Aruba Hyper Cloud IT4 in Via Giacomo Peroni 380, Tecnopolo Tiburtino (Roma). Cloud, colocation e connettività per imprese e PA. Procedura MASE di verifica di assoggettabilità a VIA per installazione di gruppi elettrogeni di emergenza (ID VIP 13164). Distinto da Aruba IT1 Arezzo e IT3 Ponte San Pietro.","description_en":"Aruba Hyper Cloud IT4 campus at Via Giacomo Peroni 380, Tecnopolo Tiburtino (Rome). Cloud, colocation and connectivity for business and public administration. MASE EIA-screening procedure for emergency generator sets (VIP 13164). Distinct from Aruba IT1 Arezzo and IT3 Ponte San Pietro.","country":"IT","city":"Roma","status":"operational","site_category":"infrastructure","opened_year":2020,"updated_at":"2026-09-29","confidence":"high","impact":{"capacity_mw":null,"power_draw_mw_est":null,"pue":null,"water_use_m3_year":null,"land_ha":null,"co2_t_year_est":null,"energy_mix_note_it":"Allaccio di rete non nominato in fonti aperte consultate; fascicolo VIA riguarda i gruppi di emergenza, non il punto di connessione RTN.","energy_mix_note_en":"Grid connection not named in open sources consulted; EIA dossier concerns emergency gensets, not the RTN connection point."},"employment":{"direct":null,"indirect_est":null,"contractors_est":null,"note_it":"Occupazione campus non dettagliata nel fascicolo generatori; tipica di un nodo cloud/colocation metropolitano.","conditions_tags":["high_skill","shift_work"],"note_en":"Campus employment not detailed in the generator dossier; typical of a metropolitan cloud/colocation node."},"community_impact_it":"Polo digitale sull’asse Tiburtino; pressione locale soprattutto su rumore/emissioni dei gruppi di emergenza in istruttoria.","labor_risks":["shift_work"],"sources":[{"title":"MASE — Info VIA generatori Aruba Tecnopolo Tiburtino (ID 13164)","url":"https://va.mite.gov.it/it-IT/Oggetti/Info/11308","accessed_at":"2026-09-29"},{"title":"MASE — documento economico/indirizzo Via Peroni 380","url":"https://va.mite.gov.it/File/Documento/1278525","accessed_at":"2026-09-29","note":"Hyper Cloud IT4, Via Giacomo Peroni 380"},{"title":"MASE — scheda edificio / coordinate GIS Tiburtino","url":"https://va.mite.gov.it/File/Documento/1278524","accessed_at":"2026-09-29","note":"Lat 41.93133 Lon 12.631676"}],"community_impact_en":"Digital hub on the Tiburtina corridor; local pressure mainly over noise/emissions from emergency gensets under review."}},{"type":"Feature","geometry":{"type":"Point","coordinates":[8.97202,45.50538]},"properties":{"id":"dc_044","name":"Hscale MXP1 — Arluno (Via Padre Kolbe)","type":"data_center","subtype":"hyperscale","operator":"Hscale (Bain Capital / Aquila)","capacity":"48 MW campus; STMG ~70 MVA dichiarata","description_it":"Primo campus hyperscale Hscale in Italia, ovest Milano a Arluno (Via Padre Massimiliano Kolbe / Rogorotto). Target ready-for-service Q4 2027; un edificio a moduli ~16 MW. Distinto dal Vantage MXP1 di Melegnano (dc_022): stesso codice commerciale, sito e operatore diversi. Parte del commitment ~250 MW / >€2 mld con MXP2 (dc_045).","description_en":"First Italian Hscale hyperscale campus, west of Milan at Arluno (Via Padre Massimiliano Kolbe / Rogorotto). Target RFS Q4 2027; single building in ~16 MW modules. Distinct from Vantage’s MXP1 at Melegnano (dc_022): same commercial code, different site and operator. Part of the ~250 MW / >€2bn commitment with MXP2 (dc_045).","country":"IT","city":"Arluno","status":"planned","site_category":"infrastructure","opened_year":null,"updated_at":"2026-09-29","confidence":"medium","impact":{"capacity_mw":48,"power_draw_mw_est":null,"pue":1.2,"water_use_m3_year":null,"land_ha":null,"co2_t_year_est":null,"energy_mix_note_it":"STMG ~70 MVA dichiarata dall’operatore; SE di allaccio non nominata in fonti aperte consultate → nessun arco connects in questa wave.","energy_mix_note_en":"STMG ~70 MVA declared by the operator; connection SE not named in open sources consulted → no connects arc in this wave."},"employment":{"direct":null,"indirect_est":null,"contractors_est":null,"note_it":"Pre-construction/procurement in corso (maggio 2026); organico operativo non dichiarato.","conditions_tags":["construction_phase","high_skill"],"note_en":"Pre-construction/procurement underway (May 2026); operating headcount not declared."},"community_impact_it":"Nuovo polo hyperscale a ovest di Milano (Arluno), fuori dal corridoio Castelletto–Zibido già saturo.","labor_risks":["construction_phase"],"sources":[{"title":"Hscale — Italy Milan campuses","url":"https://www.hscaledc.com/data-centres/italy-milan/","accessed_at":"2026-09-29"},{"title":"Hscale — closes second Milan campus (€2bn / 250 MW)","url":"https://www.hscaledc.com/update/hscale-closes-second-hyperscale-data-centre-campus-in-milan-committing-over-e2-billion-to-the-region/","accessed_at":"2026-09-29"},{"title":"Colo Map — hscale MXP1 Arluno address","url":"https://colomap.com/facilities/hscale-mxp1/","accessed_at":"2026-09-29","note":"Via Padre Massimiliano Kolbe, Arluno"}],"community_impact_en":"New hyperscale hub west of Milan (Arluno), outside the already saturated Castelletto–Zibido corridor."}},{"type":"Feature","geometry":{"type":"Point","coordinates":[9.05468,45.47947]},"properties":{"id":"dc_045","name":"Hscale MXP2 — Settimo / Nord-Ovest Milano","type":"data_center","subtype":"hyperscale","operator":"Hscale (Bain Capital / Aquila)","capacity":"120 MW campus (3 edifici); STMG ~180 MVA dichiarata","description_it":"Secondo campus Hscale nell’area nord-ovest di Milano (comunicati: Settimo / Northwest Milan), tre edifici da ~36 MW, target RFS Q3 2028. Distinto dal Vantage MXP2 a Castelletto (dc_023) e da Microsoft MIL03 / Equinix ML7–8 nello stesso corridoio: stesso codice MXP2, operatore e lotto diversi. Pin a livello comunale Settimo Milanese finché non emerge indirizzo/VIA di lotto.","description_en":"Second Hscale campus in northwest Milan (releases: Settimo / Northwest Milan), three ~36 MW buildings, target RFS Q3 2028. Distinct from Vantage MXP2 at Castelletto (dc_023) and from Microsoft MIL03 / Equinix ML7–8 in the same corridor: same MXP2 code, different operator and lot. Municipal-level pin on Settimo Milanese until a lot address/EIA is public.","country":"IT","city":"Settimo Milanese","status":"planned","site_category":"infrastructure","opened_year":null,"updated_at":"2026-09-29","confidence":"medium","impact":{"capacity_mw":120,"power_draw_mw_est":null,"pue":1.2,"water_use_m3_year":null,"land_ha":null,"co2_t_year_est":null,"energy_mix_note_it":"STMG ~180 MVA dichiarata; SE nominata non pubblica in fonti aperte → nessun arco connects in questa wave.","energy_mix_note_en":"STMG ~180 MVA declared; named SE not public in open sources → no connects arc in this wave."},"employment":{"direct":null,"indirect_est":null,"contractors_est":null,"note_it":"Closing campus annunciato maggio 2026; pre-construction in corso.","conditions_tags":["construction_phase","high_skill"],"note_en":"Campus closing announced May 2026; pre-construction underway."},"community_impact_it":"Ulteriore densificazione del nord-ovest milanese già carico di campus hyperscale (Vantage, Equinix, Microsoft).","labor_risks":["construction_phase"],"sources":[{"title":"Hscale — Italy Milan campuses (MXP2 120 MW)","url":"https://www.hscaledc.com/data-centres/italy-milan/","accessed_at":"2026-09-29"},{"title":"Hscale — closes second Milan campus","url":"https://www.hscaledc.com/update/hscale-closes-second-hyperscale-data-centre-campus-in-milan-committing-over-e2-billion-to-the-region/","accessed_at":"2026-09-29"},{"title":"MLQ — Hscale €2B / 250 MW Milan","url":"https://mlq.ai/news/bain-backed-hscale-closes-second-milan-campus-commits-2b-to-250mw-buildout/","accessed_at":"2026-09-29"}],"community_impact_en":"Further densification of north-west Milan already loaded with hyperscale campuses (Vantage, Equinix, Microsoft)."}},{"type":"Feature","geometry":{"type":"Point","coordinates":[9.26819,45.48437]},"properties":{"id":"dc_046","name":"CyrusOne MIL1 — Segrate / Redecesio (ex CISE)","type":"data_center","subtype":"hyperscale","operator":"CyrusOne","capacity":"27 MW 1ª fase (in cantiere); 2º blocco 36 MW previsto; campus fino a 63 MW IT","description_it":"Primo data center CyrusOne in Italia (MIL1) nell’area ex CISE a Redecesio di Segrate (Via Reggio Emilia 39, tra Decathlon/McDonald’s e centro abitato). Posa simbolica e avvio cantiere marzo 2026 (Giornale di Segrate). Prima fase ~27 MW IT in edificio di tre piani (tre sale da 9 MW), target operativo fine 2027; masterplan Comune prevede secondo impianto 36 MW (titolo autonomo) sullo stesso campus (~63 MW). Demolizione ex CISE (~50 edifici) già completata. Allaccio dichiarato 220 kV A/B (~100 MVA); SE Terna non nominata in fonti aperte → nessun arco connects.","description_en":"CyrusOne’s first Italy data center (MIL1) on the former CISE site at Redecesio, Segrate (Via Reggio Emilia 39). Symbolic groundbreaking and construction start March 2026 (Giornale di Segrate). First phase ~27 MW IT in a three-storey building (three 9 MW halls), targeting operations late 2027; municipal masterplan foresees a second 36 MW plant (separate permit) on the same campus (~63 MW). Former CISE demolition (~50 buildings) already completed. Public datasheet cites dual 220 kV A/B (~100 MVA); named Terna SE not in open sources → no connects edge.","country":"IT","city":"Segrate","status":"under_construction","site_category":"infrastructure","opened_year":null,"updated_at":"2026-09-29","confidence":"high","impact":{"capacity_mw":63,"power_draw_mw_est":27,"pue":1.3,"water_use_m3_year":null,"land_ha":7.5,"co2_t_year_est":null,"energy_mix_note_it":"Operatore dichiara 100% renewable e doppia alimentazione 220 kV. CyrusOne dichiara raffreddamento water-free per i nuovi impianti e ~79% della capacità globale con chiller ad aria (Sustainability Report 2026); recupero calore residuo verso teleriscaldamento indicato per MIL1 ma operatore di rete non ancora individuato (stampa locale).","energy_mix_note_en":"Operator declares 100% renewable and dual 220 kV supply. CyrusOne declares water-free cooling for new facilities and ~79% of global capacity with air chillers (Sustainability Report 2026); residual heat recovery toward district heating indicated for MIL1 but the network operator not yet identified (local press)."},"employment":{"direct":25,"indirect_est":null,"contractors_est":300,"note_it":"Stampa locale (mar 2026): ~300 lavoratori in fase di costruzione al picco; ~25 persone qualificate a regime operativo.","note_en":"Local press (Mar 2026): ~300 workers at construction peak; ~25 skilled staff at operational phase.","conditions_tags":["construction_phase","high_skill"]},"community_impact_it":"Riqualificazione area ex CISE; opere compensative con Comune (~6 M€ infrastrutture locali, piantumazioni). Controversie documentate: comitati «Re de scés» e Redecesio-Lavanderie chiedono VAS/impatti cumulativi, compensazioni effettive e blocco del secondo blocco vicino abitazioni/scuola (Il Giorno, Giornale di Segrate). A <1 km è previsto MIL2 Rubattino (Milano).","labor_risks":["construction_phase"],"sources":[{"title":"CyrusOne — Milan MIL1","url":"https://www.cyrusone.com/data-centers/emea/milan-italy","accessed_at":"2026-09-29"},{"title":"CyrusOne — MIL1 datasheet (Via Reggio Emilia 39)","url":"https://www.cyrusone.com/hubfs/CyrusOne/C1_MIL1_DataSheet_SD.pdf","accessed_at":"2026-09-29"},{"title":"CyrusOne — breaks ground on first Italy DC","url":"https://www.cyrusone.com/resources/press-releases/cyrusone-breaks-ground-on-first-data-center-in-italy","accessed_at":"2026-09-29"},{"title":"Giornale di Segrate — posa prima pietra / avvio cantiere MIL1 (Redecesio)","url":"https://giornaledisegrate.it/2026/03/26/data-center-posa-della-prima-pietra-di-cyrusone-a-segrate/","accessed_at":"2026-09-29"},{"title":"Giornale di Segrate — due edifici MIL1 e impatto d’insieme","url":"https://giornaledisegrate.it/2026/09/25/data-center-sono-due-gli-edifici-previsti-di-chio-valuteremo-limpatto-dinsieme/","accessed_at":"2026-09-29"},{"title":"Il Giorno — comitato Re de scés / lettera istituzioni","url":"https://www.ilgiorno.it/milano/cronaca/noi-cittadini-mai-coinvolti-ad42be5d","accessed_at":"2026-09-29"},{"title":"7giorni — costituzione Comitato Redecesio-Lavanderie","url":"https://www.7giorni.info/cronaca/segrate/segrate-dalla-politica-territoriale-nasce-un-nuovo-comitato-di-cittadini-in-oltre-cento-al-confronto-sui-data-center.html","accessed_at":"2026-09-29"},{"title":"CyrusOne — FAQ MIL1/MIL2 (Rubattino)","url":"https://giornaledisegrate.it/2026/04/16/data-center-a-redecesio-le-risposte-di-cyrusone-alle-vostre-domande/","accessed_at":"2026-09-29","note":"Risposte ufficiali CyrusOne via Giornale di Segrate"},{"title":"CyrusOne — Sustainability Report 2026 (water-free / air-cooled)","url":"https://www.cyrusone.com/hubfs/CyrusOne/2026%20Sustainability%20Report.pdf?hsLang=en","accessed_at":"2026-09-29"}],"community_impact_en":"Redevelopment of the former CISE site; compensatory works with the municipality (~€6M local infrastructure, planting). Documented disputes: «Re de scés» and Redecesio-Lavanderie committees seek cumulative impact review, effective compensations and halting the second block near homes/school (Il Giorno, Giornale di Segrate). MIL2 Rubattino (Milan) is planned <1 km away."}},{"type":"Feature","geometry":{"type":"Point","coordinates":[8.95043,44.4272]},"properties":{"id":"dc_047","name":"Equinix GN1 — Genova (Lungobisagno Istria)","type":"data_center","subtype":"colocation","operator":"Equinix","capacity":"IBX carrier-neutral; MW IT non pubblicati in scheda aperta","description_it":"IBX Equinix GN1 a Genova, Via Lungobisagno Istria 14/A: primo data center carrier-neutral di scala mondiale in città, hub mediterraneo collegato agli IBX milanesi (incluso ML5 / Via Caldera). Coperto dal PPA portfolio Neoen–Equinix (Arena Po) insieme agli IBX di Milano — arco powers likely (conn_058).","description_en":"Equinix GN1 IBX in Genoa, Via Lungobisagno Istria 14/A: the city’s first world-class carrier-neutral data center, a Mediterranean hub linked to Milan IBXs (including ML5 / Via Caldera). Covered by the Neoen–Equinix portfolio PPA (Arena Po) with Milan IBXs — powers likely edge (conn_058).","country":"IT","city":"Genova","status":"operational","site_category":"infrastructure","opened_year":null,"updated_at":"2026-09-29","confidence":"high","impact":{"capacity_mw":null,"power_draw_mw_est":null,"pue":null,"water_use_m3_year":null,"land_ha":null,"co2_t_year_est":null,"energy_mix_note_it":"PPA virtuale Neoen–Equinix sul footprint Italia (Milano e Genova); non è un cavo dedicato al sito.","energy_mix_note_en":"Neoen–Equinix virtual PPA on the Italy footprint (Milan and Genoa); not a dedicated cable to the site."},"employment":{"direct":null,"indirect_est":null,"contractors_est":null,"note_it":"Occupazione IBX tipica di facility colo metropolitana; headcount non pubblico.","conditions_tags":["high_skill","shift_work"],"note_en":"IBX employment typical of metropolitan colo facility; headcount not public."},"community_impact_it":"Nodo di interconnessione sul corridoio mediterraneo genovese; pressione locale contenuta rispetto ai campus hyperscale milanesi.","labor_risks":["shift_work"],"sources":[{"title":"Equinix — GN1 Genoa","url":"https://www.equinix.com/data-centers/europe-colocation/italy-colocation/genoa-data-centers/gn1","accessed_at":"2026-09-29","note":"Via Lungobisagno Istria 14/A"},{"title":"Neoen × Equinix — PPA Italia (Milano e Genova)","url":"https://neoen.com/en/news/2024/neoen-and-equinix-sign-their-first-ppa-in-italy-supporting-decarbonization-of-the-local-grid/","accessed_at":"2026-09-29"},{"title":"OpenStreetMap / Overpass","url":"https://wiki.openstreetmap.org/wiki/Tag:telecom%3Ddata_center","accessed_at":"2026-09-23","note":"osm_id=13398669438"}],"community_impact_en":"Interconnection node on the Genoa Mediterranean corridor; local pressure contained relative to Milan hyperscale campuses."}},{"type":"Feature","geometry":{"type":"Point","coordinates":[9.14759,45.35626]},"properties":{"id":"dc_048","name":"Equinix ML3 — Basiglio","type":"data_center","subtype":"colocation","operator":"Equinix","capacity":"~3 MW (directory commerciali); IBX operativo","description_it":"IBX Equinix ML3 a Basiglio (sud Milano), indirizzo pubblico Via Ennio Doris / Via Francesco Sforza 13. Colocation e interconnection nel metro milanese, distinto da ML2 (Via Savona), ML5 (Settimo) e dal campus hyperscale ML7/ML8 (dc_042).","description_en":"Equinix ML3 IBX in Basiglio (south Milan), public address Via Ennio Doris / Via Francesco Sforza 13. Colocation and interconnection in the Milan metro, distinct from ML2 (Via Savona), ML5 (Settimo) and the ML7/ML8 hyperscale campus (dc_042).","country":"IT","city":"Basiglio","status":"operational","site_category":"infrastructure","opened_year":null,"updated_at":"2026-09-29","confidence":"high","impact":{"capacity_mw":3,"power_draw_mw_est":null,"pue":null,"water_use_m3_year":null,"land_ha":null,"co2_t_year_est":null,"energy_mix_note_it":"Rientra nel footprint Equinix Italia del PPA Neoen (portfolio); senza naming sito-sito → non si aggiunge un arco dedicato oltre ML5/ML2/GN1.","energy_mix_note_en":"Falls under the Equinix Italy footprint of the Neoen PPA (portfolio); without site-by-site naming → no dedicated arc added beyond ML5/ML2/GN1."},"community_impact_it":"Presenza colo consolidata a Basiglio; impatto locale tipico di IBX di media taglia.","labor_risks":["shift_work"],"sources":[{"title":"Equinix — ML3 Milan","url":"https://www.equinix.com/it/it/data-centers/europe-colocation/italy-colocation/milan-data-centers/ml3","accessed_at":"2026-09-29","note":"V. Ennio Doris 13, Basiglio"},{"title":"DataCenters.com — Equinix ML3 Basiglio","url":"https://www.datacenters.com/equinix-ml3-basiglio","accessed_at":"2026-09-29","note":"Via Francesco Sforza 13; ~3 MW"},{"title":"OpenStreetMap / Overpass","url":"https://wiki.openstreetmap.org/wiki/Tag:telecom%3Ddata_center","accessed_at":"2026-09-23","note":"osm_id=59973122"}],"community_impact_en":"Established colo presence in Basiglio; local impact typical of a mid-size IBX."}},{"type":"Feature","geometry":{"type":"Point","coordinates":[9.24405,45.51133]},"properties":{"id":"dc_049","name":"Equinix ML4 — Milano (Via Privata Cascia)","type":"data_center","subtype":"colocation","operator":"Equinix","capacity":"IBX; MW IT non dettagliati in scheda aperta consultata","description_it":"IBX Equinix ML4 a Milano, Via Privata Cascia 5 (quartiere Adriano / nord-est). Ex Telecity; oggi parte del footprint Equinix Milano insieme a ML2, ML3 e ML5. Distinto dal campus hyperscale di Settimo (ML7/ML8).","description_en":"Equinix ML4 IBX in Milan, Via Privata Cascia 5 (Adriano / north-east). Former Telecity; now part of the Equinix Milan footprint with ML2, ML3 and ML5. Distinct from the Settimo hyperscale campus (ML7/ML8).","country":"IT","city":"Milano","status":"operational","site_category":"infrastructure","opened_year":null,"updated_at":"2026-09-29","confidence":"high","impact":{"capacity_mw":null,"power_draw_mw_est":null,"pue":null,"water_use_m3_year":null,"land_ha":null,"co2_t_year_est":null,"energy_mix_note_it":"Footprint Equinix Italia (PPA Neoen); senza naming sito-sito non si aggiunge arco dedicato.","energy_mix_note_en":"Equinix Italy footprint (Neoen PPA); without site-by-site naming no dedicated arc is added."},"community_impact_it":"IBX urbano consolidato; impatto tipico di facility colo in tessuto residenziale/produttivo.","labor_risks":["shift_work"],"sources":[{"title":"Equinix Italy — ML4 Via Privata Cascia 5","url":"https://datacenterplatform.com/data-centers/equinix/equinix-inc-italy/","accessed_at":"2026-09-29"},{"title":"Baxtel — Equinix Milan ML4","url":"https://baxtel.com/data-center/gtt-milan","accessed_at":"2026-09-29","note":"Elenca Equinix ML4 nel metro milanese"}],"community_impact_en":"Established urban IBX; impact typical of a colo facility in a residential/productive fabric."}},{"type":"Feature","geometry":{"type":"Point","coordinates":[8.95929,45.48085]},"properties":{"id":"dc_050","name":"Data4 Campus MIL02 — Vittuone","type":"data_center","subtype":"hyperscale","operator":"Data4 Italia","capacity":"Campus multi-edificio; masterplan fino a ~100 MW IT (directory)","description_it":"Espansione Data4 a Vittuone (Via Giovanni Pascoli), ovest Milano, distinta dal campus MIL01 di Cornaredo (dc_021). Sviluppo multi-fase hyperscale su area ampia; pin a livello strada (Pascoli) finché non emergono coordinate di lotto da VIA.","description_en":"Data4 expansion at Vittuone (Via Giovanni Pascoli), west Milan, distinct from the Cornaredo MIL01 campus (dc_021). Multi-phase hyperscale development on a large site; street-level pin (Pascoli) until lot coordinates appear in an EIA.","country":"IT","city":"Vittuone","status":"under_construction","site_category":"infrastructure","opened_year":null,"updated_at":"2026-09-29","confidence":"medium","impact":{"capacity_mw":100,"power_draw_mw_est":null,"pue":null,"water_use_m3_year":null,"land_ha":22,"co2_t_year_est":null,"energy_mix_note_it":"Stesso operatore del PPA Edison–Data4 (ep_019→dc_021); senza naming esplicito MIL02 nel comunicato PPA non si duplica l’arco powers.","energy_mix_note_en":"Same operator as the Edison–Data4 PPA (ep_019→dc_021); without explicit MIL02 naming in the PPA release the powers arc is not duplicated."},"employment":{"direct":null,"indirect_est":null,"contractors_est":null,"note_it":"Fase di sviluppo/cantiere; organico non dichiarato in fonti aperte consultate.","conditions_tags":["construction_phase","high_skill"],"note_en":"Development/construction phase; headcount not declared in open sources consulted."},"community_impact_it":"Estensione del cluster Data4 dal Cornaredo verso Vittuone; pressione cumulativa ovest-Milano su suolo e rete.","labor_risks":["construction_phase"],"sources":[{"title":"DATA4 — Milan / Cornaredo (riferimento campus Italia)","url":"https://www.data4group.com/en/data-center-in-milan-italy/","accessed_at":"2026-09-29"},{"title":"DC Pulse — DATA4 Milan Campus MIL02 Vittuone","url":"https://dcpulse.com/project/data4-milan-campus-mil02-vittuone-italy","accessed_at":"2026-09-29","note":"Via Giovanni Pascoli, Vittuone; ~100 MW masterplan"}],"community_impact_en":"Extension of the Data4 cluster from Cornaredo toward Vittuone; cumulative Milan-west pressure on land and grid."}},{"type":"Feature","geometry":{"type":"Point","coordinates":[12.57694,41.70634]},"properties":{"id":"dc_051","name":"Rai Way Hyperscale — Pomezia / Santa Palomba","type":"data_center","subtype":"hyperscale","operator":"Rai Way","capacity":"35,2 MW IT (4 edifici); permesso di costruire ottenuto","description_it":"Campus hyperscale Rai Way a Pomezia sull’area dell’ex centro trasmittente in onde medie (Santa Palomba). Quattro edifici indipendenti, ~16.000 mq di data hall, 35,2 MW IT dichiarati; preparazione area avviata (set 2026), costruzione edifici in fase successiva. Distinto dal TIM Data Center di Pomezia (dc_011).","description_en":"Rai Way hyperscale campus at Pomezia on the former medium-wave transmitter site (Santa Palomba). Four independent buildings, ~16,000 m² of data halls, 35.2 MW IT declared; site preparation started (Sep 2026), building construction later. Distinct from TIM’s Pomezia data center (dc_011).","country":"IT","city":"Pomezia","status":"under_construction","site_category":"infrastructure","opened_year":null,"updated_at":"2026-09-29","confidence":"medium","impact":{"capacity_mw":35.2,"power_draw_mw_est":null,"pue":null,"water_use_m3_year":null,"land_ha":14,"co2_t_year_est":null,"energy_mix_note_it":"FV di supporto ~5,5 MW in autorizzazione secondo cronaca; allaccio RTN non nominato in fonti aperte → nessun arco in questa wave.","energy_mix_note_en":"Support PV ~5.5 MW under authorisation per reporting; RTN connection not named in open sources → no arc in this wave."},"employment":{"direct":null,"indirect_est":null,"contractors_est":null,"note_it":"Preparazione area in corso; organico di cantiere/esercizio non dettagliato.","conditions_tags":["construction_phase","high_skill"],"note_en":"Site preparation underway; construction/operations headcount not detailed."},"community_impact_it":"Riconversione di sito radiotelevisivo a Pomezia; accordo comunale su cessione terreno per viabilità.","labor_risks":["construction_phase"],"sources":[{"title":"DCD — Rai Way approval hyperscale near Rome / Pomezia","url":"https://www.datacenterdynamics.com/en/news/rai-way-gets-approval-for-400m-hyperscale-data-center-near-rome-italy/","accessed_at":"2026-09-29"},{"title":"JLC News — Rai Way preparazione area Pomezia","url":"https://www.jlcnews.it/post/rai-way-avvia-la-preparazione-dell-area-per-il-data-center-di-pomezia","accessed_at":"2026-09-29","note":"35,2 MW; ex centro onde medie"}],"community_impact_en":"Conversion of a broadcast site in Pomezia; municipal agreement on land transfer for roadworks."}},{"type":"Feature","geometry":{"type":"Point","coordinates":[12.47462,41.83343]},"properties":{"id":"dc_052","name":"Retelit — RMLET Roma (Viale della Letteratura)","type":"data_center","subtype":"colocation","operator":"Retelit","capacity":"Colocation metro; MW IT non pubblicati in scheda aperta consultata","description_it":"Data center Retelit RMLET a Roma EUR, Viale della Letteratura 17. Nodo colo/carrier del gruppo (ex Irideos) nel secondo polo italiano, distinto da Avalon Milano (dc_008) e dagli IBX Equinix. Serve imprese, PA e operatori sul corridoio romano.","description_en":"Retelit RMLET data center in Rome EUR, Viale della Letteratura 17. Group colo/carrier node (ex Irideos) in Italy’s second metro, distinct from Milan Avalon (dc_008) and Equinix IBXs.","country":"IT","city":"Roma","status":"operational","site_category":"infrastructure","opened_year":null,"updated_at":"2026-09-29","confidence":"high","impact":{"capacity_mw":null,"power_draw_mw_est":null,"pue":null,"water_use_m3_year":null,"land_ha":null,"co2_t_year_est":null,"energy_mix_note_it":"Allaccio RTN non nominato in fonti aperte consultate.","energy_mix_note_en":"RTN connection not named in open sources consulted."},"community_impact_it":"Presenza colo consolidata all’EUR; impatto tipico di facility metro.","labor_risks":["shift_work"],"sources":[{"title":"OCOLO — Retelit RMLET Roma","url":"https://www.ocolo.io/colocation/retelit/","accessed_at":"2026-09-29","note":"Viale della Letteratura 17"},{"title":"Retelit — gruppo / rete DC nazionali","url":"https://www.retelit.it/en","accessed_at":"2026-09-29"},{"title":"OpenStreetMap / Overpass","url":"https://wiki.openstreetmap.org/wiki/Tag:telecom%3Ddata_center","accessed_at":"2026-09-23","note":"osm_id=6697593261"}],"community_impact_en":"Established colo presence at the EUR; impact typical of a metro facility."}},{"type":"Feature","geometry":{"type":"Point","coordinates":[12.38249,41.89031]},"properties":{"id":"dc_053","name":"Retelit — Cornelia Roma","type":"data_center","subtype":"colocation","operator":"Retelit","capacity":"~0,3 MW (directory commerciali)","description_it":"Data center Retelit a Roma, Via Cornelia 498 (Aurelio). Facility colo di piccola/media taglia nel network nazionale Retelit; distinta da RMLET (EUR) e Perrier (nord-est).","description_en":"Retelit data center in Rome, Via Cornelia 498 (Aurelio). Small/medium colo in the national Retelit network; distinct from RMLET (EUR) and Perrier (north-east).","country":"IT","city":"Roma","status":"operational","site_category":"infrastructure","opened_year":null,"updated_at":"2026-09-29","confidence":"high","impact":{"capacity_mw":0.3,"power_draw_mw_est":null,"pue":null,"water_use_m3_year":null,"land_ha":null,"co2_t_year_est":null,"energy_mix_note_it":"Taglia colo metro; allaccio non nominato in fonti aperte.","energy_mix_note_en":"Metro colo scale; connection not named in open sources."},"community_impact_it":"Facility urbana di piccola taglia sul corridoio Cornelia.","labor_risks":["shift_work"],"sources":[{"title":"OCOLO — Retelit CORNELIA Roma","url":"https://www.ocolo.io/colocation/retelit/cornelia-roma/","accessed_at":"2026-09-29","note":"Via Cornelia 498; ~0.3 MW"}],"community_impact_en":"Small urban facility on the Cornelia corridor."}},{"type":"Feature","geometry":{"type":"Point","coordinates":[12.53202,41.92247]},"properties":{"id":"dc_054","name":"Retelit — Perrier Roma","type":"data_center","subtype":"colocation","operator":"Retelit","capacity":"~0,3 MW (directory); sito in certificazione ISO 50001 di gruppo","description_it":"Data center Retelit a Roma, Via Carlo Perrier 4 / 9a (Municipio IV). Nodo colo del network nazionale; elenco sedi ISO 50001 Retelit Datacenter S.r.l.","description_en":"Retelit data center in Rome, Via Carlo Perrier 4 / 9a (Municipio IV). National colo network node; listed in Retelit Datacenter S.r.l. ISO 50001 sites.","country":"IT","city":"Roma","status":"operational","site_category":"infrastructure","opened_year":null,"updated_at":"2026-09-29","confidence":"high","impact":{"capacity_mw":0.3,"power_draw_mw_est":null,"pue":null,"water_use_m3_year":null,"land_ha":null,"co2_t_year_est":null,"energy_mix_note_it":"Taglia colo metro; allaccio non nominato in fonti aperte.","energy_mix_note_en":"Metro colo scale; connection not named in open sources."},"community_impact_it":"Facility urbana nord-est; impatto tipico colo di piccola taglia.","labor_risks":["shift_work"],"sources":[{"title":"OCOLO — Retelit PERRIER Roma","url":"https://www.ocolo.io/data-centers/italy/lazio/","accessed_at":"2026-09-29","note":"Via Carlo Perrier 4"},{"title":"Retelit — certificato ISO 50001 (sedi DC)","url":"https://www.retelit.it/public/CMS/Files/10556/Certificato-ISO-50001-EN.pdf","accessed_at":"2026-09-29","note":"Via Carlo Perrier 4 e 9/a"}],"community_impact_en":"North-east urban facility; impact typical of small colo."}},{"type":"Feature","geometry":{"type":"Point","coordinates":[12.34569,41.76454]},"properties":{"id":"dc_055","name":"TIM Noovle — Acilia (Roma)","type":"data_center","subtype":"enterprise","operator":"TIM Noovle / TIM Enterprise","capacity":"Core DC TIER IV (Uptime); MW IT non pubblicati in scheda aperta consultata","description_it":"Core data center TIM Noovle ad Acilia (Via di Macchia Palocco 223), certificato TIER IV Uptime Institute insieme a Rozzano (dc_010). Nodo strategico del secondo polo romano per cloud/colocation enterprise TIM; distinto da Pomezia (dc_011), Digital Realty ROM1 e Aruba IT4.","description_en":"TIM Noovle core data center at Acilia (Via di Macchia Palocco 223), Uptime Institute Tier IV certified together with Rozzano (dc_010). Strategic Rome-metro node for TIM enterprise cloud/colocation; distinct from Pomezia (dc_011), Digital Realty ROM1 and Aruba IT4.","country":"IT","city":"Roma","status":"operational","site_category":"infrastructure","opened_year":null,"updated_at":"2026-09-29","confidence":"high","impact":{"capacity_mw":null,"power_draw_mw_est":null,"pue":null,"water_use_m3_year":null,"land_ha":null,"co2_t_year_est":null,"energy_mix_note_it":"Operatore cita autoproduzione da solare/geotermia sul sito TIER IV; dettaglio MW e allaccio RTN non in scheda aperta consultata.","energy_mix_note_en":"Operator cites on-site solar/geothermal self-generation at the TIER IV site; MW detail and RTN connection not in the open fact sheet consulted."},"employment":{"direct":null,"indirect_est":null,"contractors_est":null,"note_it":"Core enterprise TIM; organico non dettagliato in fonti aperte.","conditions_tags":["high_skill","shift_work"],"note_en":"TIM enterprise core; headcount not detailed in open sources."},"community_impact_it":"Grande facility a sud-ovest di Roma (Acilia/Casal Palocco); pressione tipica di un core DC telco.","labor_risks":["shift_work"],"sources":[{"title":"Noovle — Data Centers (Acilia TIER IV)","url":"https://www.noovle.com/en/datacenter/","accessed_at":"2026-09-29"},{"title":"OpenStreetMap — TIER IV Via di Macchia Palocco 223","url":"https://www.openstreetmap.org/search?query=Via%20di%20Macchia%20Palocco%20223%20Roma","accessed_at":"2026-09-29"},{"title":"DataCenterMap — Noovle DC Acilia","url":"https://www.datacentermap.com/c/noovle-spa/","accessed_at":"2026-09-29"},{"title":"OpenStreetMap / Overpass","url":"https://wiki.openstreetmap.org/wiki/Tag:telecom%3Ddata_center","accessed_at":"2026-09-23","note":"osm_id=7129758"}],"community_impact_en":"Large facility south-west of Rome (Acilia/Casal Palocco); pressure typical of a telco core DC."}},{"type":"Feature","geometry":{"type":"Point","coordinates":[12.46418,41.9642]},"properties":{"id":"dc_056","name":"TIM Noovle — Roma Oriolo Romano","type":"data_center","subtype":"enterprise","operator":"TIM Noovle / TIM Enterprise","capacity":"Core DC rete Noovle; MW IT non pubblicati in scheda aperta consultata","description_it":"Data center TIM Noovle a Roma, Via Oriolo Romano 257 (Tor di Quinto / nord). Parte della rete core nazionale Noovle; distinto da Acilia TIER IV (dc_055) e da Pomezia (dc_011).","description_en":"TIM Noovle data center in Rome, Via Oriolo Romano 257 (Tor di Quinto / north). Part of Noovle’s national core network; distinct from Acilia Tier IV (dc_055) and Pomezia (dc_011).","country":"IT","city":"Roma","status":"operational","site_category":"infrastructure","opened_year":null,"updated_at":"2026-09-29","confidence":"medium","impact":{"capacity_mw":null,"power_draw_mw_est":null,"pue":null,"water_use_m3_year":null,"land_ha":null,"co2_t_year_est":null,"energy_mix_note_it":"Allaccio RTN non nominato in fonti aperte consultate.","energy_mix_note_en":"RTN connection not named in open sources consulted."},"community_impact_it":"Facility telco urbana a nord di Roma.","labor_risks":["shift_work"],"sources":[{"title":"DataCenterMap — Noovle DC Roma Oriolo Romano","url":"https://www.datacentermap.com/c/noovle-spa/","accessed_at":"2026-09-29","note":"Via Oriolo Romano 257"},{"title":"Noovle — Data Centers","url":"https://www.noovle.com/en/datacenter/","accessed_at":"2026-09-29"}],"community_impact_en":"Urban telco facility north of Rome."}},{"type":"Feature","geometry":{"type":"Point","coordinates":[13.27139,41.63285]},"properties":{"id":"dc_057","name":"Seeweb — Frosinone","type":"data_center","subtype":"colocation","operator":"Seeweb","capacity":"fino a ~1 MW dichiarato; campus ~2000 mq","description_it":"Data center Seeweb a Frosinone, Via Armando Vona 66. Secondo sito italiano dell’operatore (oltre Milano Caldera, non pinato separatamente perché nello stesso comprensorio di Avalon). Nodo colo/hosting nel Lazio meridionale con peering verso MIX/NaMeX e backup indipendente da Milano.","description_en":"Seeweb data center in Frosinone, Via Armando Vona 66. Operator’s second Italian site (besides Milan Caldera, not separately pinned because it sits in the Avalon campus complex). Lazio colo/hosting node with MIX/NaMeX peering and Milan-independent backup.","country":"IT","city":"Frosinone","status":"operational","site_category":"infrastructure","opened_year":null,"updated_at":"2026-09-29","confidence":"high","impact":{"capacity_mw":1,"power_draw_mw_est":null,"pue":null,"water_use_m3_year":null,"land_ha":null,"co2_t_year_est":null,"energy_mix_note_it":"Allaccio non nominato in scheda aperta; focus connettività multi-carrier.","energy_mix_note_en":"Connection not named in open fact sheet; focus on multi-carrier connectivity."},"community_impact_it":"Polo digitale a Frosinone; scala contenuta rispetto agli hyperscale milanesi.","labor_risks":["shift_work"],"sources":[{"title":"Seeweb — i nostri data center","url":"https://www.seeweb.it/data-center/i-nostri-data-center","accessed_at":"2026-09-29","note":"Via A. Vona 66, Frosinone"},{"title":"Seeweb docs — DC locations","url":"https://docs.seeweb.it/en/datacenter/","accessed_at":"2026-09-29"}],"community_impact_en":"Digital hub in Frosinone; contained scale relative to Milan hyperscale."}},{"type":"Feature","geometry":{"type":"Point","coordinates":[7.65225,45.03822]},"properties":{"id":"dc_058","name":"CSI Piemonte — Data Center Torino","type":"data_center","subtype":"enterprise","operator":"CSI Piemonte","capacity":"TIA-942 Rating 3; PUE dichiarato 1,5; MW IT non pubblici","description_it":"Data center di CSI Piemonte a Torino, Corso Unione Sovietica 216. Infrastruttura per la PA regionale piemontese (TIA-942 Rating 3, PUE 1,5). Nodo enterprise/PA del nord-ovest, distinto dal boom hyperscale milanese.","description_en":"CSI Piemonte data center in Turin, Corso Unione Sovietica 216. Infrastructure for Piedmont regional public administration (TIA-942 Rating 3, PUE 1.5). North-west enterprise/PA node, distinct from the Milan hyperscale boom.","country":"IT","city":"Torino","status":"operational","site_category":"infrastructure","opened_year":null,"updated_at":"2026-09-29","confidence":"high","impact":{"capacity_mw":null,"power_draw_mw_est":null,"pue":1.5,"water_use_m3_year":null,"land_ha":null,"co2_t_year_est":null,"energy_mix_note_it":"Facility PA; dettaglio allaccio/MW non in scheda aperta consultata.","energy_mix_note_en":"PA facility; connection/MW detail not in the open fact sheet consulted."},"employment":{"direct":null,"indirect_est":null,"contractors_est":null,"note_it":"Organico CSI su servizi ICT regionali; non isolabile al solo DC.","conditions_tags":["high_skill","shift_work"],"note_en":"CSI headcount on regional ICT services; not isolable to the DC alone."},"community_impact_it":"Infrastruttura critica per servizi digitali della PA piemontese.","labor_risks":["shift_work"],"sources":[{"title":"CSI Piemonte — Data center e infrastrutture","url":"https://www.csipiemonte.it/it/cosa-facciamo/temi-strategici/data-center-infrastrutture","accessed_at":"2026-09-29","note":"Corso Unione Sovietica 216, Torino"}],"community_impact_en":"Critical infrastructure for Piedmont public-administration digital services."}},{"type":"Feature","geometry":{"type":"Point","coordinates":[9.73842,45.05013]},"properties":{"id":"dc_059","name":"Naquadria — Piacenza","type":"data_center","subtype":"colocation","operator":"Naquadria","capacity":"TIER III-oriented; ~400 mq + 220 mq seconda sala","description_it":"Data center Naquadria a Piacenza, Via Giuseppe Orsi 39 (Le Mose). Facility colo/cloud wholesale (PCIX on-net) collegata in dark fiber al campus Caldera di Milano e in rete geografica con Padova. Nodo emiliano tra Milano e Bologna.","description_en":"Naquadria data center in Piacenza, Via Giuseppe Orsi 39 (Le Mose). Colo/wholesale cloud facility (PCIX on-net) linked by dark fiber to Milan’s Caldera campus and a geographic network with Padua. Emilia node between Milan and Bologna.","country":"IT","city":"Piacenza","status":"operational","site_category":"infrastructure","opened_year":null,"updated_at":"2026-09-29","confidence":"high","impact":{"capacity_mw":null,"power_draw_mw_est":null,"pue":null,"water_use_m3_year":null,"land_ha":null,"co2_t_year_est":null,"energy_mix_note_it":"Operatore sottolinea efficienza (dry cooler, geotermia); allaccio RTN non nominato.","energy_mix_note_en":"Operator stresses efficiency (dry cooler, geothermal); RTN connection not named."},"community_impact_it":"Facility regionale a Piacenza Sud; scala colo, non hyperscale.","labor_risks":["shift_work"],"sources":[{"title":"Naquadria — Il Data Center","url":"https://www.naquadria.it/il-datacenter","accessed_at":"2026-09-29","note":"Via Giuseppe Orsi 39"},{"title":"PeeringDB — Naquadria Datacenter Piacenza","url":"https://www.peeringdb.com/fac/3387","accessed_at":"2026-09-29"},{"title":"ACN — Datacenter Naquadria","url":"https://www.acn.gov.it/portale/w/in-2104","accessed_at":"2026-09-29"}],"community_impact_en":"Regional facility in Piacenza Sud; colo scale, not hyperscale."}},{"type":"Feature","geometry":{"type":"Point","coordinates":[11.92137,45.40504]},"properties":{"id":"dc_060","name":"Planetel Edge Data Center — Padova (ZAI Vigonovese)","type":"data_center","subtype":"colocation","operator":"Planetel","capacity":"~1.200 mq sito; MW IT non pubblicati; completamento previsto ott 2026","description_it":"Edge data center Planetel in realizzazione nella ZAI di Padova, Via Vigonovese (~1.200 mq). Interconnessione dichiarata a VSIX Padova e MIX Milano. Completamento previsto ottobre 2026. Nodo Nord-Est in pipeline, distinto dal colo storico milanese.","description_en":"Planetel edge data center under construction in Padua’s ZAI, Via Vigonovese (~1,200 m²). Declared interconnection to VSIX Padua and MIX Milan. Completion targeted October 2026. North-east pipeline node.","country":"IT","city":"Padova","status":"under_construction","site_category":"infrastructure","opened_year":null,"updated_at":"2026-09-29","confidence":"medium","impact":{"capacity_mw":null,"power_draw_mw_est":null,"pue":null,"water_use_m3_year":null,"land_ha":0.12,"co2_t_year_est":null,"energy_mix_note_it":"Allaccio non dettagliato in scheda aperta; focus edge/IX regionali.","energy_mix_note_en":"Connection not detailed in open fact sheet; focus on regional edge/IX."},"community_impact_it":"Nuovo edge nella zona industriale di Padova; scala contenuta.","labor_risks":["construction_phase"],"sources":[{"title":"Planetel — Edge Data Center Padova","url":"https://www.planetel.it/struttura-tecnica/datacenter/l-edge-data-center-planetel/","accessed_at":"2026-09-29","note":"ZAI Via Vigonovese; completamento ott 2026"}],"community_impact_en":"New edge in Padova’s industrial zone; contained scale."}},{"type":"Feature","geometry":{"type":"Point","coordinates":[11.11097,46.09365]},"properties":{"id":"dc_061","name":"Retelit — Trento (Via Sestan)","type":"data_center","subtype":"colocation","operator":"Retelit","capacity":"Colocation regionale; MW IT non pubblicati","description_it":"Data center Retelit a Trento, Via Ernesto Sestan 5 (elenco sedi ISO 50001 Retelit Datacenter). Nodo colo del Trentino nel network nazionale ex Irideos/Retelit.","description_en":"Retelit data center in Trento, Via Ernesto Sestan 5 (Retelit Datacenter ISO 50001 site list). Trentino colo node in the national ex-Irideos/Retelit network.","country":"IT","city":"Trento","status":"operational","site_category":"infrastructure","opened_year":null,"updated_at":"2026-09-29","confidence":"high","impact":{"capacity_mw":null,"power_draw_mw_est":null,"pue":null,"water_use_m3_year":null,"land_ha":null,"co2_t_year_est":null,"energy_mix_note_it":"Allaccio non nominato in fonti aperte consultate.","energy_mix_note_en":"Connection not named in open sources consulted."},"community_impact_it":"Facility colo regionale a Trento.","labor_risks":["shift_work"],"sources":[{"title":"Retelit — certificato ISO 50001 (Via Sestan, Trento)","url":"https://www.retelit.it/public/CMS/Files/10556/Certificato-ISO-50001-EN.pdf","accessed_at":"2026-09-29"}],"community_impact_en":"Regional colo facility in Trento."}},{"type":"Feature","geometry":{"type":"Point","coordinates":[11.33023,46.48198]},"properties":{"id":"dc_062","name":"Retelit — Bolzano (Via Pacinotti)","type":"data_center","subtype":"colocation","operator":"Retelit","capacity":"Colocation regionale; MW IT non pubblicati","description_it":"Data center Retelit a Bolzano, Via Antonio Pacinotti 12 (zona industriale; ex Brennercom nell’elenco sedi di gruppo). Nodo colo altoatesino del network nazionale Retelit.","description_en":"Retelit data center in Bolzano, Via Antonio Pacinotti 12 (industrial zone; former Brennercom in group site lists). South Tyrol colo node in the national Retelit network.","country":"IT","city":"Bolzano","status":"operational","site_category":"infrastructure","opened_year":null,"updated_at":"2026-09-29","confidence":"high","impact":{"capacity_mw":null,"power_draw_mw_est":null,"pue":null,"water_use_m3_year":null,"land_ha":null,"co2_t_year_est":null,"energy_mix_note_it":"Allaccio non nominato in fonti aperte consultate.","energy_mix_note_en":"Connection not named in open sources consulted."},"community_impact_it":"Facility colo in zona industriale di Bolzano.","labor_risks":["shift_work"],"sources":[{"title":"Retelit — certificato ISO 50001 (Via Pacinotti, Bolzano)","url":"https://www.retelit.it/public/CMS/Files/10556/Certificato-ISO-50001-EN.pdf","accessed_at":"2026-09-29"},{"title":"OpenStreetMap — Via Pacinotti 12 Bolzano","url":"https://www.openstreetmap.org/search?query=Via%20Antonio%20Pacinotti%2012%20Bolzano","accessed_at":"2026-09-29"}],"community_impact_en":"Colo facility in Bolzano’s industrial zone."}},{"type":"Feature","geometry":{"type":"Point","coordinates":[13.31584,38.16094]},"properties":{"id":"dc_063","name":"Sparkle Sicily Hub — Palermo (Via Ugo La Malfa)","type":"data_center","subtype":"colocation","operator":"Telecom Italia Sparkle (deal Retelit+MEF in closing)","capacity":"Hub colo/marketplace; MW IT non pubblicati in scheda aperta","description_it":"Sicily Hub di Sparkle a Palermo, Via Ugo La Malfa 99: ecosistema aperto e marketplace sul crocevia dei cavi sottomarini Europa–Africa–Asia. Asset chiave del ramo wholesale/subsea TIM in cessione a Boost BidCo (MEF + Retelit): OK UE apr 2026, long-stop closing 15 ott 2026 (waiver TIM). Distinto da NaMeX Roma e dai DC Retelit già in mappa.","description_en":"Sparkle Sicily Hub in Palermo, Via Ugo La Malfa 99: open ecosystem/marketplace on the Europe–Africa–Asia subsea cable crossroads. Key TIM wholesale/subsea asset being sold to Boost BidCo (MEF + Retelit): EU clearance Apr 2026, closing long-stop 15 Oct 2026 (TIM waiver). Distinct from NaMeX Rome and existing Retelit DCs.","country":"IT","city":"Palermo","status":"operational","site_category":"infrastructure","opened_year":null,"updated_at":"2026-09-29","confidence":"high","impact":{"capacity_mw":null,"power_draw_mw_est":null,"pue":null,"water_use_m3_year":null,"land_ha":null,"co2_t_year_est":null,"energy_mix_note_it":"Ruolo primario: interconnessione e landing/marketplace, non hyperscale IT.","energy_mix_note_en":"Primary role: interconnection and landing/marketplace, not IT hyperscale."},"community_impact_it":"Nodo strategico mediterraneo a Palermo; pressione tipica di hub carrier, non di campus AI.","labor_risks":["shift_work","high_skill"],"sources":[{"title":"Sparkle — Data Centers (Sicily Hub)","url":"https://www.tisparkle.com/our-assets/data-centers","accessed_at":"2026-09-29","note":"Via Ugo la Malfa 99, Palermo"},{"title":"TIM — long-stop Sparkle estesa al 15/10/2026","url":"https://www.gruppotim.it/en/press-archive/sparkle/2026/PR-TIM-Waiver-Sparkle.html","accessed_at":"2026-09-29"},{"title":"Submarine Networks — EU clearance MEF+Retelit / Sparkle","url":"https://www.submarinenetworks.com/en/nv/insights/tim-secures-eu-green-light-for-%E2%82%AC700-million-sale-of-sparkle","accessed_at":"2026-09-29"}],"community_impact_en":"Strategic Mediterranean node in Palermo; pressure typical of a carrier hub, not an AI campus."}},{"type":"Feature","geometry":{"type":"Point","coordinates":[8.92085,44.42918]},"properties":{"id":"dc_064","name":"Sparkle — Genova (Via Bartolomeo Bianco)","type":"data_center","subtype":"colocation","operator":"Telecom Italia Sparkle (deal Retelit+MEF in closing)","capacity":"Facility Sparkle IT; MW IT non pubblicati","description_it":"Data center / PoP Sparkle a Genova, Via Bartolomeo Bianco 1. Secondo sito italiano dichiarato da Sparkle oltre Sicily Hub; nel perimetro della cessione a Boost BidCo (MEF + Retelit, closing in corso). Distinto da Equinix GN1 (dc_047) nella stessa città.","description_en":"Sparkle data center / PoP in Genoa, Via Bartolomeo Bianco 1. Second Italian site declared by Sparkle besides Sicily Hub; within the Boost BidCo (MEF + Retelit) sale perimeter (closing ongoing). Distinct from Equinix GN1 (dc_047) in the same city.","country":"IT","city":"Genova","status":"operational","site_category":"infrastructure","opened_year":null,"updated_at":"2026-09-29","confidence":"high","impact":{"capacity_mw":null,"power_draw_mw_est":null,"pue":null,"water_use_m3_year":null,"land_ha":null,"co2_t_year_est":null,"energy_mix_note_it":"Nodo wholesale/carrier; allaccio non nominato in scheda aperta.","energy_mix_note_en":"Wholesale/carrier node; connection not named in open fact sheet."},"community_impact_it":"Facility carrier a Genova; scala contenuta rispetto agli hyperscale milanesi.","labor_risks":["shift_work"],"sources":[{"title":"Sparkle — Data Centers (Genoa)","url":"https://www.tisparkle.com/our-assets/data-centers","accessed_at":"2026-09-29","note":"via Bartolomeo Bianco 1, Genova"},{"title":"TIM — long-stop Sparkle 15/10/2026","url":"https://www.gruppotim.it/en/press-archive/sparkle/2026/PR-TIM-Waiver-Sparkle.html","accessed_at":"2026-09-29"}],"community_impact_en":"Carrier facility in Genoa; contained scale relative to Milan hyperscale."}},{"type":"Feature","geometry":{"type":"Point","coordinates":[9.08933,45.43576]},"properties":{"id":"dc_065","name":"Retelit — Corsico (ex Marcegaglia)","type":"data_center","subtype":"colocation","operator":"Retelit","capacity":"In costruzione; MW IT non pubblicati","description_it":"Nuovo data center Retelit a Corsico sull’ex sito Marcegaglia, in costruzione secondo dichiarazioni del CEO (Sole 24 Ore): parte del piano investimenti DC milanese insieme ad Avalon e al Tier IV di Settimo (ex BT). Contesto post-espansione Retelit parallelo al deal Sparkle (MEF+Retelit), non un asset Sparkle.","description_en":"New Retelit data center in Corsico on the former Marcegaglia site, under construction per CEO remarks (Sole 24 Ore): part of the Milan DC investment plan with Avalon and the Settimo Tier IV (ex BT). Retelit expansion context parallel to the Sparkle deal (MEF+Retelit), not a Sparkle asset.","country":"IT","city":"Corsico","status":"under_construction","site_category":"infrastructure","opened_year":null,"updated_at":"2026-09-29","confidence":"medium","impact":{"capacity_mw":null,"power_draw_mw_est":null,"pue":null,"water_use_m3_year":null,"land_ha":null,"co2_t_year_est":null,"energy_mix_note_it":"Allaccio/STMG non nominati in intervista; nessun arco connects in questa wave.","energy_mix_note_en":"Connection/STMG not named in interview; no connects arc in this wave."},"community_impact_it":"Riconversione area industriale a Corsico; densificazione DC sud-ovest Milano.","labor_risks":["construction_phase"],"sources":[{"title":"Sole 24 Ore — Retelit DC plan / Sparkle closing (EN)","url":"https://en.ilsole24ore.com/art/a-study-on-the-development-of-the-data-centre-closing-of-the-sparkle-deal-imminent-AJcLxyG","accessed_at":"2026-09-29","note":"Corsico ex Marcegaglia in construction; Sparkle closing imminent"},{"title":"OpenStreetMap — Marcegaglia Corsico","url":"https://www.openstreetmap.org/search?query=Marcegaglia%20Corsico","accessed_at":"2026-09-29"}],"community_impact_en":"Industrial-area conversion in Corsico; DC densification south-west of Milan."}},{"type":"Feature","geometry":{"type":"Point","coordinates":[9.10313,45.47615]},"properties":{"id":"dc_066","name":"MIX — Milano Internet Exchange (Via Caldera)","type":"data_center","subtype":"colocation","operator":"MIX S.r.l.","capacity":"IXP; picchi traffico >3 Tbps; 420+ reti (report 2025)","description_it":"Internet Exchange Point principale d’Italia, sede MIX a Via Caldera 21 Building Orange/3 (campus Caldera, Milano). Non è un data center hyperscale: è il nodo di peering dove si interconnettono carrier, cloud e content. Hub con edge IX anche a Roma/Palermo/Bologna/Caserta. Contiguo all’Avalon Campus (dc_008).","description_en":"Italy’s main Internet Exchange Point, MIX HQ at Via Caldera 21 Building Orange/3 (Caldera campus, Milan). Not a hyperscale data center: the peering node where carriers, cloud and content interconnect. Hub with edge IX also in Rome/Palermo/Bologna/Caserta. Adjacent to Avalon Campus (dc_008).","country":"IT","city":"Milano","status":"operational","site_category":"infrastructure","opened_year":null,"updated_at":"2026-09-29","confidence":"high","impact":{"capacity_mw":null,"power_draw_mw_est":null,"pue":null,"water_use_m3_year":null,"land_ha":null,"co2_t_year_est":null,"energy_mix_note_it":"Consumo tipico di sala IX/carrier, non di campus IT; metrica rilevante = Tbps peaking, non MW IT.","energy_mix_note_en":"Consumption typical of an IX/carrier hall, not an IT campus; relevant metric = Tbps peaking, not IT MW."},"community_impact_it":"Infrastruttura critica di rete sul campus Caldera; impatto locale contenuto rispetto agli hyperscale.","labor_risks":["high_skill","shift_work"],"sources":[{"title":"MIX — Annual Report 2025 (sede Caldera)","url":"https://www.mix-it.net/wp-content/uploads/MIX-Report-2025-en.pdf","accessed_at":"2026-09-29","note":"Via Caldera 21 Building Orange/3; >3 Tbps peaks; 420+ networks"},{"title":"MIX — Roma edge (contesto rete)","url":"https://www.mix-it.net/en/exchange/roma/","accessed_at":"2026-09-29"}],"community_impact_en":"Critical network infrastructure on the Caldera campus; local impact contained relative to hyperscale."}},{"type":"Feature","geometry":{"type":"Point","coordinates":[12.5118,41.89883]},"properties":{"id":"dc_067","name":"NaMeX — Roma Internet Exchange (Via dei Tizii)","type":"data_center","subtype":"colocation","operator":"NaMeX","capacity":"IXP mediterraneo; ~275 reti connesse (scheda Roma)","description_it":"Internet Exchange Point NaMeX a Roma, Via dei Tizii 2/C–6/B (San Lorenzo): nodo di peering e colo per operatori, con PoP multipli in città (Caesar e sedi ospitate). Sparkle ha ampliato qui IP Transit/Capacity (2018). Complementare a MIX Milano per il centro-sud e il Mediterraneo.","description_en":"NaMeX Internet Exchange Point in Rome, Via dei Tizii 2/C–6/B (San Lorenzo): peering and colo node for operators, with multiple city PoPs (Caesar and hosted sites). Sparkle expanded IP Transit/Capacity here (2018). Complements MIX Milan for central-southern Italy and the Mediterranean.","country":"IT","city":"Roma","status":"operational","site_category":"infrastructure","opened_year":null,"updated_at":"2026-09-29","confidence":"high","impact":{"capacity_mw":null,"power_draw_mw_est":null,"pue":null,"water_use_m3_year":null,"land_ha":null,"co2_t_year_est":null,"energy_mix_note_it":"IXP/colo operatori; metrica primaria = reti/Tbps, non MW IT di campus.","energy_mix_note_en":"IXP/colo operators; primary metric = networks/Tbps, not campus IT MW."},"community_impact_it":"Nodo di interconnessione urbana a San Lorenzo; scala IX, non hyperscale.","labor_risks":["high_skill","shift_work"],"sources":[{"title":"NaMeX — Roma / indirizzo","url":"https://www.namex.it/namex-roma/","accessed_at":"2026-09-29","note":"Via dei Tizii 6B"},{"title":"NaMeX — ISO 27001 sedi Tizii 2/C e 6/B","url":"https://www.namex.it/wp-content/uploads/2025/07/Namex-ISOIEC-27001-2022_LUG-2025.pdf","accessed_at":"2026-09-29"},{"title":"TIM/Sparkle — PoP NaMeX Roma","url":"https://www.gruppotim.it/en/press-archive/sparkle/2018/CS-Sparkle-amplia-offerta-di-servizi-presso-il-Data-Center-NaMex-di-Roma.html","accessed_at":"2026-09-29"}],"community_impact_en":"Urban interconnection node at San Lorenzo; IX scale, not hyperscale."}},{"type":"Feature","geometry":{"type":"Point","coordinates":[9.25337,45.47767]},"properties":{"id":"dc_068","name":"CyrusOne MIL2 — Milano (Rubattino 84)","type":"data_center","subtype":"hyperscale","operator":"CyrusOne","capacity":"54 MW IT previsti (CyrusOne); PA Comune Milano in istruttoria","description_it":"Secondo data center CyrusOne nel Milanese (MIL2): piano attuativo «Rubattino 84» del Comune di Milano (Municipio 3, lotto ~66.500 m² a sud di via Rubattino, confine Segrate). Proposta: corpo di fabbrica produttivo/data center (~25 m fuori terra) + cessione/verde e quota residenziale/ERS nel PA. CyrusOne conferma via Rubattino, 54 MW IT su tre piani, ~6 km dal centro, vicino Linate (FAQ mar-apr 2026). Stato procedimento: proposta iniziale in istruttoria (scheda Comune agg. giu 2025). Distinto da MIL1 Redecesio (<1 km).","description_en":"CyrusOne’s second Milan-area data center (MIL2): City of Milan «Rubattino 84» planning instrument (Municipio 3, ~66,500 m² south of via Rubattino, Segrate border). Proposal: production/data-center building (~25 m height) plus green areas and residential/ERS components in the PA. CyrusOne confirms via Rubattino, 54 MW IT over three floors, ~6 km from the centre, near Linate (FAQ Mar–Apr 2026). Procedure status: initial proposal under review (city page updated Jun 2025). Distinct from MIL1 Redecesio (<1 km).","country":"IT","city":"Milano","status":"planned","site_category":"infrastructure","opened_year":null,"updated_at":"2026-09-29","confidence":"high","impact":{"capacity_mw":54,"power_draw_mw_est":null,"pue":null,"water_use_m3_year":null,"land_ha":6.65,"co2_t_year_est":null,"energy_mix_note_it":"CyrusOne dichiara raffreddamento water-free per i nuovi impianti (Sustainability Report 2026); dettagli tecnici MIL2 non ancora in datasheet pubblico.","energy_mix_note_en":"CyrusOne declares water-free cooling for new facilities (Sustainability Report 2026); MIL2 technical details not yet in a public datasheet."},"employment":{"direct":null,"indirect_est":null,"contractors_est":null,"note_it":"Organico non pubblicato finché il PA non approva e non parte cantiere; analogia MIL1: pochi posti a regime, picco cantiere.","note_en":"Headcount not published until PA approval and construction; MIL1 analogy: few operational jobs, construction peak.","conditions_tags":["high_skill"]},"community_impact_it":"Polo tecnologico in area Lambarte/Rubattino; dibattito cumulativo con MIL1 Segrate e altri DC dell’est milanese. Comitati segratesi citano anche Rubattino nelle istanze su impatto d’insieme (Giornale di Segrate).","community_impact_en":"Tech pole in Lambrate/Rubattino area; cumulative debate with MIL1 Segrate and other east-Milan DCs. Segrate citizen committees also cite Rubattino in combined-impact requests (Giornale di Segrate).","labor_risks":[],"sources":[{"title":"Comune di Milano — Rubattino 84 Piano attuativo","url":"https://www2.comune.milano.it/rubattino-84-piano-attuativo","accessed_at":"2026-09-29"},{"title":"Comune di Milano — PA Rubattino 84 scheda tecnico-procedurale (PDF giu 2025)","url":"https://www2.comune.milano.it/rubattino-84-piano-attuativo","accessed_at":"2026-09-29","note":"Allegato PDF linked from city page"},{"title":"CyrusOne — FAQ MIL2 via Rubattino (54 MW)","url":"https://giornaledisegrate.it/2026/04/16/data-center-a-redecesio-le-risposte-di-cyrusone-alle-vostre-domande/","accessed_at":"2026-09-29"},{"title":"Giornale di Segrate — MIL1+MIL2 e impatto cumulativo","url":"https://giornaledisegrate.it/2026/09/25/data-center-sono-due-gli-edifici-previsti-di-chio-valuteremo-limpatto-dinsieme/","accessed_at":"2026-09-29"},{"title":"CyrusOne — Sustainability Report 2026","url":"https://www.cyrusone.com/hubfs/CyrusOne/2026%20Sustainability%20Report.pdf?hsLang=en","accessed_at":"2026-09-29"}]}},{"type":"Feature","geometry":{"type":"Point","coordinates":[7.66162,45.09132]},"properties":{"id":"dc_069","name":"Retelit — Torino","type":"data_center","subtype":"colocation","operator":"Retelit","capacity":"Colocation metro; MW IT non pubblicati","description_it":"Data center Retelit a Torino (PeeringDB fac/2574), nel cluster colo di Corso Marche / Lingotto nord. Nodo carrier del network nazionale ex Irideos/Retelit nel polo piemontese, distinto da CSI Piemonte (dc_058, PA) e dal campus Noovle di Rivoli (dc_074).","description_en":"Retelit data center in Turin (PeeringDB fac/2574), in the Corso Marche / north Lingotto colo cluster. National ex-Irideos/Retelit carrier node in the Piedmont metro, distinct from CSI Piemonte (dc_058, public sector) and Noovle Rivoli (dc_074).","country":"IT","city":"Torino","status":"operational","site_category":"infrastructure","opened_year":null,"updated_at":"2026-09-29","confidence":"high","impact":{"capacity_mw":null,"power_draw_mw_est":null,"pue":null,"water_use_m3_year":null,"land_ha":null,"co2_t_year_est":null,"energy_mix_note_it":"Allaccio RTN non nominato in fonti aperte consultate.","energy_mix_note_en":"RTN connection not named in open sources consulted."},"community_impact_it":"Facility colo consolidata nel tessuto industriale torinese; scala metro, non hyperscale.","labor_risks":["shift_work"],"sources":[{"title":"PeeringDB — Retelit S.p.A. Torino (fac/2574)","url":"https://www.peeringdb.com/fac/2574","accessed_at":"2026-09-29"},{"title":"Retelit — certificato ISO 50001 (elenco sedi DC)","url":"https://www.retelit.it/public/CMS/Files/10556/Certificato-ISO-50001-EN.pdf","accessed_at":"2026-09-29"}],"community_impact_en":"Established colo facility in Turin’s industrial fabric; metro scale, not hyperscale."}},{"type":"Feature","geometry":{"type":"Point","coordinates":[7.66083,45.09069]},"properties":{"id":"dc_070","name":"ITGate — PdF (TRN1/TRN2)","type":"data_center","subtype":"colocation","operator":"ITGate","capacity":"Due sale TRN1/TRN2; MW IT non pubblicati in PeeringDB","description_it":"Data center ITGate PdF a Torino (PeeringDB fac/294, TRN1/TRN2). Colocation e housing nel medesimo cluster carrier di Corso Marche, spesso citato insieme a Host.it e Retelit sul corridoio torinese.","description_en":"ITGate PdF data center in Turin (PeeringDB fac/294, TRN1/TRN2). Colocation/housing in the same Corso Marche carrier cluster, often listed alongside Host.it and Retelit on the Turin corridor.","country":"IT","city":"Torino","status":"operational","site_category":"infrastructure","opened_year":null,"updated_at":"2026-09-29","confidence":"high","impact":{"capacity_mw":null,"power_draw_mw_est":null,"pue":null,"water_use_m3_year":null,"land_ha":null,"co2_t_year_est":null,"energy_mix_note_it":"Allaccio non dettagliato in scheda PeeringDB consultata.","energy_mix_note_en":"Connection not detailed in the PeeringDB fact sheet consulted."},"community_impact_it":"Nodo colo urbano a Torino.","labor_risks":["shift_work"],"sources":[{"title":"PeeringDB — ITGate PdF (TRN1/TRN2, fac/294)","url":"https://www.peeringdb.com/fac/294","accessed_at":"2026-09-29"}],"community_impact_en":"Urban colo node in Turin."}},{"type":"Feature","geometry":{"type":"Point","coordinates":[7.66015,45.08177]},"properties":{"id":"dc_071","name":"Host.it — DC1 Torino","type":"data_center","subtype":"colocation","operator":"Host.it","capacity":"Colocation; MW IT non pubblicati","description_it":"Data center Host.it DC1 a Torino (PeeringDB fac/1442). Facility colo/hosting nel quadrante sud del cluster Lingotto–Corso Marche, distinta da ITGate PdF (dc_070) e Retelit (dc_069) pur restando nello stesso ecosistema carrier torinese.","description_en":"Host.it DC1 data center in Turin (PeeringDB fac/1442). Colo/hosting facility in the southern Lingotto–Corso Marche cluster, distinct from ITGate PdF (dc_070) and Retelit (dc_069) while remaining in the same Turin carrier ecosystem.","country":"IT","city":"Torino","status":"operational","site_category":"infrastructure","opened_year":null,"updated_at":"2026-09-29","confidence":"high","impact":{"capacity_mw":null,"power_draw_mw_est":null,"pue":null,"water_use_m3_year":null,"land_ha":null,"co2_t_year_est":null,"energy_mix_note_it":"Allaccio non dettagliato in fonti aperte consultate.","energy_mix_note_en":"Connection not detailed in open sources consulted."},"community_impact_it":"Presenza colo/hosting consolidata a Torino.","labor_risks":["shift_work"],"sources":[{"title":"PeeringDB — Host.it DC1 (fac/1442)","url":"https://www.peeringdb.com/fac/1442","accessed_at":"2026-09-29"},{"title":"OpenStreetMap / Overpass","url":"https://wiki.openstreetmap.org/wiki/Tag:telecom%3Ddata_center","accessed_at":"2026-09-23","note":"osm_id=1125063250"}],"community_impact_en":"Established colo/hosting presence in Turin."}},{"type":"Feature","geometry":{"type":"Point","coordinates":[7.67178,45.08816]},"properties":{"id":"dc_072","name":"COLT — Datacenter Torino","type":"data_center","subtype":"colocation","operator":"COLT Technology Services","capacity":"Colocation carrier; MW IT non pubblicati","description_it":"Datacenter COLT a Torino (PeeringDB fac/5887). Nodo colo internazionale nel polo torinese, complementare ai DC Retelit/ITGate/Host.it e distinto dalla PA regionale CSI (dc_058).","description_en":"COLT datacenter in Turin (PeeringDB fac/5887). International colo node in the Turin metro, complementary to Retelit/ITGate/Host.it DCs and distinct from regional PA facility CSI (dc_058).","country":"IT","city":"Torino","status":"operational","site_category":"infrastructure","opened_year":null,"updated_at":"2026-09-29","confidence":"high","impact":{"capacity_mw":null,"power_draw_mw_est":null,"pue":null,"water_use_m3_year":null,"land_ha":null,"co2_t_year_est":null,"energy_mix_note_it":"Allaccio non dettagliato in scheda PeeringDB consultata.","energy_mix_note_en":"Connection not detailed in the PeeringDB fact sheet consulted."},"community_impact_it":"Facility telco colo nel tessuto urbano torinese.","labor_risks":["shift_work"],"sources":[{"title":"PeeringDB — COLT Datacenter Turin (fac/5887)","url":"https://www.peeringdb.com/fac/5887","accessed_at":"2026-09-29"}],"community_impact_en":"Telco colo facility in Turin’s urban fabric."}},{"type":"Feature","geometry":{"type":"Point","coordinates":[7.65888,45.09062]},"properties":{"id":"dc_073","name":"BBBell — Torino","type":"data_center","subtype":"colocation","operator":"BBBell","capacity":"Colocation regionale; MW IT non pubblicati","description_it":"Data center BBBell a Torino (PeeringDB fac/708). Operatore piemontese con facility colo nel cluster Lingotto–Corso Marche, spesso interconnesso al marketplace carrier locale.","description_en":"BBBell data center in Turin (PeeringDB fac/708). Piedmont operator with a colo facility in the Lingotto–Corso Marche cluster, often interconnected with the local carrier marketplace.","country":"IT","city":"Torino","status":"operational","site_category":"infrastructure","opened_year":null,"updated_at":"2026-09-29","confidence":"high","impact":{"capacity_mw":null,"power_draw_mw_est":null,"pue":null,"water_use_m3_year":null,"land_ha":null,"co2_t_year_est":null,"energy_mix_note_it":"Allaccio non dettagliato in fonti aperte consultate.","energy_mix_note_en":"Connection not detailed in open sources consulted."},"community_impact_it":"Operator locale con DC urbano a Torino.","labor_risks":["shift_work"],"sources":[{"title":"PeeringDB — BBBell Torino (fac/708)","url":"https://www.peeringdb.com/fac/708","accessed_at":"2026-09-29"}],"community_impact_en":"Local operator with an urban DC in Turin."}},{"type":"Feature","geometry":{"type":"Point","coordinates":[7.55102,45.06255]},"properties":{"id":"dc_074","name":"TIM Noovle — Rivoli","type":"data_center","subtype":"colocation","operator":"TIM Noovle / TIM Enterprise","capacity":"Core DC rete Noovle; MW IT non pubblicati in scheda aperta consultata","description_it":"Data center TIM Noovle a Rivoli (OSM way/1419931331, tag telecom=data_center). Nodo del network core Noovle nel cinturone ovest di Torino, distinto dal campus CSI (dc_058) e da Cebrosa/Settimo (dc_075).","description_en":"TIM Noovle data center in Rivoli (OSM way/1419931331, telecom=data_center tag). Noovle core-network node in Turin’s western belt, distinct from CSI (dc_058) and Cebrosa/Settimo (dc_075).","country":"IT","city":"Rivoli","status":"operational","site_category":"infrastructure","opened_year":null,"updated_at":"2026-09-29","confidence":"high","impact":{"capacity_mw":null,"power_draw_mw_est":null,"pue":null,"water_use_m3_year":null,"land_ha":null,"co2_t_year_est":null,"energy_mix_note_it":"Allaccio non nominato in fonti aperte consultate.","energy_mix_note_en":"Connection not named in open sources consulted."},"community_impact_it":"Facility telco TIM/Noovle nel comune di Rivoli.","labor_risks":["shift_work"],"sources":[{"title":"OpenStreetMap — Noovle DC Rivoli (way/1419931331)","url":"https://www.openstreetmap.org/way/1419931331","accessed_at":"2026-09-29"},{"title":"Noovle — Data Centers","url":"https://www.noovle.com/en/datacenter/","accessed_at":"2026-09-29"},{"title":"OpenStreetMap / Overpass","url":"https://wiki.openstreetmap.org/wiki/Tag:telecom%3Ddata_center","accessed_at":"2026-09-23","note":"osm_id=1419931331"}],"community_impact_en":"TIM/Noovle telco facility in the municipality of Rivoli."}},{"type":"Feature","geometry":{"type":"Point","coordinates":[7.74232,45.14632]},"properties":{"id":"dc_075","name":"TIM Noovle — Cebrosa (Settimo Torinese)","type":"data_center","subtype":"colocation","operator":"TIM Noovle / TIM Enterprise","capacity":"Core DC rete Noovle; MW IT non pubblicati","description_it":"Data center TIM Noovle «Cebrosa» a Settimo Torinese (OSM way/1433345058). Polo TIM/Noovle a nord-est di Torino, complementare a Rivoli (dc_074) e al cluster colo urbano (dc_069–073).","description_en":"TIM Noovle «Cebrosa» data center in Settimo Torinese (OSM way/1433345058). TIM/Noovle node north-east of Turin, complementary to Rivoli (dc_074) and the urban colo cluster (dc_069–073).","country":"IT","city":"Settimo Torinese","status":"operational","site_category":"infrastructure","opened_year":null,"updated_at":"2026-09-29","confidence":"high","impact":{"capacity_mw":null,"power_draw_mw_est":null,"pue":null,"water_use_m3_year":null,"land_ha":null,"co2_t_year_est":null,"energy_mix_note_it":"Allaccio non nominato in fonti aperte consultate.","energy_mix_note_en":"Connection not named in open sources consulted."},"community_impact_it":"Facility TIM/Noovle in area industriale settimese.","labor_risks":["shift_work"],"sources":[{"title":"OpenStreetMap — DC Noovle Cebrosa (way/1433345058)","url":"https://www.openstreetmap.org/way/1433345058","accessed_at":"2026-09-29"},{"title":"Noovle — Data Centers","url":"https://www.noovle.com/en/datacenter/","accessed_at":"2026-09-29"},{"title":"OpenStreetMap / Overpass","url":"https://wiki.openstreetmap.org/wiki/Tag:telecom%3Ddata_center","accessed_at":"2026-09-23","note":"osm_id=1433345058"}],"community_impact_en":"TIM/Noovle facility in Settimo Torinese industrial area."}},{"type":"Feature","geometry":{"type":"Point","coordinates":[7.665,45.178]},"properties":{"id":"dc_076","name":"Hines / SATAC — Hyperscale Caselle Torinese (aree ATA)","type":"data_center","subtype":"hyperscale","operator":"Hines (SATAC)","capacity":"250 MW richiesti a Terna (aggiornamento ott 2024; soluzione iniziale 170 MW)","description_it":"Progetto hyperscale Hines sulle aree ATA di Caselle Torinese (ex destinazione commerciale), ~150.000 mq, sei edifici fino a ~30 m, investimento >500 mln. Piano particolareggiato approvato all’unanimità dal Consiglio comunale (26 giu 2026); 18 mesi dal BUR per avvio lavori. Connessione RTN: Terna ha rilasciato il 31 ott 2023 una soluzione a 170 MW (sottostazione utente in doppia antenna 380 kV verso nuova SE RTN in entra-esce sulla linea Leinì–Piossasco); il 25 ott 2024 SATAC ha chiesto aggiornamento a 250 MW con alimentazione dalla SE esistente di Leinì (gn_010). Cliente finale non nominato pubblicamente. Pin comunale sulle ATA a ridosso ferrovia/aeroporto.","description_en":"Hines hyperscale project on Caselle Torinese ATA lands (former retail destination), ~150,000 m², six buildings up to ~30 m, >€500m. Detailed plan approved unanimously by the town council (26 Jun 2026); 18 months from regional gazette to start works. NTG connection: Terna issued a 170 MW solution on 31 Oct 2023 (user substation, double-antenna 380 kV to a new NTG SE cut into the Leinì–Piossasco line); on 25 Oct 2024 SATAC asked to update to 250 MW fed from the existing Leinì SE (gn_010). End customer not publicly named. Municipal pin on the ATA strip beside railway/airport.","country":"IT","city":"Caselle Torinese","status":"planned","site_category":"infrastructure","opened_year":null,"updated_at":"2026-09-29","confidence":"high","impact":{"capacity_mw":250,"power_draw_mw_est":250,"pue":null,"water_use_m3_year":null,"land_ha":15,"co2_t_year_est":null,"energy_mix_note_it":"Allaccio proposto dalla SE Leinì 380 kV (gn_010): richiesta di aggiornamento STMG, non ancora STMG definitiva pubblica sul punto Leinì. Raffreddamento a circuito chiuso imposto in delibera comunale.","energy_mix_note_en":"Proposed connection from Leinì 380 kV SE (gn_010): STMG update request, not yet a definitive public STMG on the Leinì point. Closed-loop cooling imposed in the municipal resolution."},"employment":{"direct":null,"indirect_est":null,"contractors_est":null,"note_it":"Occupazione a regime non dettagliata in fonti aperte consultate; focus urbanistico/energia.","conditions_tags":["construction_phase","high_skill"],"note_en":"Steady-state employment not detailed in open sources consulted; focus on planning/energy."},"community_impact_it":"Polo digitale a ridosso dell’aeroporto; dibattito su elettrodotti «doppia antenna», rumore, falda e rischio incendio rispetto alle attività aeroportuali. Delibera comunale con vincoli su raffreddamento e monitoraggi.","labor_risks":["construction_phase"],"sources":[{"title":"Cosenostre — Caselle hyperscale: STMG Terna e richiesta Leinì 250 MW","url":"https://www.cosenostre-online.it/2025/01/a-caselle-il-primo-data-center-hyperscale-del-piemonte/","accessed_at":"2026-09-29"},{"title":"Il Risveglio — piano ATA Caselle approvato (26 giu 2026)","url":"https://www.ilrisveglio-online.it/2026/06/27/caselle-approvato-unanimita-piano-data-center/","accessed_at":"2026-09-29"},{"title":"IATO — Hines Caselle >500 mln / 150.000 mq","url":"https://www.iato.news/2025/04/11/il-nuovo-data-center-da-oltre-500-milioni/","accessed_at":"2026-09-29"}],"community_impact_en":"Digital hub next to the airport; debate over «double antenna» power lines, noise, aquifer and fire risk relative to airport activities. Municipal resolution with constraints on cooling and monitoring."}},{"type":"Feature","geometry":{"type":"Point","coordinates":[7.6224,45.0536]},"properties":{"id":"dc_077","name":"Hyperscale — ex Pininfarina Grugliasco (Borgata Lesna)","type":"data_center","subtype":"hyperscale","operator":"Added Value Capital / sviluppatore (operatore DC non nominato)","capacity":"~400 MW citati dal promotore; investimento ~4 mld","description_it":"Progetto di riconversione dell’ex area Pininfarina a Borgata Lesna (Grugliasco), ~58.000 mq in vendita, in data center hyperscale (~4 mld, ~400 posti dichiarati). Il promotore Alfiero Massimini (Added Value Capital) afferma allaccio alla «sotto-centrale di Piossasco» (gn_011), raffreddamento a circuito chiuso, deroga di altezza fino a 22 m. Operatore finale non reso pubblico. Consiglio comunale e territorio divisi (giu 2026); progetto ancora in fase autorizzativa/urbanistica. Pin sulla Galleria del Vento / comprensorio Pininfarina.","description_en":"Proposed conversion of the former Pininfarina site at Borgata Lesna (Grugliasco), ~58,000 m² for sale, into a hyperscale data center (~€4bn, ~400 jobs claimed). Promoter Alfiero Massimini (Added Value Capital) states connection to the Piossasco «sub-station» (gn_011), closed-loop cooling, height waiver up to 22 m. End operator not disclosed. Town council and community split (Jun 2026); still in planning/authorisation. Pin on the Pininfarina wind-tunnel / campus compound.","country":"IT","city":"Grugliasco","status":"planned","site_category":"infrastructure","opened_year":null,"updated_at":"2026-09-29","confidence":"medium","impact":{"capacity_mw":400,"power_draw_mw_est":400,"pue":null,"water_use_m3_year":null,"land_ha":5.8,"co2_t_year_est":null,"energy_mix_note_it":"Allaccio dichiarato a Piossasco (gn_011) dal promotore; nessuna STMG/VIA pubblica consultata → connects likely, non confirmed. Corriere riporta «~400 megawattora» in contesto di potenza di impianto.","energy_mix_note_en":"Connection declared at Piossasco (gn_011) by the promoter; no public STMG/EIA consulted → connects likely, not confirmed. Corriere reports «~400 megawattora» in a plant-power context."},"employment":{"direct":400,"indirect_est":null,"contractors_est":null,"note_it":"Stima dichiarata dal promotore (~400 posti); da verificare a regime.","conditions_tags":["construction_phase","high_skill"],"note_en":"Estimate declared by the promoter (~400 jobs); to be verified at steady state."},"community_impact_it":"Brownfield industriale a Grugliasco; forte dibattito locale su energia, acqua e destinazione d’uso (ex automotive vs hyperscale).","labor_risks":["construction_phase"],"sources":[{"title":"Corriere Torino — Grugliasco si spacca sul data center ex Pininfarina","url":"https://torino.corriere.it/notizie/economia/26_giugno_26/torino-grugliasco-si-spacca-sul-data-center-nelle-ex-area-pininfarina-i-pro-e-contro-all-impianto-da-4-miliardi-di-investimenti-57cabd4b-6960-493b-b3f8-a26a5fc53xlk.shtml","accessed_at":"2026-09-29","note":"Massimini: connessione a Piossasco; ~400 MW; 4 mld"},{"title":"TorinoNews24 — maxi DC area Pininfarina","url":"https://torinonews24.it/news/torino-maxi-impianto-data-center-nellarea-pininfarina-4-miliardi-di-investimenti-e-400-posti-di-lavoro-ce-chi-dice-no-grugliasco-si-spacca-sul-nuovo-progetto-il-caso/","accessed_at":"2026-09-29"}],"community_impact_en":"Industrial brownfield in Grugliasco; strong local debate on energy, water and land use (former automotive vs hyperscale)."}},{"type":"Feature","geometry":{"type":"Point","coordinates":[7.7526454,45.1341432]},"properties":{"id":"dc_078","name":"Intesa Sanpaolo — CCS Settimo Torinese","type":"data_center","subtype":"enterprise","operator":"Intesa Sanpaolo","capacity":"Tier III Uptime (Design + Facility); ~1.000 m² sala rack (fonte seconda); completato ~2009","description_it":"Data center enterprise CCS di Intesa Sanpaolo a Settimo Torinese (Via della Costituzione). Certificato Uptime Institute Tier III per Design e Facility (cliente Intesa Sanpaolo). Facility bancaria proprietaria del polo torinese, distinta dai nodi TIM/Noovle (dc_074–075, dc_080) e dal colo urbano. Pin geocodificato su Via della Costituzione.","description_en":"Intesa Sanpaolo’s CCS enterprise data center in Settimo Torinese (Via della Costituzione). Uptime Institute Tier III certified for Design and Facility (Intesa Sanpaolo client). Proprietary banking facility in the Turin metro, distinct from TIM/Noovle nodes (dc_074–075, dc_080) and urban colo. Pin geocoded on Via della Costituzione.","country":"IT","city":"Settimo Torinese","status":"operational","site_category":"infrastructure","opened_year":2009,"updated_at":"2026-10-01","confidence":"high","impact":{"capacity_mw":null,"power_draw_mw_est":null,"pue":null,"water_use_m3_year":null,"land_ha":null,"co2_t_year_est":null,"energy_mix_note_it":"Allaccio non nominato in fonti aperte consultate.","energy_mix_note_en":"Connection not named in open sources consulted."},"community_impact_it":"Facility bancaria in area industriale settimese; impatto locale tipico di CED enterprise (rumore, sicurezza perimetrale).","labor_risks":["shift_work","high_skill"],"sources":[{"title":"Uptime Institute — Data Center CCS Settimo Torinese (Intesa Sanpaolo)","url":"https://uptimeinstitute.com/uptime-institute-awards/datacenter/data-center-ccs--settimo-torinese/860","accessed_at":"2026-10-01"},{"title":"Uptime Institute — Intesa Sanpaolo client awards (CCS, CCM, CAE)","url":"https://uptimeinstitute.com/uptime-institute-awards/client/intesa-sanpaolo-spa/554","accessed_at":"2026-10-01"}],"community_impact_en":"Banking facility in Settimo industrial area; local impact typical of enterprise CED (noise, perimeter security)."}},{"type":"Feature","geometry":{"type":"Point","coordinates":[7.7017468,44.98898]},"properties":{"id":"dc_079","name":"Intesa Sanpaolo — CCM Moncalieri","type":"data_center","subtype":"enterprise","operator":"Intesa Sanpaolo","capacity":"Tier III Uptime (Design + Facility); ~1.000 m² sala rack (fonte seconda); completato ~2009","description_it":"Data center enterprise CCM di Intesa Sanpaolo a Moncalieri (Corso Savona / centro contabile). Certificato Uptime Institute Tier III Design + Facility insieme al CCS di Settimo. Gemello operativo del polo bancario torinese; distinto da Noovle Via Cruto (dc_080) e dal progetto hyperscale ex Ilte (dc_081) nello stesso comune.","description_en":"Intesa Sanpaolo’s CCM enterprise data center in Moncalieri (Corso Savona / accounting centre). Uptime Institute Tier III Design + Facility certified together with Settimo’s CCS. Operational twin of the Turin banking pair; distinct from Noovle Via Cruto (dc_080) and the ex-Ilte hyperscale project (dc_081) in the same municipality.","country":"IT","city":"Moncalieri","status":"operational","site_category":"infrastructure","opened_year":2009,"updated_at":"2026-10-01","confidence":"high","impact":{"capacity_mw":null,"power_draw_mw_est":null,"pue":null,"water_use_m3_year":null,"land_ha":null,"co2_t_year_est":null,"energy_mix_note_it":"Allaccio non nominato in fonti aperte consultate.","energy_mix_note_en":"Connection not named in open sources consulted."},"community_impact_it":"CED bancario su Corso Savona; contesto urbano/industriale di Moncalieri.","labor_risks":["shift_work","high_skill"],"sources":[{"title":"Uptime Institute — Data Center CCM Moncalieri (Intesa Sanpaolo)","url":"https://uptimeinstitute.com/component/tierachievement/datacenter/data-center-ccm--moncalieri/867","accessed_at":"2026-10-01"},{"title":"Uptime Institute — Intesa Sanpaolo client awards","url":"https://uptimeinstitute.com/uptime-institute-awards/client/intesa-sanpaolo-spa/554","accessed_at":"2026-10-01"}],"community_impact_en":"Banking CED on Corso Savona; urban/industrial Moncalieri context."}},{"type":"Feature","geometry":{"type":"Point","coordinates":[7.7232471,44.9766525]},"properties":{"id":"dc_080","name":"TIM Noovle — Moncalieri (Via Cruto)","type":"data_center","subtype":"enterprise","operator":"TIM Noovle / TIM Enterprise","capacity":"Public Cloud (certificazioni Noovle ISO); MW IT non pubblicati in scheda aperta; aggregatori citano ~7 MW (dato indicativo, non primario)","description_it":"Data center TIM Noovle a Moncalieri, Via Alessandro Cruto 2. Nelle certificazioni ISO Noovle è etichettato «Data Center Moncalieri – Public Cloud», insieme a Rivoli (dc_074) e Cebrosa (dc_075) nel cluster torinese. Parte della rete core che ospita servizi cloud TIM/Google Cloud in Italia; non risulta una dichiarazione primaria che identifichi questo solo civico come «Google Cloud Region Torino». Distinto dal CCM Intesa (dc_079) e dall’ex Ilte (dc_081).","description_en":"TIM Noovle data center in Moncalieri, Via Alessandro Cruto 2. Noovle ISO certificates label it «Data Center Moncalieri – Public Cloud», alongside Rivoli (dc_074) and Cebrosa (dc_075) in the Turin cluster. Part of the TIM/Google Cloud Italy core network; no primary statement found that this single address alone is the «Turin Google Cloud Region». Distinct from Intesa CCM (dc_079) and ex-Ilte (dc_081).","country":"IT","city":"Moncalieri","status":"operational","site_category":"infrastructure","opened_year":null,"updated_at":"2026-10-01","confidence":"high","impact":{"capacity_mw":null,"power_draw_mw_est":7,"pue":null,"water_use_m3_year":null,"land_ha":null,"co2_t_year_est":null,"energy_mix_note_it":"Allaccio non nominato. power_draw ~7 MW solo da aggregatore secondario → estimated, non capacity ufficiale.","energy_mix_note_en":"Connection not named. ~7 MW power_draw from secondary aggregator only → estimated, not official capacity."},"community_impact_it":"Facility telco/cloud in zona industriale sud di Moncalieri (Vadò/Palera).","labor_risks":["shift_work"],"sources":[{"title":"TIM — ISO 14001 Noovle (elenco siti: Moncalieri Public Cloud, Via Cruto 2)","url":"https://www.gruppotim.it/content/dam/gt/sostenibilit%C3%A0/doc-varie/2024/certificazioni/ita/ISO_14001_Noovle_SpA.pdf","accessed_at":"2026-10-01"},{"title":"Baxtel — Noovle Moncalieri DC1","url":"https://baxtel.com/data-center/noovle-moncalieri-dc1","accessed_at":"2026-10-01"},{"title":"Noovle — Data Centers","url":"https://www.noovle.com/it/datacenter/","accessed_at":"2026-10-01"},{"title":"OpenStreetMap / Overpass","url":"https://wiki.openstreetmap.org/wiki/Tag:telecom%3Ddata_center","accessed_at":"2026-09-23","note":"osm_id=14662947"}],"community_impact_en":"Telco/cloud facility in southern Moncalieri industrial zone (Vadò/Palera)."}},{"type":"Feature","geometry":{"type":"Point","coordinates":[7.717764,44.9724387]},"properties":{"id":"dc_081","name":"Moncalieri Logistics / LCP — Hyperscale ex Ilte","type":"data_center","subtype":"hyperscale","operator":"Moncalieri Logistics (LCP)","capacity":"~384 MW IT / fino a ~576 MW elettrici dichiarati; ~270.000 m²; investimento >4,5 mld","description_it":"Progetto hyperscale sull’ex tipografia Ilte (Via Postiglione / Bauducchi, Moncalieri): quattro edifici, ~270.000 m², potenza IT ~384 MW e potenza elettrica fino a ~576 MW secondo il Piano esecutivo convenzionato depositato (set 2026), dopo parere comunale di marzo 2026. Promotore Moncalieri Logistics legato a LCP (acquirente 2022). Non è collegato a Google. Sottostazione di allaccio RTN non nominata in fonti aperte consultate → nessun arco connects finché non emerge SE. Occupazione stimata 400–500 posti. Pin sull’ex Ilte (OSM).","description_en":"Hyperscale project on the former Ilte print works (Via Postiglione / Bauducchi, Moncalieri): four buildings, ~270,000 m², ~384 MW IT and up to ~576 MW electrical per the executive plan filed (Sep 2026), after March 2026 municipal opinion. Promoter Moncalieri Logistics linked to LCP (2022 buyer). Not linked to Google. NTG connection substation not named in open sources consulted → no connects edge until an SE appears. Estimated 400–500 jobs. Pin on the ex-Ilte OSM feature.","country":"IT","city":"Moncalieri","status":"planned","site_category":"infrastructure","opened_year":null,"updated_at":"2026-10-01","confidence":"high","impact":{"capacity_mw":384,"power_draw_mw_est":576,"pue":null,"water_use_m3_year":null,"land_ha":27,"co2_t_year_est":null,"energy_mix_note_it":"MW da PEC/cronaca (IT vs elettrico totale). SE di allaccio non nominata → niente connects. FV di sito citato in cronaca, senza PPA.","energy_mix_note_en":"MW from executive plan/press (IT vs total electrical). Connection SE not named → no connects. On-site PV cited in press, no PPA."},"employment":{"direct":450,"indirect_est":null,"contractors_est":null,"note_it":"Stima stampa 400–500 posti; valore mediano in scheda.","conditions_tags":["construction_phase","high_skill"],"note_en":"Press estimate 400–500 jobs; midpoint used in sheet."},"community_impact_it":"Riconversione del più grande brownfield tipografico di Moncalieri; dibattito su energia, acqua e compensazioni ambientali.","labor_risks":["construction_phase"],"sources":[{"title":"TorinoSud — PEC ex Ilte: 384 MW IT / fino a 576 MW elettrici","url":"https://www.torinosud.it/cronaca/moncalieri-data-center-ex-ilte-35894","accessed_at":"2026-10-01"},{"title":"Data Center Dynamics — Plans for ‘largest’ data center in Italy (Moncalieri Logistics / LCP)","url":"https://www.datacenterdynamics.com/en/news/plans-unveiled-for-largest-data-center-in-italy/","accessed_at":"2026-10-01"},{"title":"Tom’s Hardware Italia — maxi DC 576 MW ex Ilte","url":"https://www.tomshw.it/business/lex-tipografia-delle-pagine-gialle-diventa-un-maxi-data-center-da-576-mw","accessed_at":"2026-10-01"}],"community_impact_en":"Reuse of Moncalieri’s largest print brownfield; debate on energy, water and environmental offsets."}},{"type":"Feature","geometry":{"type":"Point","coordinates":[7.6346192,45.0972986]},"properties":{"id":"dc_082","name":"Asja / Reba Projects — Hyperscale ex Bonafous (Lucento)","type":"data_center","subtype":"hyperscale","operator":"Asja Ambiente / Reba Projects","capacity":"~125 MW iniziali, espansione dichiarata >300 MW; ~90.000 m²; investimento >1 mld (stampa)","description_it":"Riconversione dell’ex Laminatoio Bonafous / ferriere a Lucento (Tra Corso Regina Margherita e Via Pianezza): data center «green» di Asja Ambiente (acquisizione CDP 2024; veicolo Reba Projects). Bonifica e demolizione avviate fine 2024; ~200 posti dichiarati. Stampa tecnica (La Voce / riprese) riporta 125 MW iniziali con possibile espansione oltre 300 MW e due linee interrate 220 kV autorizzate dalla Regione dalla stazione Terna di Corso Appio Claudio (gn_012). Recupero calore verso teleriscaldamento Iren in studio. Pin su Via Pianezza (Lucento); MW da fonte giornalistica secondaria → confidence medium sul dimensionamento.","description_en":"Conversion of the former Bonafous rolling mill / steelworks at Lucento (between Corso Regina Margherita and Via Pianezza): Asja Ambiente «green» data center (2024 CDP acquisition; Reba Projects vehicle). Remediation and demolition started late 2024; ~200 jobs claimed. Technical press (La Voce / reprints) reports 125 MW initial with possible expansion beyond 300 MW and two Region-authorised buried 220 kV lines from Terna’s Corso Appio Claudio station (gn_012). Heat recovery into Iren district heating under study. Pin on Via Pianezza (Lucento); MW from secondary journalism → medium confidence on sizing.","country":"IT","city":"Torino","status":"planned","site_category":"infrastructure","opened_year":null,"updated_at":"2026-10-01","confidence":"medium","impact":{"capacity_mw":125,"power_draw_mw_est":125,"pue":null,"water_use_m3_year":null,"land_ha":9,"co2_t_year_est":null,"energy_mix_note_it":"Allaccio dichiarato su linee 220 kV da SE Corso Appio Claudio (gn_012): autorizzazione regionale riportata dalla stampa → connects likely (conn_089), non confirmed senza fascicolo primario. Espansione >300 MW non pinata come capacity.","energy_mix_note_en":"Connection reported via 220 kV lines from Corso Appio Claudio SE (gn_012): regional authorisation cited in press → connects likely (conn_089), not confirmed without primary file. >300 MW expansion not used as capacity."},"employment":{"direct":200,"indirect_est":null,"contractors_est":null,"note_it":"Stima dichiarata in assemblea pubblica (~200 tecnici).","conditions_tags":["construction_phase","high_skill"],"note_en":"Estimate stated in public meeting (~200 technicians)."},"community_impact_it":"Brownfield Lucento accanto ex Thyssen; dibattito su studentato sostituito dal DC, bonifica e carico elettrico urbano (~1,09 GW di richieste Terna in città).","labor_risks":["construction_phase"],"sources":[{"title":"La Voce — Bonafous Lucento: 125–300 MW, linee da Corso Appio Claudio","url":"https://www.giornalelavoce.it/news/attualita/736561/data-center-a-chivasso-settimo-torinese-grugliasco-sara-uninvasione.html","accessed_at":"2026-10-01"},{"title":"Torino Oggi — ex Bonafous datacenter green / Asja","url":"https://www.torinoggi.it/2025/05/29/leggi-notizia/argomenti/attualita-31/articolo/ex-bonafous-addio-alle-rovine-in-arrivo-un-datacenter-green.html","accessed_at":"2026-10-01"},{"title":"Corriere Torino — DC al posto dello studentato (Reba Projects)","url":"https://torino.corriere.it/notizie/economia/25_febbraio_06/l-intelligenza-artificiale-sfratta-gli-studenti-nell-ex-ferriere-di-torino-un-data-center-al-posto-dello-studentato-51d784ad-d45c-4ba1-8b3c-aae902fcaxlk.shtml","accessed_at":"2026-10-01"}],"community_impact_en":"Lucento brownfield next to former Thyssen; debate over student housing replaced by DC, remediation and urban electrical load (~1.09 GW of Terna requests in the city)."}},{"type":"Feature","geometry":{"type":"Point","coordinates":[7.6395028,45.0604899]},"properties":{"id":"dc_083","name":"TIM Noovle — Centro Servizi Torino (Via Issiglio)","type":"data_center","subtype":"enterprise","operator":"TIM Noovle / TIM Enterprise","capacity":"Etichettato «Centro Servizi» (non «Data Center») nelle ISO Noovle; MW non pubblicati","description_it":"Sede Noovle a Via Issiglio 90, Torino. Nelle certificazioni ISO 9001/14001 Noovle compare come «Centro Servizi Torino», a differenza di Moncalieri/Rivoli/Cebrosa etichettati «Data Center … Public Cloud». Aggregatori (ColoMap) lo elencano come DC; storicamente nodo Telecom/TOP-IX. Pin operativo con confidence medium: esiste come facility certificata, ma lo status di sala rack hyperscale/colo non è primario come per i Public Cloud.","description_en":"Noovle site at Via Issiglio 90, Turin. Noovle ISO 9001/14001 certificates list it as «Centro Servizi Torino», unlike Moncalieri/Rivoli/Cebrosa labelled «Data Center … Public Cloud». Aggregators (ColoMap) list it as a DC; historically a Telecom/TOP-IX node. Operational pin with medium confidence: certified facility exists, but hyperscale/colo rack-hall status is weaker than for the Public Cloud sites.","country":"IT","city":"Torino","status":"operational","site_category":"infrastructure","opened_year":null,"updated_at":"2026-10-01","confidence":"medium","impact":{"capacity_mw":null,"power_draw_mw_est":null,"pue":null,"water_use_m3_year":null,"land_ha":null,"co2_t_year_est":null,"energy_mix_note_it":"Allaccio non nominato.","energy_mix_note_en":"Connection not named."},"community_impact_it":"Facility telco urbana a Borgo San Paolo; impatto tipico di centro servizi, non di campus hyperscale.","labor_risks":["shift_work"],"sources":[{"title":"TIM — ISO 14001 Noovle (Centro Servizi Torino, Via Issiglio 90)","url":"https://www.gruppotim.it/content/dam/gt/sostenibilit%C3%A0/doc-varie/2024/certificazioni/ita/ISO_14001_Noovle_SpA.pdf","accessed_at":"2026-10-01","note":"Etichetta Centro Servizi, non Data Center"},{"title":"ColoMap — Noovle DC Torino (Via Issiglio 90)","url":"https://colomap.com/facilities/noovle-dc-torino/","accessed_at":"2026-10-01"}],"community_impact_en":"Urban telco facility in Borgo San Paolo; impact typical of a service centre, not a hyperscale campus."}},{"type":"Feature","geometry":{"type":"Point","coordinates":[7.8178495,45.3223948]},"properties":{"id":"dc_084","name":"Ipotesi DC — ex Pininfarina San Giorgio Canavese","type":"data_center","subtype":"hyperscale","operator":"Taurus / FCV (sviluppo immobiliare; operatore DC non nominato)","capacity":"~200.000 m² area; uso dichiarato stampa «logistico e produttivo»; FCV elenca «Logistics & Data Center»","description_it":"Ex officine Pininfarina a San Giorgio Canavese (~200.000 m²), vendute a Taurus (2023) con FCV come operating partner. La cronaca locale parla di polo logistico/produttivo; il sito FCV lo classifica «Logistics & Data Center». Nessun operatore DC, MW o PEC data-center nominati in fonti aperte → pin speculativo: status planned, confidence low. Distinto dall’ex Pininfarina di Grugliasco (dc_077).","description_en":"Former Pininfarina works at San Giorgio Canavese (~200,000 m²), sold to Taurus (2023) with FCV as operating partner. Local press describes a logistics/production hub; FCV’s site lists «Logistics & Data Center». No named DC operator, MW or data-center executive plan in open sources → speculative pin: planned, low confidence. Distinct from Grugliasco’s ex-Pininfarina (dc_077).","country":"IT","city":"San Giorgio Canavese","status":"planned","site_category":"infrastructure","opened_year":null,"updated_at":"2026-10-01","confidence":"low","impact":{"capacity_mw":null,"power_draw_mw_est":null,"pue":null,"water_use_m3_year":null,"land_ha":20,"co2_t_year_est":null,"energy_mix_note_it":"Nessun allaccio DC documentato. Ipotesi di portafoglio, non progetto autorizzato.","energy_mix_note_en":"No documented DC connection. Portfolio hypothesis, not an authorised project."},"community_impact_it":"Brownfield Canavese in riconversione; rischio di etichetta DC usata per marketing immobiliare senza cantiere.","labor_risks":["construction_phase"],"sources":[{"title":"Pambianco Real Estate — Pininfarina vende a Taurus (polo logistico)","url":"https://realestate.pambianconews.com/2023/12/27/pininfarina-vende-a-taurus-le-ex-officine-di-collaudo-di-san-giorgio-canavese/","accessed_at":"2026-10-01"},{"title":"FCV Development — Ex Pininfarina (Logistics & Data Center)","url":"https://fcvdevelopment.com/projects/","accessed_at":"2026-10-01"},{"title":"Prima il Canavese — vendita sito Pininfarina 4,15 mln","url":"https://primailcanavese.it/attualita/il-sito-pininfarina-di-san-giorgio-canavese-venduto-per-415-milioni-di-euro/","accessed_at":"2026-10-01"}],"community_impact_en":"Canavese brownfield in reuse; risk of a DC label used for real-estate marketing without a build."}},{"type":"Feature","geometry":{"type":"Point","coordinates":[7.7410695,44.8578018]},"properties":{"id":"dc_085","name":"Ipotesi DC — ex Teksid Carmagnola","type":"data_center","subtype":"hyperscale","operator":"FCV / sviluppatori locali (operatore DC non nominato)","capacity":"~98.000 m² area (FCV); cronaca comunale su logistica (Molino Chiavazza), non su DC","description_it":"Ex area Teksid Ghisa a Carmagnola. FCV la elenca come «Logistics & Data Center» (~98.390 m²). L’iter comunale recente riguarda variante viaria e polo logistico Molino Chiavazza, senza menzione pubblica di data center, MW o operatore. Pin speculativo: planned, confidence low — etichetta di portafoglio da verificare.","description_en":"Former Teksid Ghisa area in Carmagnola. FCV lists it as «Logistics & Data Center» (~98,390 m²). Recent municipal process covers road variant and Molino Chiavazza logistics, with no public mention of a data center, MW or operator. Speculative pin: planned, low confidence — portfolio label to verify.","country":"IT","city":"Carmagnola","status":"planned","site_category":"infrastructure","opened_year":null,"updated_at":"2026-10-01","confidence":"low","impact":{"capacity_mw":null,"power_draw_mw_est":null,"pue":null,"water_use_m3_year":null,"land_ha":9.8,"co2_t_year_est":null,"energy_mix_note_it":"Nessun allaccio DC documentato.","energy_mix_note_en":"No documented DC connection."},"community_impact_it":"Brownfield automotive in riconversione logistica; DC non confermato dal Comune.","labor_risks":["construction_phase"],"sources":[{"title":"FCV Development — Ex Teksid (Logistics & Data Center)","url":"https://fcvdevelopment.com/projects/","accessed_at":"2026-10-01"},{"title":"Torino Cronaca — via libera variante ex Teksid (logistica)","url":"https://torinocronaca.it/news/257694/riconversione-dellex-teksid-arriva-il-via-libera-dal-comune.html","accessed_at":"2026-10-01"}],"community_impact_en":"Automotive brownfield shifting to logistics; DC not confirmed by the municipality."}},{"type":"Feature","geometry":{"type":"Point","coordinates":[8.2314367,44.9060217]},"properties":{"id":"dc_086","name":"Ipotesi DC — Asti Via Maggiora (Gabetti)","type":"data_center","subtype":"hyperscale","operator":"In cerca di investitore (Gabetti Agency)","capacity":"~105.000 m² area / GLA potenziale >63.000 m²; destinazione mista logistica/industria/DC","description_it":"Area in commercializzazione esclusiva Gabetti a Via Maggiora (pressi Corso Alessandria, Asti Est): ~105.000 m², cantierabilità urbanistica avanzata, proposta anche per data center oltre a logistica/industria. Nessun operatore, MW né progetto esecutivo DC nominati → pin speculativo: planned, confidence low (ricerca investitori).","description_en":"Gabetti exclusive marketing site at Via Maggiora (near Corso Alessandria, Asti Est): ~105,000 m², advanced planning readiness, pitched for data centers as well as logistics/industry. No named operator, MW or DC executive project → speculative pin: planned, low confidence (investor search).","country":"IT","city":"Asti","status":"planned","site_category":"infrastructure","opened_year":null,"updated_at":"2026-10-01","confidence":"low","impact":{"capacity_mw":null,"power_draw_mw_est":null,"pue":null,"water_use_m3_year":null,"land_ha":10.5,"co2_t_year_est":null,"energy_mix_note_it":"Nessun allaccio DC documentato; marketing immobiliare.","energy_mix_note_en":"No documented DC connection; real-estate marketing."},"community_impact_it":"Lotto pronto urbanisticamente sull’asse Asti Est; impatto reale dipende da chi compra e da cosa costruisce.","labor_risks":["construction_phase"],"sources":[{"title":"La Nuova Provincia — Asti Via Maggiora: logistica e data center (Gabetti)","url":"https://www.lanuovaprovincia.it/news/attualita/502100/lavoro-e-sviluppo-ad-asti-si-continua-a-puntare-su-un-futuro-tra-logistica-e-tech.html","accessed_at":"2026-10-01"}],"community_impact_en":"Planning-ready lot on the Asti Est corridor; real impact depends on who buys and what they build."}},{"type":"Feature","geometry":{"type":"Point","coordinates":[-6.4331,53.4169]},"properties":{"id":"dc_087","name":"Meta Clonee Data Center Campus","type":"data_center","subtype":"hyperscale","operator":"Meta","capacity":"Campus multi-edificio (Clonee, Co. Meath); MW IT aggregati non dichiarati ufficialmente per sito","description_it":"Primo data center Meta fuori dagli USA (operativo dal 2012) a Clonee, contea di Meath, nord di Dublino. Campus multi-edificio (Clonee 1–6 e correlati) con investimento dichiarato ~€1,4 mld e 300+ posti operativi supportati. LEED Gold; Meta dichiara matching 100% rinnovabile e ~219 MW di nuovi progetti renewables supportati in Irlanda. Pin campus (centro OSM Clonee 1).","description_en":"Meta’s first data centre outside the US (operational since 2012) at Clonee, County Meath, north of Dublin. Multi-building campus (Clonee 1–6 and related) with stated ~€1.4bn investment and 300+ operational jobs supported. LEED Gold; Meta states 100% renewable matching and ~219 MW of new renewables projects supported in Ireland. Campus pin (OSM Clonee 1 centroid).","country":"IE","city":"Clonee","status":"operational","site_category":"infrastructure","opened_year":2012,"updated_at":"2026-10-08","confidence":"high","impact":{"capacity_mw":null,"power_draw_mw_est":null,"pue":null,"water_use_m3_year":null,"land_ha":null,"co2_t_year_est":null,"energy_mix_note_it":"CPPA Meta: Gillinstown (Meath) + Rosspile (Wexford) Highfield Solar ~276 MWp → conn_091/092; Lisheen III Ørsted 28.8 MW → conn_093. Matching 100% dichiarato; ~219 MW renewables supportati in Irlanda (scheda ufficiale).","energy_mix_note_en":"Meta CPPAs: Gillinstown (Meath) + Rosspile (Wexford) Highfield Solar ~276 MWp → conn_091/092; Lisheen III Ørsted 28.8 MW → conn_093. Stated 100% matching; ~219 MW renewables supported in Ireland (official sheet)."},"employment":{"direct":300,"indirect_est":null,"contractors_est":null,"note_it":"Scheda Meta Clonee: «300+ operational jobs supported»; fino a 1.500 lavoratori skilled trade in picco di cantiere (dato ufficiale). Il figure 300 è supportati/operativi, non necessariamente FTE diretti Meta.","note_en":"Meta Clonee sheet: «300+ operational jobs supported»; up to 1,500 skilled-trade workers at peak construction (official). The 300 figure is supported/operational roles, not necessarily Meta direct FTE.","conditions_tags":["high_skill","construction_phase"]},"labor_risks":["construction_phase"],"community_impact_it":"Investimento e grant locali in Meath; pressione sulla rete nord-Dublino/Meath e dibattito LEU EirGrid. Partnership peatland restoration con Microsoft e Google.","community_impact_en":"Local investment and grants in Meath; pressure on the north-Dublin/Meath grid and EirGrid LEU debate. Peatland restoration partnership with Microsoft and Google.","sources":[{"title":"Meta — Clonee Data Center info sheet","url":"https://datacenters.atmeta.com/asset/clonee-data-center-info-sheet/","accessed_at":"2026-10-08"},{"title":"Meta — European data centres","url":"https://datacenters.atmeta.com/asset/europe-info-sheet/","accessed_at":"2026-10-08"},{"title":"OpenStreetMap — Meta Clonee 1","url":"https://www.openstreetmap.org/","accessed_at":"2026-10-08","note":"osm_id≈518701317; coords ~53.4169, -6.4331"},{"title":"OpenStreetMap / Overpass","url":"https://wiki.openstreetmap.org/wiki/Tag:telecom%3Ddata_center","accessed_at":"2026-09-23","note":"osm_id=518701317"}]}},{"type":"Feature","geometry":{"type":"Point","coordinates":[-6.2225,53.4049]},"properties":{"id":"dc_088","name":"AWS Dublin — Clonshaugh Campus (eu-west-1)","type":"data_center","subtype":"hyperscale","operator":"Amazon Web Services","capacity":"Campus Clonshaugh multi-edificio (eu-west-1); MW aggregati non pubblicati ufficialmente","description_it":"Campus AWS a Clonshaugh Business & Technology Park (Dublino 17 / Priorswood): nucleo nord-orientale della regione eu-west-1 (Ireland). Più edifici (DUB10/50/51 e correlati) su footprint OSM; AWS opera anche altri nodi a Citywest, Blanchardstown/Mulhuddart, Tallaght/Hibernian e Drogheda — pin campus Clonshaugh, non inventario edificio-per-edificio.","description_en":"AWS campus at Clonshaugh Business & Technology Park (Dublin 17 / Priorswood): north-east core of the eu-west-1 (Ireland) region. Multiple buildings (DUB10/50/51 and related) on OSM footprints; AWS also runs nodes at Citywest, Blanchardstown/Mulhuddart, Tallaght/Hibernian and Drogheda — Clonshaugh campus pin, not a building-by-building inventory.","country":"IE","city":"Dublino","status":"operational","site_category":"infrastructure","opened_year":2017,"updated_at":"2026-10-08","confidence":"high","impact":{"capacity_mw":null,"power_draw_mw_est":null,"pue":null,"water_use_m3_year":null,"land_ha":null,"co2_t_year_est":null,"energy_mix_note_it":"PPA AWS–Bord na Móna su Derrinlough Wind Farm (Offaly, 105 MW export) → conn_094; pipeline fino a 800 MW renewables e Eco Energy Park Midlands. Matching corporate 100% renewables target.","energy_mix_note_en":"AWS–Bord na Móna PPA on Derrinlough Wind Farm (Offaly, 105 MW export) → conn_094; pipeline up to 800 MW renewables and Midlands Eco Energy Park. Corporate 100% renewables matching target."},"employment":{"direct":null,"indirect_est":null,"contractors_est":null,"note_it":"AWS non pubblica headcount per campus Clonshaugh.","note_en":"AWS does not publish headcount for the Clonshaugh campus.","conditions_tags":["high_skill","construction_phase"]},"labor_risks":["construction_phase"],"community_impact_it":"Cluster nord-est Dublino (Clonshaugh) con Digital Realty, Equinix e telco; pressione rete locale.","community_impact_en":"North-east Dublin (Clonshaugh) cluster with Digital Realty, Equinix and telcos; local grid pressure.","sources":[{"title":"Data Center Map — Amazon AWS DUB Clonshaugh Campus","url":"https://www.datacentermap.com/ireland/dublin/","accessed_at":"2026-10-08"},{"title":"Data Centers Intel — Ireland facilities","url":"https://datacentersintel.com/country/ireland/","accessed_at":"2026-10-08"},{"title":"OpenStreetMap — AWS Clonshaugh / DUB10","url":"https://www.openstreetmap.org/","accessed_at":"2026-10-08","note":"cluster ~53.40, -6.22"},{"title":"OpenStreetMap / Overpass","url":"https://wiki.openstreetmap.org/wiki/Tag:telecom%3Ddata_center","accessed_at":"2026-09-23","note":"osm_id=47924356"}]}},{"type":"Feature","geometry":{"type":"Point","coordinates":[-6.4163,53.2915]},"properties":{"id":"dc_089","name":"AWS Dublin — Citywest (DUB2)","type":"data_center","subtype":"hyperscale","operator":"Amazon Web Services","capacity":"Sito Citywest (DUB2); MW non pubblicati ufficialmente","description_it":"Nodo AWS a Citywest Business Campus (Cooldown Commons / Citywest Avenue, Dublino 24), noto come DUB2. Parte della regione eu-west-1 insieme a Clonshaugh e altri campus. Adiacente a Equinix DB1 e impianti telco Citywest.","description_en":"AWS node at Citywest Business Campus (Cooldown Commons / Citywest Avenue, Dublin 24), known as DUB2. Part of eu-west-1 alongside Clonshaugh and other campuses. Adjacent to Equinix DB1 and Citywest telco facilities.","country":"IE","city":"Citywest","status":"operational","site_category":"infrastructure","opened_year":null,"updated_at":"2026-10-08","confidence":"high","impact":{"capacity_mw":null,"power_draw_mw_est":null,"pue":null,"water_use_m3_year":null,"land_ha":null,"co2_t_year_est":null,"energy_mix_note_it":"Stesso contesto LEU/EirGrid del cluster sud-ovest Dublino (Citywest / Grange Castle).","energy_mix_note_en":"Same LEU/EirGrid context as the south-west Dublin cluster (Citywest / Grange Castle)."},"community_impact_it":"Citywest: densità elevata di DC hyperscale e colo a ridosso di Grange Castle.","community_impact_en":"Citywest: high density of hyperscale and colo DCs next to Grange Castle.","sources":[{"title":"Data Centers Intel — Amazon DUB-2 Citywest","url":"https://datacentersintel.com/facility/amazon-dub-2-citywest/","accessed_at":"2026-10-08","note":"53.29153, -6.41634"},{"title":"OpenStreetMap — Amazon DUB-2","url":"https://www.openstreetmap.org/","accessed_at":"2026-10-08"},{"title":"OpenStreetMap / Overpass","url":"https://wiki.openstreetmap.org/wiki/Tag:telecom%3Ddata_center","accessed_at":"2026-09-23","note":"osm_id=37682016"}]}},{"type":"Feature","geometry":{"type":"Point","coordinates":[-6.4152,53.2916]},"properties":{"id":"dc_090","name":"Equinix Dublin — DB1 (Citywest) + metro","type":"data_center","subtype":"colocation","operator":"Equinix","capacity":"Metro Dublin: DB1–DB4 + xScale DB5x/DB6x/DB7x; MW edificio-per-edificio variabili","description_it":"Pin rappresentativo Equinix DB1 a Citywest (Kingswood Rd), IBX storico con accesso carrier e peering INEX. Equinix opera anche DB2 (Kilcarbery/Nangor), DB3–DB4 (Ballycoolin / Northwest Business Park) e campus xScale a Blanchardstown (DB5x–DB7x). Unità di mappa = metro Dublin, non singolo rack.","description_en":"Representative Equinix DB1 pin at Citywest (Kingswood Rd), historic IBX with carrier access and INEX peering. Equinix also operates DB2 (Kilcarbery/Nangor), DB3–DB4 (Ballycoolin / Northwest Business Park) and the Blanchardstown xScale campus (DB5x–DB7x). Map unit = Dublin metro, not a single rack.","country":"IE","city":"Dublino","status":"operational","site_category":"infrastructure","opened_year":null,"updated_at":"2026-10-08","confidence":"high","impact":{"capacity_mw":null,"power_draw_mw_est":null,"pue":null,"water_use_m3_year":null,"land_ha":null,"co2_t_year_est":null,"energy_mix_note_it":"Colocation multi-tenant; prelievo dipendente da occupancy. Membro Digital Infrastructure Ireland (DII).","energy_mix_note_en":"Multi-tenant colocation; draw depends on occupancy. Digital Infrastructure Ireland (DII) member."},"community_impact_it":"Nodo di interconnessione del mercato colo Dublin; espansioni xScale in area Blanchardstown.","community_impact_en":"Interconnection node of the Dublin colo market; xScale expansions in the Blanchardstown area.","sources":[{"title":"Data Center Map — Equinix DB1 Dublin","url":"https://www.datacentermap.com/ireland/dublin/","accessed_at":"2026-10-08"},{"title":"OpenStreetMap — Equinix Dublin DB1","url":"https://www.openstreetmap.org/","accessed_at":"2026-10-08","note":"osm_id≈37682016"}]}},{"type":"Feature","geometry":{"type":"Point","coordinates":[-6.443,53.3296]},"properties":{"id":"dc_091","name":"Digital Realty Dublin — Profile Park / Grange Castle","type":"data_center","subtype":"colocation","operator":"Digital Realty","capacity":"Portafoglio Dublin multi-sito (DUB1–DUB16); utility power pubblicati fino a ~10 MW/edificio (DUB12)","description_it":"Pin campus Digital Realty nell’area Profile Park / Grange Castle (ex Interxion DUB3/DUB4 e campus Profile Park DUB13–DUB16). Digital Realty opera anche Parkwest (DUB1–DUB2), Blanchardstown (DUB10) e Clonshaugh (DUB11–DUB12). Maggiore operatore colo per numero di listing in Irlanda dopo gli hyperscaler.","description_en":"Digital Realty campus pin in the Profile Park / Grange Castle area (former Interxion DUB3/DUB4 and Profile Park DUB13–DUB16). Digital Realty also operates Parkwest (DUB1–DUB2), Blanchardstown (DUB10) and Clonshaugh (DUB11–DUB12). Largest colo operator by Ireland listings after the hyperscalers.","country":"IE","city":"Dublino","status":"operational","site_category":"infrastructure","opened_year":null,"updated_at":"2026-10-08","confidence":"high","impact":{"capacity_mw":10.2,"power_draw_mw_est":null,"pue":null,"water_use_m3_year":null,"land_ha":null,"co2_t_year_est":null,"energy_mix_note_it":"capacity_mw = utility power pubblicato per DUB12 (Clonshaugh), il singolo edificio più grande del portafoglio; non è la somma campus.","energy_mix_note_en":"capacity_mw = published utility power for DUB12 (Clonshaugh), the largest single building in the portfolio; not a campus sum."},"community_impact_it":"Presenza capillare nel cluster ovest e nord Dublino; membro DII.","community_impact_en":"Dense presence across west and north Dublin clusters; DII member.","sources":[{"title":"Data Center Map — Digital Realty Dublin portfolio","url":"https://www.datacentermap.com/ireland/dublin/","accessed_at":"2026-10-08"},{"title":"Data Centers Intel — Ireland largest by utility power","url":"https://datacentersintel.com/country/ireland/","accessed_at":"2026-10-08","note":"DUB12 10.2 MW utility"},{"title":"OpenStreetMap — Digital Realty DUB3 Profile Park","url":"https://www.openstreetmap.org/","accessed_at":"2026-10-08"},{"title":"OpenStreetMap / Overpass","url":"https://wiki.openstreetmap.org/wiki/Tag:telecom%3Ddata_center","accessed_at":"2026-09-23","note":"osm_id=538103967"}]}},{"type":"Feature","geometry":{"type":"Point","coordinates":[-6.4537,53.3297]},"properties":{"id":"dc_092","name":"EdgeConneX Dublin — Grange Castle Campus","type":"data_center","subtype":"colocation","operator":"EdgeConneX","capacity":"Campus Grange Castle (EDCDUB01–03 / DUB04); MW non aggregati ufficialmente","description_it":"Campus EdgeConneX a Grange Castle Business Park (Old Nangor Road): edge/colo purpose-built (EDCDUB01–03 e DUB04). Parte del cluster ovest Dublino con Microsoft, Google, Digital Realty e CyrusOne. Membro Digital Infrastructure Ireland.","description_en":"EdgeConneX campus at Grange Castle Business Park (Old Nangor Road): purpose-built edge/colo (EDCDUB01–03 and DUB04). Part of the west Dublin cluster with Microsoft, Google, Digital Realty and CyrusOne. Digital Infrastructure Ireland member.","country":"IE","city":"Dublino","status":"operational","site_category":"infrastructure","opened_year":null,"updated_at":"2026-10-08","confidence":"high","impact":{"capacity_mw":null,"power_draw_mw_est":null,"pue":null,"water_use_m3_year":null,"land_ha":null,"co2_t_year_est":null,"energy_mix_note_it":"Colocation edge; prelievo dipendente da tenant.","energy_mix_note_en":"Edge colocation; draw depends on tenants."},"community_impact_it":"Densificazione ulteriore del nodo Grange Castle.","community_impact_en":"Further densification of the Grange Castle node.","sources":[{"title":"Data Center Map — EdgeConneX Dublin Campus","url":"https://www.datacentermap.com/ireland/dublin/","accessed_at":"2026-10-08"},{"title":"OpenStreetMap — EdgeConneX Grange Castle","url":"https://www.openstreetmap.org/","accessed_at":"2026-10-08"},{"title":"OpenStreetMap / Overpass","url":"https://wiki.openstreetmap.org/wiki/Tag:telecom%3Ddata_center","accessed_at":"2026-09-23","note":"osm_id=709143741"}]}},{"type":"Feature","geometry":{"type":"Point","coordinates":[-6.4562,53.3167]},"properties":{"id":"dc_093","name":"CyrusOne DUB1 — Grange Castle South","type":"data_center","subtype":"colocation","operator":"CyrusOne","capacity":"~14 MW IT load (pubblicato); ~246.000 sqft","description_it":"CyrusOne DUB1 a Grange Castle Business Park South (Conchobar Murray Avenue / Ballybane): wholesale colo hyperscale-friendly. Tra i pochi siti irlandesi con IT load MW pubblicato (~14 MW) e footprint tra i più grandi del mercato Dublin.","description_en":"CyrusOne DUB1 at Grange Castle Business Park South (Conchobar Murray Avenue / Ballybane): wholesale colo aimed at hyperscale. Among the few Irish sites with published IT load MW (~14 MW) and one of the largest footprints in the Dublin market.","country":"IE","city":"Dublino","status":"operational","site_category":"infrastructure","opened_year":null,"updated_at":"2026-10-08","confidence":"high","impact":{"capacity_mw":14,"power_draw_mw_est":null,"pue":null,"water_use_m3_year":null,"land_ha":null,"co2_t_year_est":null,"energy_mix_note_it":"capacity_mw = IT load pubblicato (Data Centers Intel); membro DII.","energy_mix_note_en":"capacity_mw = published IT load (Data Centers Intel); DII member."},"community_impact_it":"Wholesale colo nel cuore del cluster Grange Castle.","community_impact_en":"Wholesale colo in the core of the Grange Castle cluster.","sources":[{"title":"Data Centers Intel — CyrusOne DUB1 (14 MW IT / ~246k sqft)","url":"https://datacentersintel.com/country/ireland/","accessed_at":"2026-10-08"},{"title":"Data Center Map — CyrusOne DUB1 Dublin","url":"https://www.datacentermap.com/ireland/dublin/","accessed_at":"2026-10-08"},{"title":"OpenStreetMap — CyrusOne DUB1","url":"https://www.openstreetmap.org/","accessed_at":"2026-10-08","note":"osm_id≈868909749"},{"title":"OpenStreetMap / Overpass","url":"https://wiki.openstreetmap.org/wiki/Tag:telecom%3Ddata_center","accessed_at":"2026-09-23","note":"osm_id=868909749"}]}},{"type":"Feature","geometry":{"type":"Point","coordinates":[-6.405,53.325]},"properties":{"id":"dc_094","name":"Echelon DUB10 Campus — Clondalkin","type":"data_center","subtype":"hyperscale","operator":"Echelon Data Centres","capacity":"Campus DUB10 progettato per >90 MW IT (Crag Terrace, Clondalkin); fasi DUB11–DUB13","description_it":"Campus Echelon DUB10 a Clondalkin (Crag Terrace, Dublino 22): sviluppo wholesale/hyperscale su più edifici (DUB11–DUB13 nel campus). Dichiarato progettato per oltre 90 MW di IT load. Echelon ha anche siti in Co. Wicklow (DUB20 Arklow, DUB30 Kish) e piani a Grange Castle (DUB40) — pin sul campus Clondalkin.","description_en":"Echelon DUB10 campus at Clondalkin (Crag Terrace, Dublin 22): wholesale/hyperscale multi-building development (DUB11–DUB13 on campus). Designed for over 90 MW of IT load per public listings. Echelon also has County Wicklow sites (DUB20 Arklow, DUB30 Kish) and Grange Castle plans (DUB40) — pin on the Clondalkin campus.","country":"IE","city":"Clondalkin","status":"under_construction","site_category":"infrastructure","opened_year":null,"updated_at":"2026-10-08","confidence":"medium","impact":{"capacity_mw":90,"power_draw_mw_est":null,"pue":null,"water_use_m3_year":null,"land_ha":null,"co2_t_year_est":null,"energy_mix_note_it":"capacity_mw = target di progetto dichiarato (>90 MW IT); stato fasi edificio-per-edificio da verificare. Soggetto a vincoli connessione LEU EirGrid.","energy_mix_note_en":"capacity_mw = stated design target (>90 MW IT); per-building phase status to verify. Subject to EirGrid LEU connection constraints."},"labor_risks":["construction_phase"],"community_impact_it":"Grande sviluppo LEU a ovest di Dublino; impatto rete e territorio locale rilevante se tutte le fasi si realizzano.","community_impact_en":"Large LEU development west of Dublin; material grid and local land impact if all phases proceed.","sources":[{"title":"Data Center Map — Echelon DUB10 Campus Clondalkin","url":"https://www.datacentermap.com/ireland/dublin/","accessed_at":"2026-10-08","note":">90 MW IT design"},{"title":"Data Centers Intel — Echelon Ireland listings","url":"https://datacentersintel.com/country/ireland/","accessed_at":"2026-10-08"}]}},{"type":"Feature","geometry":{"type":"Point","coordinates":[-6.3515,53.412]},"properties":{"id":"dc_095","name":"K2 Data Centres — Ballycoolin (DUB1/4/5)","type":"data_center","subtype":"colocation","operator":"K2 Data Centres","capacity":"Campus Ballycoolin: DUB1 ~18 MW IT (2019); DUB4/DUB5 ~15 MW IT ciascuno","description_it":"Campus K2 a Ballycoolin Business Park (Dublino 15): DUB1 operativo dal 2019 (~18 MW IT), DUB4 (2022) e DUB5 (2023) ~15 MW IT ciascuno secondo listing di mercato. Ulteriori fasi pianificate (es. Citywest DUB21). Wholesale colo; membro DII.","description_en":"K2 campus at Ballycoolin Business Park (Dublin 15): DUB1 operational since 2019 (~18 MW IT), DUB4 (2022) and DUB5 (2023) ~15 MW IT each per market listings. Further phases planned (e.g. Citywest DUB21). Wholesale colo; DII member.","country":"IE","city":"Ballycoolin","status":"operational","site_category":"infrastructure","opened_year":2019,"updated_at":"2026-10-08","confidence":"medium","impact":{"capacity_mw":18,"power_draw_mw_est":null,"pue":null,"water_use_m3_year":null,"land_ha":null,"co2_t_year_est":null,"energy_mix_note_it":"capacity_mw = IT load dichiarato per DUB1; DUB4/DUB5 aggiungono ~15 MW ciascuno (non sommati nel campo).","energy_mix_note_en":"capacity_mw = stated IT load for DUB1; DUB4/DUB5 add ~15 MW each (not summed in this field)."},"community_impact_it":"Cluster nord-ovest (Ballycoolin) con Equinix DB3/DB4 e Keppel.","community_impact_en":"North-west (Ballycoolin) cluster with Equinix DB3/DB4 and Keppel.","sources":[{"title":"Data Center Map — K2 DUB1 / DUB4 / DUB5 Ballycoolin","url":"https://www.datacentermap.com/ireland/dublin/","accessed_at":"2026-10-08"},{"title":"OpenStreetMap / Overpass","url":"https://wiki.openstreetmap.org/wiki/Tag:telecom%3Ddata_center","accessed_at":"2026-09-23","note":"osm_id=23750729"}]}},{"type":"Feature","geometry":{"type":"Point","coordinates":[-6.448,53.315]},"properties":{"id":"dc_096","name":"Vantage DUB1 — Profile Park (Grange Castle)","type":"data_center","subtype":"hyperscale","operator":"Vantage Data Centers","capacity":"Campus DUB1 in sviluppo a Profile Park / Grange Castle; MW di progetto non verificati in scheda ufficiale consultata","description_it":"Campus Vantage DUB1 in costruzione / sviluppo a Profile Park, Grange Castle (Dublino 22). Parte dell’ondata di wholesale hyperscale nell’ovest di Dublino; membro Digital Infrastructure Ireland. Status e MW da aggiornare con fascicoli planning quando disponibili.","description_en":"Vantage DUB1 campus under construction / development at Profile Park, Grange Castle (Dublin 22). Part of the wholesale hyperscale wave in west Dublin; Digital Infrastructure Ireland member. Status and MW to update from planning filings when available.","country":"IE","city":"Dublino","status":"under_construction","site_category":"infrastructure","opened_year":null,"updated_at":"2026-10-08","confidence":"medium","impact":{"capacity_mw":null,"power_draw_mw_est":null,"pue":null,"water_use_m3_year":null,"land_ha":null,"co2_t_year_est":null,"energy_mix_note_it":"Soggetto a policy connessione LEU EirGrid nell’area Dublino.","energy_mix_note_en":"Subject to EirGrid LEU connection policy in the Dublin area."},"labor_risks":["construction_phase"],"community_impact_it":"Ulteriore densificazione Profile Park / Grange Castle.","community_impact_en":"Further densification of Profile Park / Grange Castle.","sources":[{"title":"Data Center Map — Vantage DUB1 Campus Profile Park","url":"https://www.datacentermap.com/ireland/dublin/","accessed_at":"2026-10-08"},{"title":"RTE — DII / data centre constraints (context)","url":"https://www.rte.ie/news/business/2024/0517/1449569-economic-benefits-at-risk-from-data-centre-uncertainty/","accessed_at":"2026-10-08","note":"Vantage citato tra membri DII"}]}},{"type":"Feature","geometry":{"type":"Point","coordinates":[-8.5125,51.9036]},"properties":{"id":"dc_097","name":"Cork Internet Exchange (CIX)","type":"data_center","subtype":"colocation","operator":"Cork Internet Exchange (CIX)","capacity":"Colocation regionale Cork; MW non pubblicati","description_it":"Data center / exchange CIX a Cork: principale nodo colo fuori dal metro Dublin. Utile come controparte geografica al cluster LEU di Dublino — la copertura irlandese non è solo Greater Dublin.","description_en":"CIX data centre / exchange in Cork: main colo node outside the Dublin metro. Geographic counterpart to Dublin’s LEU cluster — Irish coverage is not Greater Dublin only.","country":"IE","city":"Cork","status":"operational","site_category":"infrastructure","opened_year":null,"updated_at":"2026-10-08","confidence":"medium","impact":{"capacity_mw":null,"power_draw_mw_est":null,"pue":null,"water_use_m3_year":null,"land_ha":null,"co2_t_year_est":null,"energy_mix_note_it":"Colocation regionale; fuori dal vincolo LEU più stringente del metro Dublin.","energy_mix_note_en":"Regional colocation; outside the tighter Dublin-metro LEU constraint."},"community_impact_it":"Infrastruttura digitale regionale Munster.","community_impact_en":"Regional digital infrastructure for Munster.","sources":[{"title":"Data Centers Intel — Cork Internet Exchange","url":"https://datacentersintel.com/country/ireland/","accessed_at":"2026-10-08"},{"title":"OpenStreetMap — Cork Internet Exchange (CIX)","url":"https://www.openstreetmap.org/","accessed_at":"2026-10-08","note":"osm_id≈68996550"},{"title":"OpenStreetMap / Overpass","url":"https://wiki.openstreetmap.org/wiki/Tag:telecom%3Ddata_center","accessed_at":"2026-09-23","note":"osm_id=68996550"}]}},{"type":"Feature","geometry":{"type":"Point","coordinates":[-6.7,53.205]},"properties":{"id":"dc_098","name":"Microsoft — Jigginstown / Naas (Kildare)","type":"data_center","subtype":"hyperscale","operator":"Microsoft","capacity":"Campus multi-edificio proposto; MW non pubblicati in scheda community","description_it":"Campus Microsoft proposto a Jigginstown, vicino a Naas (Co. Kildare), su lotto zonizzato esclusivamente per data center nel Naas Local Area Plan 2021–2027. Annunciato nel 2023; exhibition boards pubblici Microsoft. Espansione fuori dal metro Dublin vincolato — distinto dal campus Grange Castle (dc_016).","description_en":"Proposed Microsoft campus at Jigginstown, near Naas (Co. Kildare), on land zoned exclusively for data centres in the Naas Local Area Plan 2021–2027. Announced 2023; public Microsoft exhibition boards. Expansion outside the constrained Dublin metro — distinct from the Grange Castle campus (dc_016).","country":"IE","city":"Naas","status":"planned","site_category":"infrastructure","opened_year":null,"updated_at":"2026-10-08","confidence":"high","impact":{"capacity_mw":null,"power_draw_mw_est":null,"pue":null,"water_use_m3_year":null,"land_ha":null,"co2_t_year_est":null,"energy_mix_note_it":"Microsoft: obiettivo 100% renewables sui DC irlandesi; CPPA portfolio (es. Lenalea) già curato verso dc_016. Allaccio Kildare soggetto a policy LEU EirGrid.","energy_mix_note_en":"Microsoft: 100% renewables goal for Irish DCs; CPPA portfolio (e.g. Lenalea) already curated toward dc_016. Kildare connection subject to EirGrid LEU policy."},"employment":{"direct":null,"indirect_est":null,"contractors_est":null,"note_it":"Microsoft parla di «large number of permanent jobs» a regime + cantiere; cifra non fissata in scheda community.","note_en":"Microsoft cites a «large number of permanent jobs» when operational plus construction roles; no fixed headcount on the community sheet.","conditions_tags":["construction_phase","high_skill"]},"labor_risks":["construction_phase"],"community_impact_it":"Primo grande campus MS fuori South Dublin; Naas come hub digitale regionale. Debito di rete LEU da verificare in fascicoli futuri.","community_impact_en":"First major MS campus outside South Dublin; Naas as a regional digital hub. LEU grid burden to verify in future filings.","sources":[{"title":"Irish Times — Microsoft plans data centre campus in Co Kildare","url":"https://www.irishtimes.com/business/2023/09/21/microsoft-plans-data-centre-campus-for-kildare/","accessed_at":"2026-10-08"},{"title":"Microsoft — Jigginstown public exhibition boards","url":"https://local.microsoft.com/wp-content/uploads/2023/11/2023_11_Jigginstown-boards.pdf","accessed_at":"2026-10-08"},{"title":"Microsoft Local — Ireland datacentres","url":"https://local.microsoft.com/communities/emea/dublin/","accessed_at":"2026-10-08"}]}},{"type":"Feature","geometry":{"type":"Point","coordinates":[-6.3827,53.7042]},"properties":{"id":"dc_099","name":"AWS Drogheda — IDA Business & Technology Park","type":"data_center","subtype":"hyperscale","operator":"Amazon Web Services","capacity":"Masterplan fino a 3 edifici + SE 110 kV; Building A operativo (EPA P1181)","description_it":"Campus AWS a Drogheda IDA Business & Technology Park (Donore Road, Co. Meath), fuori dal metro Dublin. Building A operativo (licenza EPA P1181); masterplan fino a 3 data center e sottostazione 110 kV GIS (ABP-308628-20). Completamenti successivi (es. DUB072) riportati dalla stampa di settore. ~50 dipendenti full-time diurni citati in relazione EPA Building A.","description_en":"AWS campus at Drogheda IDA Business & Technology Park (Donore Road, Co. Meath), outside the Dublin metro. Building A operational (EPA licence P1181); masterplan for up to 3 data centres and a 110 kV GIS substation (ABP-308628-20). Later completions (e.g. DUB072) reported in trade press. ~50 daytime full-time staff cited in the EPA Building A report.","country":"IE","city":"Drogheda","status":"operational","site_category":"infrastructure","opened_year":2023,"updated_at":"2026-10-08","confidence":"high","impact":{"capacity_mw":null,"power_draw_mw_est":null,"pue":null,"water_use_m3_year":null,"land_ha":18.6,"co2_t_year_est":null,"energy_mix_note_it":"Stesso portfolio renewables AWS Irlanda (Derrinlough → conn_094 verso campus Dublin; matching corporate). Connessione 110 kV sul landholding.","energy_mix_note_en":"Same AWS Ireland renewables portfolio (Derrinlough → conn_094 toward Dublin campus; corporate matching). 110 kV connection on the landholding."},"employment":{"direct":50,"indirect_est":null,"contractors_est":null,"note_it":"EPA P1181: fino a ~50 FTE diurni su Building A; non include picchi di cantiere delle fasi successive.","note_en":"EPA P1181: up to ~50 daytime FTE on Building A; excludes later-phase construction peaks.","conditions_tags":["high_skill","construction_phase"]},"labor_risks":["construction_phase"],"community_impact_it":"LEU a sud-ovest di Drogheda / M1 J9; espansione Meath fuori dal moratorium Dublin più stretto.","community_impact_en":"LEU southwest of Drogheda / M1 J9; Meath expansion outside the tighter Dublin moratorium.","sources":[{"title":"EPA — Amazon Data Services Ireland P1181 Drogheda","url":"https://epawebapp.epa.ie/terminalfour/ippc/ippc-search.jsp?name=amazon","accessed_at":"2026-10-08","note":"P1181-01/02 Donore Road"},{"title":"An Bord Pleanála — inspector report ABP-310729 (Drogheda IDA)","url":"https://www.pleanala.ie/anbordpleanala/media/abp/cases/reports/310/r310729.pdf","accessed_at":"2026-10-08"},{"title":"OpenStreetMap — AWS Drogheda","url":"https://www.openstreetmap.org/","accessed_at":"2026-10-08","note":"~53.704, -6.383"},{"title":"OpenStreetMap / Overpass","url":"https://wiki.openstreetmap.org/wiki/Tag:telecom%3Ddata_center","accessed_at":"2026-09-23","note":"osm_id=1123268889"}]}},{"type":"Feature","geometry":{"type":"Point","coordinates":[-6.515,53.365]},"properties":{"id":"dc_100","name":"AWS — Kildare Innovation Campus (Leixlip / Barnhall)","type":"data_center","subtype":"hyperscale","operator":"Amazon Web Services / AiOnX (SWI)","capacity":"Masterplan KIC ~179 MW campus; Building B1 (DUB159) in leasing AWS 20 anni; fase iniziale ~16 MW","description_it":"Kildare Innovation Campus (ex HP Leixlip / Barnhall Road): masterplan 4 data center + deep tech + energy centre (KCC 23/60047). AWS (ADSIL) è leaseholder di Building B1 / DUB159 (licenza IE EPA in corso; rent commencement previsto ago 2026). Stampa di settore: intero campus ~179 MW leased a hyperscaler US; filings EPA puntano ad Amazon. Distinto da Microsoft Jigginstown (dc_098).","description_en":"Kildare Innovation Campus (former HP Leixlip / Barnhall Road): masterplan of 4 data centres + deep tech + energy centre (KCC 23/60047). AWS (ADSIL) is leaseholder of Building B1 / DUB159 (IE EPA licence in progress; rent commencement targeted Aug 2026). Trade press: entire ~179 MW campus leased to a US hyperscaler; EPA filings point to Amazon. Distinct from Microsoft Jigginstown (dc_098).","country":"IE","city":"Leixlip","status":"under_construction","site_category":"infrastructure","opened_year":2026,"updated_at":"2026-10-08","confidence":"high","impact":{"capacity_mw":179,"power_draw_mw_est":null,"pue":null,"water_use_m3_year":null,"land_ha":null,"co2_t_year_est":null,"energy_mix_note_it":"capacity_mw = potenza campus dichiarata in mercato (~179 MW); Building B1 fase iniziale ~16 MW. Rinnovabili: portfolio AWS Irlanda (Derrinlough).","energy_mix_note_en":"capacity_mw = market-stated campus power (~179 MW); Building B1 initial phase ~16 MW. Renewables: AWS Ireland portfolio (Derrinlough)."},"labor_risks":["construction_phase"],"community_impact_it":"Riconversione brownfield HP a Leixlip; grande LEU a ovest di Dublino in Co. Kildare.","community_impact_en":"HP brownfield reuse at Leixlip; large LEU west of Dublin in Co. Kildare.","sources":[{"title":"EPA — ADSIL DUB159 Kildare Innovation Campus IE licence application","url":"https://epawebapp.epa.ie/licences/lic_eDMS/090151b280921bc4.pdf","accessed_at":"2026-10-08"},{"title":"DCD — AiOnX hyperscale tenant Irish campus (filings point to Amazon)","url":"https://www.datacenterdynamics.com/en/news/aionx-secures-hyperscale-tenant-for-irish-data-center-campus-outside-dublin/","accessed_at":"2026-10-08"},{"title":"Data Center Map — Amazon AWS DUB Kildare Innovation Campus","url":"https://www.datacentermap.com/ireland/dublin/","accessed_at":"2026-10-08"}]}},{"type":"Feature","geometry":{"type":"Point","coordinates":[-6.155,52.797]},"properties":{"id":"dc_101","name":"Echelon — Arklow / Wicklow (DUB20–DUB30)","type":"data_center","subtype":"hyperscale","operator":"Echelon Data Centres","capacity":"DUB20 Vale Rd + DUB30 Kish Business Park (Arklow); MW per fase da listing di mercato","description_it":"Sviluppi Echelon in Co. Wicklow ad Arklow: DUB20 (Vale Road / Avoca River Park) e DUB30 (Kish Business Park, ~60 acri). Campus fuori dal metro Dublin, complementari al DUB10 Clondalkin (dc_094). Status e MW edificio-per-edificio variabili; confidence medium su listing DCM.","description_en":"Echelon developments in Co. Wicklow at Arklow: DUB20 (Vale Road / Avoca River Park) and DUB30 (Kish Business Park, ~60 acres). Campuses outside the Dublin metro, complementary to DUB10 Clondalkin (dc_094). Per-building status and MW vary; medium confidence from DCM listings.","country":"IE","city":"Arklow","status":"planned","site_category":"infrastructure","opened_year":null,"updated_at":"2026-10-08","confidence":"medium","impact":{"capacity_mw":null,"power_draw_mw_est":null,"pue":null,"water_use_m3_year":null,"land_ha":null,"co2_t_year_est":null,"energy_mix_note_it":"Posizionamento marketing «green» / Wicklow; allaccio LEU EirGrid da verificare per fase.","energy_mix_note_en":"Marketed as green / Wicklow siting; EirGrid LEU connection to verify per phase."},"labor_risks":["construction_phase"],"community_impact_it":"LEU costiero sud-est; diversificazione geografica rispetto a Grange Castle.","community_impact_en":"South-east coastal LEU; geographic diversification vs Grange Castle.","sources":[{"title":"Data Center Map — Echelon DUB20 / DUB30 Arklow","url":"https://www.datacentermap.com/ireland/dublin/","accessed_at":"2026-10-08"},{"title":"Data Centers Intel — Echelon Ireland","url":"https://datacentersintel.com/country/ireland/","accessed_at":"2026-10-08"}]}},{"type":"Feature","geometry":{"type":"Point","coordinates":[-6.68,53.24]},"properties":{"id":"dc_102","name":"Herbata Campus — Osberstown (Kildare)","type":"data_center","subtype":"hyperscale","operator":"Herbata Ltd","capacity":"Proposta ~€3 mld / multi-edificio Osberstown Business Park; MW non verificati","description_it":"Proposta Herbata Ltd per campus hyperscale a Osberstown Business Park (R409, Halverstown / Naas area, Co. Kildare). DCM elenca più pin DC1–DC6 sullo stesso campus (~€3 mld). Operatore non hyperscaler noto; pin campus unico planned, confidence medium-low fino a fascicoli planning nominativi.","description_en":"Herbata Ltd proposal for a hyperscale campus at Osberstown Business Park (R409, Halverstown / Naas area, Co. Kildare). DCM lists multiple DC1–DC6 pins on the same campus (~€3bn). Operator not a known hyperscaler; single planned campus pin, medium-low confidence until named planning filings.","country":"IE","city":"Osberstown","status":"planned","site_category":"infrastructure","opened_year":null,"updated_at":"2026-10-08","confidence":"low","impact":{"capacity_mw":null,"power_draw_mw_est":null,"pue":null,"water_use_m3_year":null,"land_ha":null,"co2_t_year_est":null,"energy_mix_note_it":"Nessun PPA o allaccio documentato in fonti consultate.","energy_mix_note_en":"No PPA or connection documented in consulted sources."},"labor_risks":["construction_phase"],"community_impact_it":"Proposta LEU Kildare; da monitorare su planning Kildare CC / ABP.","community_impact_en":"Proposed Kildare LEU; monitor via Kildare CC / ABP planning.","sources":[{"title":"Data Center Map — Herbata Campus Osberstown Kildare","url":"https://www.datacentermap.com/ireland/kildare/","accessed_at":"2026-10-08"}]}},{"type":"Feature","geometry":{"type":"Point","coordinates":[6.6306129,45.9367016]},"properties":{"id":"dc_103","name":"THD Global 1","type":"data_center","subtype":"colocation","operator":"Unknown","description_it":"Record da OpenStreetMap (tag data_center). Da validare con almeno una seconda fonte.","country":"IT","city":"Sallanches","status":"unknown","site_category":"infrastructure","opened_year":null,"updated_at":"2026-09-23","confidence":"low","import_source":"osm_overpass","external_id":"osm/node/6102739953","sources":[{"title":"OpenStreetMap / Overpass","url":"https://wiki.openstreetmap.org/wiki/Tag:telecom%3Ddata_center","accessed_at":"2026-09-23","note":"osm_id=6102739953"}]}},{"type":"Feature","geometry":{"type":"Point","coordinates":[10.798655,45.14667]},"properties":{"id":"dc_104","name":"Bitviking","type":"data_center","subtype":"colocation","operator":"Unknown","description_it":"Record da OpenStreetMap (tag data_center). Da validare con almeno una seconda fonte.","country":"IT","city":"Mantova","status":"unknown","site_category":"infrastructure","opened_year":null,"updated_at":"2026-09-23","confidence":"low","import_source":"osm_overpass","external_id":"osm/node/6835335762","sources":[{"title":"OpenStreetMap / Overpass","url":"https://wiki.openstreetmap.org/wiki/Tag:telecom%3Ddata_center","accessed_at":"2026-09-23","note":"osm_id=6835335762"}]}},{"type":"Feature","geometry":{"type":"Point","coordinates":[8.5641308,47.4152573]},"properties":{"id":"dc_105","name":"OIZ","type":"data_center","subtype":"colocation","operator":"Unknown","description_it":"Record da OpenStreetMap (tag data_center). Da validare con almeno una seconda fonte.","country":"IT","city":"n/d","status":"unknown","site_category":"infrastructure","opened_year":null,"updated_at":"2026-09-23","confidence":"low","import_source":"osm_overpass","external_id":"osm/node/6953917431","sources":[{"title":"OpenStreetMap / Overpass","url":"https://wiki.openstreetmap.org/wiki/Tag:telecom%3Ddata_center","accessed_at":"2026-09-23","note":"osm_id=6953917431"}]}},{"type":"Feature","geometry":{"type":"Point","coordinates":[10.7851513,45.5533101]},"properties":{"id":"dc_106","name":"4ServiceSolutions","type":"data_center","subtype":"colocation","operator":"Unknown","description_it":"Record da OpenStreetMap (tag data_center). Da validare con almeno una seconda fonte.","country":"IT","city":"Affi","status":"unknown","site_category":"infrastructure","opened_year":null,"updated_at":"2026-09-23","confidence":"low","import_source":"osm_overpass","external_id":"osm/node/7500843901","sources":[{"title":"OpenStreetMap / Overpass","url":"https://wiki.openstreetmap.org/wiki/Tag:telecom%3Ddata_center","accessed_at":"2026-09-23","note":"osm_id=7500843901"}]}},{"type":"Feature","geometry":{"type":"Point","coordinates":[9.9599167,44.1097819]},"properties":{"id":"dc_107","name":"ACI Sede si Sarzana","type":"data_center","subtype":"colocation","operator":"Unknown","description_it":"Record da OpenStreetMap (tag data_center). Da validare con almeno una seconda fonte.","country":"IT","city":"n/d","status":"unknown","site_category":"infrastructure","opened_year":null,"updated_at":"2026-09-23","confidence":"low","import_source":"osm_overpass","external_id":"osm/node/9884991527","sources":[{"title":"OpenStreetMap / Overpass","url":"https://wiki.openstreetmap.org/wiki/Tag:telecom%3Ddata_center","accessed_at":"2026-09-23","note":"osm_id=9884991527"}]}},{"type":"Feature","geometry":{"type":"Point","coordinates":[9.0669035,45.4803058]},"properties":{"id":"dc_108","name":"Avalon 2","type":"data_center","subtype":"colocation","operator":"Irideos","description_it":"Record da OpenStreetMap (tag data_center). Da validare con almeno una seconda fonte.","country":"IT","city":"Settimo Milanese","status":"unknown","site_category":"infrastructure","opened_year":null,"updated_at":"2026-09-23","confidence":"low","import_source":"osm_overpass","external_id":"osm/node/10177608934","sources":[{"title":"OpenStreetMap / Overpass","url":"https://wiki.openstreetmap.org/wiki/Tag:telecom%3Ddata_center","accessed_at":"2026-09-23","note":"osm_id=10177608934"}]}},{"type":"Feature","geometry":{"type":"Point","coordinates":[8.2775224,47.0643751]},"properties":{"id":"dc_109","name":"24 hours fiberwork ag","type":"data_center","subtype":"colocation","operator":"Unknown","description_it":"Record da OpenStreetMap (tag data_center). Da validare con almeno una seconda fonte.","country":"CH","city":"Luzern","status":"unknown","site_category":"infrastructure","opened_year":null,"updated_at":"2026-09-23","confidence":"low","import_source":"osm_overpass","external_id":"osm/node/10566132363","sources":[{"title":"OpenStreetMap / Overpass","url":"https://wiki.openstreetmap.org/wiki/Tag:telecom%3Ddata_center","accessed_at":"2026-09-23","note":"osm_id=10566132363"}]}},{"type":"Feature","geometry":{"type":"Point","coordinates":[8.3246191,47.04169]},"properties":{"id":"dc_110","name":"Rechenzentrum Stollen Luzern","type":"data_center","subtype":"colocation","operator":"EWL AG","description_it":"Record da OpenStreetMap (tag data_center). Da validare con almeno una seconda fonte.","country":"IT","city":"Luzern","status":"unknown","site_category":"infrastructure","opened_year":null,"updated_at":"2026-09-23","confidence":"low","import_source":"osm_overpass","external_id":"osm/node/11909918210","sources":[{"title":"OpenStreetMap / Overpass","url":"https://wiki.openstreetmap.org/wiki/Tag:telecom%3Ddata_center","accessed_at":"2026-09-23","note":"osm_id=11909918210"}]}},{"type":"Feature","geometry":{"type":"Point","coordinates":[9.3865357,45.4291278]},"properties":{"id":"dc_111","name":"Microsoft","type":"data_center","subtype":"hyperscale","operator":"Microsoft","description_it":"Record da OpenStreetMap classificato come hyperscale (operatore cloud/campus). Da validare con una seconda fonte.","country":"IT","city":"n/d","status":"unknown","site_category":"infrastructure","opened_year":null,"updated_at":"2026-09-23","confidence":"low","import_source":"osm_overpass","external_id":"osm/node/12075162382","sources":[{"title":"OpenStreetMap / Overpass","url":"https://wiki.openstreetmap.org/wiki/Tag:telecom%3Ddata_center","accessed_at":"2026-09-23","note":"osm_id=12075162382"}]}},{"type":"Feature","geometry":{"type":"Point","coordinates":[10.6413004,44.7105051]},"properties":{"id":"dc_112","name":"iZOOM.it","type":"data_center","subtype":"colocation","operator":"Unknown","description_it":"Record da OpenStreetMap (tag data_center). Da validare con almeno una seconda fonte.","country":"IT","city":"n/d","status":"unknown","site_category":"infrastructure","opened_year":null,"updated_at":"2026-09-23","confidence":"low","import_source":"osm_overpass","external_id":"osm/node/12164505455","sources":[{"title":"OpenStreetMap / Overpass","url":"https://wiki.openstreetmap.org/wiki/Tag:telecom%3Ddata_center","accessed_at":"2026-09-23","note":"osm_id=12164505455"}]}},{"type":"Feature","geometry":{"type":"Point","coordinates":[10.6468198,44.6937255]},"properties":{"id":"dc_113","name":"Studio Delta Srl","type":"data_center","subtype":"colocation","operator":"Unknown","description_it":"Record da OpenStreetMap (tag data_center). Da validare con almeno una seconda fonte.","country":"IT","city":"n/d","status":"unknown","site_category":"infrastructure","opened_year":null,"updated_at":"2026-09-23","confidence":"low","import_source":"osm_overpass","external_id":"osm/node/12314969438","sources":[{"title":"OpenStreetMap / Overpass","url":"https://wiki.openstreetmap.org/wiki/Tag:telecom%3Ddata_center","accessed_at":"2026-09-23","note":"osm_id=12314969438"}]}},{"type":"Feature","geometry":{"type":"Point","coordinates":[8.4953537,47.3832522]},"properties":{"id":"dc_114","name":"colozüri.ch","type":"data_center","subtype":"colocation","operator":"NTS Colocation AG","description_it":"Record da OpenStreetMap (tag data_center). Da validare con almeno una seconda fonte.","country":"IT","city":"n/d","status":"unknown","site_category":"infrastructure","opened_year":null,"updated_at":"2026-09-23","confidence":"low","import_source":"osm_overpass","external_id":"osm/node/12420868035","sources":[{"title":"OpenStreetMap / Overpass","url":"https://wiki.openstreetmap.org/wiki/Tag:telecom%3Ddata_center","accessed_at":"2026-09-23","note":"osm_id=12420868035"}]}},{"type":"Feature","geometry":{"type":"Point","coordinates":[9.9690688,44.2080201]},"properties":{"id":"dc_115","name":"Wi-Fi Communication Aulla","type":"data_center","subtype":"colocation","operator":"Unknown","description_it":"Record da OpenStreetMap (tag data_center). Da validare con almeno una seconda fonte.","country":"IT","city":"Aulla","status":"unknown","site_category":"infrastructure","opened_year":null,"updated_at":"2026-09-23","confidence":"low","import_source":"osm_overpass","external_id":"osm/node/13604079390","sources":[{"title":"OpenStreetMap / Overpass","url":"https://wiki.openstreetmap.org/wiki/Tag:telecom%3Ddata_center","accessed_at":"2026-09-23","note":"osm_id=13604079390"}]}},{"type":"Feature","geometry":{"type":"Point","coordinates":[8.7028275,45.6269363]},"properties":{"id":"dc_116","name":"Factory Software | AVEVA Select Italia","type":"data_center","subtype":"colocation","operator":"Unknown","description_it":"Record da OpenStreetMap (tag data_center). Da validare con almeno una seconda fonte.","country":"IT","city":"n/d","status":"unknown","site_category":"infrastructure","opened_year":null,"updated_at":"2026-09-23","confidence":"low","import_source":"osm_overpass","external_id":"osm/node/14001114873","sources":[{"title":"OpenStreetMap / Overpass","url":"https://wiki.openstreetmap.org/wiki/Tag:telecom%3Ddata_center","accessed_at":"2026-09-23","note":"osm_id=14001114873"}]}},{"type":"Feature","geometry":{"type":"Point","coordinates":[8.4948828,47.3775332]},"properties":{"id":"dc_117","name":"Rechenzentrum Albis","type":"data_center","subtype":"colocation","operator":"Organisation und Informatik der Stadt Zürich","description_it":"Record da OpenStreetMap (tag data_center). Da validare con almeno una seconda fonte.","country":"IT","city":"Zürich","status":"unknown","site_category":"infrastructure","opened_year":null,"updated_at":"2026-09-23","confidence":"low","import_source":"osm_overpass","external_id":"osm/way/39606866","sources":[{"title":"OpenStreetMap / Overpass","url":"https://wiki.openstreetmap.org/wiki/Tag:telecom%3Ddata_center","accessed_at":"2026-09-23","note":"osm_id=39606866"}]}},{"type":"Feature","geometry":{"type":"Point","coordinates":[8.5586765,47.4327074]},"properties":{"id":"dc_118","name":"GLB2","type":"data_center","subtype":"colocation","operator":"green.ch","description_it":"Record da OpenStreetMap (tag data_center). Da validare con almeno una seconda fonte.","country":"IT","city":"n/d","status":"unknown","site_category":"infrastructure","opened_year":null,"updated_at":"2026-09-23","confidence":"low","import_source":"osm_overpass","external_id":"osm/way/43916956","sources":[{"title":"OpenStreetMap / Overpass","url":"https://wiki.openstreetmap.org/wiki/Tag:telecom%3Ddata_center","accessed_at":"2026-09-23","note":"osm_id=43916956"}]}},{"type":"Feature","geometry":{"type":"Point","coordinates":[7.0325413,43.6269997]},"properties":{"id":"dc_119","name":"B4","type":"data_center","subtype":"colocation","operator":"Air France","description_it":"Record da OpenStreetMap (tag data_center). Da validare con almeno una seconda fonte.","country":"IT","city":"n/d","status":"unknown","site_category":"infrastructure","opened_year":null,"updated_at":"2026-09-23","confidence":"low","import_source":"osm_overpass","external_id":"osm/way/49261097","sources":[{"title":"OpenStreetMap / Overpass","url":"https://wiki.openstreetmap.org/wiki/Tag:telecom%3Ddata_center","accessed_at":"2026-09-23","note":"osm_id=49261097"}]}},{"type":"Feature","geometry":{"type":"Point","coordinates":[8.9826961,44.4012623]},"properties":{"id":"dc_120","name":"Quadrivium QGEN01","type":"data_center","subtype":"colocation","operator":"Quadrivium Digital","description_it":"Record da OpenStreetMap (tag data_center). Da validare con almeno una seconda fonte.","country":"IT","city":"n/d","status":"unknown","site_category":"infrastructure","opened_year":null,"updated_at":"2026-09-23","confidence":"low","import_source":"osm_overpass","external_id":"osm/way/79191279","sources":[{"title":"OpenStreetMap / Overpass","url":"https://wiki.openstreetmap.org/wiki/Tag:telecom%3Ddata_center","accessed_at":"2026-09-23","note":"osm_id=79191279"}]}},{"type":"Feature","geometry":{"type":"Point","coordinates":[9.1206201,45.4481368]},"properties":{"id":"dc_121","name":"Avalon 3","type":"data_center","subtype":"colocation","operator":"Retelit","description_it":"Record da OpenStreetMap (tag data_center). Da validare con almeno una seconda fonte.","country":"IT","city":"n/d","status":"unknown","site_category":"infrastructure","opened_year":null,"updated_at":"2026-09-23","confidence":"low","import_source":"osm_overpass","external_id":"osm/way/86005985","sources":[{"title":"OpenStreetMap / Overpass","url":"https://wiki.openstreetmap.org/wiki/Tag:telecom%3Ddata_center","accessed_at":"2026-09-23","note":"osm_id=86005985"}]}},{"type":"Feature","geometry":{"type":"Point","coordinates":[7.0516576,43.6268819]},"properties":{"id":"dc_122","name":"TAS Group","type":"data_center","subtype":"colocation","operator":"TAS Group","description_it":"Record da OpenStreetMap (tag data_center). Da validare con almeno una seconda fonte.","country":"IT","city":"n/d","status":"unknown","site_category":"infrastructure","opened_year":null,"updated_at":"2026-09-23","confidence":"low","import_source":"osm_overpass","external_id":"osm/way/88505134","sources":[{"title":"OpenStreetMap / Overpass","url":"https://wiki.openstreetmap.org/wiki/Tag:telecom%3Ddata_center","accessed_at":"2026-09-23","note":"osm_id=88505134"}]}},{"type":"Feature","geometry":{"type":"Point","coordinates":[7.0388718,43.6233474]},"properties":{"id":"dc_123","name":"CNAF Sophia-Antipolis","type":"data_center","subtype":"colocation","operator":"CNAF","description_it":"Record da OpenStreetMap (tag data_center). Da validare con almeno una seconda fonte.","country":"IT","city":"n/d","status":"unknown","site_category":"infrastructure","opened_year":null,"updated_at":"2026-09-23","confidence":"low","import_source":"osm_overpass","external_id":"osm/way/134884282","sources":[{"title":"OpenStreetMap / Overpass","url":"https://wiki.openstreetmap.org/wiki/Tag:telecom%3Ddata_center","accessed_at":"2026-09-23","note":"osm_id=134884282"}]}},{"type":"Feature","geometry":{"type":"Point","coordinates":[6.6234459,46.5203426]},"properties":{"id":"dc_124","name":"Swisscom Lausanne-Savoie","type":"data_center","subtype":"colocation","operator":"Swisscom","description_it":"Record da OpenStreetMap (tag data_center). Da validare con almeno una seconda fonte.","country":"IT","city":"n/d","status":"unknown","site_category":"infrastructure","opened_year":null,"updated_at":"2026-09-23","confidence":"low","import_source":"osm_overpass","external_id":"osm/way/344735265","sources":[{"title":"OpenStreetMap / Overpass","url":"https://wiki.openstreetmap.org/wiki/Tag:telecom%3Ddata_center","accessed_at":"2026-09-23","note":"osm_id=344735265"}]}},{"type":"Feature","geometry":{"type":"Point","coordinates":[8.5408761,47.4485714]},"properties":{"id":"dc_125","name":"NTT Zurich 1 Data Center","type":"data_center","subtype":"colocation","operator":"NTT","description_it":"Record da OpenStreetMap (tag data_center). Da validare con almeno una seconda fonte.","country":"IT","city":"n/d","status":"unknown","site_category":"infrastructure","opened_year":null,"updated_at":"2026-09-23","confidence":"low","import_source":"osm_overpass","external_id":"osm/way/370529088","sources":[{"title":"OpenStreetMap / Overpass","url":"https://wiki.openstreetmap.org/wiki/Tag:telecom%3Ddata_center","accessed_at":"2026-09-23","note":"osm_id=370529088"}]}},{"type":"Feature","geometry":{"type":"Point","coordinates":[6.5732895,46.5465058]},"properties":{"id":"dc_126","name":"BrainServe","type":"data_center","subtype":"colocation","operator":"Unknown","description_it":"Record da OpenStreetMap (tag data_center). Da validare con almeno una seconda fonte.","country":"IT","city":"Crissier","status":"unknown","site_category":"infrastructure","opened_year":null,"updated_at":"2026-09-23","confidence":"low","import_source":"osm_overpass","external_id":"osm/way/372812521","sources":[{"title":"OpenStreetMap / Overpass","url":"https://wiki.openstreetmap.org/wiki/Tag:telecom%3Ddata_center","accessed_at":"2026-09-23","note":"osm_id=372812521"}]}},{"type":"Feature","geometry":{"type":"Point","coordinates":[10.3533473,43.6579122]},"properties":{"id":"dc_127","name":"Green Data Center Università di Pisa - Edificio Server","type":"data_center","subtype":"colocation","operator":"Università di Pisa","description_it":"Record da OpenStreetMap (tag data_center). Da validare con almeno una seconda fonte.","country":"IT","city":"n/d","status":"unknown","site_category":"infrastructure","opened_year":null,"updated_at":"2026-09-23","confidence":"low","import_source":"osm_overpass","external_id":"osm/way/448297409","sources":[{"title":"OpenStreetMap / Overpass","url":"https://wiki.openstreetmap.org/wiki/Tag:telecom%3Ddata_center","accessed_at":"2026-09-23","note":"osm_id=448297409"}]}},{"type":"Feature","geometry":{"type":"Point","coordinates":[7.2791319,47.1557696]},"properties":{"id":"dc_128","name":"Datacube Biel","type":"data_center","subtype":"colocation","operator":"Netrics AG","description_it":"Record da OpenStreetMap (tag data_center). Da validare con almeno una seconda fonte.","country":"IT","city":"Biel/Bienne","status":"unknown","site_category":"infrastructure","opened_year":null,"updated_at":"2026-09-23","confidence":"low","import_source":"osm_overpass","external_id":"osm/way/699247420","sources":[{"title":"OpenStreetMap / Overpass","url":"https://wiki.openstreetmap.org/wiki/Tag:telecom%3Ddata_center","accessed_at":"2026-09-23","note":"osm_id=699247420"}]}},{"type":"Feature","geometry":{"type":"Point","coordinates":[10.933201,44.6578461]},"properties":{"id":"dc_129","name":"Data Center","type":"data_center","subtype":"colocation","operator":"Lepida","description_it":"Record da OpenStreetMap (tag data_center). Da validare con almeno una seconda fonte.","country":"IT","city":"n/d","status":"unknown","site_category":"infrastructure","opened_year":null,"updated_at":"2026-09-23","confidence":"low","import_source":"osm_overpass","external_id":"osm/way/919169883","sources":[{"title":"OpenStreetMap / Overpass","url":"https://wiki.openstreetmap.org/wiki/Tag:telecom%3Ddata_center","accessed_at":"2026-09-23","note":"osm_id=919169883"}]}},{"type":"Feature","geometry":{"type":"Point","coordinates":[7.0755376,43.6046082]},"properties":{"id":"dc_130","name":"Euclyde DC1","type":"data_center","subtype":"colocation","operator":"Euclyde","description_it":"Record da OpenStreetMap (tag data_center). Da validare con almeno una seconda fonte.","country":"IT","city":"n/d","status":"unknown","site_category":"infrastructure","opened_year":null,"updated_at":"2026-09-23","confidence":"low","import_source":"osm_overpass","external_id":"osm/relation/1074421","sources":[{"title":"OpenStreetMap / Overpass","url":"https://wiki.openstreetmap.org/wiki/Tag:telecom%3Ddata_center","accessed_at":"2026-09-23","note":"osm_id=1074421"}]}},{"type":"Feature","geometry":{"type":"Point","coordinates":[11.2597819,44.4863295]},"properties":{"id":"dc_131","name":"Leonardo (supercomputer)","type":"data_center","subtype":"colocation","operator":"CINECA","description_it":"Record da OpenStreetMap (tag data_center). Da validare con almeno una seconda fonte.","country":"IT","city":"n/d","status":"unknown","site_category":"infrastructure","opened_year":null,"updated_at":"2026-09-23","confidence":"low","import_source":"osm_overpass","external_id":"osm/node/10648561696","sources":[{"title":"OpenStreetMap / Overpass","url":"https://wiki.openstreetmap.org/wiki/Tag:telecom%3Ddata_center","accessed_at":"2026-09-23","note":"osm_id=10648561696"}]}},{"type":"Feature","geometry":{"type":"Point","coordinates":[12.1124729,43.5548424]},"properties":{"id":"dc_132","name":"WinEuropa","type":"data_center","subtype":"colocation","operator":"Unknown","description_it":"Record da OpenStreetMap (tag data_center). Da validare con almeno una seconda fonte.","country":"IT","city":"Sansepolcro","status":"unknown","site_category":"infrastructure","opened_year":null,"updated_at":"2026-09-23","confidence":"low","import_source":"osm_overpass","external_id":"osm/node/11977700812","sources":[{"title":"OpenStreetMap / Overpass","url":"https://wiki.openstreetmap.org/wiki/Tag:telecom%3Ddata_center","accessed_at":"2026-09-23","note":"osm_id=11977700812"}]}},{"type":"Feature","geometry":{"type":"Point","coordinates":[11.4064771,44.4997626]},"properties":{"id":"dc_133","name":"Noovle","type":"data_center","subtype":"colocation","operator":"TIM","description_it":"Record da OpenStreetMap (tag data_center). Da validare con almeno una seconda fonte.","country":"IT","city":"n/d","status":"unknown","site_category":"infrastructure","opened_year":null,"updated_at":"2026-09-23","confidence":"low","import_source":"osm_overpass","external_id":"osm/node/12886503841","sources":[{"title":"OpenStreetMap / Overpass","url":"https://wiki.openstreetmap.org/wiki/Tag:telecom%3Ddata_center","accessed_at":"2026-09-23","note":"osm_id=12886503841"}]}},{"type":"Feature","geometry":{"type":"Point","coordinates":[13.6637065,45.9567769]},"properties":{"id":"dc_134","name":"Arctur","type":"data_center","subtype":"colocation","operator":"Unknown","description_it":"Record da OpenStreetMap (tag data_center). Da validare con almeno una seconda fonte.","country":"IT","city":"n/d","status":"unknown","site_category":"infrastructure","opened_year":null,"updated_at":"2026-09-23","confidence":"low","import_source":"osm_overpass","external_id":"osm/node/13395304893","sources":[{"title":"OpenStreetMap / Overpass","url":"https://wiki.openstreetmap.org/wiki/Tag:telecom%3Ddata_center","accessed_at":"2026-09-23","note":"osm_id=13395304893"}]}},{"type":"Feature","geometry":{"type":"Point","coordinates":[14.4667942,45.328761]},"properties":{"id":"dc_135","name":"Podatkovni centar HR-ZOO RI","type":"data_center","subtype":"colocation","operator":"Sveučilišni računski centar","description_it":"Record da OpenStreetMap (tag data_center). Da validare con almeno una seconda fonte.","country":"IT","city":"n/d","status":"unknown","site_category":"infrastructure","opened_year":null,"updated_at":"2026-09-23","confidence":"low","import_source":"osm_overpass","external_id":"osm/node/13809856865","sources":[{"title":"OpenStreetMap / Overpass","url":"https://wiki.openstreetmap.org/wiki/Tag:telecom%3Ddata_center","accessed_at":"2026-09-23","note":"osm_id=13809856865"}]}},{"type":"Feature","geometry":{"type":"Point","coordinates":[11.0860885,46.299497]},"properties":{"id":"dc_136","name":"Intacture","type":"data_center","subtype":"colocation","operator":"TRENTINO DATAMINE S.r.l.","description_it":"Record da OpenStreetMap (tag data_center). Da validare con almeno una seconda fonte.","country":"IT","city":"n/d","status":"unknown","site_category":"infrastructure","opened_year":null,"updated_at":"2026-09-23","confidence":"low","import_source":"osm_overpass","external_id":"osm/node/13977247791","sources":[{"title":"OpenStreetMap / Overpass","url":"https://wiki.openstreetmap.org/wiki/Tag:telecom%3Ddata_center","accessed_at":"2026-09-23","note":"osm_id=13977247791"}]}},{"type":"Feature","geometry":{"type":"Point","coordinates":[11.1150805,46.08465]},"properties":{"id":"dc_137","name":"Centrale TIM Trento Nord","type":"data_center","subtype":"colocation","operator":"TIM","description_it":"Record da OpenStreetMap (tag data_center). Da validare con almeno una seconda fonte.","country":"IT","city":"n/d","status":"unknown","site_category":"infrastructure","opened_year":null,"updated_at":"2026-09-23","confidence":"low","import_source":"osm_overpass","external_id":"osm/way/53189075","sources":[{"title":"OpenStreetMap / Overpass","url":"https://wiki.openstreetmap.org/wiki/Tag:telecom%3Ddata_center","accessed_at":"2026-09-23","note":"osm_id=53189075"}]}},{"type":"Feature","geometry":{"type":"Point","coordinates":[11.5749385,45.6423587]},"properties":{"id":"dc_138","name":"Set","type":"data_center","subtype":"colocation","operator":"Unknown","description_it":"Record da OpenStreetMap (tag data_center). Da validare con almeno una seconda fonte.","country":"IT","city":"Dueville","status":"unknown","site_category":"infrastructure","opened_year":null,"updated_at":"2026-09-23","confidence":"low","import_source":"osm_overpass","external_id":"osm/way/466483564","sources":[{"title":"OpenStreetMap / Overpass","url":"https://wiki.openstreetmap.org/wiki/Tag:telecom%3Ddata_center","accessed_at":"2026-09-23","note":"osm_id=466483564"}]}},{"type":"Feature","geometry":{"type":"Point","coordinates":[11.39081,44.509523]},"properties":{"id":"dc_139","name":"Data center Unipol Pilastro","type":"data_center","subtype":"colocation","operator":"Unipol","description_it":"Record da OpenStreetMap (tag data_center). Da validare con almeno una seconda fonte.","country":"IT","city":"n/d","status":"unknown","site_category":"infrastructure","opened_year":null,"updated_at":"2026-09-23","confidence":"low","import_source":"osm_overpass","external_id":"osm/way/1349180249","sources":[{"title":"OpenStreetMap / Overpass","url":"https://wiki.openstreetmap.org/wiki/Tag:telecom%3Ddata_center","accessed_at":"2026-09-23","note":"osm_id=1349180249"}]}},{"type":"Feature","geometry":{"type":"Point","coordinates":[14.3514309,41.0738326]},"properties":{"id":"dc_140","name":"Archivio di Stato di Caserta","type":"data_center","subtype":"colocation","operator":"Ministero dei Beni e delle Attività Culturali","description_it":"Record da OpenStreetMap (tag data_center). Da validare con almeno una seconda fonte.","country":"IT","city":"n/d","status":"unknown","site_category":"infrastructure","opened_year":null,"updated_at":"2026-09-23","confidence":"low","import_source":"osm_overpass","external_id":"osm/node/5516773584","sources":[{"title":"OpenStreetMap / Overpass","url":"https://wiki.openstreetmap.org/wiki/Tag:telecom%3Ddata_center","accessed_at":"2026-09-23","note":"osm_id=5516773584"}]}},{"type":"Feature","geometry":{"type":"Point","coordinates":[13.7879854,43.1968639]},"properties":{"id":"dc_141","name":"Studio BETA SRLS","type":"data_center","subtype":"colocation","operator":"Unknown","description_it":"Record da OpenStreetMap (tag data_center). Da validare con almeno una seconda fonte.","country":"IT","city":"Porto San Giorgio","status":"unknown","site_category":"infrastructure","opened_year":null,"updated_at":"2026-09-23","confidence":"low","import_source":"osm_overpass","external_id":"osm/node/10852549720","sources":[{"title":"OpenStreetMap / Overpass","url":"https://wiki.openstreetmap.org/wiki/Tag:telecom%3Ddata_center","accessed_at":"2026-09-23","note":"osm_id=10852549720"}]}},{"type":"Feature","geometry":{"type":"Point","coordinates":[14.7715649,41.1219805]},"properties":{"id":"dc_142","name":"Arpac","type":"data_center","subtype":"colocation","operator":"Arpac","description_it":"Record da OpenStreetMap (tag data_center). Da validare con almeno una seconda fonte.","country":"IT","city":"n/d","status":"unknown","site_category":"infrastructure","opened_year":null,"updated_at":"2026-09-23","confidence":"low","import_source":"osm_overpass","external_id":"osm/node/11005419206","sources":[{"title":"OpenStreetMap / Overpass","url":"https://wiki.openstreetmap.org/wiki/Tag:telecom%3Ddata_center","accessed_at":"2026-09-23","note":"osm_id=11005419206"}]}},{"type":"Feature","geometry":{"type":"Point","coordinates":[11.3285512,43.3227158]},"properties":{"id":"dc_143","name":"E. D. Accounting Siena","type":"data_center","subtype":"colocation","operator":"Unknown","description_it":"Record da OpenStreetMap (tag data_center). Da validare con almeno una seconda fonte.","country":"IT","city":"Siena","status":"unknown","site_category":"infrastructure","opened_year":null,"updated_at":"2026-09-23","confidence":"low","import_source":"osm_overpass","external_id":"osm/node/11822939313","sources":[{"title":"OpenStreetMap / Overpass","url":"https://wiki.openstreetmap.org/wiki/Tag:telecom%3Ddata_center","accessed_at":"2026-09-23","note":"osm_id=11822939313"}]}},{"type":"Feature","geometry":{"type":"Point","coordinates":[15.3886045,40.0199368]},"properties":{"id":"dc_144","name":"InfreschiLab","type":"data_center","subtype":"colocation","operator":"Andrea","description_it":"Record da OpenStreetMap (tag data_center). Da validare con almeno una seconda fonte.","country":"IT","city":"n/d","status":"unknown","site_category":"infrastructure","opened_year":null,"updated_at":"2026-09-23","confidence":"low","import_source":"osm_overpass","external_id":"osm/node/11936920287","sources":[{"title":"OpenStreetMap / Overpass","url":"https://wiki.openstreetmap.org/wiki/Tag:telecom%3Ddata_center","accessed_at":"2026-09-23","note":"osm_id=11936920287"}]}},{"type":"Feature","geometry":{"type":"Point","coordinates":[11.8501611,43.4768301]},"properties":{"id":"dc_145","name":"Data Center Aruba IT2","type":"data_center","subtype":"colocation","operator":"Aruba s.p.a.","description_it":"Record da OpenStreetMap (tag data_center). Da validare con almeno una seconda fonte.","country":"IT","city":"Arezzo","status":"unknown","site_category":"infrastructure","opened_year":null,"updated_at":"2026-09-23","confidence":"low","import_source":"osm_overpass","external_id":"osm/way/45840658","sources":[{"title":"OpenStreetMap / Overpass","url":"https://wiki.openstreetmap.org/wiki/Tag:telecom%3Ddata_center","accessed_at":"2026-09-23","note":"osm_id=45840658"}]}},{"type":"Feature","geometry":{"type":"Point","coordinates":[11.8380784,43.4596066]},"properties":{"id":"dc_146","name":"Data Center Aruba IT1","type":"data_center","subtype":"colocation","operator":"Aruba s.p.a.","description_it":"Record da OpenStreetMap (tag data_center). Da validare con almeno una seconda fonte.","country":"IT","city":"n/d","status":"unknown","site_category":"infrastructure","opened_year":null,"updated_at":"2026-09-23","confidence":"low","import_source":"osm_overpass","external_id":"osm/way/182828550","sources":[{"title":"OpenStreetMap / Overpass","url":"https://wiki.openstreetmap.org/wiki/Tag:telecom%3Ddata_center","accessed_at":"2026-09-23","note":"osm_id=182828550"}]}},{"type":"Feature","geometry":{"type":"Point","coordinates":[14.3214597,41.0665144]},"properties":{"id":"dc_147","name":"Data Felix DF01","type":"data_center","subtype":"colocation","operator":"Unknown","description_it":"Record da OpenStreetMap (tag data_center). Da validare con almeno una seconda fonte.","country":"IT","city":"Caserta","status":"unknown","site_category":"infrastructure","opened_year":null,"updated_at":"2026-09-23","confidence":"low","import_source":"osm_overpass","external_id":"osm/way/1274052719","sources":[{"title":"OpenStreetMap / Overpass","url":"https://wiki.openstreetmap.org/wiki/Tag:telecom%3Ddata_center","accessed_at":"2026-09-23","note":"osm_id=1274052719"}]}},{"type":"Feature","geometry":{"type":"Point","coordinates":[10.160728,36.69821]},"properties":{"id":"dc_148","name":"الهيكل الخاص الهدى لتقديم الدروس الخصوصية","type":"data_center","subtype":"colocation","operator":"Unknown","description_it":"Record da OpenStreetMap (tag data_center). Da validare con almeno una seconda fonte.","country":"IT","city":"n/d","status":"unknown","site_category":"infrastructure","opened_year":null,"updated_at":"2026-09-23","confidence":"low","import_source":"osm_overpass","external_id":"osm/node/11114729904","sources":[{"title":"OpenStreetMap / Overpass","url":"https://wiki.openstreetmap.org/wiki/Tag:telecom%3Ddata_center","accessed_at":"2026-09-23","note":"osm_id=11114729904"}]}},{"type":"Feature","geometry":{"type":"Point","coordinates":[5.8965479,52.1680853]},"properties":{"id":"dc_149","name":"Cellnex","type":"data_center","subtype":"colocation","operator":"Unknown","description_it":"Record da OpenStreetMap (tag data_center). Da validare con almeno una seconda fonte.","country":"DE","city":"n/d","status":"unknown","site_category":"infrastructure","opened_year":null,"updated_at":"2026-09-23","confidence":"low","import_source":"osm_overpass","external_id":"osm/node/599587508","sources":[{"title":"OpenStreetMap / Overpass","url":"https://wiki.openstreetmap.org/wiki/Tag:telecom%3Ddata_center","accessed_at":"2026-09-23","note":"osm_id=599587508"}]}},{"type":"Feature","geometry":{"type":"Point","coordinates":[4.9379392,52.3030586]},"properties":{"id":"dc_150","name":"Equinix AM7","type":"data_center","subtype":"colocation","operator":"Equinix","description_it":"Record da OpenStreetMap (tag data_center). Da validare con almeno una seconda fonte.","country":"NL","city":"Amsterdam","status":"unknown","site_category":"infrastructure","opened_year":null,"updated_at":"2026-09-23","confidence":"low","import_source":"osm_overpass","external_id":"osm/node/717740190","sources":[{"title":"OpenStreetMap / Overpass","url":"https://wiki.openstreetmap.org/wiki/Tag:telecom%3Ddata_center","accessed_at":"2026-09-23","note":"osm_id=717740190"}]}},{"type":"Feature","geometry":{"type":"Point","coordinates":[4.2108105,52.0012171]},"properties":{"id":"dc_151","name":"WorldStream","type":"data_center","subtype":"colocation","operator":"Unknown","description_it":"Record da OpenStreetMap (tag data_center). Da validare con almeno una seconda fonte.","country":"NL","city":"Naaldwijk","status":"unknown","site_category":"infrastructure","opened_year":null,"updated_at":"2026-09-23","confidence":"low","import_source":"osm_overpass","external_id":"osm/node/2625645063","sources":[{"title":"OpenStreetMap / Overpass","url":"https://wiki.openstreetmap.org/wiki/Tag:telecom%3Ddata_center","accessed_at":"2026-09-23","note":"osm_id=2625645063"}]}},{"type":"Feature","geometry":{"type":"Point","coordinates":[4.6647354,52.391724]},"properties":{"id":"dc_152","name":"LeaseWeb AMS-01","type":"data_center","subtype":"colocation","operator":"LeaseWeb","description_it":"Record da OpenStreetMap (tag data_center). Da validare con almeno una seconda fonte.","country":"NL","city":"Haarlem","status":"unknown","site_category":"infrastructure","opened_year":null,"updated_at":"2026-09-23","confidence":"low","import_source":"osm_overpass","external_id":"osm/node/2719885481","sources":[{"title":"OpenStreetMap / Overpass","url":"https://wiki.openstreetmap.org/wiki/Tag:telecom%3Ddata_center","accessed_at":"2026-09-23","note":"osm_id=2719885481"}]}},{"type":"Feature","geometry":{"type":"Point","coordinates":[5.9340361,51.9870045]},"properties":{"id":"dc_153","name":"Eurofiber data center Arnhem 1","type":"data_center","subtype":"colocation","operator":"Eurofiber Cloud Infra","description_it":"Record da OpenStreetMap (tag data_center). Da validare con almeno una seconda fonte.","country":"DE","city":"Arnhem","status":"unknown","site_category":"infrastructure","opened_year":null,"updated_at":"2026-09-23","confidence":"low","import_source":"osm_overpass","external_id":"osm/node/2727100158","sources":[{"title":"OpenStreetMap / Overpass","url":"https://wiki.openstreetmap.org/wiki/Tag:telecom%3Ddata_center","accessed_at":"2026-09-23","note":"osm_id=2727100158"}]}},{"type":"Feature","geometry":{"type":"Point","coordinates":[5.3874531,51.4416563]},"properties":{"id":"dc_154","name":"Interconnect Eindhoven","type":"data_center","subtype":"colocation","operator":"Unknown","description_it":"Record da OpenStreetMap (tag data_center). Da validare con almeno una seconda fonte.","country":"NL","city":"Eindhoven","status":"unknown","site_category":"infrastructure","opened_year":null,"updated_at":"2026-09-23","confidence":"low","import_source":"osm_overpass","external_id":"osm/node/2730020684","sources":[{"title":"OpenStreetMap / Overpass","url":"https://wiki.openstreetmap.org/wiki/Tag:telecom%3Ddata_center","accessed_at":"2026-09-23","note":"osm_id=2730020684"}]}},{"type":"Feature","geometry":{"type":"Point","coordinates":[4.6870717,52.2903777]},"properties":{"id":"dc_155","name":"Eurofiber Data Center Amsterdam","type":"data_center","subtype":"colocation","operator":"Eurofiber","description_it":"Record da OpenStreetMap (tag data_center). Da validare con almeno una seconda fonte.","country":"NL","city":"Hoofddorp","status":"unknown","site_category":"infrastructure","opened_year":null,"updated_at":"2026-09-23","confidence":"low","import_source":"osm_overpass","external_id":"osm/node/2733775996","sources":[{"title":"OpenStreetMap / Overpass","url":"https://wiki.openstreetmap.org/wiki/Tag:telecom%3Ddata_center","accessed_at":"2026-09-23","note":"osm_id=2733775996"}]}},{"type":"Feature","geometry":{"type":"Point","coordinates":[4.8511461,52.3964216]},"properties":{"id":"dc_156","name":"Databarn Amsterdam","type":"data_center","subtype":"colocation","operator":"Databarn Amsterdam B.V.","description_it":"Record da OpenStreetMap (tag data_center). Da validare con almeno una seconda fonte.","country":"NL","city":"Amsterdam","status":"unknown","site_category":"infrastructure","opened_year":null,"updated_at":"2026-09-23","confidence":"low","import_source":"osm_overpass","external_id":"osm/node/2738247230","sources":[{"title":"OpenStreetMap / Overpass","url":"https://wiki.openstreetmap.org/wiki/Tag:telecom%3Ddata_center","accessed_at":"2026-09-23","note":"osm_id=2738247230"}]}},{"type":"Feature","geometry":{"type":"Point","coordinates":[4.7709138,52.2841493]},"properties":{"id":"dc_157","name":"Digital Realty AMS3","type":"data_center","subtype":"colocation","operator":"Digital Realty","description_it":"Record da OpenStreetMap (tag data_center). Da validare con almeno una seconda fonte.","country":"NL","city":"Schiphol-Rijk","status":"unknown","site_category":"infrastructure","opened_year":null,"updated_at":"2026-09-23","confidence":"low","import_source":"osm_overpass","external_id":"osm/node/2745065082","sources":[{"title":"OpenStreetMap / Overpass","url":"https://wiki.openstreetmap.org/wiki/Tag:telecom%3Ddata_center","accessed_at":"2026-09-23","note":"osm_id=2745065082"}]}},{"type":"Feature","geometry":{"type":"Point","coordinates":[4.7542777,52.2800662]},"properties":{"id":"dc_158","name":"Digital Realty AMS5","type":"data_center","subtype":"colocation","operator":"Digital Realty","description_it":"Record da OpenStreetMap (tag data_center). Da validare con almeno una seconda fonte.","country":"NL","city":"Schiphol-Rijk","status":"unknown","site_category":"infrastructure","opened_year":null,"updated_at":"2026-09-23","confidence":"low","import_source":"osm_overpass","external_id":"osm/node/2745065224","sources":[{"title":"OpenStreetMap / Overpass","url":"https://wiki.openstreetmap.org/wiki/Tag:telecom%3Ddata_center","accessed_at":"2026-09-23","note":"osm_id=2745065224"}]}},{"type":"Feature","geometry":{"type":"Point","coordinates":[6.8495562,52.2369864]},"properties":{"id":"dc_159","name":"Equinix Enschede","type":"data_center","subtype":"colocation","operator":"Equinix","description_it":"Record da OpenStreetMap (tag data_center). Da validare con almeno una seconda fonte.","country":"DE","city":"Enschede","status":"unknown","site_category":"infrastructure","opened_year":null,"updated_at":"2026-09-23","confidence":"low","import_source":"osm_overpass","external_id":"osm/node/2749411762","sources":[{"title":"OpenStreetMap / Overpass","url":"https://wiki.openstreetmap.org/wiki/Tag:telecom%3Ddata_center","accessed_at":"2026-09-23","note":"osm_id=2749411762"}]}},{"type":"Feature","geometry":{"type":"Point","coordinates":[5.624974,52.0307085]},"properties":{"id":"dc_160","name":"BIT-1 Datacenter","type":"data_center","subtype":"colocation","operator":"Unknown","description_it":"Record da OpenStreetMap (tag data_center). Da validare con almeno una seconda fonte.","country":"DE","city":"Ede","status":"unknown","site_category":"infrastructure","opened_year":null,"updated_at":"2026-09-23","confidence":"low","import_source":"osm_overpass","external_id":"osm/node/2761385262","sources":[{"title":"OpenStreetMap / Overpass","url":"https://wiki.openstreetmap.org/wiki/Tag:telecom%3Ddata_center","accessed_at":"2026-09-23","note":"osm_id=2761385262"}]}},{"type":"Feature","geometry":{"type":"Point","coordinates":[4.7733584,52.2597959]},"properties":{"id":"dc_161","name":"NorthC Datacenter Aalsmeer","type":"data_center","subtype":"colocation","operator":"NorthC","description_it":"Record da OpenStreetMap (tag data_center). Da validare con almeno una seconda fonte.","country":"NL","city":"Aalsmeer","status":"unknown","site_category":"infrastructure","opened_year":null,"updated_at":"2026-09-23","confidence":"low","import_source":"osm_overpass","external_id":"osm/node/2765259404","sources":[{"title":"OpenStreetMap / Overpass","url":"https://wiki.openstreetmap.org/wiki/Tag:telecom%3Ddata_center","accessed_at":"2026-09-23","note":"osm_id=2765259404"}]}},{"type":"Feature","geometry":{"type":"Point","coordinates":[6.864589,53.1668487]},"properties":{"id":"dc_162","name":"Datacenter Groningen","type":"data_center","subtype":"colocation","operator":"Unknown","description_it":"Record da OpenStreetMap (tag data_center). Da validare con almeno una seconda fonte.","country":"DE","city":"Zuidbroek","status":"unknown","site_category":"infrastructure","opened_year":null,"updated_at":"2026-09-23","confidence":"low","import_source":"osm_overpass","external_id":"osm/node/2775436927","sources":[{"title":"OpenStreetMap / Overpass","url":"https://wiki.openstreetmap.org/wiki/Tag:telecom%3Ddata_center","accessed_at":"2026-09-23","note":"osm_id=2775436927"}]}},{"type":"Feature","geometry":{"type":"Point","coordinates":[4.8288651,52.34401]},"properties":{"id":"dc_163","name":"Global Switch Amsterdam","type":"data_center","subtype":"colocation","operator":"Global Switch","description_it":"Record da OpenStreetMap (tag data_center). Da validare con almeno una seconda fonte.","country":"NL","city":"Amsterdam","status":"unknown","site_category":"infrastructure","opened_year":null,"updated_at":"2026-09-23","confidence":"low","import_source":"osm_overpass","external_id":"osm/node/2808423607","sources":[{"title":"OpenStreetMap / Overpass","url":"https://wiki.openstreetmap.org/wiki/Tag:telecom%3Ddata_center","accessed_at":"2026-09-23","note":"osm_id=2808423607"}]}},{"type":"Feature","geometry":{"type":"Point","coordinates":[4.9259511,52.3281443]},"properties":{"id":"dc_164","name":"Colt Amsterdam Van der Madeweg","type":"data_center","subtype":"colocation","operator":"Unknown","description_it":"Record da OpenStreetMap (tag data_center). Da validare con almeno una seconda fonte.","country":"NL","city":"Amsterdam-Duivendrecht","status":"unknown","site_category":"infrastructure","opened_year":null,"updated_at":"2026-09-23","confidence":"low","import_source":"osm_overpass","external_id":"osm/node/2827483282","sources":[{"title":"OpenStreetMap / Overpass","url":"https://wiki.openstreetmap.org/wiki/Tag:telecom%3Ddata_center","accessed_at":"2026-09-23","note":"osm_id=2827483282"}]}},{"type":"Feature","geometry":{"type":"Point","coordinates":[5.7022789,52.5392047]},"properties":{"id":"dc_165","name":"Solcon Droten","type":"data_center","subtype":"colocation","operator":"Unknown","description_it":"Record da OpenStreetMap (tag data_center). Da validare con almeno una seconda fonte.","country":"DE","city":"Dronten","status":"unknown","site_category":"infrastructure","opened_year":null,"updated_at":"2026-09-23","confidence":"low","import_source":"osm_overpass","external_id":"osm/node/2837886894","sources":[{"title":"OpenStreetMap / Overpass","url":"https://wiki.openstreetmap.org/wiki/Tag:telecom%3Ddata_center","accessed_at":"2026-09-23","note":"osm_id=2837886894"}]}},{"type":"Feature","geometry":{"type":"Point","coordinates":[5.7050729,52.5437235]},"properties":{"id":"dc_166","name":"Kolo NL1 Dronten","type":"data_center","subtype":"colocation","operator":"Kolo","description_it":"Record da OpenStreetMap (tag data_center). Da validare con almeno una seconda fonte.","country":"DE","city":"Dronten","status":"unknown","site_category":"infrastructure","opened_year":null,"updated_at":"2026-09-23","confidence":"low","import_source":"osm_overpass","external_id":"osm/node/2837888139","sources":[{"title":"OpenStreetMap / Overpass","url":"https://wiki.openstreetmap.org/wiki/Tag:telecom%3Ddata_center","accessed_at":"2026-09-23","note":"osm_id=2837888139"}]}},{"type":"Feature","geometry":{"type":"Point","coordinates":[4.9188641,52.3337319]},"properties":{"id":"dc_167","name":"Digital Realty","type":"data_center","subtype":"colocation","operator":"Digital Realty","description_it":"Record da OpenStreetMap (tag data_center). Da validare con almeno una seconda fonte.","country":"NL","city":"Amsterdam","status":"unknown","site_category":"infrastructure","opened_year":null,"updated_at":"2026-09-23","confidence":"low","import_source":"osm_overpass","external_id":"osm/node/2840442643","sources":[{"title":"OpenStreetMap / Overpass","url":"https://wiki.openstreetmap.org/wiki/Tag:telecom%3Ddata_center","accessed_at":"2026-09-23","note":"osm_id=2840442643"}]}},{"type":"Feature","geometry":{"type":"Point","coordinates":[4.9549587,52.3002909]},"properties":{"id":"dc_168","name":"KPN Amsterdam","type":"data_center","subtype":"colocation","operator":"KPN","description_it":"Record da OpenStreetMap (tag data_center). Da validare con almeno una seconda fonte.","country":"NL","city":"Amsterdam","status":"unknown","site_category":"infrastructure","opened_year":null,"updated_at":"2026-09-23","confidence":"low","import_source":"osm_overpass","external_id":"osm/node/2862652419","sources":[{"title":"OpenStreetMap / Overpass","url":"https://wiki.openstreetmap.org/wiki/Tag:telecom%3Ddata_center","accessed_at":"2026-09-23","note":"osm_id=2862652419"}]}},{"type":"Feature","geometry":{"type":"Point","coordinates":[4.9487005,52.2963137]},"properties":{"id":"dc_169","name":"NorthC Amsterdam 2","type":"data_center","subtype":"colocation","operator":"NorthC","description_it":"Record da OpenStreetMap (tag data_center). Da validare con almeno una seconda fonte.","country":"NL","city":"Amsterdam","status":"unknown","site_category":"infrastructure","opened_year":null,"updated_at":"2026-09-23","confidence":"low","import_source":"osm_overpass","external_id":"osm/node/2862656047","sources":[{"title":"OpenStreetMap / Overpass","url":"https://wiki.openstreetmap.org/wiki/Tag:telecom%3Ddata_center","accessed_at":"2026-09-23","note":"osm_id=2862656047"}]}},{"type":"Feature","geometry":{"type":"Point","coordinates":[4.9360116,52.3095225]},"properties":{"id":"dc_170","name":"Datacenter.com AMS1","type":"data_center","subtype":"colocation","operator":"Unknown","description_it":"Record da OpenStreetMap (tag data_center). Da validare con almeno una seconda fonte.","country":"NL","city":"Amsterdam","status":"unknown","site_category":"infrastructure","opened_year":null,"updated_at":"2026-09-23","confidence":"low","import_source":"osm_overpass","external_id":"osm/node/2862978534","sources":[{"title":"OpenStreetMap / Overpass","url":"https://wiki.openstreetmap.org/wiki/Tag:telecom%3Ddata_center","accessed_at":"2026-09-23","note":"osm_id=2862978534"}]}},{"type":"Feature","geometry":{"type":"Point","coordinates":[4.7427993,52.6319674]},"properties":{"id":"dc_171","name":"KPN Telefoon Centrale","type":"data_center","subtype":"colocation","operator":"KPN","description_it":"Record da OpenStreetMap (tag data_center). Da validare con almeno una seconda fonte.","country":"NL","city":"Alkmaar","status":"unknown","site_category":"infrastructure","opened_year":null,"updated_at":"2026-09-23","confidence":"low","import_source":"osm_overpass","external_id":"osm/node/2876408856","sources":[{"title":"OpenStreetMap / Overpass","url":"https://wiki.openstreetmap.org/wiki/Tag:telecom%3Ddata_center","accessed_at":"2026-09-23","note":"osm_id=2876408856"}]}},{"type":"Feature","geometry":{"type":"Point","coordinates":[6.1588627,51.3783974]},"properties":{"id":"dc_172","name":"Systemec Venlo DC19","type":"data_center","subtype":"colocation","operator":"Systemec","description_it":"Record da OpenStreetMap (tag data_center). Da validare con almeno una seconda fonte.","country":"DE","city":"Venlo","status":"unknown","site_category":"infrastructure","opened_year":null,"updated_at":"2026-09-23","confidence":"low","import_source":"osm_overpass","external_id":"osm/node/2906464440","sources":[{"title":"OpenStreetMap / Overpass","url":"https://wiki.openstreetmap.org/wiki/Tag:telecom%3Ddata_center","accessed_at":"2026-09-23","note":"osm_id=2906464440"}]}},{"type":"Feature","geometry":{"type":"Point","coordinates":[5.7041285,51.5263372]},"properties":{"id":"dc_173","name":"Datacenter Gemert","type":"data_center","subtype":"colocation","operator":"Unknown","description_it":"Record da OpenStreetMap (tag data_center). Da validare con almeno una seconda fonte.","country":"DE","city":"De Mortel","status":"unknown","site_category":"infrastructure","opened_year":null,"updated_at":"2026-09-23","confidence":"low","import_source":"osm_overpass","external_id":"osm/node/3014822814","sources":[{"title":"OpenStreetMap / Overpass","url":"https://wiki.openstreetmap.org/wiki/Tag:telecom%3Ddata_center","accessed_at":"2026-09-23","note":"osm_id=3014822814"}]}},{"type":"Feature","geometry":{"type":"Point","coordinates":[5.764996,53.2047771]},"properties":{"id":"dc_174","name":"DataCenter Fryslân","type":"data_center","subtype":"colocation","operator":"Unknown","description_it":"Record da OpenStreetMap (tag data_center). Da validare con almeno una seconda fonte.","country":"DE","city":"Leeuwarden","status":"unknown","site_category":"infrastructure","opened_year":null,"updated_at":"2026-09-23","confidence":"low","import_source":"osm_overpass","external_id":"osm/node/3067037986","sources":[{"title":"OpenStreetMap / Overpass","url":"https://wiki.openstreetmap.org/wiki/Tag:telecom%3Ddata_center","accessed_at":"2026-09-23","note":"osm_id=3067037986"}]}},{"type":"Feature","geometry":{"type":"Point","coordinates":[5.4587666,51.4078491]},"properties":{"id":"dc_175","name":"NorthC Datacenter Eindhoven","type":"data_center","subtype":"colocation","operator":"Unknown","description_it":"Record da OpenStreetMap (tag data_center). Da validare con almeno una seconda fonte.","country":"NL","city":"Eindhoven","status":"unknown","site_category":"infrastructure","opened_year":null,"updated_at":"2026-09-23","confidence":"low","import_source":"osm_overpass","external_id":"osm/node/3918634315","sources":[{"title":"OpenStreetMap / Overpass","url":"https://wiki.openstreetmap.org/wiki/Tag:telecom%3Ddata_center","accessed_at":"2026-09-23","note":"osm_id=3918634315"}]}},{"type":"Feature","geometry":{"type":"Point","coordinates":[4.3782416,51.9876517]},"properties":{"id":"dc_176","name":"NorthC Datacenter Delft","type":"data_center","subtype":"colocation","operator":"NorthC","description_it":"Record da OpenStreetMap (tag data_center). Da validare con almeno una seconda fonte.","country":"NL","city":"Delft","status":"unknown","site_category":"infrastructure","opened_year":null,"updated_at":"2026-09-23","confidence":"low","import_source":"osm_overpass","external_id":"osm/node/4177046902","sources":[{"title":"OpenStreetMap / Overpass","url":"https://wiki.openstreetmap.org/wiki/Tag:telecom%3Ddata_center","accessed_at":"2026-09-23","note":"osm_id=4177046902"}]}},{"type":"Feature","geometry":{"type":"Point","coordinates":[4.6774483,52.2901456]},"properties":{"id":"dc_177","name":"Digital Realty AMS15","type":"data_center","subtype":"colocation","operator":"Digital Realty","description_it":"Record da OpenStreetMap (tag data_center). Da validare con almeno una seconda fonte.","country":"NL","city":"Hoofddorp","status":"unknown","site_category":"infrastructure","opened_year":null,"updated_at":"2026-09-23","confidence":"low","import_source":"osm_overpass","external_id":"osm/node/4353923475","sources":[{"title":"OpenStreetMap / Overpass","url":"https://wiki.openstreetmap.org/wiki/Tag:telecom%3Ddata_center","accessed_at":"2026-09-23","note":"osm_id=4353923475"}]}},{"type":"Feature","geometry":{"type":"Point","coordinates":[5.0385502,51.6956611]},"properties":{"id":"dc_178","name":"Eurofiber Data center Brabant","type":"data_center","subtype":"colocation","operator":"Eurofiber","description_it":"Record da OpenStreetMap (tag data_center). Da validare con almeno una seconda fonte.","country":"NL","city":"Waalwijk","status":"unknown","site_category":"infrastructure","opened_year":null,"updated_at":"2026-09-23","confidence":"low","import_source":"osm_overpass","external_id":"osm/node/4514285726","sources":[{"title":"OpenStreetMap / Overpass","url":"https://wiki.openstreetmap.org/wiki/Tag:telecom%3Ddata_center","accessed_at":"2026-09-23","note":"osm_id=4514285726"}]}},{"type":"Feature","geometry":{"type":"Point","coordinates":[4.7433978,52.2765358]},"properties":{"id":"dc_179","name":"Digital Realty AMS8","type":"data_center","subtype":"colocation","operator":"Digital Realty","description_it":"Record da OpenStreetMap (tag data_center). Da validare con almeno una seconda fonte.","country":"NL","city":"Rozenburg","status":"unknown","site_category":"infrastructure","opened_year":null,"updated_at":"2026-09-23","confidence":"low","import_source":"osm_overpass","external_id":"osm/node/4530651158","sources":[{"title":"OpenStreetMap / Overpass","url":"https://wiki.openstreetmap.org/wiki/Tag:telecom%3Ddata_center","accessed_at":"2026-09-23","note":"osm_id=4530651158"}]}},{"type":"Feature","geometry":{"type":"Point","coordinates":[4.9610888,52.3542735]},"properties":{"id":"dc_180","name":"Equinix AM4","type":"data_center","subtype":"colocation","operator":"Equinix","description_it":"Record da OpenStreetMap (tag data_center). Da validare con almeno una seconda fonte.","country":"NL","city":"Amsterdam","status":"unknown","site_category":"infrastructure","opened_year":null,"updated_at":"2026-09-23","confidence":"low","import_source":"osm_overpass","external_id":"osm/node/4753473817","sources":[{"title":"OpenStreetMap / Overpass","url":"https://wiki.openstreetmap.org/wiki/Tag:telecom%3Ddata_center","accessed_at":"2026-09-23","note":"osm_id=4753473817"}]}},{"type":"Feature","geometry":{"type":"Point","coordinates":[3.0399115,50.6485978]},"properties":{"id":"dc_181","name":"TDF ProxiCenter Lille Lambersart","type":"data_center","subtype":"colocation","operator":"Unknown","description_it":"Record da OpenStreetMap (tag data_center). Da validare con almeno una seconda fonte.","country":"FR","city":"Lambersart","status":"unknown","site_category":"infrastructure","opened_year":null,"updated_at":"2026-09-23","confidence":"low","import_source":"osm_overpass","external_id":"osm/node/6110614473","sources":[{"title":"OpenStreetMap / Overpass","url":"https://wiki.openstreetmap.org/wiki/Tag:telecom%3Ddata_center","accessed_at":"2026-09-23","note":"osm_id=6110614473"}]}},{"type":"Feature","geometry":{"type":"Point","coordinates":[6.8172593,51.2667997]},"properties":{"id":"dc_182","name":"Wiit AG DUS","type":"data_center","subtype":"colocation","operator":"Wiit AG","description_it":"Record da OpenStreetMap (tag data_center). Da validare con almeno una seconda fonte.","country":"DE","city":"Düsseldorf","status":"unknown","site_category":"infrastructure","opened_year":null,"updated_at":"2026-09-23","confidence":"low","import_source":"osm_overpass","external_id":"osm/node/6172732200","sources":[{"title":"OpenStreetMap / Overpass","url":"https://wiki.openstreetmap.org/wiki/Tag:telecom%3Ddata_center","accessed_at":"2026-09-23","note":"osm_id=6172732200"}]}},{"type":"Feature","geometry":{"type":"Point","coordinates":[4.4500355,50.8846232]},"properties":{"id":"dc_183","name":"Colt Telecom","type":"data_center","subtype":"colocation","operator":"Unknown","description_it":"Record da OpenStreetMap (tag data_center). Da validare con almeno una seconda fonte.","country":"FR","city":"n/d","status":"unknown","site_category":"infrastructure","opened_year":null,"updated_at":"2026-09-23","confidence":"low","import_source":"osm_overpass","external_id":"osm/node/6215733985","sources":[{"title":"OpenStreetMap / Overpass","url":"https://wiki.openstreetmap.org/wiki/Tag:telecom%3Ddata_center","accessed_at":"2026-09-23","note":"osm_id=6215733985"}]}},{"type":"Feature","geometry":{"type":"Point","coordinates":[4.7034029,52.3830373]},"properties":{"id":"dc_184","name":"CyrusOne Amsterdam I","type":"data_center","subtype":"hyperscale","operator":"CyrusOne","description_it":"Record da OpenStreetMap classificato come hyperscale (operatore cloud/campus). Da validare con una seconda fonte.","country":"NL","city":"Halfweg","status":"unknown","site_category":"infrastructure","opened_year":null,"updated_at":"2026-09-23","confidence":"low","import_source":"osm_overpass","external_id":"osm/node/7080092091","sources":[{"title":"OpenStreetMap / Overpass","url":"https://wiki.openstreetmap.org/wiki/Tag:telecom%3Ddata_center","accessed_at":"2026-09-23","note":"osm_id=7080092091"}]}},{"type":"Feature","geometry":{"type":"Point","coordinates":[3.5431852,50.3454868]},"properties":{"id":"dc_185","name":"Techcréa Solutions","type":"data_center","subtype":"colocation","operator":"Techcréa Solutions - First Heberg","description_it":"Record da OpenStreetMap (tag data_center). Da validare con almeno una seconda fonte.","country":"FR","city":"n/d","status":"unknown","site_category":"infrastructure","opened_year":null,"updated_at":"2026-09-23","confidence":"low","import_source":"osm_overpass","external_id":"osm/node/8048285522","sources":[{"title":"OpenStreetMap / Overpass","url":"https://wiki.openstreetmap.org/wiki/Tag:telecom%3Ddata_center","accessed_at":"2026-09-23","note":"osm_id=8048285522"}]}},{"type":"Feature","geometry":{"type":"Point","coordinates":[3.6102522,50.5281516]},"properties":{"id":"dc_186","name":"Microsoft Data Center","type":"data_center","subtype":"hyperscale","operator":"Microsoft","description_it":"Record da OpenStreetMap classificato come hyperscale (operatore cloud/campus). Da validare con una seconda fonte.","country":"FR","city":"n/d","status":"unknown","site_category":"infrastructure","opened_year":null,"updated_at":"2026-09-23","confidence":"low","import_source":"osm_overpass","external_id":"osm/node/8583885761","sources":[{"title":"OpenStreetMap / Overpass","url":"https://wiki.openstreetmap.org/wiki/Tag:telecom%3Ddata_center","accessed_at":"2026-09-23","note":"osm_id=8583885761"}]}},{"type":"Feature","geometry":{"type":"Point","coordinates":[3.0778549,50.6273024]},"properties":{"id":"dc_187","name":"Lille Boitelle","type":"data_center","subtype":"colocation","operator":"Orange","description_it":"Record da OpenStreetMap (tag data_center). Da validare con almeno una seconda fonte.","country":"FR","city":"n/d","status":"unknown","site_category":"infrastructure","opened_year":null,"updated_at":"2026-09-23","confidence":"low","import_source":"osm_overpass","external_id":"osm/node/8930909348","sources":[{"title":"OpenStreetMap / Overpass","url":"https://wiki.openstreetmap.org/wiki/Tag:telecom%3Ddata_center","accessed_at":"2026-09-23","note":"osm_id=8930909348"}]}},{"type":"Feature","geometry":{"type":"Point","coordinates":[4.4138297,51.9303858]},"properties":{"id":"dc_188","name":"databyte","type":"data_center","subtype":"colocation","operator":"Unknown","description_it":"Record da OpenStreetMap (tag data_center). Da validare con almeno una seconda fonte.","country":"NL","city":"n/d","status":"unknown","site_category":"infrastructure","opened_year":null,"updated_at":"2026-09-23","confidence":"low","import_source":"osm_overpass","external_id":"osm/node/9117956197","sources":[{"title":"OpenStreetMap / Overpass","url":"https://wiki.openstreetmap.org/wiki/Tag:telecom%3Ddata_center","accessed_at":"2026-09-23","note":"osm_id=9117956197"}]}},{"type":"Feature","geometry":{"type":"Point","coordinates":[6.8667225,51.187765]},"properties":{"id":"dc_189","name":"Digital Reality DUS2","type":"data_center","subtype":"colocation","operator":"Digital Realty","description_it":"Record da OpenStreetMap (tag data_center). Da validare con almeno una seconda fonte.","country":"FR","city":"Düsseldorf","status":"unknown","site_category":"infrastructure","opened_year":null,"updated_at":"2026-09-23","confidence":"low","import_source":"osm_overpass","external_id":"osm/node/9258436545","sources":[{"title":"OpenStreetMap / Overpass","url":"https://wiki.openstreetmap.org/wiki/Tag:telecom%3Ddata_center","accessed_at":"2026-09-23","note":"osm_id=9258436545"}]}},{"type":"Feature","geometry":{"type":"Point","coordinates":[5.3531355,51.6916708]},"properties":{"id":"dc_190","name":"Interconnect Den Bosch","type":"data_center","subtype":"colocation","operator":"Interconnect","description_it":"Record da OpenStreetMap (tag data_center). Da validare con almeno una seconda fonte.","country":"NL","city":"'s-Hertogenbosch","status":"unknown","site_category":"infrastructure","opened_year":null,"updated_at":"2026-09-23","confidence":"low","import_source":"osm_overpass","external_id":"osm/node/9779775293","sources":[{"title":"OpenStreetMap / Overpass","url":"https://wiki.openstreetmap.org/wiki/Tag:telecom%3Ddata_center","accessed_at":"2026-09-23","note":"osm_id=9779775293"}]}},{"type":"Feature","geometry":{"type":"Point","coordinates":[4.2504118,50.7068026]},"properties":{"id":"dc_191","name":"FoxNetwork","type":"data_center","subtype":"colocation","operator":"Louis Beke","description_it":"Record da OpenStreetMap (tag data_center). Da validare con almeno una seconda fonte.","country":"FR","city":"n/d","status":"unknown","site_category":"infrastructure","opened_year":null,"updated_at":"2026-09-23","confidence":"low","import_source":"osm_overpass","external_id":"osm/node/10607054827","sources":[{"title":"OpenStreetMap / Overpass","url":"https://wiki.openstreetmap.org/wiki/Tag:telecom%3Ddata_center","accessed_at":"2026-09-23","note":"osm_id=10607054827"}]}},{"type":"Feature","geometry":{"type":"Point","coordinates":[4.787339,52.2928738]},"properties":{"id":"dc_192","name":"NorthC Datacenter Oude Meer","type":"data_center","subtype":"colocation","operator":"NorthC","description_it":"Record da OpenStreetMap (tag data_center). Da validare con almeno una seconda fonte.","country":"NL","city":"Oude Meer","status":"unknown","site_category":"infrastructure","opened_year":null,"updated_at":"2026-09-23","confidence":"low","import_source":"osm_overpass","external_id":"osm/node/11386475042","sources":[{"title":"OpenStreetMap / Overpass","url":"https://wiki.openstreetmap.org/wiki/Tag:telecom%3Ddata_center","accessed_at":"2026-09-23","note":"osm_id=11386475042"}]}},{"type":"Feature","geometry":{"type":"Point","coordinates":[5.4063534,51.4759482]},"properties":{"id":"dc_193","name":"NorthC Datacenter Eindhoven 2","type":"data_center","subtype":"colocation","operator":"Unknown","description_it":"Record da OpenStreetMap (tag data_center). Da validare con almeno una seconda fonte.","country":"NL","city":"Eindhoven","status":"unknown","site_category":"infrastructure","opened_year":null,"updated_at":"2026-09-23","confidence":"low","import_source":"osm_overpass","external_id":"osm/node/11426879977","sources":[{"title":"OpenStreetMap / Overpass","url":"https://wiki.openstreetmap.org/wiki/Tag:telecom%3Ddata_center","accessed_at":"2026-09-23","note":"osm_id=11426879977"}]}},{"type":"Feature","geometry":{"type":"Point","coordinates":[4.503209,50.8736118]},"properties":{"id":"dc_194","name":"Digital Realty Brussels BRU4 Datacenter","type":"data_center","subtype":"colocation","operator":"Digital Realty","description_it":"Record da OpenStreetMap (tag data_center). Da validare con almeno una seconda fonte.","country":"FR","city":"n/d","status":"unknown","site_category":"infrastructure","opened_year":null,"updated_at":"2026-09-23","confidence":"low","import_source":"osm_overpass","external_id":"osm/node/12214044389","sources":[{"title":"OpenStreetMap / Overpass","url":"https://wiki.openstreetmap.org/wiki/Tag:telecom%3Ddata_center","accessed_at":"2026-09-23","note":"osm_id=12214044389"}]}},{"type":"Feature","geometry":{"type":"Point","coordinates":[3.7678917,50.986992]},"properties":{"id":"dc_195","name":"Interoute","type":"data_center","subtype":"colocation","operator":"Unknown","description_it":"Record da OpenStreetMap (tag data_center). Da validare con almeno una seconda fonte.","country":"FR","city":"n/d","status":"unknown","site_category":"infrastructure","opened_year":null,"updated_at":"2026-09-23","confidence":"low","import_source":"osm_overpass","external_id":"osm/node/12458675570","sources":[{"title":"OpenStreetMap / Overpass","url":"https://wiki.openstreetmap.org/wiki/Tag:telecom%3Ddata_center","accessed_at":"2026-09-23","note":"osm_id=12458675570"}]}},{"type":"Feature","geometry":{"type":"Point","coordinates":[4.9331725,52.3372041]},"properties":{"id":"dc_196","name":"Equinix AM6","type":"data_center","subtype":"colocation","operator":"Equinix","description_it":"Record da OpenStreetMap (tag data_center). Da validare con almeno una seconda fonte.","country":"NL","city":"Amsterdam","status":"unknown","site_category":"infrastructure","opened_year":null,"updated_at":"2026-09-23","confidence":"low","import_source":"osm_overpass","external_id":"osm/node/12569285672","sources":[{"title":"OpenStreetMap / Overpass","url":"https://wiki.openstreetmap.org/wiki/Tag:telecom%3Ddata_center","accessed_at":"2026-09-23","note":"osm_id=12569285672"}]}},{"type":"Feature","geometry":{"type":"Point","coordinates":[4.4804266,51.0169611]},"properties":{"id":"dc_197","name":"DC Mechelen","type":"data_center","subtype":"colocation","operator":"Datacenter United","description_it":"Record da OpenStreetMap (tag data_center). Da validare con almeno una seconda fonte.","country":"FR","city":"n/d","status":"unknown","site_category":"infrastructure","opened_year":null,"updated_at":"2026-09-23","confidence":"low","import_source":"osm_overpass","external_id":"osm/node/12633325927","sources":[{"title":"OpenStreetMap / Overpass","url":"https://wiki.openstreetmap.org/wiki/Tag:telecom%3Ddata_center","accessed_at":"2026-09-23","note":"osm_id=12633325927"}]}},{"type":"Feature","geometry":{"type":"Point","coordinates":[4.3993907,51.2640809]},"properties":{"id":"dc_198","name":"DC Flanders","type":"data_center","subtype":"colocation","operator":"Datacenter United","description_it":"Record da OpenStreetMap (tag data_center). Da validare con almeno una seconda fonte.","country":"NL","city":"n/d","status":"unknown","site_category":"infrastructure","opened_year":null,"updated_at":"2026-09-23","confidence":"low","import_source":"osm_overpass","external_id":"osm/node/12637347290","sources":[{"title":"OpenStreetMap / Overpass","url":"https://wiki.openstreetmap.org/wiki/Tag:telecom%3Ddata_center","accessed_at":"2026-09-23","note":"osm_id=12637347290"}]}},{"type":"Feature","geometry":{"type":"Point","coordinates":[4.4316182,51.9233099]},"properties":{"id":"dc_199","name":"Smart DC","type":"data_center","subtype":"colocation","operator":"Unknown","description_it":"Record da OpenStreetMap (tag data_center). Da validare con almeno una seconda fonte.","country":"NL","city":"Rotterdam","status":"unknown","site_category":"infrastructure","opened_year":null,"updated_at":"2026-09-23","confidence":"low","import_source":"osm_overpass","external_id":"osm/node/12673711984","sources":[{"title":"OpenStreetMap / Overpass","url":"https://wiki.openstreetmap.org/wiki/Tag:telecom%3Ddata_center","accessed_at":"2026-09-23","note":"osm_id=12673711984"}]}},{"type":"Feature","geometry":{"type":"Point","coordinates":[6.2001568,52.717803]},"properties":{"id":"dc_200","name":"Kolo NL2 Meppel","type":"data_center","subtype":"colocation","operator":"Kolo","description_it":"Record da OpenStreetMap (tag data_center). Da validare con almeno una seconda fonte.","country":"DE","city":"Meppel","status":"unknown","site_category":"infrastructure","opened_year":null,"updated_at":"2026-09-23","confidence":"low","import_source":"osm_overpass","external_id":"osm/node/13278797608","sources":[{"title":"OpenStreetMap / Overpass","url":"https://wiki.openstreetmap.org/wiki/Tag:telecom%3Ddata_center","accessed_at":"2026-09-23","note":"osm_id=13278797608"}]}},{"type":"Feature","geometry":{"type":"Point","coordinates":[4.3939608,50.8798027]},"properties":{"id":"dc_201","name":"DC Evere","type":"data_center","subtype":"colocation","operator":"Datacenter United","description_it":"Record da OpenStreetMap (tag data_center). Da validare con almeno una seconda fonte.","country":"FR","city":"n/d","status":"unknown","site_category":"infrastructure","opened_year":null,"updated_at":"2026-09-23","confidence":"low","import_source":"osm_overpass","external_id":"osm/node/13320005875","sources":[{"title":"OpenStreetMap / Overpass","url":"https://wiki.openstreetmap.org/wiki/Tag:telecom%3Ddata_center","accessed_at":"2026-09-23","note":"osm_id=13320005875"}]}},{"type":"Feature","geometry":{"type":"Point","coordinates":[4.447824,51.9529987]},"properties":{"id":"dc_202","name":"NorthC Rotterdam Zestienhoven 1&2","type":"data_center","subtype":"colocation","operator":"NorthC","description_it":"Record da OpenStreetMap (tag data_center). Da validare con almeno una seconda fonte.","country":"NL","city":"Rotterdam","status":"unknown","site_category":"infrastructure","opened_year":null,"updated_at":"2026-09-23","confidence":"low","import_source":"osm_overpass","external_id":"osm/node/13574615961","sources":[{"title":"OpenStreetMap / Overpass","url":"https://wiki.openstreetmap.org/wiki/Tag:telecom%3Ddata_center","accessed_at":"2026-09-23","note":"osm_id=13574615961"}]}},{"type":"Feature","geometry":{"type":"Point","coordinates":[5.1047843,52.0183545]},"properties":{"id":"dc_203","name":"NorthC Nieuwegein","type":"data_center","subtype":"colocation","operator":"NorthC","description_it":"Record da OpenStreetMap (tag data_center). Da validare con almeno una seconda fonte.","country":"NL","city":"Nieuwegein","status":"unknown","site_category":"infrastructure","opened_year":null,"updated_at":"2026-09-23","confidence":"low","import_source":"osm_overpass","external_id":"osm/node/13574644223","sources":[{"title":"OpenStreetMap / Overpass","url":"https://wiki.openstreetmap.org/wiki/Tag:telecom%3Ddata_center","accessed_at":"2026-09-23","note":"osm_id=13574644223"}]}},{"type":"Feature","geometry":{"type":"Point","coordinates":[4.4144685,51.2631453]},"properties":{"id":"dc_204","name":"DC Antwerp","type":"data_center","subtype":"colocation","operator":"Datacenter United","description_it":"Record da OpenStreetMap (tag data_center). Da validare con almeno una seconda fonte.","country":"NL","city":"n/d","status":"unknown","site_category":"infrastructure","opened_year":null,"updated_at":"2026-09-23","confidence":"low","import_source":"osm_overpass","external_id":"osm/node/13614915734","sources":[{"title":"OpenStreetMap / Overpass","url":"https://wiki.openstreetmap.org/wiki/Tag:telecom%3Ddata_center","accessed_at":"2026-09-23","note":"osm_id=13614915734"}]}},{"type":"Feature","geometry":{"type":"Point","coordinates":[5.971892,50.8917748]},"properties":{"id":"dc_205","name":"Smartdc Heerlen","type":"data_center","subtype":"colocation","operator":"Smartdc","description_it":"Record da OpenStreetMap (tag data_center). Da validare con almeno una seconda fonte.","country":"FR","city":"Heerlen","status":"unknown","site_category":"infrastructure","opened_year":null,"updated_at":"2026-09-23","confidence":"low","import_source":"osm_overpass","external_id":"osm/node/14125021341","sources":[{"title":"OpenStreetMap / Overpass","url":"https://wiki.openstreetmap.org/wiki/Tag:telecom%3Ddata_center","accessed_at":"2026-09-23","note":"osm_id=14125021341"}]}},{"type":"Feature","geometry":{"type":"Point","coordinates":[4.4761099,50.8705973]},"properties":{"id":"dc_206","name":"Digital Realty Brussels BRU1","type":"data_center","subtype":"colocation","operator":"Digital Realty","description_it":"Record da OpenStreetMap (tag data_center). Da validare con almeno una seconda fonte.","country":"FR","city":"Zaventem","status":"unknown","site_category":"infrastructure","opened_year":null,"updated_at":"2026-09-23","confidence":"low","import_source":"osm_overpass","external_id":"osm/way/29448766","sources":[{"title":"OpenStreetMap / Overpass","url":"https://wiki.openstreetmap.org/wiki/Tag:telecom%3Ddata_center","accessed_at":"2026-09-23","note":"osm_id=29448766"}]}},{"type":"Feature","geometry":{"type":"Point","coordinates":[4.4230602,50.9116267]},"properties":{"id":"dc_207","name":"DC Machelen","type":"data_center","subtype":"colocation","operator":"Datacenter United","description_it":"Record da OpenStreetMap (tag data_center). Da validare con almeno una seconda fonte.","country":"FR","city":"n/d","status":"unknown","site_category":"infrastructure","opened_year":null,"updated_at":"2026-09-23","confidence":"low","import_source":"osm_overpass","external_id":"osm/way/35130174","sources":[{"title":"OpenStreetMap / Overpass","url":"https://wiki.openstreetmap.org/wiki/Tag:telecom%3Ddata_center","accessed_at":"2026-09-23","note":"osm_id=35130174"}]}},{"type":"Feature","geometry":{"type":"Point","coordinates":[3.0883822,50.6228611]},"properties":{"id":"dc_208","name":"Datacenter SNCF RESARAIL","type":"data_center","subtype":"colocation","operator":"SNCF","description_it":"Record da OpenStreetMap (tag data_center). Da validare con almeno una seconda fonte.","country":"FR","city":"n/d","status":"unknown","site_category":"infrastructure","opened_year":null,"updated_at":"2026-09-23","confidence":"low","import_source":"osm_overpass","external_id":"osm/way/37697561","sources":[{"title":"OpenStreetMap / Overpass","url":"https://wiki.openstreetmap.org/wiki/Tag:telecom%3Ddata_center","accessed_at":"2026-09-23","note":"osm_id=37697561"}]}},{"type":"Feature","geometry":{"type":"Point","coordinates":[3.2001207,50.6926966]},"properties":{"id":"dc_209","name":"OVHcloud Roubaix - RBX1","type":"data_center","subtype":"colocation","operator":"OVHcloud","description_it":"Record da OpenStreetMap (tag data_center). Da validare con almeno una seconda fonte.","country":"FR","city":"n/d","status":"unknown","site_category":"infrastructure","opened_year":null,"updated_at":"2026-09-23","confidence":"low","import_source":"osm_overpass","external_id":"osm/way/38354559","sources":[{"title":"OpenStreetMap / Overpass","url":"https://wiki.openstreetmap.org/wiki/Tag:telecom%3Ddata_center","accessed_at":"2026-09-23","note":"osm_id=38354559"}]}},{"type":"Feature","geometry":{"type":"Point","coordinates":[3.1036122,50.6147187]},"properties":{"id":"dc_210","name":"Comarch Data Center","type":"data_center","subtype":"colocation","operator":"Comarch ICT","description_it":"Record da OpenStreetMap (tag data_center). Da validare con almeno una seconda fonte.","country":"FR","city":"n/d","status":"unknown","site_category":"infrastructure","opened_year":null,"updated_at":"2026-09-23","confidence":"low","import_source":"osm_overpass","external_id":"osm/way/80330028","sources":[{"title":"OpenStreetMap / Overpass","url":"https://wiki.openstreetmap.org/wiki/Tag:telecom%3Ddata_center","accessed_at":"2026-09-23","note":"osm_id=80330028"}]}},{"type":"Feature","geometry":{"type":"Point","coordinates":[3.0222936,50.6167873]},"properties":{"id":"dc_211","name":"Oxya Datacenter","type":"data_center","subtype":"colocation","operator":"Unknown","description_it":"Record da OpenStreetMap (tag data_center). Da validare con almeno una seconda fonte.","country":"FR","city":"n/d","status":"unknown","site_category":"infrastructure","opened_year":null,"updated_at":"2026-09-23","confidence":"low","import_source":"osm_overpass","external_id":"osm/way/81727062","sources":[{"title":"OpenStreetMap / Overpass","url":"https://wiki.openstreetmap.org/wiki/Tag:telecom%3Ddata_center","accessed_at":"2026-09-23","note":"osm_id=81727062"}]}},{"type":"Feature","geometry":{"type":"Point","coordinates":[3.0904063,50.637671]},"properties":{"id":"dc_212","name":"Cogent Lille","type":"data_center","subtype":"colocation","operator":"Cogent","description_it":"Record da OpenStreetMap (tag data_center). Da validare con almeno una seconda fonte.","country":"FR","city":"n/d","status":"unknown","site_category":"infrastructure","opened_year":null,"updated_at":"2026-09-23","confidence":"low","import_source":"osm_overpass","external_id":"osm/way/84942310","sources":[{"title":"OpenStreetMap / Overpass","url":"https://wiki.openstreetmap.org/wiki/Tag:telecom%3Ddata_center","accessed_at":"2026-09-23","note":"osm_id=84942310"}]}},{"type":"Feature","geometry":{"type":"Point","coordinates":[4.4968534,51.0181592]},"properties":{"id":"dc_213","name":"Alphacloud Datacenter","type":"data_center","subtype":"colocation","operator":"Infrabel NV","description_it":"Record da OpenStreetMap (tag data_center). Da validare con almeno una seconda fonte.","country":"FR","city":"n/d","status":"unknown","site_category":"infrastructure","opened_year":null,"updated_at":"2026-09-23","confidence":"low","import_source":"osm_overpass","external_id":"osm/way/85508743","sources":[{"title":"OpenStreetMap / Overpass","url":"https://wiki.openstreetmap.org/wiki/Tag:telecom%3Ddata_center","accessed_at":"2026-09-23","note":"osm_id=85508743"}]}},{"type":"Feature","geometry":{"type":"Point","coordinates":[5.030272,52.7774634]},"properties":{"id":"dc_214","name":"Microsoft Datacenter","type":"data_center","subtype":"hyperscale","operator":"Microsoft","description_it":"Record da OpenStreetMap classificato come hyperscale (operatore cloud/campus). Da validare con una seconda fonte.","country":"NL","city":"n/d","status":"unknown","site_category":"infrastructure","opened_year":null,"updated_at":"2026-09-23","confidence":"low","import_source":"osm_overpass","external_id":"osm/way/90326566","sources":[{"title":"OpenStreetMap / Overpass","url":"https://wiki.openstreetmap.org/wiki/Tag:telecom%3Ddata_center","accessed_at":"2026-09-23","note":"osm_id=90326566"}]}},{"type":"Feature","geometry":{"type":"Point","coordinates":[3.8644622,50.4676714]},"properties":{"id":"dc_215","name":"Google Data Center","type":"data_center","subtype":"hyperscale","operator":"Google","description_it":"Record da OpenStreetMap classificato come hyperscale (operatore cloud/campus). Da validare con una seconda fonte.","country":"FR","city":"n/d","status":"unknown","site_category":"infrastructure","opened_year":null,"updated_at":"2026-09-23","confidence":"low","import_source":"osm_overpass","external_id":"osm/way/106054206","sources":[{"title":"OpenStreetMap / Overpass","url":"https://wiki.openstreetmap.org/wiki/Tag:telecom%3Ddata_center","accessed_at":"2026-09-23","note":"osm_id=106054206"}]}},{"type":"Feature","geometry":{"type":"Point","coordinates":[6.0567845,50.7901741]},"properties":{"id":"dc_216","name":"Euregiocenter","type":"data_center","subtype":"colocation","operator":"Unknown","description_it":"Record da OpenStreetMap (tag data_center). Da validare con almeno una seconda fonte.","country":"DE","city":"Aachen","status":"unknown","site_category":"infrastructure","opened_year":null,"updated_at":"2026-09-23","confidence":"low","import_source":"osm_overpass","external_id":"osm/way/111627511","sources":[{"title":"OpenStreetMap / Overpass","url":"https://wiki.openstreetmap.org/wiki/Tag:telecom%3Ddata_center","accessed_at":"2026-09-23","note":"osm_id=111627511"}]}},{"type":"Feature","geometry":{"type":"Point","coordinates":[3.0307579,50.5651944]},"properties":{"id":"dc_217","name":"Datacenter IBM","type":"data_center","subtype":"colocation","operator":"IBM","description_it":"Record da OpenStreetMap (tag data_center). Da validare con almeno una seconda fonte.","country":"FR","city":"Seclin","status":"unknown","site_category":"infrastructure","opened_year":null,"updated_at":"2026-09-23","confidence":"low","import_source":"osm_overpass","external_id":"osm/way/125557451","sources":[{"title":"OpenStreetMap / Overpass","url":"https://wiki.openstreetmap.org/wiki/Tag:telecom%3Ddata_center","accessed_at":"2026-09-23","note":"osm_id=125557451"}]}},{"type":"Feature","geometry":{"type":"Point","coordinates":[3.0402855,50.566913]},"properties":{"id":"dc_218","name":"Worldline Dassault","type":"data_center","subtype":"colocation","operator":"Worldline","description_it":"Record da OpenStreetMap (tag data_center). Da validare con almeno una seconda fonte.","country":"FR","city":"n/d","status":"unknown","site_category":"infrastructure","opened_year":null,"updated_at":"2026-09-23","confidence":"low","import_source":"osm_overpass","external_id":"osm/way/125563590","sources":[{"title":"OpenStreetMap / Overpass","url":"https://wiki.openstreetmap.org/wiki/Tag:telecom%3Ddata_center","accessed_at":"2026-09-23","note":"osm_id=125563590"}]}},{"type":"Feature","geometry":{"type":"Point","coordinates":[3.017136,50.6776255]},"properties":{"id":"dc_219","name":"SM4","type":"data_center","subtype":"colocation","operator":"Euro Information","description_it":"Record da OpenStreetMap (tag data_center). Da validare con almeno una seconda fonte.","country":"FR","city":"n/d","status":"unknown","site_category":"infrastructure","opened_year":null,"updated_at":"2026-09-23","confidence":"low","import_source":"osm_overpass","external_id":"osm/way/126666046","sources":[{"title":"OpenStreetMap / Overpass","url":"https://wiki.openstreetmap.org/wiki/Tag:telecom%3Ddata_center","accessed_at":"2026-09-23","note":"osm_id=126666046"}]}},{"type":"Feature","geometry":{"type":"Point","coordinates":[3.2361754,51.1666577]},"properties":{"id":"dc_220","name":"Datacenter Oostkamp","type":"data_center","subtype":"colocation","operator":"Data Center United","description_it":"Record da OpenStreetMap (tag data_center). Da validare con almeno una seconda fonte.","country":"FR","city":"Oostkamp","status":"unknown","site_category":"infrastructure","opened_year":null,"updated_at":"2026-09-23","confidence":"low","import_source":"osm_overpass","external_id":"osm/way/139586790","sources":[{"title":"OpenStreetMap / Overpass","url":"https://wiki.openstreetmap.org/wiki/Tag:telecom%3Ddata_center","accessed_at":"2026-09-23","note":"osm_id=139586790"}]}},{"type":"Feature","geometry":{"type":"Point","coordinates":[3.7122626,51.0237295]},"properties":{"id":"dc_221","name":"S10","type":"data_center","subtype":"colocation","operator":"Unknown","description_it":"Record da OpenStreetMap (tag data_center). Da validare con almeno una seconda fonte.","country":"FR","city":"n/d","status":"unknown","site_category":"infrastructure","opened_year":null,"updated_at":"2026-09-23","confidence":"low","import_source":"osm_overpass","external_id":"osm/way/146194151","sources":[{"title":"OpenStreetMap / Overpass","url":"https://wiki.openstreetmap.org/wiki/Tag:telecom%3Ddata_center","accessed_at":"2026-09-23","note":"osm_id=146194151"}]}},{"type":"Feature","geometry":{"type":"Point","coordinates":[3.2287644,50.7521783]},"properties":{"id":"dc_222","name":"DC Moeskroen","type":"data_center","subtype":"colocation","operator":"Datacenter United","description_it":"Record da OpenStreetMap (tag data_center). Da validare con almeno una seconda fonte.","country":"FR","city":"n/d","status":"unknown","site_category":"infrastructure","opened_year":null,"updated_at":"2026-09-23","confidence":"low","import_source":"osm_overpass","external_id":"osm/way/148845282","sources":[{"title":"OpenStreetMap / Overpass","url":"https://wiki.openstreetmap.org/wiki/Tag:telecom%3Ddata_center","accessed_at":"2026-09-23","note":"osm_id=148845282"}]}},{"type":"Feature","geometry":{"type":"Point","coordinates":[4.3834852,50.8147964]},"properties":{"id":"dc_223","name":"O","type":"data_center","subtype":"colocation","operator":"Unknown","description_it":"Record da OpenStreetMap (tag data_center). Da validare con almeno una seconda fonte.","country":"FR","city":"n/d","status":"unknown","site_category":"infrastructure","opened_year":null,"updated_at":"2026-09-23","confidence":"low","import_source":"osm_overpass","external_id":"osm/way/150278436","sources":[{"title":"OpenStreetMap / Overpass","url":"https://wiki.openstreetmap.org/wiki/Tag:telecom%3Ddata_center","accessed_at":"2026-09-23","note":"osm_id=150278436"}]}},{"type":"Feature","geometry":{"type":"Point","coordinates":[6.8069689,51.2198442]},"properties":{"id":"dc_224","name":"Equinix DU1","type":"data_center","subtype":"colocation","operator":"Equinix","description_it":"Record da OpenStreetMap (tag data_center). Da validare con almeno una seconda fonte.","country":"DE","city":"Düsseldorf","status":"unknown","site_category":"infrastructure","opened_year":null,"updated_at":"2026-09-23","confidence":"low","import_source":"osm_overpass","external_id":"osm/way/150652357","sources":[{"title":"OpenStreetMap / Overpass","url":"https://wiki.openstreetmap.org/wiki/Tag:telecom%3Ddata_center","accessed_at":"2026-09-23","note":"osm_id=150652357"}]}},{"type":"Feature","geometry":{"type":"Point","coordinates":[6.1313927,50.7772688]},"properties":{"id":"dc_225","name":"EURaix","type":"data_center","subtype":"colocation","operator":"regioIT;synaix","description_it":"Record da OpenStreetMap (tag data_center). Da validare con almeno una seconda fonte.","country":"FR","city":"Aachen","status":"unknown","site_category":"infrastructure","opened_year":null,"updated_at":"2026-09-23","confidence":"low","import_source":"osm_overpass","external_id":"osm/way/164533894","sources":[{"title":"OpenStreetMap / Overpass","url":"https://wiki.openstreetmap.org/wiki/Tag:telecom%3Ddata_center","accessed_at":"2026-09-23","note":"osm_id=164533894"}]}},{"type":"Feature","geometry":{"type":"Point","coordinates":[6.1132292,50.7964281]},"properties":{"id":"dc_226","name":"EURaix Evolution","type":"data_center","subtype":"colocation","operator":"regioIT","description_it":"Record da OpenStreetMap (tag data_center). Da validare con almeno una seconda fonte.","country":"FR","city":"n/d","status":"unknown","site_category":"infrastructure","opened_year":null,"updated_at":"2026-09-23","confidence":"low","import_source":"osm_overpass","external_id":"osm/way/192776581","sources":[{"title":"OpenStreetMap / Overpass","url":"https://wiki.openstreetmap.org/wiki/Tag:telecom%3Ddata_center","accessed_at":"2026-09-23","note":"osm_id=192776581"}]}},{"type":"Feature","geometry":{"type":"Point","coordinates":[6.0010851,52.2471963]},"properties":{"id":"dc_227","name":"Kolo NL3 Apeldoorn","type":"data_center","subtype":"colocation","operator":"Kolo","description_it":"Record da OpenStreetMap (tag data_center). Da validare con almeno una seconda fonte.","country":"DE","city":"Apeldoorn","status":"unknown","site_category":"infrastructure","opened_year":null,"updated_at":"2026-09-23","confidence":"low","import_source":"osm_overpass","external_id":"osm/way/262712514","sources":[{"title":"OpenStreetMap / Overpass","url":"https://wiki.openstreetmap.org/wiki/Tag:telecom%3Ddata_center","accessed_at":"2026-09-23","note":"osm_id=262712514"}]}},{"type":"Feature","geometry":{"type":"Point","coordinates":[5.2684487,52.3644733]},"properties":{"id":"dc_228","name":"NorthC Almere","type":"data_center","subtype":"colocation","operator":"NorthC","description_it":"Record da OpenStreetMap (tag data_center). Da validare con almeno una seconda fonte.","country":"NL","city":"n/d","status":"unknown","site_category":"infrastructure","opened_year":null,"updated_at":"2026-09-23","confidence":"low","import_source":"osm_overpass","external_id":"osm/way/263802879","sources":[{"title":"OpenStreetMap / Overpass","url":"https://wiki.openstreetmap.org/wiki/Tag:telecom%3Ddata_center","accessed_at":"2026-09-23","note":"osm_id=263802879"}]}},{"type":"Feature","geometry":{"type":"Point","coordinates":[5.0380432,52.7659608]},"properties":{"id":"dc_229","name":"AMS05","type":"data_center","subtype":"hyperscale","operator":"Microsoft","description_it":"Record da OpenStreetMap classificato come hyperscale (operatore cloud/campus). Da validare con una seconda fonte.","country":"NL","city":"Middenmeer","status":"unknown","site_category":"infrastructure","opened_year":null,"updated_at":"2026-09-23","confidence":"low","import_source":"osm_overpass","external_id":"osm/way/270720089","sources":[{"title":"OpenStreetMap / Overpass","url":"https://wiki.openstreetmap.org/wiki/Tag:telecom%3Ddata_center","accessed_at":"2026-09-23","note":"osm_id=270720089"}]}},{"type":"Feature","geometry":{"type":"Point","coordinates":[4.6791145,51.8459157]},"properties":{"id":"dc_230","name":"Eurofiber data center Rotterdam 1","type":"data_center","subtype":"colocation","operator":"Eurofiber","description_it":"Record da OpenStreetMap (tag data_center). Da validare con almeno una seconda fonte.","country":"NL","city":"Alblasserdam","status":"unknown","site_category":"infrastructure","opened_year":null,"updated_at":"2026-09-23","confidence":"low","import_source":"osm_overpass","external_id":"osm/way/280129257","sources":[{"title":"OpenStreetMap / Overpass","url":"https://wiki.openstreetmap.org/wiki/Tag:telecom%3Ddata_center","accessed_at":"2026-09-23","note":"osm_id=280129257"}]}},{"type":"Feature","geometry":{"type":"Point","coordinates":[7.0201052,50.9759462]},"properties":{"id":"dc_231","name":"Surfplanet GmbH","type":"data_center","subtype":"colocation","operator":"Surfplanet GmbH","description_it":"Record da OpenStreetMap (tag data_center). Da validare con almeno una seconda fonte.","country":"FR","city":"Köln","status":"unknown","site_category":"infrastructure","opened_year":null,"updated_at":"2026-09-23","confidence":"low","import_source":"osm_overpass","external_id":"osm/way/350345599","sources":[{"title":"OpenStreetMap / Overpass","url":"https://wiki.openstreetmap.org/wiki/Tag:telecom%3Ddata_center","accessed_at":"2026-09-23","note":"osm_id=350345599"}]}},{"type":"Feature","geometry":{"type":"Point","coordinates":[3.6833851,51.0270888]},"properties":{"id":"dc_232","name":"Datacenter Gent","type":"data_center","subtype":"colocation","operator":"Datacenter United","description_it":"Record da OpenStreetMap (tag data_center). Da validare con almeno una seconda fonte.","country":"FR","city":"n/d","status":"unknown","site_category":"infrastructure","opened_year":null,"updated_at":"2026-09-23","confidence":"low","import_source":"osm_overpass","external_id":"osm/way/368995283","sources":[{"title":"OpenStreetMap / Overpass","url":"https://wiki.openstreetmap.org/wiki/Tag:telecom%3Ddata_center","accessed_at":"2026-09-23","note":"osm_id=368995283"}]}},{"type":"Feature","geometry":{"type":"Point","coordinates":[4.3469995,51.2110778]},"properties":{"id":"dc_233","name":"Datacenter Burcht","type":"data_center","subtype":"colocation","operator":"Datacenter United / DCstar nv","description_it":"Record da OpenStreetMap (tag data_center). Da validare con almeno una seconda fonte.","country":"NL","city":"n/d","status":"unknown","site_category":"infrastructure","opened_year":null,"updated_at":"2026-09-23","confidence":"low","import_source":"osm_overpass","external_id":"osm/way/389875923","sources":[{"title":"OpenStreetMap / Overpass","url":"https://wiki.openstreetmap.org/wiki/Tag:telecom%3Ddata_center","accessed_at":"2026-09-23","note":"osm_id=389875923"}]}},{"type":"Feature","geometry":{"type":"Point","coordinates":[6.8581118,53.4375007]},"properties":{"id":"dc_234","name":"QTS Eemshaven Netherlands Data Center","type":"data_center","subtype":"colocation","operator":"Quality Technology Services","description_it":"Record da OpenStreetMap (tag data_center). Da validare con almeno una seconda fonte.","country":"DE","city":"Eemshaven","status":"unknown","site_category":"infrastructure","opened_year":null,"updated_at":"2026-09-23","confidence":"low","import_source":"osm_overpass","external_id":"osm/way/455499803","sources":[{"title":"OpenStreetMap / Overpass","url":"https://wiki.openstreetmap.org/wiki/Tag:telecom%3Ddata_center","accessed_at":"2026-09-23","note":"osm_id=455499803"}]}},{"type":"Feature","geometry":{"type":"Point","coordinates":[4.4854128,51.0360523]},"properties":{"id":"dc_235","name":"Telenet servergebouw","type":"data_center","subtype":"colocation","operator":"Telenet Group NV","description_it":"Record da OpenStreetMap (tag data_center). Da validare con almeno una seconda fonte.","country":"FR","city":"n/d","status":"unknown","site_category":"infrastructure","opened_year":null,"updated_at":"2026-09-23","confidence":"low","import_source":"osm_overpass","external_id":"osm/way/517078437","sources":[{"title":"OpenStreetMap / Overpass","url":"https://wiki.openstreetmap.org/wiki/Tag:telecom%3Ddata_center","accessed_at":"2026-09-23","note":"osm_id=517078437"}]}},{"type":"Feature","geometry":{"type":"Point","coordinates":[6.4514777,51.1942495]},"properties":{"id":"dc_236","name":"Rechenzentrum Hartmann GmbH & Co. KG","type":"data_center","subtype":"colocation","operator":"Unknown","description_it":"Record da OpenStreetMap (tag data_center). Da validare con almeno una seconda fonte.","country":"FR","city":"n/d","status":"unknown","site_category":"infrastructure","opened_year":null,"updated_at":"2026-09-23","confidence":"low","import_source":"osm_overpass","external_id":"osm/way/543967654","sources":[{"title":"OpenStreetMap / Overpass","url":"https://wiki.openstreetmap.org/wiki/Tag:telecom%3Ddata_center","accessed_at":"2026-09-23","note":"osm_id=543967654"}]}},{"type":"Feature","geometry":{"type":"Point","coordinates":[5.0368965,52.7614475]},"properties":{"id":"dc_237","name":"AMS07","type":"data_center","subtype":"hyperscale","operator":"Microsoft","description_it":"Record da OpenStreetMap classificato come hyperscale (operatore cloud/campus). Da validare con una seconda fonte.","country":"NL","city":"n/d","status":"unknown","site_category":"infrastructure","opened_year":null,"updated_at":"2026-09-23","confidence":"low","import_source":"osm_overpass","external_id":"osm/way/583963691","sources":[{"title":"OpenStreetMap / Overpass","url":"https://wiki.openstreetmap.org/wiki/Tag:telecom%3Ddata_center","accessed_at":"2026-09-23","note":"osm_id=583963691"}]}},{"type":"Feature","geometry":{"type":"Point","coordinates":[6.5273147,53.2446695]},"properties":{"id":"dc_238","name":"Bytesnet d'ROOT","type":"data_center","subtype":"colocation","operator":"Bytesnet","description_it":"Record da OpenStreetMap (tag data_center). Da validare con almeno una seconda fonte.","country":"DE","city":"n/d","status":"unknown","site_category":"infrastructure","opened_year":null,"updated_at":"2026-09-23","confidence":"low","import_source":"osm_overpass","external_id":"osm/way/588634808","sources":[{"title":"OpenStreetMap / Overpass","url":"https://wiki.openstreetmap.org/wiki/Tag:telecom%3Ddata_center","accessed_at":"2026-09-23","note":"osm_id=588634808"}]}},{"type":"Feature","geometry":{"type":"Point","coordinates":[3.5220762,50.3782966]},"properties":{"id":"dc_239","name":"CIV Anzin","type":"data_center","subtype":"colocation","operator":"Unknown","description_it":"Record da OpenStreetMap (tag data_center). Da validare con almeno una seconda fonte.","country":"FR","city":"Anzin","status":"unknown","site_category":"infrastructure","opened_year":null,"updated_at":"2026-09-23","confidence":"low","import_source":"osm_overpass","external_id":"osm/way/600607931","sources":[{"title":"OpenStreetMap / Overpass","url":"https://wiki.openstreetmap.org/wiki/Tag:telecom%3Ddata_center","accessed_at":"2026-09-23","note":"osm_id=600607931"}]}},{"type":"Feature","geometry":{"type":"Point","coordinates":[7.418276,51.5350346]},"properties":{"id":"dc_240","name":"RZ5 Dortmund-Huckarde","type":"data_center","subtype":"colocation","operator":"DOKOM Gesellschaft für Telekommunikation mbH","description_it":"Record da OpenStreetMap (tag data_center). Da validare con almeno una seconda fonte.","country":"DE","city":"Dortmund","status":"unknown","site_category":"infrastructure","opened_year":null,"updated_at":"2026-09-23","confidence":"low","import_source":"osm_overpass","external_id":"osm/way/660060853","sources":[{"title":"OpenStreetMap / Overpass","url":"https://wiki.openstreetmap.org/wiki/Tag:telecom%3Ddata_center","accessed_at":"2026-09-23","note":"osm_id=660060853"}]}},{"type":"Feature","geometry":{"type":"Point","coordinates":[3.136475,50.5840927]},"properties":{"id":"dc_241","name":"CIV Sainghin-en-Mélantois","type":"data_center","subtype":"colocation","operator":"Unknown","description_it":"Record da OpenStreetMap (tag data_center). Da validare con almeno una seconda fonte.","country":"FR","city":"Sainghin-en-Mélantois","status":"unknown","site_category":"infrastructure","opened_year":null,"updated_at":"2026-09-23","confidence":"low","import_source":"osm_overpass","external_id":"osm/way/667259766","sources":[{"title":"OpenStreetMap / Overpass","url":"https://wiki.openstreetmap.org/wiki/Tag:telecom%3Ddata_center","accessed_at":"2026-09-23","note":"osm_id=667259766"}]}},{"type":"Feature","geometry":{"type":"Point","coordinates":[4.3049817,51.5874676]},"properties":{"id":"dc_242","name":"Eurofiber data center NL South-West 2","type":"data_center","subtype":"colocation","operator":"Eurofiber","description_it":"Record da OpenStreetMap (tag data_center). Da validare con almeno una seconda fonte.","country":"NL","city":"Steenbergen","status":"unknown","site_category":"infrastructure","opened_year":null,"updated_at":"2026-09-23","confidence":"low","import_source":"osm_overpass","external_id":"osm/way/700952519","sources":[{"title":"OpenStreetMap / Overpass","url":"https://wiki.openstreetmap.org/wiki/Tag:telecom%3Ddata_center","accessed_at":"2026-09-23","note":"osm_id=700952519"}]}},{"type":"Feature","geometry":{"type":"Point","coordinates":[6.1426449,52.4885081]},"properties":{"id":"dc_243","name":"Equinix Zwolle ZW1","type":"data_center","subtype":"colocation","operator":"Equinix","description_it":"Record da OpenStreetMap (tag data_center). Da validare con almeno una seconda fonte.","country":"DE","city":"Zwolle","status":"unknown","site_category":"infrastructure","opened_year":null,"updated_at":"2026-09-23","confidence":"low","import_source":"osm_overpass","external_id":"osm/way/700957200","sources":[{"title":"OpenStreetMap / Overpass","url":"https://wiki.openstreetmap.org/wiki/Tag:telecom%3Ddata_center","accessed_at":"2026-09-23","note":"osm_id=700957200"}]}},{"type":"Feature","geometry":{"type":"Point","coordinates":[4.037555,50.9134559]},"properties":{"id":"dc_244","name":"LCL Datacenter (DataCloud)","type":"data_center","subtype":"colocation","operator":"Unknown","description_it":"Record da OpenStreetMap (tag data_center). Da validare con almeno una seconda fonte.","country":"FR","city":"Erembodegem","status":"unknown","site_category":"infrastructure","opened_year":null,"updated_at":"2026-09-23","confidence":"low","import_source":"osm_overpass","external_id":"osm/way/741838106","sources":[{"title":"OpenStreetMap / Overpass","url":"https://wiki.openstreetmap.org/wiki/Tag:telecom%3Ddata_center","accessed_at":"2026-09-23","note":"osm_id=741838106"}]}},{"type":"Feature","geometry":{"type":"Point","coordinates":[5.304837,50.9317954]},"properties":{"id":"dc_245","name":"DC Hasselt 1","type":"data_center","subtype":"colocation","operator":"Datacenter United","description_it":"Record da OpenStreetMap (tag data_center). Da validare con almeno una seconda fonte.","country":"FR","city":"n/d","status":"unknown","site_category":"infrastructure","opened_year":null,"updated_at":"2026-09-23","confidence":"low","import_source":"osm_overpass","external_id":"osm/way/746200227","sources":[{"title":"OpenStreetMap / Overpass","url":"https://wiki.openstreetmap.org/wiki/Tag:telecom%3Ddata_center","accessed_at":"2026-09-23","note":"osm_id=746200227"}]}},{"type":"Feature","geometry":{"type":"Point","coordinates":[3.157916,50.6990539]},"properties":{"id":"dc_246","name":"Lille Etix #1","type":"data_center","subtype":"colocation","operator":"Unknown","description_it":"Record da OpenStreetMap (tag data_center). Da validare con almeno una seconda fonte.","country":"FR","city":"Roubaix","status":"unknown","site_category":"infrastructure","opened_year":null,"updated_at":"2026-09-23","confidence":"low","import_source":"osm_overpass","external_id":"osm/way/757483478","sources":[{"title":"OpenStreetMap / Overpass","url":"https://wiki.openstreetmap.org/wiki/Tag:telecom%3Ddata_center","accessed_at":"2026-09-23","note":"osm_id=757483478"}]}},{"type":"Feature","geometry":{"type":"Point","coordinates":[6.1350006,50.7835392]},"properties":{"id":"dc_247","name":"hex/AC","type":"data_center","subtype":"colocation","operator":"Unknown","description_it":"Record da OpenStreetMap (tag data_center). Da validare con almeno una seconda fonte.","country":"FR","city":"n/d","status":"unknown","site_category":"infrastructure","opened_year":null,"updated_at":"2026-09-23","confidence":"low","import_source":"osm_overpass","external_id":"osm/way/769203416","sources":[{"title":"OpenStreetMap / Overpass","url":"https://wiki.openstreetmap.org/wiki/Tag:telecom%3Ddata_center","accessed_at":"2026-09-23","note":"osm_id=769203416"}]}},{"type":"Feature","geometry":{"type":"Point","coordinates":[4.4117186,50.8576103]},"properties":{"id":"dc_248","name":"Colt Evere","type":"data_center","subtype":"colocation","operator":"Colt Technology Services nv","description_it":"Record da OpenStreetMap (tag data_center). Da validare con almeno una seconda fonte.","country":"FR","city":"n/d","status":"unknown","site_category":"infrastructure","opened_year":null,"updated_at":"2026-09-23","confidence":"low","import_source":"osm_overpass","external_id":"osm/way/769969773","sources":[{"title":"OpenStreetMap / Overpass","url":"https://wiki.openstreetmap.org/wiki/Tag:telecom%3Ddata_center","accessed_at":"2026-09-23","note":"osm_id=769969773"}]}},{"type":"Feature","geometry":{"type":"Point","coordinates":[4.3353936,52.0382754]},"properties":{"id":"dc_249","name":"Overheidsdatacenter Rijswijk","type":"data_center","subtype":"colocation","operator":"SSC-ICT","description_it":"Record da OpenStreetMap (tag data_center). Da validare con almeno una seconda fonte.","country":"NL","city":"n/d","status":"unknown","site_category":"infrastructure","opened_year":null,"updated_at":"2026-09-23","confidence":"low","import_source":"osm_overpass","external_id":"osm/way/809428256","sources":[{"title":"OpenStreetMap / Overpass","url":"https://wiki.openstreetmap.org/wiki/Tag:telecom%3Ddata_center","accessed_at":"2026-09-23","note":"osm_id=809428256"}]}},{"type":"Feature","geometry":{"type":"Point","coordinates":[5.3636415,50.9383124]},"properties":{"id":"dc_250","name":"DC Hasselt 2","type":"data_center","subtype":"colocation","operator":"Datacenter United","description_it":"Record da OpenStreetMap (tag data_center). Da validare con almeno una seconda fonte.","country":"FR","city":"n/d","status":"unknown","site_category":"infrastructure","opened_year":null,"updated_at":"2026-09-23","confidence":"low","import_source":"osm_overpass","external_id":"osm/way/822844088","sources":[{"title":"OpenStreetMap / Overpass","url":"https://wiki.openstreetmap.org/wiki/Tag:telecom%3Ddata_center","accessed_at":"2026-09-23","note":"osm_id=822844088"}]}},{"type":"Feature","geometry":{"type":"Point","coordinates":[6.9387992,51.1912163]},"properties":{"id":"dc_251","name":"Datacenter One GmbH","type":"data_center","subtype":"colocation","operator":"AtlasEdge","description_it":"Record da OpenStreetMap (tag data_center). Da validare con almeno una seconda fonte.","country":"FR","city":"Hilden","status":"unknown","site_category":"infrastructure","opened_year":null,"updated_at":"2026-09-23","confidence":"low","import_source":"osm_overpass","external_id":"osm/way/881232573","sources":[{"title":"OpenStreetMap / Overpass","url":"https://wiki.openstreetmap.org/wiki/Tag:telecom%3Ddata_center","accessed_at":"2026-09-23","note":"osm_id=881232573"}]}},{"type":"Feature","geometry":{"type":"Point","coordinates":[4.8388868,52.3971464]},"properties":{"id":"dc_252","name":"Equinix AM8","type":"data_center","subtype":"colocation","operator":"Equinix","description_it":"Record da OpenStreetMap (tag data_center). Da validare con almeno una seconda fonte.","country":"NL","city":"Amsterdam","status":"unknown","site_category":"infrastructure","opened_year":null,"updated_at":"2026-09-23","confidence":"low","import_source":"osm_overpass","external_id":"osm/way/891596749","sources":[{"title":"OpenStreetMap / Overpass","url":"https://wiki.openstreetmap.org/wiki/Tag:telecom%3Ddata_center","accessed_at":"2026-09-23","note":"osm_id=891596749"}]}},{"type":"Feature","geometry":{"type":"Point","coordinates":[5.2617368,50.5806237]},"properties":{"id":"dc_253","name":"Wallonie Data Center (WDC)","type":"data_center","subtype":"colocation","operator":"Unknown","description_it":"Record da OpenStreetMap (tag data_center). Da validare con almeno una seconda fonte.","country":"FR","city":"n/d","status":"unknown","site_category":"infrastructure","opened_year":null,"updated_at":"2026-09-23","confidence":"low","import_source":"osm_overpass","external_id":"osm/way/913668923","sources":[{"title":"OpenStreetMap / Overpass","url":"https://wiki.openstreetmap.org/wiki/Tag:telecom%3Ddata_center","accessed_at":"2026-09-23","note":"osm_id=913668923"}]}},{"type":"Feature","geometry":{"type":"Point","coordinates":[6.8619157,53.4235227]},"properties":{"id":"dc_254","name":"Google Datacenter Eemshaven","type":"data_center","subtype":"hyperscale","operator":"Google","description_it":"Record da OpenStreetMap classificato come hyperscale (operatore cloud/campus). Da validare con una seconda fonte.","country":"DE","city":"n/d","status":"unknown","site_category":"infrastructure","opened_year":null,"updated_at":"2026-09-23","confidence":"low","import_source":"osm_overpass","external_id":"osm/way/956325143","sources":[{"title":"OpenStreetMap / Overpass","url":"https://wiki.openstreetmap.org/wiki/Tag:telecom%3Ddata_center","accessed_at":"2026-09-23","note":"osm_id=956325143"}]}},{"type":"Feature","geometry":{"type":"Point","coordinates":[7.0201524,51.058582]},"properties":{"id":"dc_255","name":"Datacenter One","type":"data_center","subtype":"colocation","operator":"Datacenter One NRW GmbH","description_it":"Record da OpenStreetMap (tag data_center). Da validare con almeno una seconda fonte.","country":"FR","city":"Leverkusen","status":"unknown","site_category":"infrastructure","opened_year":null,"updated_at":"2026-09-23","confidence":"low","import_source":"osm_overpass","external_id":"osm/way/1005216757","sources":[{"title":"OpenStreetMap / Overpass","url":"https://wiki.openstreetmap.org/wiki/Tag:telecom%3Ddata_center","accessed_at":"2026-09-23","note":"osm_id=1005216757"}]}},{"type":"Feature","geometry":{"type":"Point","coordinates":[6.4738988,53.2072953]},"properties":{"id":"dc_256","name":"NorthC Data center Groningen","type":"data_center","subtype":"colocation","operator":"Unknown","description_it":"Record da OpenStreetMap (tag data_center). Da validare con almeno una seconda fonte.","country":"DE","city":"n/d","status":"unknown","site_category":"infrastructure","opened_year":null,"updated_at":"2026-09-23","confidence":"low","import_source":"osm_overpass","external_id":"osm/way/1081886104","sources":[{"title":"OpenStreetMap / Overpass","url":"https://wiki.openstreetmap.org/wiki/Tag:telecom%3Ddata_center","accessed_at":"2026-09-23","note":"osm_id=1081886104"}]}},{"type":"Feature","geometry":{"type":"Point","coordinates":[5.0298505,52.7918902]},"properties":{"id":"dc_257","name":"Google Datacenter Middenmeer","type":"data_center","subtype":"hyperscale","operator":"Google","description_it":"Record da OpenStreetMap classificato come hyperscale (operatore cloud/campus). Da validare con una seconda fonte.","country":"NL","city":"n/d","status":"unknown","site_category":"infrastructure","opened_year":null,"updated_at":"2026-09-23","confidence":"low","import_source":"osm_overpass","external_id":"osm/way/1138948050","sources":[{"title":"OpenStreetMap / Overpass","url":"https://wiki.openstreetmap.org/wiki/Tag:telecom%3Ddata_center","accessed_at":"2026-09-23","note":"osm_id=1138948050"}]}},{"type":"Feature","geometry":{"type":"Point","coordinates":[4.4493181,51.875186]},"properties":{"id":"dc_258","name":"NorthC Datacenter Rotterdam Waalhaven","type":"data_center","subtype":"colocation","operator":"NorthC","description_it":"Record da OpenStreetMap (tag data_center). Da validare con almeno una seconda fonte.","country":"NL","city":"Rotterdam","status":"unknown","site_category":"infrastructure","opened_year":null,"updated_at":"2026-09-23","confidence":"low","import_source":"osm_overpass","external_id":"osm/way/1205462692","sources":[{"title":"OpenStreetMap / Overpass","url":"https://wiki.openstreetmap.org/wiki/Tag:telecom%3Ddata_center","accessed_at":"2026-09-23","note":"osm_id=1205462692"}]}},{"type":"Feature","geometry":{"type":"Point","coordinates":[4.9735975,52.3315093]},"properties":{"id":"dc_259","name":"Switch Datacenters AMS4","type":"data_center","subtype":"colocation","operator":"Switch Datacenters","description_it":"Record da OpenStreetMap (tag data_center). Da validare con almeno una seconda fonte.","country":"NL","city":"n/d","status":"unknown","site_category":"infrastructure","opened_year":null,"updated_at":"2026-09-23","confidence":"low","import_source":"osm_overpass","external_id":"osm/way/1235869010","sources":[{"title":"OpenStreetMap / Overpass","url":"https://wiki.openstreetmap.org/wiki/Tag:telecom%3Ddata_center","accessed_at":"2026-09-23","note":"osm_id=1235869010"}]}},{"type":"Feature","geometry":{"type":"Point","coordinates":[3.8634856,50.4615584]},"properties":{"id":"dc_260","name":"GBL5","type":"data_center","subtype":"colocation","operator":"Unknown","description_it":"Record da OpenStreetMap (tag data_center). Da validare con almeno una seconda fonte.","country":"FR","city":"n/d","status":"unknown","site_category":"infrastructure","opened_year":null,"updated_at":"2026-09-23","confidence":"low","import_source":"osm_overpass","external_id":"osm/way/1274071734","sources":[{"title":"OpenStreetMap / Overpass","url":"https://wiki.openstreetmap.org/wiki/Tag:telecom%3Ddata_center","accessed_at":"2026-09-23","note":"osm_id=1274071734"}]}},{"type":"Feature","geometry":{"type":"Point","coordinates":[3.8843796,51.4930861]},"properties":{"id":"dc_261","name":"DELTA Fiber","type":"data_center","subtype":"colocation","operator":"Unknown","description_it":"Record da OpenStreetMap (tag data_center). Da validare con almeno una seconda fonte.","country":"NL","city":"n/d","status":"unknown","site_category":"infrastructure","opened_year":null,"updated_at":"2026-09-23","confidence":"low","import_source":"osm_overpass","external_id":"osm/way/1309108236","sources":[{"title":"OpenStreetMap / Overpass","url":"https://wiki.openstreetmap.org/wiki/Tag:telecom%3Ddata_center","accessed_at":"2026-09-23","note":"osm_id=1309108236"}]}},{"type":"Feature","geometry":{"type":"Point","coordinates":[4.378441,51.1436275]},"properties":{"id":"dc_262","name":"Datacenter Base-Telenet","type":"data_center","subtype":"colocation","operator":"Telenet Group NV","description_it":"Record da OpenStreetMap (tag data_center). Da validare con almeno una seconda fonte.","country":"FR","city":"n/d","status":"unknown","site_category":"infrastructure","opened_year":null,"updated_at":"2026-09-23","confidence":"low","import_source":"osm_overpass","external_id":"osm/way/1341803989","sources":[{"title":"OpenStreetMap / Overpass","url":"https://wiki.openstreetmap.org/wiki/Tag:telecom%3Ddata_center","accessed_at":"2026-09-23","note":"osm_id=1341803989"}]}},{"type":"Feature","geometry":{"type":"Point","coordinates":[4.7169352,52.38466]},"properties":{"id":"dc_263","name":"Cogent Halfweg","type":"data_center","subtype":"colocation","operator":"Cogent","description_it":"Record da OpenStreetMap (tag data_center). Da validare con almeno una seconda fonte.","country":"NL","city":"Halfweg","status":"unknown","site_category":"infrastructure","opened_year":null,"updated_at":"2026-09-23","confidence":"low","import_source":"osm_overpass","external_id":"osm/way/1346509166","sources":[{"title":"OpenStreetMap / Overpass","url":"https://wiki.openstreetmap.org/wiki/Tag:telecom%3Ddata_center","accessed_at":"2026-09-23","note":"osm_id=1346509166"}]}},{"type":"Feature","geometry":{"type":"Point","coordinates":[4.6692506,52.3878721]},"properties":{"id":"dc_264","name":"KPN Haarlem","type":"data_center","subtype":"colocation","operator":"Unknown","description_it":"Record da OpenStreetMap (tag data_center). Da validare con almeno una seconda fonte.","country":"NL","city":"n/d","status":"unknown","site_category":"infrastructure","opened_year":null,"updated_at":"2026-09-23","confidence":"low","import_source":"osm_overpass","external_id":"osm/way/1346509227","sources":[{"title":"OpenStreetMap / Overpass","url":"https://wiki.openstreetmap.org/wiki/Tag:telecom%3Ddata_center","accessed_at":"2026-09-23","note":"osm_id=1346509227"}]}},{"type":"Feature","geometry":{"type":"Point","coordinates":[4.2889266,50.881954]},"properties":{"id":"dc_265","name":"Nexus Datacenter","type":"data_center","subtype":"colocation","operator":"VUB;UZ Brussel","description_it":"Record da OpenStreetMap (tag data_center). Da validare con almeno una seconda fonte.","country":"FR","city":"n/d","status":"unknown","site_category":"infrastructure","opened_year":null,"updated_at":"2026-09-23","confidence":"low","import_source":"osm_overpass","external_id":"osm/way/1364742301","sources":[{"title":"OpenStreetMap / Overpass","url":"https://wiki.openstreetmap.org/wiki/Tag:telecom%3Ddata_center","accessed_at":"2026-09-23","note":"osm_id=1364742301"}]}},{"type":"Feature","geometry":{"type":"Point","coordinates":[4.743901,52.2845046]},"properties":{"id":"dc_266","name":"NTT Amsterdam 1 Data Center","type":"data_center","subtype":"colocation","operator":"NTT Data","description_it":"Record da OpenStreetMap (tag data_center). Da validare con almeno una seconda fonte.","country":"NL","city":"n/d","status":"unknown","site_category":"infrastructure","opened_year":null,"updated_at":"2026-09-23","confidence":"low","import_source":"osm_overpass","external_id":"osm/way/1460732226","sources":[{"title":"OpenStreetMap / Overpass","url":"https://wiki.openstreetmap.org/wiki/Tag:telecom%3Ddata_center","accessed_at":"2026-09-23","note":"osm_id=1460732226"}]}},{"type":"Feature","geometry":{"type":"Point","coordinates":[4.8925688,52.0824688]},"properties":{"id":"dc_267","name":"Switch Datacenters AMS2","type":"data_center","subtype":"colocation","operator":"Switch","description_it":"Record da OpenStreetMap (tag data_center). Da validare con almeno una seconda fonte.","country":"NL","city":"n/d","status":"unknown","site_category":"infrastructure","opened_year":null,"updated_at":"2026-09-23","confidence":"low","import_source":"osm_overpass","external_id":"osm/way/1517230843","sources":[{"title":"OpenStreetMap / Overpass","url":"https://wiki.openstreetmap.org/wiki/Tag:telecom%3Ddata_center","accessed_at":"2026-09-23","note":"osm_id=1517230843"}]}},{"type":"Feature","geometry":{"type":"Point","coordinates":[4.5742864,50.4376473]},"properties":{"id":"dc_268","name":"Google Datacenter","type":"data_center","subtype":"hyperscale","operator":"Google","description_it":"Record da OpenStreetMap classificato come hyperscale (operatore cloud/campus). Da validare con una seconda fonte.","country":"FR","city":"n/d","status":"unknown","site_category":"infrastructure","opened_year":null,"updated_at":"2026-09-23","confidence":"low","import_source":"osm_overpass","external_id":"osm/way/1540030566","sources":[{"title":"OpenStreetMap / Overpass","url":"https://wiki.openstreetmap.org/wiki/Tag:telecom%3Ddata_center","accessed_at":"2026-09-23","note":"osm_id=1540030566"}]}},{"type":"Feature","geometry":{"type":"Point","coordinates":[5.1439845,52.1232374]},"properties":{"id":"dc_269","name":"Eurofiber data center Utrecht 1","type":"data_center","subtype":"colocation","operator":"Eurofiber","description_it":"Record da OpenStreetMap (tag data_center). Da validare con almeno una seconda fonte.","country":"NL","city":"n/d","status":"unknown","site_category":"infrastructure","opened_year":null,"updated_at":"2026-09-23","confidence":"low","import_source":"osm_overpass","external_id":"osm/relation/3945245","sources":[{"title":"OpenStreetMap / Overpass","url":"https://wiki.openstreetmap.org/wiki/Tag:telecom%3Ddata_center","accessed_at":"2026-09-23","note":"osm_id=3945245"}]}},{"type":"Feature","geometry":{"type":"Point","coordinates":[4.7175553,50.5031616]},"properties":{"id":"dc_270","name":"LCL Wallonia One","type":"data_center","subtype":"colocation","operator":"LCL","description_it":"Record da OpenStreetMap (tag data_center). Da validare con almeno una seconda fonte.","country":"FR","city":"n/d","status":"unknown","site_category":"infrastructure","opened_year":null,"updated_at":"2026-09-23","confidence":"low","import_source":"osm_overpass","external_id":"osm/relation/8012396","sources":[{"title":"OpenStreetMap / Overpass","url":"https://wiki.openstreetmap.org/wiki/Tag:telecom%3Ddata_center","accessed_at":"2026-09-23","note":"osm_id=8012396"}]}},{"type":"Feature","geometry":{"type":"Point","coordinates":[-9.0597574,53.2806944]},"properties":{"id":"dc_271","name":"ISS Data Centre South (DCS)","type":"data_center","subtype":"colocation","operator":"Unknown","description_it":"Record da OpenStreetMap (tag data_center). Da validare con almeno una seconda fonte.","country":"IE","city":"n/d","status":"unknown","site_category":"infrastructure","opened_year":null,"updated_at":"2026-09-23","confidence":"low","import_source":"osm_overpass","external_id":"osm/node/6696027683","sources":[{"title":"OpenStreetMap / Overpass","url":"https://wiki.openstreetmap.org/wiki/Tag:telecom%3Ddata_center","accessed_at":"2026-09-23","note":"osm_id=6696027683"}]}},{"type":"Feature","geometry":{"type":"Point","coordinates":[-6.2164411,53.4001437]},"properties":{"id":"dc_272","name":"Digital Realty DUB11","type":"data_center","subtype":"colocation","operator":"Digital Realty","description_it":"Record da OpenStreetMap (tag data_center). Da validare con almeno una seconda fonte.","country":"IE","city":"n/d","status":"unknown","site_category":"infrastructure","opened_year":null,"updated_at":"2026-09-23","confidence":"low","import_source":"osm_overpass","external_id":"osm/node/12760190386","sources":[{"title":"OpenStreetMap / Overpass","url":"https://wiki.openstreetmap.org/wiki/Tag:telecom%3Ddata_center","accessed_at":"2026-09-23","note":"osm_id=12760190386"}]}},{"type":"Feature","geometry":{"type":"Point","coordinates":[-5.9202218,54.6047075]},"properties":{"id":"dc_273","name":"Microsoft Ireland","type":"data_center","subtype":"hyperscale","operator":"Microsoft","description_it":"Record da OpenStreetMap classificato come hyperscale (operatore cloud/campus). Da validare con una seconda fonte.","country":"GB","city":"Belfast","status":"unknown","site_category":"infrastructure","opened_year":null,"updated_at":"2026-09-23","confidence":"low","import_source":"osm_overpass","external_id":"osm/node/13179027944","sources":[{"title":"OpenStreetMap / Overpass","url":"https://wiki.openstreetmap.org/wiki/Tag:telecom%3Ddata_center","accessed_at":"2026-09-23","note":"osm_id=13179027944"}]}},{"type":"Feature","geometry":{"type":"Point","coordinates":[-6.3705403,53.4122701]},"properties":{"id":"dc_274","name":"Digital Realty DUB10","type":"data_center","subtype":"colocation","operator":"Digital Realty","description_it":"Record da OpenStreetMap (tag data_center). Da validare con almeno una seconda fonte.","country":"IE","city":"n/d","status":"unknown","site_category":"infrastructure","opened_year":null,"updated_at":"2026-09-23","confidence":"low","import_source":"osm_overpass","external_id":"osm/way/4421159","sources":[{"title":"OpenStreetMap / Overpass","url":"https://wiki.openstreetmap.org/wiki/Tag:telecom%3Ddata_center","accessed_at":"2026-09-23","note":"osm_id=4421159"}]}},{"type":"Feature","geometry":{"type":"Point","coordinates":[-6.3625898,53.4039295]},"properties":{"id":"dc_275","name":"Amazon Web Services","type":"data_center","subtype":"hyperscale","operator":"Amazon Web Services","description_it":"Record da OpenStreetMap classificato come hyperscale (operatore cloud/campus). Da validare con una seconda fonte.","country":"IE","city":"n/d","status":"unknown","site_category":"infrastructure","opened_year":null,"updated_at":"2026-09-23","confidence":"low","import_source":"osm_overpass","external_id":"osm/way/28352291","sources":[{"title":"OpenStreetMap / Overpass","url":"https://wiki.openstreetmap.org/wiki/Tag:telecom%3Ddata_center","accessed_at":"2026-09-23","note":"osm_id=28352291"}]}},{"type":"Feature","geometry":{"type":"Point","coordinates":[-8.175627,51.9535089]},"properties":{"id":"dc_276","name":"Elfordstown Earthstation","type":"data_center","subtype":"colocation","operator":"National Space Centre Ltd","description_it":"Record da OpenStreetMap (tag data_center). Da validare con almeno una seconda fonte.","country":"IE","city":"n/d","status":"unknown","site_category":"infrastructure","opened_year":null,"updated_at":"2026-09-23","confidence":"low","import_source":"osm_overpass","external_id":"osm/way/34291029","sources":[{"title":"OpenStreetMap / Overpass","url":"https://wiki.openstreetmap.org/wiki/Tag:telecom%3Ddata_center","accessed_at":"2026-09-23","note":"osm_id=34291029"}]}},{"type":"Feature","geometry":{"type":"Point","coordinates":[-6.3498864,53.2938415]},"properties":{"id":"dc_277","name":"Amazon Web Services","type":"data_center","subtype":"hyperscale","operator":"Amazon Web Services","description_it":"Record da OpenStreetMap classificato come hyperscale (operatore cloud/campus). Da validare con una seconda fonte.","country":"IE","city":"n/d","status":"unknown","site_category":"infrastructure","opened_year":null,"updated_at":"2026-09-23","confidence":"low","import_source":"osm_overpass","external_id":"osm/way/37596447","sources":[{"title":"OpenStreetMap / Overpass","url":"https://wiki.openstreetmap.org/wiki/Tag:telecom%3Ddata_center","accessed_at":"2026-09-23","note":"osm_id=37596447"}]}},{"type":"Feature","geometry":{"type":"Point","coordinates":[-6.3668755,53.2950652]},"properties":{"id":"dc_278","name":"Amazon Web Services","type":"data_center","subtype":"hyperscale","operator":"Amazon Web Services","description_it":"Record da OpenStreetMap classificato come hyperscale (operatore cloud/campus). Da validare con una seconda fonte.","country":"IE","city":"n/d","status":"unknown","site_category":"infrastructure","opened_year":null,"updated_at":"2026-09-23","confidence":"low","import_source":"osm_overpass","external_id":"osm/way/37682585","sources":[{"title":"OpenStreetMap / Overpass","url":"https://wiki.openstreetmap.org/wiki/Tag:telecom%3Ddata_center","accessed_at":"2026-09-23","note":"osm_id=37682585"}]}},{"type":"Feature","geometry":{"type":"Point","coordinates":[-6.4542603,53.3248342]},"properties":{"id":"dc_279","name":"Microsoft DUB03 / DUB04","type":"data_center","subtype":"hyperscale","operator":"Microsoft","description_it":"Record da OpenStreetMap classificato come hyperscale (operatore cloud/campus). Da validare con una seconda fonte.","country":"IE","city":"n/d","status":"unknown","site_category":"infrastructure","opened_year":null,"updated_at":"2026-09-23","confidence":"low","import_source":"osm_overpass","external_id":"osm/way/438036943","sources":[{"title":"OpenStreetMap / Overpass","url":"https://wiki.openstreetmap.org/wiki/Tag:telecom%3Ddata_center","accessed_at":"2026-09-23","note":"osm_id=438036943"}]}},{"type":"Feature","geometry":{"type":"Point","coordinates":[-6.43792,53.3201727]},"properties":{"id":"dc_280","name":"Microsoft DSF","type":"data_center","subtype":"hyperscale","operator":"Microsoft","description_it":"Record da OpenStreetMap classificato come hyperscale (operatore cloud/campus). Da validare con una seconda fonte.","country":"IE","city":"n/d","status":"unknown","site_category":"infrastructure","opened_year":null,"updated_at":"2026-09-23","confidence":"low","import_source":"osm_overpass","external_id":"osm/way/590813740","sources":[{"title":"OpenStreetMap / Overpass","url":"https://wiki.openstreetmap.org/wiki/Tag:telecom%3Ddata_center","accessed_at":"2026-09-23","note":"osm_id=590813740"}]}},{"type":"Feature","geometry":{"type":"Point","coordinates":[-6.4256899,53.419823]},"properties":{"id":"dc_281","name":"Meta Clonee 3 Data Center","type":"data_center","subtype":"hyperscale","operator":"Meta","description_it":"Record da OpenStreetMap classificato come hyperscale (operatore cloud/campus). Da validare con una seconda fonte.","country":"IE","city":"n/d","status":"unknown","site_category":"infrastructure","opened_year":null,"updated_at":"2026-09-23","confidence":"low","import_source":"osm_overpass","external_id":"osm/way/683115027","sources":[{"title":"OpenStreetMap / Overpass","url":"https://wiki.openstreetmap.org/wiki/Tag:telecom%3Ddata_center","accessed_at":"2026-09-23","note":"osm_id=683115027"}]}},{"type":"Feature","geometry":{"type":"Point","coordinates":[-6.3624157,53.3311196]},"properties":{"id":"dc_282","name":"Digital Realty DUB2","type":"data_center","subtype":"colocation","operator":"Digital Realty","description_it":"Record da OpenStreetMap (tag data_center). Da validare con almeno una seconda fonte.","country":"IE","city":"n/d","status":"unknown","site_category":"infrastructure","opened_year":null,"updated_at":"2026-09-23","confidence":"low","import_source":"osm_overpass","external_id":"osm/way/714007220","sources":[{"title":"OpenStreetMap / Overpass","url":"https://wiki.openstreetmap.org/wiki/Tag:telecom%3Ddata_center","accessed_at":"2026-09-23","note":"osm_id=714007220"}]}},{"type":"Feature","geometry":{"type":"Point","coordinates":[-6.6854646,55.1534408]},"properties":{"id":"dc_283","name":"Prescient Coleraine","type":"data_center","subtype":"colocation","operator":"Prescient Data Centres Limited","description_it":"Record da OpenStreetMap (tag data_center). Da validare con almeno una seconda fonte.","country":"GB","city":"Coleraine","status":"unknown","site_category":"infrastructure","opened_year":null,"updated_at":"2026-09-23","confidence":"low","import_source":"osm_overpass","external_id":"osm/way/813089664","sources":[{"title":"OpenStreetMap / Overpass","url":"https://wiki.openstreetmap.org/wiki/Tag:telecom%3Ddata_center","accessed_at":"2026-09-23","note":"osm_id=813089664"}]}},{"type":"Feature","geometry":{"type":"Point","coordinates":[-6.4457988,53.4181476]},"properties":{"id":"dc_284","name":"Meta Clonee 5 Data Center","type":"data_center","subtype":"hyperscale","operator":"Meta","description_it":"Record da OpenStreetMap classificato come hyperscale (operatore cloud/campus). Da validare con una seconda fonte.","country":"IE","city":"n/d","status":"unknown","site_category":"infrastructure","opened_year":null,"updated_at":"2026-09-23","confidence":"low","import_source":"osm_overpass","external_id":"osm/way/819286957","sources":[{"title":"OpenStreetMap / Overpass","url":"https://wiki.openstreetmap.org/wiki/Tag:telecom%3Ddata_center","accessed_at":"2026-09-23","note":"osm_id=819286957"}]}},{"type":"Feature","geometry":{"type":"Point","coordinates":[-6.3821708,53.4137576]},"properties":{"id":"dc_285","name":"Amazon Web Services","type":"data_center","subtype":"hyperscale","operator":"Amazon Web Services","description_it":"Record da OpenStreetMap classificato come hyperscale (operatore cloud/campus). Da validare con una seconda fonte.","country":"IE","city":"n/d","status":"unknown","site_category":"infrastructure","opened_year":null,"updated_at":"2026-09-23","confidence":"low","import_source":"osm_overpass","external_id":"osm/way/926894444","sources":[{"title":"OpenStreetMap / Overpass","url":"https://wiki.openstreetmap.org/wiki/Tag:telecom%3Ddata_center","accessed_at":"2026-09-23","note":"osm_id=926894444"}]}},{"type":"Feature","geometry":{"type":"Point","coordinates":[30.5778095,59.9117919]},"properties":{"id":"dc_286","name":"Дата-центр \"Вконтакте\"","type":"data_center","subtype":"colocation","operator":"Unknown","description_it":"Record da OpenStreetMap (tag data_center). Da validare con almeno una seconda fonte.","country":"FI","city":"n/d","status":"unknown","site_category":"infrastructure","opened_year":null,"updated_at":"2026-09-23","confidence":"low","import_source":"osm_overpass","external_id":"osm/node/1825748032","sources":[{"title":"OpenStreetMap / Overpass","url":"https://wiki.openstreetmap.org/wiki/Tag:telecom%3Ddata_center","accessed_at":"2026-09-23","note":"osm_id=1825748032"}]}},{"type":"Feature","geometry":{"type":"Point","coordinates":[30.3294225,59.886598]},"properties":{"id":"dc_287","name":"Selectel Tsvetochnaya 1","type":"data_center","subtype":"colocation","operator":"Selectel","description_it":"Record da OpenStreetMap (tag data_center). Da validare con almeno una seconda fonte.","country":"FI","city":"n/d","status":"unknown","site_category":"infrastructure","opened_year":null,"updated_at":"2026-09-23","confidence":"low","import_source":"osm_overpass","external_id":"osm/node/2639510695","sources":[{"title":"OpenStreetMap / Overpass","url":"https://wiki.openstreetmap.org/wiki/Tag:telecom%3Ddata_center","accessed_at":"2026-09-23","note":"osm_id=2639510695"}]}},{"type":"Feature","geometry":{"type":"Point","coordinates":[30.339517,59.9651794]},"properties":{"id":"dc_288","name":"Дата-центр Миран-1","type":"data_center","subtype":"colocation","operator":"Unknown","description_it":"Record da OpenStreetMap (tag data_center). Da validare con almeno una seconda fonte.","country":"FI","city":"n/d","status":"unknown","site_category":"infrastructure","opened_year":null,"updated_at":"2026-09-23","confidence":"low","import_source":"osm_overpass","external_id":"osm/node/2901990872","sources":[{"title":"OpenStreetMap / Overpass","url":"https://wiki.openstreetmap.org/wiki/Tag:telecom%3Ddata_center","accessed_at":"2026-09-23","note":"osm_id=2901990872"}]}},{"type":"Feature","geometry":{"type":"Point","coordinates":[13.1561776,55.7230316]},"properties":{"id":"dc_289","name":"Datacenter Lund, Alfa Laval","type":"data_center","subtype":"colocation","operator":"Unknown","description_it":"Record da OpenStreetMap (tag data_center). Da validare con almeno una seconda fonte.","country":"SE","city":"n/d","status":"unknown","site_category":"infrastructure","opened_year":null,"updated_at":"2026-09-23","confidence":"low","import_source":"osm_overpass","external_id":"osm/node/6175660085","sources":[{"title":"OpenStreetMap / Overpass","url":"https://wiki.openstreetmap.org/wiki/Tag:telecom%3Ddata_center","accessed_at":"2026-09-23","note":"osm_id=6175660085"}]}},{"type":"Feature","geometry":{"type":"Point","coordinates":[5.5983501,58.8601113]},"properties":{"id":"dc_290","name":"Maan Group","type":"data_center","subtype":"colocation","operator":"Privat","description_it":"Record da OpenStreetMap (tag data_center). Da validare con almeno una seconda fonte.","country":"NO","city":"n/d","status":"unknown","site_category":"infrastructure","opened_year":null,"updated_at":"2026-09-23","confidence":"low","import_source":"osm_overpass","external_id":"osm/node/7405586142","sources":[{"title":"OpenStreetMap / Overpass","url":"https://wiki.openstreetmap.org/wiki/Tag:telecom%3Ddata_center","accessed_at":"2026-09-23","note":"osm_id=7405586142"}]}},{"type":"Feature","geometry":{"type":"Point","coordinates":[23.7757098,61.4978961]},"properties":{"id":"dc_291","name":"The Deck","type":"data_center","subtype":"colocation","operator":"Ficolo","description_it":"Record da OpenStreetMap (tag data_center). Da validare con almeno una seconda fonte.","country":"SE","city":"n/d","status":"unknown","site_category":"infrastructure","opened_year":null,"updated_at":"2026-09-23","confidence":"low","import_source":"osm_overpass","external_id":"osm/node/8945351837","sources":[{"title":"OpenStreetMap / Overpass","url":"https://wiki.openstreetmap.org/wiki/Tag:telecom%3Ddata_center","accessed_at":"2026-09-23","note":"osm_id=8945351837"}]}},{"type":"Feature","geometry":{"type":"Point","coordinates":[12.0168006,57.7310133]},"properties":{"id":"dc_292","name":"Bunkerberget","type":"data_center","subtype":"colocation","operator":"Bahnhof","description_it":"Record da OpenStreetMap (tag data_center). Da validare con almeno una seconda fonte.","country":"SE","city":"Göteborg","status":"unknown","site_category":"infrastructure","opened_year":null,"updated_at":"2026-09-23","confidence":"low","import_source":"osm_overpass","external_id":"osm/node/8963538640","sources":[{"title":"OpenStreetMap / Overpass","url":"https://wiki.openstreetmap.org/wiki/Tag:telecom%3Ddata_center","accessed_at":"2026-09-23","note":"osm_id=8963538640"}]}},{"type":"Feature","geometry":{"type":"Point","coordinates":[27.659297,62.8941753]},"properties":{"id":"dc_293","name":"Easylinehost Finland Oy","type":"data_center","subtype":"colocation","operator":"Unknown","description_it":"Record da OpenStreetMap (tag data_center). Da validare con almeno una seconda fonte.","country":"FI","city":"Kuopio","status":"unknown","site_category":"infrastructure","opened_year":null,"updated_at":"2026-09-23","confidence":"low","import_source":"osm_overpass","external_id":"osm/node/9626439921","sources":[{"title":"OpenStreetMap / Overpass","url":"https://wiki.openstreetmap.org/wiki/Tag:telecom%3Ddata_center","accessed_at":"2026-09-23","note":"osm_id=9626439921"}]}},{"type":"Feature","geometry":{"type":"Point","coordinates":[23.7571952,61.3153159]},"properties":{"id":"dc_294","name":"Tietokettu","type":"data_center","subtype":"colocation","operator":"Tietokettu","description_it":"Record da OpenStreetMap (tag data_center). Da validare con almeno una seconda fonte.","country":"SE","city":"Lempäälä","status":"unknown","site_category":"infrastructure","opened_year":null,"updated_at":"2026-09-23","confidence":"low","import_source":"osm_overpass","external_id":"osm/node/9709502908","sources":[{"title":"OpenStreetMap / Overpass","url":"https://wiki.openstreetmap.org/wiki/Tag:telecom%3Ddata_center","accessed_at":"2026-09-23","note":"osm_id=9709502908"}]}},{"type":"Feature","geometry":{"type":"Point","coordinates":[27.6965056,64.2316353]},"properties":{"id":"dc_295","name":"CSC – IT Center for Science","type":"data_center","subtype":"colocation","operator":"CSC","description_it":"Record da OpenStreetMap (tag data_center). Da validare con almeno una seconda fonte.","country":"FI","city":"n/d","status":"unknown","site_category":"infrastructure","opened_year":null,"updated_at":"2026-09-23","confidence":"low","import_source":"osm_overpass","external_id":"osm/node/10648255815","sources":[{"title":"OpenStreetMap / Overpass","url":"https://wiki.openstreetmap.org/wiki/Tag:telecom%3Ddata_center","accessed_at":"2026-09-23","note":"osm_id=10648255815"}]}},{"type":"Feature","geometry":{"type":"Point","coordinates":[30.3282306,59.9788698]},"properties":{"id":"dc_296","name":"DataCenter Three Seven","type":"data_center","subtype":"colocation","operator":"Unknown","description_it":"Record da OpenStreetMap (tag data_center). Da validare con almeno una seconda fonte.","country":"FI","city":"n/d","status":"unknown","site_category":"infrastructure","opened_year":null,"updated_at":"2026-09-23","confidence":"low","import_source":"osm_overpass","external_id":"osm/node/11368507133","sources":[{"title":"OpenStreetMap / Overpass","url":"https://wiki.openstreetmap.org/wiki/Tag:telecom%3Ddata_center","accessed_at":"2026-09-23","note":"osm_id=11368507133"}]}},{"type":"Feature","geometry":{"type":"Point","coordinates":[8.773977,55.3453845]},"properties":{"id":"dc_297","name":"Ribe Hostingcenter","type":"data_center","subtype":"colocation","operator":"Ribe Mediehus","description_it":"Record da OpenStreetMap (tag data_center). Da validare con almeno una seconda fonte.","country":"DE","city":"n/d","status":"unknown","site_category":"infrastructure","opened_year":null,"updated_at":"2026-09-23","confidence":"low","import_source":"osm_overpass","external_id":"osm/node/11654525058","sources":[{"title":"OpenStreetMap / Overpass","url":"https://wiki.openstreetmap.org/wiki/Tag:telecom%3Ddata_center","accessed_at":"2026-09-23","note":"osm_id=11654525058"}]}},{"type":"Feature","geometry":{"type":"Point","coordinates":[18.0854733,59.3123499]},"properties":{"id":"dc_298","name":"Bahnhof Pionen","type":"data_center","subtype":"colocation","operator":"Unknown","description_it":"Record da OpenStreetMap (tag data_center). Da validare con almeno una seconda fonte.","country":"SE","city":"n/d","status":"unknown","site_category":"infrastructure","opened_year":null,"updated_at":"2026-09-23","confidence":"low","import_source":"osm_overpass","external_id":"osm/node/12079908266","sources":[{"title":"OpenStreetMap / Overpass","url":"https://wiki.openstreetmap.org/wiki/Tag:telecom%3Ddata_center","accessed_at":"2026-09-23","note":"osm_id=12079908266"}]}},{"type":"Feature","geometry":{"type":"Point","coordinates":[13.0378068,55.5983861]},"properties":{"id":"dc_299","name":"31173 Service DC Malmö","type":"data_center","subtype":"colocation","operator":"31173 Services AB","description_it":"Record da OpenStreetMap (tag data_center). Da validare con almeno una seconda fonte.","country":"SE","city":"n/d","status":"unknown","site_category":"infrastructure","opened_year":null,"updated_at":"2026-09-23","confidence":"low","import_source":"osm_overpass","external_id":"osm/node/12150334502","sources":[{"title":"OpenStreetMap / Overpass","url":"https://wiki.openstreetmap.org/wiki/Tag:telecom%3Ddata_center","accessed_at":"2026-09-23","note":"osm_id=12150334502"}]}},{"type":"Feature","geometry":{"type":"Point","coordinates":[9.6893635,62.5943994]},"properties":{"id":"dc_300","name":"VisBook AS","type":"data_center","subtype":"colocation","operator":"Unknown","description_it":"Record da OpenStreetMap (tag data_center). Da validare con almeno una seconda fonte.","country":"NO","city":"n/d","status":"unknown","site_category":"infrastructure","opened_year":null,"updated_at":"2026-09-23","confidence":"low","import_source":"osm_overpass","external_id":"osm/node/12158409495","sources":[{"title":"OpenStreetMap / Overpass","url":"https://wiki.openstreetmap.org/wiki/Tag:telecom%3Ddata_center","accessed_at":"2026-09-23","note":"osm_id=12158409495"}]}},{"type":"Feature","geometry":{"type":"Point","coordinates":[23.7562129,61.4939686]},"properties":{"id":"dc_301","name":"Elisa","type":"data_center","subtype":"colocation","operator":"Unknown","description_it":"Record da OpenStreetMap (tag data_center). Da validare con almeno una seconda fonte.","country":"SE","city":"Tampere","status":"unknown","site_category":"infrastructure","opened_year":null,"updated_at":"2026-09-23","confidence":"low","import_source":"osm_overpass","external_id":"osm/node/12167701341","sources":[{"title":"OpenStreetMap / Overpass","url":"https://wiki.openstreetmap.org/wiki/Tag:telecom%3Ddata_center","accessed_at":"2026-09-23","note":"osm_id=12167701341"}]}},{"type":"Feature","geometry":{"type":"Point","coordinates":[30.2839696,60.0323564]},"properties":{"id":"dc_302","name":"Linxdatacenter","type":"data_center","subtype":"colocation","operator":"Unknown","description_it":"Record da OpenStreetMap (tag data_center). Da validare con almeno una seconda fonte.","country":"FI","city":"n/d","status":"unknown","site_category":"infrastructure","opened_year":null,"updated_at":"2026-09-23","confidence":"low","import_source":"osm_overpass","external_id":"osm/node/13416882703","sources":[{"title":"OpenStreetMap / Overpass","url":"https://wiki.openstreetmap.org/wiki/Tag:telecom%3Ddata_center","accessed_at":"2026-09-23","note":"osm_id=13416882703"}]}},{"type":"Feature","geometry":{"type":"Point","coordinates":[24.9684122,60.1849597]},"properties":{"id":"dc_303","name":"Equinix Helsinki HE3","type":"data_center","subtype":"colocation","operator":"Equinix","description_it":"Record da OpenStreetMap (tag data_center). Da validare con almeno una seconda fonte.","country":"FI","city":"Helsinki","status":"unknown","site_category":"infrastructure","opened_year":null,"updated_at":"2026-09-23","confidence":"low","import_source":"osm_overpass","external_id":"osm/node/13416957557","sources":[{"title":"OpenStreetMap / Overpass","url":"https://wiki.openstreetmap.org/wiki/Tag:telecom%3Ddata_center","accessed_at":"2026-09-23","note":"osm_id=13416957557"}]}},{"type":"Feature","geometry":{"type":"Point","coordinates":[24.8381432,60.2839056]},"properties":{"id":"dc_304","name":"Equinix Helsinki HE4","type":"data_center","subtype":"colocation","operator":"Equinix","description_it":"Record da OpenStreetMap (tag data_center). Da validare con almeno una seconda fonte.","country":"FI","city":"Vantaa","status":"unknown","site_category":"infrastructure","opened_year":null,"updated_at":"2026-09-23","confidence":"low","import_source":"osm_overpass","external_id":"osm/node/13416964613","sources":[{"title":"OpenStreetMap / Overpass","url":"https://wiki.openstreetmap.org/wiki/Tag:telecom%3Ddata_center","accessed_at":"2026-09-23","note":"osm_id=13416964613"}]}},{"type":"Feature","geometry":{"type":"Point","coordinates":[12.4937965,56.9148192]},"properties":{"id":"dc_305","name":"Glesys","type":"data_center","subtype":"colocation","operator":"Glesys AB","description_it":"Record da OpenStreetMap (tag data_center). Da validare con almeno una seconda fonte.","country":"SE","city":"n/d","status":"unknown","site_category":"infrastructure","opened_year":null,"updated_at":"2026-09-23","confidence":"low","import_source":"osm_overpass","external_id":"osm/node/13996258080","sources":[{"title":"OpenStreetMap / Overpass","url":"https://wiki.openstreetmap.org/wiki/Tag:telecom%3Ddata_center","accessed_at":"2026-09-23","note":"osm_id=13996258080"}]}},{"type":"Feature","geometry":{"type":"Point","coordinates":[18.016814,59.2895561]},"properties":{"id":"dc_306","name":"Glesys","type":"data_center","subtype":"colocation","operator":"Glesys AB","description_it":"Record da OpenStreetMap (tag data_center). Da validare con almeno una seconda fonte.","country":"SE","city":"n/d","status":"unknown","site_category":"infrastructure","opened_year":null,"updated_at":"2026-09-23","confidence":"low","import_source":"osm_overpass","external_id":"osm/node/13996265466","sources":[{"title":"OpenStreetMap / Overpass","url":"https://wiki.openstreetmap.org/wiki/Tag:telecom%3Ddata_center","accessed_at":"2026-09-23","note":"osm_id=13996265466"}]}},{"type":"Feature","geometry":{"type":"Point","coordinates":[22.1323413,65.6121004]},"properties":{"id":"dc_307","name":"ICE Datacenter","type":"data_center","subtype":"colocation","operator":"RISE","description_it":"Record da OpenStreetMap (tag data_center). Da validare con almeno una seconda fonte.","country":"SE","city":"Luleå","status":"unknown","site_category":"infrastructure","opened_year":null,"updated_at":"2026-09-23","confidence":"low","import_source":"osm_overpass","external_id":"osm/node/14102567399","sources":[{"title":"OpenStreetMap / Overpass","url":"https://wiki.openstreetmap.org/wiki/Tag:telecom%3Ddata_center","accessed_at":"2026-09-23","note":"osm_id=14102567399"}]}},{"type":"Feature","geometry":{"type":"Point","coordinates":[10.1557782,56.1175792]},"properties":{"id":"dc_308","name":"Kolo DK4 Viby J.","type":"data_center","subtype":"colocation","operator":"Kolo","description_it":"Record da OpenStreetMap (tag data_center). Da validare con almeno una seconda fonte.","country":"DK","city":"n/d","status":"unknown","site_category":"infrastructure","opened_year":null,"updated_at":"2026-09-23","confidence":"low","import_source":"osm_overpass","external_id":"osm/node/14124891841","sources":[{"title":"OpenStreetMap / Overpass","url":"https://wiki.openstreetmap.org/wiki/Tag:telecom%3Ddata_center","accessed_at":"2026-09-23","note":"osm_id=14124891841"}]}},{"type":"Feature","geometry":{"type":"Point","coordinates":[12.535328,55.7052259]},"properties":{"id":"dc_309","name":"Kolo DK5 Copenhagen","type":"data_center","subtype":"colocation","operator":"Kolo","description_it":"Record da OpenStreetMap (tag data_center). Da validare con almeno una seconda fonte.","country":"SE","city":"n/d","status":"unknown","site_category":"infrastructure","opened_year":null,"updated_at":"2026-09-23","confidence":"low","import_source":"osm_overpass","external_id":"osm/node/14125189898","sources":[{"title":"OpenStreetMap / Overpass","url":"https://wiki.openstreetmap.org/wiki/Tag:telecom%3Ddata_center","accessed_at":"2026-09-23","note":"osm_id=14125189898"}]}},{"type":"Feature","geometry":{"type":"Point","coordinates":[30.35639,59.9149489]},"properties":{"id":"dc_310","name":"РетнНет","type":"data_center","subtype":"colocation","operator":"Unknown","description_it":"Record da OpenStreetMap (tag data_center). Da validare con almeno una seconda fonte.","country":"FI","city":"n/d","status":"unknown","site_category":"infrastructure","opened_year":null,"updated_at":"2026-09-23","confidence":"low","import_source":"osm_overpass","external_id":"osm/node/14159539782","sources":[{"title":"OpenStreetMap / Overpass","url":"https://wiki.openstreetmap.org/wiki/Tag:telecom%3Ddata_center","accessed_at":"2026-09-23","note":"osm_id=14159539782"}]}},{"type":"Feature","geometry":{"type":"Point","coordinates":[24.985589,60.2213724]},"properties":{"id":"dc_311","name":"Equinix Data Center HE5","type":"data_center","subtype":"colocation","operator":"Equinix","description_it":"Record da OpenStreetMap (tag data_center). Da validare con almeno una seconda fonte.","country":"FI","city":"Helsinki","status":"unknown","site_category":"infrastructure","opened_year":null,"updated_at":"2026-09-23","confidence":"low","import_source":"osm_overpass","external_id":"osm/way/13780142","sources":[{"title":"OpenStreetMap / Overpass","url":"https://wiki.openstreetmap.org/wiki/Tag:telecom%3Ddata_center","accessed_at":"2026-09-23","note":"osm_id=13780142"}]}},{"type":"Feature","geometry":{"type":"Point","coordinates":[12.3773691,55.7276398]},"properties":{"id":"dc_312","name":"Digital Realty Copenhagen CPH1","type":"data_center","subtype":"colocation","operator":"Digital Realty","description_it":"Record da OpenStreetMap (tag data_center). Da validare con almeno una seconda fonte.","country":"SE","city":"n/d","status":"unknown","site_category":"infrastructure","opened_year":null,"updated_at":"2026-09-23","confidence":"low","import_source":"osm_overpass","external_id":"osm/way/25629568","sources":[{"title":"OpenStreetMap / Overpass","url":"https://wiki.openstreetmap.org/wiki/Tag:telecom%3Ddata_center","accessed_at":"2026-09-23","note":"osm_id=25629568"}]}},{"type":"Feature","geometry":{"type":"Point","coordinates":[12.3677805,55.6677258]},"properties":{"id":"dc_313","name":"Adeo Datacenter ApS","type":"data_center","subtype":"colocation","operator":"Adeo Datacenter ApS","description_it":"Record da OpenStreetMap (tag data_center). Da validare con almeno una seconda fonte.","country":"SE","city":"n/d","status":"unknown","site_category":"infrastructure","opened_year":null,"updated_at":"2026-09-23","confidence":"low","import_source":"osm_overpass","external_id":"osm/way/25802546","sources":[{"title":"OpenStreetMap / Overpass","url":"https://wiki.openstreetmap.org/wiki/Tag:telecom%3Ddata_center","accessed_at":"2026-09-23","note":"osm_id=25802546"}]}},{"type":"Feature","geometry":{"type":"Point","coordinates":[25.1011556,60.3034332]},"properties":{"id":"dc_314","name":"Verne Global HELSINKI","type":"data_center","subtype":"colocation","operator":"Verne Global","description_it":"Record da OpenStreetMap (tag data_center). Da validare con almeno una seconda fonte.","country":"FI","city":"Vantaa","status":"unknown","site_category":"infrastructure","opened_year":null,"updated_at":"2026-09-23","confidence":"low","import_source":"osm_overpass","external_id":"osm/way/26933574","sources":[{"title":"OpenStreetMap / Overpass","url":"https://wiki.openstreetmap.org/wiki/Tag:telecom%3Ddata_center","accessed_at":"2026-09-23","note":"osm_id=26933574"}]}},{"type":"Feature","geometry":{"type":"Point","coordinates":[10.80956,59.9248238]},"properties":{"id":"dc_315","name":"Stack Infrastructure OSLO1A","type":"data_center","subtype":"hyperscale","operator":"Stack Infrastructure","description_it":"Record da OpenStreetMap classificato come hyperscale (operatore cloud/campus). Da validare con una seconda fonte.","country":"SE","city":"n/d","status":"unknown","site_category":"infrastructure","opened_year":null,"updated_at":"2026-09-23","confidence":"low","import_source":"osm_overpass","external_id":"osm/way/30724580","sources":[{"title":"OpenStreetMap / Overpass","url":"https://wiki.openstreetmap.org/wiki/Tag:telecom%3Ddata_center","accessed_at":"2026-09-23","note":"osm_id=30724580"}]}},{"type":"Feature","geometry":{"type":"Point","coordinates":[30.3991831,59.8983752]},"properties":{"id":"dc_316","name":"IMAQLIQ Data Center","type":"data_center","subtype":"colocation","operator":"Unknown","description_it":"Record da OpenStreetMap (tag data_center). Da validare con almeno una seconda fonte.","country":"FI","city":"Санкт-Петербург","status":"unknown","site_category":"infrastructure","opened_year":null,"updated_at":"2026-09-23","confidence":"low","import_source":"osm_overpass","external_id":"osm/way/38023264","sources":[{"title":"OpenStreetMap / Overpass","url":"https://wiki.openstreetmap.org/wiki/Tag:telecom%3Ddata_center","accessed_at":"2026-09-23","note":"osm_id=38023264"}]}},{"type":"Feature","geometry":{"type":"Point","coordinates":[10.8354705,59.9386955]},"properties":{"id":"dc_317","name":"Bulk Data Centers Oslo Internet Exchange","type":"data_center","subtype":"colocation","operator":"Unknown","description_it":"Record da OpenStreetMap (tag data_center). Da validare con almeno una seconda fonte.","country":"SE","city":"n/d","status":"unknown","site_category":"infrastructure","opened_year":null,"updated_at":"2026-09-23","confidence":"low","import_source":"osm_overpass","external_id":"osm/way/80871917","sources":[{"title":"OpenStreetMap / Overpass","url":"https://wiki.openstreetmap.org/wiki/Tag:telecom%3Ddata_center","accessed_at":"2026-09-23","note":"osm_id=80871917"}]}},{"type":"Feature","geometry":{"type":"Point","coordinates":[24.7785305,60.2031241]},"properties":{"id":"dc_318","name":"Equinix Data Center HE6","type":"data_center","subtype":"colocation","operator":"Equinix","description_it":"Record da OpenStreetMap (tag data_center). Da validare con almeno una seconda fonte.","country":"FI","city":"Espoo","status":"unknown","site_category":"infrastructure","opened_year":null,"updated_at":"2026-09-23","confidence":"low","import_source":"osm_overpass","external_id":"osm/way/96258618","sources":[{"title":"OpenStreetMap / Overpass","url":"https://wiki.openstreetmap.org/wiki/Tag:telecom%3Ddata_center","accessed_at":"2026-09-23","note":"osm_id=96258618"}]}},{"type":"Feature","geometry":{"type":"Point","coordinates":[30.9327013,59.8343917]},"properties":{"id":"dc_319","name":"ЦОД \"Дубровка-1\"","type":"data_center","subtype":"colocation","operator":"Selectel","description_it":"Record da OpenStreetMap (tag data_center). Da validare con almeno una seconda fonte.","country":"FI","city":"n/d","status":"unknown","site_category":"infrastructure","opened_year":null,"updated_at":"2026-09-23","confidence":"low","import_source":"osm_overpass","external_id":"osm/way/168582094","sources":[{"title":"OpenStreetMap / Overpass","url":"https://wiki.openstreetmap.org/wiki/Tag:telecom%3Ddata_center","accessed_at":"2026-09-23","note":"osm_id=168582094"}]}},{"type":"Feature","geometry":{"type":"Point","coordinates":[22.1162984,65.6165423]},"properties":{"id":"dc_320","name":"Metas datacenter i Luleå","type":"data_center","subtype":"hyperscale","operator":"Meta","description_it":"Record da OpenStreetMap classificato come hyperscale (operatore cloud/campus). Da validare con una seconda fonte.","country":"SE","city":"n/d","status":"unknown","site_category":"infrastructure","opened_year":null,"updated_at":"2026-09-23","confidence":"low","import_source":"osm_overpass","external_id":"osm/way/260883600","sources":[{"title":"OpenStreetMap / Overpass","url":"https://wiki.openstreetmap.org/wiki/Tag:telecom%3Ddata_center","accessed_at":"2026-09-23","note":"osm_id=260883600"}]}},{"type":"Feature","geometry":{"type":"Point","coordinates":[21.4227844,65.3364566]},"properties":{"id":"dc_321","name":"Kolo SE3 Piteå","type":"data_center","subtype":"colocation","operator":"Kolo","description_it":"Record da OpenStreetMap (tag data_center). Da validare con almeno una seconda fonte.","country":"SE","city":"n/d","status":"unknown","site_category":"infrastructure","opened_year":null,"updated_at":"2026-09-23","confidence":"low","import_source":"osm_overpass","external_id":"osm/way/322518504","sources":[{"title":"OpenStreetMap / Overpass","url":"https://wiki.openstreetmap.org/wiki/Tag:telecom%3Ddata_center","accessed_at":"2026-09-23","note":"osm_id=322518504"}]}},{"type":"Feature","geometry":{"type":"Point","coordinates":[27.1120349,60.5383277]},"properties":{"id":"dc_322","name":"LPP","type":"data_center","subtype":"hyperscale","operator":"Google","description_it":"Record da OpenStreetMap classificato come hyperscale (operatore cloud/campus). Da validare con una seconda fonte.","country":"FI","city":"Hamina","status":"unknown","site_category":"infrastructure","opened_year":null,"updated_at":"2026-09-23","confidence":"low","import_source":"osm_overpass","external_id":"osm/way/323686447","sources":[{"title":"OpenStreetMap / Overpass","url":"https://wiki.openstreetmap.org/wiki/Tag:telecom%3Ddata_center","accessed_at":"2026-09-23","note":"osm_id=323686447"}]}},{"type":"Feature","geometry":{"type":"Point","coordinates":[9.6531741,55.5579737]},"properties":{"id":"dc_323","name":"Google Data Center Fredericia","type":"data_center","subtype":"hyperscale","operator":"Google","description_it":"Record da OpenStreetMap classificato come hyperscale (operatore cloud/campus). Da validare con una seconda fonte.","country":"DK","city":"n/d","status":"unknown","site_category":"infrastructure","opened_year":null,"updated_at":"2026-09-23","confidence":"low","import_source":"osm_overpass","external_id":"osm/way/436766762","sources":[{"title":"OpenStreetMap / Overpass","url":"https://wiki.openstreetmap.org/wiki/Tag:telecom%3Ddata_center","accessed_at":"2026-09-23","note":"osm_id=436766762"}]}},{"type":"Feature","geometry":{"type":"Point","coordinates":[25.0312234,60.3422472]},"properties":{"id":"dc_324","name":"Hetzner data center - HEL1","type":"data_center","subtype":"colocation","operator":"Hetzner Finland Oy","description_it":"Record da OpenStreetMap (tag data_center). Da validare con almeno una seconda fonte.","country":"FI","city":"n/d","status":"unknown","site_category":"infrastructure","opened_year":null,"updated_at":"2026-09-23","confidence":"low","import_source":"osm_overpass","external_id":"osm/way/459879213","sources":[{"title":"OpenStreetMap / Overpass","url":"https://wiki.openstreetmap.org/wiki/Tag:telecom%3Ddata_center","accessed_at":"2026-09-23","note":"osm_id=459879213"}]}},{"type":"Feature","geometry":{"type":"Point","coordinates":[10.5007399,57.3186485]},"properties":{"id":"dc_325","name":"Prime Data Centers - Saeby Campus AAL01","type":"data_center","subtype":"colocation","operator":"Prime Data Centers","description_it":"Record da OpenStreetMap (tag data_center). Da validare con almeno una seconda fonte.","country":"SE","city":"n/d","status":"unknown","site_category":"infrastructure","opened_year":null,"updated_at":"2026-09-23","confidence":"low","import_source":"osm_overpass","external_id":"osm/way/618756435","sources":[{"title":"OpenStreetMap / Overpass","url":"https://wiki.openstreetmap.org/wiki/Tag:telecom%3Ddata_center","accessed_at":"2026-09-23","note":"osm_id=618756435"}]}},{"type":"Feature","geometry":{"type":"Point","coordinates":[24.8777166,60.2159146]},"properties":{"id":"dc_326","name":"Telia HDC","type":"data_center","subtype":"colocation","operator":"Telia Finland Oyj","description_it":"Record da OpenStreetMap (tag data_center). Da validare con almeno una seconda fonte.","country":"FI","city":"Helsinki","status":"unknown","site_category":"infrastructure","opened_year":null,"updated_at":"2026-09-23","confidence":"low","import_source":"osm_overpass","external_id":"osm/way/640329703","sources":[{"title":"OpenStreetMap / Overpass","url":"https://wiki.openstreetmap.org/wiki/Tag:telecom%3Ddata_center","accessed_at":"2026-09-23","note":"osm_id=640329703"}]}},{"type":"Feature","geometry":{"type":"Point","coordinates":[10.4850495,55.3667289]},"properties":{"id":"dc_327","name":"Meta Odense Data center","type":"data_center","subtype":"hyperscale","operator":"Meta","description_it":"Record da OpenStreetMap classificato come hyperscale (operatore cloud/campus). Da validare con una seconda fonte.","country":"DE","city":"n/d","status":"unknown","site_category":"infrastructure","opened_year":null,"updated_at":"2026-09-23","confidence":"low","import_source":"osm_overpass","external_id":"osm/way/648731568","sources":[{"title":"OpenStreetMap / Overpass","url":"https://wiki.openstreetmap.org/wiki/Tag:telecom%3Ddata_center","accessed_at":"2026-09-23","note":"osm_id=648731568"}]}},{"type":"Feature","geometry":{"type":"Point","coordinates":[18.1054187,59.263483]},"properties":{"id":"dc_328","name":"Equinix Stockholm SK2","type":"data_center","subtype":"colocation","operator":"Equinix","description_it":"Record da OpenStreetMap (tag data_center). Da validare con almeno una seconda fonte.","country":"SE","city":"Sköndal","status":"unknown","site_category":"infrastructure","opened_year":null,"updated_at":"2026-09-23","confidence":"low","import_source":"osm_overpass","external_id":"osm/way/701087312","sources":[{"title":"OpenStreetMap / Overpass","url":"https://wiki.openstreetmap.org/wiki/Tag:telecom%3Ddata_center","accessed_at":"2026-09-23","note":"osm_id=701087312"}]}},{"type":"Feature","geometry":{"type":"Point","coordinates":[16.5806648,59.6495077]},"properties":{"id":"dc_329","name":"AWS eu-north-1 Availability Zone V","type":"data_center","subtype":"hyperscale","operator":"Amazon Web Services","description_it":"Record da OpenStreetMap classificato come hyperscale (operatore cloud/campus). Da validare con una seconda fonte.","country":"SE","city":"n/d","status":"unknown","site_category":"infrastructure","opened_year":null,"updated_at":"2026-09-23","confidence":"low","import_source":"osm_overpass","external_id":"osm/way/721853421","sources":[{"title":"OpenStreetMap / Overpass","url":"https://wiki.openstreetmap.org/wiki/Tag:telecom%3Ddata_center","accessed_at":"2026-09-23","note":"osm_id=721853421"}]}},{"type":"Feature","geometry":{"type":"Point","coordinates":[15.6096897,60.6105558]},"properties":{"id":"dc_330","name":"EcoDataCenter","type":"data_center","subtype":"colocation","operator":"Unknown","description_it":"Record da OpenStreetMap (tag data_center). Da validare con almeno una seconda fonte.","country":"SE","city":"n/d","status":"unknown","site_category":"infrastructure","opened_year":null,"updated_at":"2026-09-23","confidence":"low","import_source":"osm_overpass","external_id":"osm/way/726566209","sources":[{"title":"OpenStreetMap / Overpass","url":"https://wiki.openstreetmap.org/wiki/Tag:telecom%3Ddata_center","accessed_at":"2026-09-23","note":"osm_id=726566209"}]}},{"type":"Feature","geometry":{"type":"Point","coordinates":[12.4169427,55.6935145]},"properties":{"id":"dc_331","name":"EIA1","type":"data_center","subtype":"colocation","operator":"Aeven","description_it":"Record da OpenStreetMap (tag data_center). Da validare con almeno una seconda fonte.","country":"SE","city":"n/d","status":"unknown","site_category":"infrastructure","opened_year":null,"updated_at":"2026-09-23","confidence":"low","import_source":"osm_overpass","external_id":"osm/way/759128175","sources":[{"title":"OpenStreetMap / Overpass","url":"https://wiki.openstreetmap.org/wiki/Tag:telecom%3Ddata_center","accessed_at":"2026-09-23","note":"osm_id=759128175"}]}},{"type":"Feature","geometry":{"type":"Point","coordinates":[8.4964645,55.5090275]},"properties":{"id":"dc_332","name":"Bulk Infrastructure DK01 Campus","type":"data_center","subtype":"colocation","operator":"Bulk Infrastructure","description_it":"Record da OpenStreetMap (tag data_center). Da validare con almeno una seconda fonte.","country":"DK","city":"n/d","status":"unknown","site_category":"infrastructure","opened_year":null,"updated_at":"2026-09-23","confidence":"low","import_source":"osm_overpass","external_id":"osm/way/809891622","sources":[{"title":"OpenStreetMap / Overpass","url":"https://wiki.openstreetmap.org/wiki/Tag:telecom%3Ddata_center","accessed_at":"2026-09-23","note":"osm_id=809891622"}]}},{"type":"Feature","geometry":{"type":"Point","coordinates":[25.2639589,60.6289278]},"properties":{"id":"dc_333","name":"Global DC OY","type":"data_center","subtype":"colocation","operator":"Yandex","description_it":"Record da OpenStreetMap (tag data_center). Da validare con almeno una seconda fonte.","country":"FI","city":"n/d","status":"unknown","site_category":"infrastructure","opened_year":null,"updated_at":"2026-09-23","confidence":"low","import_source":"osm_overpass","external_id":"osm/way/846760920","sources":[{"title":"OpenStreetMap / Overpass","url":"https://wiki.openstreetmap.org/wiki/Tag:telecom%3Ddata_center","accessed_at":"2026-09-23","note":"osm_id=846760920"}]}},{"type":"Feature","geometry":{"type":"Point","coordinates":[12.2770442,65.9765638]},"properties":{"id":"dc_334","name":"Signal","type":"data_center","subtype":"colocation","operator":"Unknown","description_it":"Record da OpenStreetMap (tag data_center). Da validare con almeno una seconda fonte.","country":"SE","city":"n/d","status":"unknown","site_category":"infrastructure","opened_year":null,"updated_at":"2026-09-23","confidence":"low","import_source":"osm_overpass","external_id":"osm/way/869898955","sources":[{"title":"OpenStreetMap / Overpass","url":"https://wiki.openstreetmap.org/wiki/Tag:telecom%3Ddata_center","accessed_at":"2026-09-23","note":"osm_id=869898955"}]}},{"type":"Feature","geometry":{"type":"Point","coordinates":[16.2351743,58.9964164]},"properties":{"id":"dc_335","name":"AWS eu-north-1 Availability Zone K","type":"data_center","subtype":"hyperscale","operator":"Amazon Web Services","description_it":"Record da OpenStreetMap classificato come hyperscale (operatore cloud/campus). Da validare con una seconda fonte.","country":"SE","city":"n/d","status":"unknown","site_category":"infrastructure","opened_year":null,"updated_at":"2026-09-23","confidence":"low","import_source":"osm_overpass","external_id":"osm/way/889389633","sources":[{"title":"OpenStreetMap / Overpass","url":"https://wiki.openstreetmap.org/wiki/Tag:telecom%3Ddata_center","accessed_at":"2026-09-23","note":"osm_id=889389633"}]}},{"type":"Feature","geometry":{"type":"Point","coordinates":[10.9924386,59.7588857]},"properties":{"id":"dc_336","name":"Green Mountain Ytre Enebakk","type":"data_center","subtype":"colocation","operator":"Unknown","description_it":"Record da OpenStreetMap (tag data_center). Da validare con almeno una seconda fonte.","country":"SE","city":"n/d","status":"unknown","site_category":"infrastructure","opened_year":null,"updated_at":"2026-09-23","confidence":"low","import_source":"osm_overpass","external_id":"osm/way/935092287","sources":[{"title":"OpenStreetMap / Overpass","url":"https://wiki.openstreetmap.org/wiki/Tag:telecom%3Ddata_center","accessed_at":"2026-09-23","note":"osm_id=935092287"}]}},{"type":"Feature","geometry":{"type":"Point","coordinates":[16.6917998,59.3583796]},"properties":{"id":"dc_337","name":"AWS eu-north-1 Availability Zone E","type":"data_center","subtype":"hyperscale","operator":"Amazon Web Services","description_it":"Record da OpenStreetMap classificato come hyperscale (operatore cloud/campus). Da validare con una seconda fonte.","country":"SE","city":"n/d","status":"unknown","site_category":"infrastructure","opened_year":null,"updated_at":"2026-09-23","confidence":"low","import_source":"osm_overpass","external_id":"osm/way/944875055","sources":[{"title":"OpenStreetMap / Overpass","url":"https://wiki.openstreetmap.org/wiki/Tag:telecom%3Ddata_center","accessed_at":"2026-09-23","note":"osm_id=944875055"}]}},{"type":"Feature","geometry":{"type":"Point","coordinates":[16.740775,60.6354865]},"properties":{"id":"dc_338","name":"Microsoft","type":"data_center","subtype":"hyperscale","operator":"Microsoft","description_it":"Record da OpenStreetMap classificato come hyperscale (operatore cloud/campus). Da validare con una seconda fonte.","country":"SE","city":"n/d","status":"unknown","site_category":"infrastructure","opened_year":null,"updated_at":"2026-09-23","confidence":"low","import_source":"osm_overpass","external_id":"osm/way/990586250","sources":[{"title":"OpenStreetMap / Overpass","url":"https://wiki.openstreetmap.org/wiki/Tag:telecom%3Ddata_center","accessed_at":"2026-09-23","note":"osm_id=990586250"}]}},{"type":"Feature","geometry":{"type":"Point","coordinates":[17.1344227,60.6286436]},"properties":{"id":"dc_339","name":"Microsoft","type":"data_center","subtype":"hyperscale","operator":"Microsoft","description_it":"Record da OpenStreetMap classificato come hyperscale (operatore cloud/campus). Da validare con una seconda fonte.","country":"SE","city":"n/d","status":"unknown","site_category":"infrastructure","opened_year":null,"updated_at":"2026-09-23","confidence":"low","import_source":"osm_overpass","external_id":"osm/way/1152538065","sources":[{"title":"OpenStreetMap / Overpass","url":"https://wiki.openstreetmap.org/wiki/Tag:telecom%3Ddata_center","accessed_at":"2026-09-23","note":"osm_id=1152538065"}]}},{"type":"Feature","geometry":{"type":"Point","coordinates":[21.89145,61.5001295]},"properties":{"id":"dc_340","name":"Ficolo The Rock","type":"data_center","subtype":"colocation","operator":"Ficolo","description_it":"Record da OpenStreetMap (tag data_center). Da validare con almeno una seconda fonte.","country":"SE","city":"Ulvila","status":"unknown","site_category":"infrastructure","opened_year":null,"updated_at":"2026-09-23","confidence":"low","import_source":"osm_overpass","external_id":"osm/way/1189230940","sources":[{"title":"OpenStreetMap / Overpass","url":"https://wiki.openstreetmap.org/wiki/Tag:telecom%3Ddata_center","accessed_at":"2026-09-23","note":"osm_id=1189230940"}]}},{"type":"Feature","geometry":{"type":"Point","coordinates":[12.0993291,55.5811774]},"properties":{"id":"dc_341","name":"CPH01","type":"data_center","subtype":"hyperscale","operator":"Microsoft","description_it":"Record da OpenStreetMap classificato come hyperscale (operatore cloud/campus). Da validare con una seconda fonte.","country":"SE","city":"n/d","status":"unknown","site_category":"infrastructure","opened_year":null,"updated_at":"2026-09-23","confidence":"low","import_source":"osm_overpass","external_id":"osm/way/1216992892","sources":[{"title":"OpenStreetMap / Overpass","url":"https://wiki.openstreetmap.org/wiki/Tag:telecom%3Ddata_center","accessed_at":"2026-09-23","note":"osm_id=1216992892"}]}},{"type":"Feature","geometry":{"type":"Point","coordinates":[17.0090772,60.6008829]},"properties":{"id":"dc_342","name":"Microsoft","type":"data_center","subtype":"hyperscale","operator":"Microsoft","description_it":"Record da OpenStreetMap classificato come hyperscale (operatore cloud/campus). Da validare con una seconda fonte.","country":"SE","city":"n/d","status":"unknown","site_category":"infrastructure","opened_year":null,"updated_at":"2026-09-23","confidence":"low","import_source":"osm_overpass","external_id":"osm/way/1225367739","sources":[{"title":"OpenStreetMap / Overpass","url":"https://wiki.openstreetmap.org/wiki/Tag:telecom%3Ddata_center","accessed_at":"2026-09-23","note":"osm_id=1225367739"}]}},{"type":"Feature","geometry":{"type":"Point","coordinates":[12.2592177,55.643701]},"properties":{"id":"dc_343","name":"CPH07","type":"data_center","subtype":"hyperscale","operator":"Microsoft","description_it":"Record da OpenStreetMap classificato come hyperscale (operatore cloud/campus). Da validare con una seconda fonte.","country":"SE","city":"n/d","status":"unknown","site_category":"infrastructure","opened_year":null,"updated_at":"2026-09-23","confidence":"low","import_source":"osm_overpass","external_id":"osm/way/1355695031","sources":[{"title":"OpenStreetMap / Overpass","url":"https://wiki.openstreetmap.org/wiki/Tag:telecom%3Ddata_center","accessed_at":"2026-09-23","note":"osm_id=1355695031"}]}},{"type":"Feature","geometry":{"type":"Point","coordinates":[7.1087727,62.8624722]},"properties":{"id":"dc_344","name":"Troll Housing","type":"data_center","subtype":"colocation","operator":"Troll Housing AS","description_it":"Record da OpenStreetMap (tag data_center). Da validare con almeno una seconda fonte.","country":"NO","city":"Elnesvågen","status":"unknown","site_category":"infrastructure","opened_year":null,"updated_at":"2026-09-23","confidence":"low","import_source":"osm_overpass","external_id":"osm/way/1551029155","sources":[{"title":"OpenStreetMap / Overpass","url":"https://wiki.openstreetmap.org/wiki/Tag:telecom%3Ddata_center","accessed_at":"2026-09-23","note":"osm_id=1551029155"}]}},{"type":"Feature","geometry":{"type":"Point","coordinates":[17.9166017,59.4221567]},"properties":{"id":"dc_345","name":"Digital Realty Stockholm STO1-STO5","type":"data_center","subtype":"colocation","operator":"Digital Realty","description_it":"Record da OpenStreetMap (tag data_center). Da validare con almeno una seconda fonte.","country":"SE","city":"n/d","status":"unknown","site_category":"infrastructure","opened_year":null,"updated_at":"2026-09-23","confidence":"low","import_source":"osm_overpass","external_id":"osm/relation/6125296","sources":[{"title":"OpenStreetMap / Overpass","url":"https://wiki.openstreetmap.org/wiki/Tag:telecom%3Ddata_center","accessed_at":"2026-09-23","note":"osm_id=6125296"}]}},{"type":"Feature","geometry":{"type":"Point","coordinates":[11.0046451,59.6327351]},"properties":{"id":"dc_346","name":"STACK Infrastructure OSL04","type":"data_center","subtype":"hyperscale","operator":"Stack Infrastructure","description_it":"Record da OpenStreetMap classificato come hyperscale (operatore cloud/campus). Da validare con una seconda fonte.","country":"SE","city":"n/d","status":"unknown","site_category":"infrastructure","opened_year":null,"updated_at":"2026-09-23","confidence":"low","import_source":"osm_overpass","external_id":"osm/relation/14367602","sources":[{"title":"OpenStreetMap / Overpass","url":"https://wiki.openstreetmap.org/wiki/Tag:telecom%3Ddata_center","accessed_at":"2026-09-23","note":"osm_id=14367602"}]}},{"type":"Feature","geometry":{"type":"Point","coordinates":[30.3725654,59.9728641]},"properties":{"id":"dc_347","name":"ЦОД Ростелеком","type":"data_center","subtype":"colocation","operator":"Rostelecom","description_it":"Record da OpenStreetMap (tag data_center). Da validare con almeno una seconda fonte.","country":"FI","city":"n/d","status":"unknown","site_category":"infrastructure","opened_year":null,"updated_at":"2026-09-23","confidence":"low","import_source":"osm_overpass","external_id":"osm/relation/16256441","sources":[{"title":"OpenStreetMap / Overpass","url":"https://wiki.openstreetmap.org/wiki/Tag:telecom%3Ddata_center","accessed_at":"2026-09-23","note":"osm_id=16256441"}]}},{"type":"Feature","geometry":{"type":"Point","coordinates":[8.4334306,49.0960368]},"properties":{"id":"dc_348","name":"ForHLR II","type":"data_center","subtype":"colocation","operator":"Steinbuch Centre for Computing","description_it":"Record da OpenStreetMap (tag data_center). Da validare con almeno una seconda fonte.","country":"FR","city":"n/d","status":"unknown","site_category":"infrastructure","opened_year":null,"updated_at":"2026-09-23","confidence":"low","import_source":"osm_overpass","external_id":"osm/node/2042844290","sources":[{"title":"OpenStreetMap / Overpass","url":"https://wiki.openstreetmap.org/wiki/Tag:telecom%3Ddata_center","accessed_at":"2026-09-23","note":"osm_id=2042844290"}]}},{"type":"Feature","geometry":{"type":"Point","coordinates":[6.0111466,49.2233907]},"properties":{"id":"dc_349","name":"Association ReptiGo","type":"data_center","subtype":"colocation","operator":"Unknown","description_it":"Record da OpenStreetMap (tag data_center). Da validare con almeno una seconda fonte.","country":"FR","city":"n/d","status":"unknown","site_category":"infrastructure","opened_year":null,"updated_at":"2026-09-23","confidence":"low","import_source":"osm_overpass","external_id":"osm/node/2161096396","sources":[{"title":"OpenStreetMap / Overpass","url":"https://wiki.openstreetmap.org/wiki/Tag:telecom%3Ddata_center","accessed_at":"2026-09-23","note":"osm_id=2161096396"}]}},{"type":"Feature","geometry":{"type":"Point","coordinates":[9.9439876,51.5479407]},"properties":{"id":"dc_350","name":"GWDG - Außenstelle","type":"data_center","subtype":"colocation","operator":"Unknown","description_it":"Record da OpenStreetMap (tag data_center). Da validare con almeno una seconda fonte.","country":"DE","city":"Göttingen","status":"unknown","site_category":"infrastructure","opened_year":null,"updated_at":"2026-09-23","confidence":"low","import_source":"osm_overpass","external_id":"osm/node/2912338694","sources":[{"title":"OpenStreetMap / Overpass","url":"https://wiki.openstreetmap.org/wiki/Tag:telecom%3Ddata_center","accessed_at":"2026-09-23","note":"osm_id=2912338694"}]}},{"type":"Feature","geometry":{"type":"Point","coordinates":[14.5302597,50.0601386]},"properties":{"id":"dc_351","name":"VSHosting s.r.o","type":"data_center","subtype":"colocation","operator":"Unknown","description_it":"Record da OpenStreetMap (tag data_center). Da validare con almeno una seconda fonte.","country":"DE","city":"n/d","status":"unknown","site_category":"infrastructure","opened_year":null,"updated_at":"2026-09-23","confidence":"low","import_source":"osm_overpass","external_id":"osm/node/3761896088","sources":[{"title":"OpenStreetMap / Overpass","url":"https://wiki.openstreetmap.org/wiki/Tag:telecom%3Ddata_center","accessed_at":"2026-09-23","note":"osm_id=3761896088"}]}},{"type":"Feature","geometry":{"type":"Point","coordinates":[8.5856592,50.1261254]},"properties":{"id":"dc_352","name":"Informationstechnikzentrum Bund (ITZBund)","type":"data_center","subtype":"colocation","operator":"Unknown","description_it":"Record da OpenStreetMap (tag data_center). Da validare con almeno una seconda fonte.","country":"FR","city":"Frankfurt am Main","status":"unknown","site_category":"infrastructure","opened_year":null,"updated_at":"2026-09-23","confidence":"low","import_source":"osm_overpass","external_id":"osm/node/4019998661","sources":[{"title":"OpenStreetMap / Overpass","url":"https://wiki.openstreetmap.org/wiki/Tag:telecom%3Ddata_center","accessed_at":"2026-09-23","note":"osm_id=4019998661"}]}},{"type":"Feature","geometry":{"type":"Point","coordinates":[8.4398031,49.019584]},"properties":{"id":"dc_353","name":"TelemaxX IPC2","type":"data_center","subtype":"colocation","operator":"TelemaxX Telekommunikation GmbH","description_it":"Record da OpenStreetMap (tag data_center). Da validare con almeno una seconda fonte.","country":"DE","city":"Karlsruhe","status":"unknown","site_category":"infrastructure","opened_year":null,"updated_at":"2026-09-23","confidence":"low","import_source":"osm_overpass","external_id":"osm/node/4231017085","sources":[{"title":"OpenStreetMap / Overpass","url":"https://wiki.openstreetmap.org/wiki/Tag:telecom%3Ddata_center","accessed_at":"2026-09-23","note":"osm_id=4231017085"}]}},{"type":"Feature","geometry":{"type":"Point","coordinates":[11.1766281,49.3896407]},"properties":{"id":"dc_354","name":"NorthC Nürnberg 1","type":"data_center","subtype":"colocation","operator":"NorthC","description_it":"Record da OpenStreetMap (tag data_center). Da validare con almeno una seconda fonte.","country":"DE","city":"Nürnberg","status":"unknown","site_category":"infrastructure","opened_year":null,"updated_at":"2026-09-23","confidence":"low","import_source":"osm_overpass","external_id":"osm/node/4242731538","sources":[{"title":"OpenStreetMap / Overpass","url":"https://wiki.openstreetmap.org/wiki/Tag:telecom%3Ddata_center","accessed_at":"2026-09-23","note":"osm_id=4242731538"}]}},{"type":"Feature","geometry":{"type":"Point","coordinates":[8.7905596,53.0938935]},"properties":{"id":"dc_355","name":"ColocationIX","type":"data_center","subtype":"colocation","operator":"Unknown","description_it":"Record da OpenStreetMap (tag data_center). Da validare con almeno una seconda fonte.","country":"DE","city":"n/d","status":"unknown","site_category":"infrastructure","opened_year":null,"updated_at":"2026-09-23","confidence":"low","import_source":"osm_overpass","external_id":"osm/node/5262515319","sources":[{"title":"OpenStreetMap / Overpass","url":"https://wiki.openstreetmap.org/wiki/Tag:telecom%3Ddata_center","accessed_at":"2026-09-23","note":"osm_id=5262515319"}]}},{"type":"Feature","geometry":{"type":"Point","coordinates":[12.1066375,54.0773947]},"properties":{"id":"dc_356","name":"IT- und Medienzentrum","type":"data_center","subtype":"colocation","operator":"Universität Rostock","description_it":"Record da OpenStreetMap (tag data_center). Da validare con almeno una seconda fonte.","country":"DE","city":"n/d","status":"unknown","site_category":"infrastructure","opened_year":null,"updated_at":"2026-09-23","confidence":"low","import_source":"osm_overpass","external_id":"osm/node/5807803485","sources":[{"title":"OpenStreetMap / Overpass","url":"https://wiki.openstreetmap.org/wiki/Tag:telecom%3Ddata_center","accessed_at":"2026-09-23","note":"osm_id=5807803485"}]}},{"type":"Feature","geometry":{"type":"Point","coordinates":[7.6102911,51.9746919]},"properties":{"id":"dc_357","name":"Rechenzentrum Citeq","type":"data_center","subtype":"colocation","operator":"Stadt Münster","description_it":"Record da OpenStreetMap (tag data_center). Da validare con almeno una seconda fonte.","country":"DE","city":"n/d","status":"unknown","site_category":"infrastructure","opened_year":null,"updated_at":"2026-09-23","confidence":"low","import_source":"osm_overpass","external_id":"osm/node/5812546640","sources":[{"title":"OpenStreetMap / Overpass","url":"https://wiki.openstreetmap.org/wiki/Tag:telecom%3Ddata_center","accessed_at":"2026-09-23","note":"osm_id=5812546640"}]}},{"type":"Feature","geometry":{"type":"Point","coordinates":[6.1135335,49.5843233]},"properties":{"id":"dc_358","name":"European Business Reliance Centre (EBRC)","type":"data_center","subtype":"colocation","operator":"Unknown","description_it":"Record da OpenStreetMap (tag data_center). Da validare con almeno una seconda fonte.","country":"FR","city":"n/d","status":"unknown","site_category":"infrastructure","opened_year":null,"updated_at":"2026-09-23","confidence":"low","import_source":"osm_overpass","external_id":"osm/node/5866595614","sources":[{"title":"OpenStreetMap / Overpass","url":"https://wiki.openstreetmap.org/wiki/Tag:telecom%3Ddata_center","accessed_at":"2026-09-23","note":"osm_id=5866595614"}]}},{"type":"Feature","geometry":{"type":"Point","coordinates":[8.7206854,47.5008588]},"properties":{"id":"dc_359","name":"Rechenzentrum Paulstrasse 12","type":"data_center","subtype":"colocation","operator":"AXA Winterthur","description_it":"Record da OpenStreetMap (tag data_center). Da validare con almeno una seconda fonte.","country":"FR","city":"n/d","status":"unknown","site_category":"infrastructure","opened_year":null,"updated_at":"2026-09-23","confidence":"low","import_source":"osm_overpass","external_id":"osm/node/6041696788","sources":[{"title":"OpenStreetMap / Overpass","url":"https://wiki.openstreetmap.org/wiki/Tag:telecom%3Ddata_center","accessed_at":"2026-09-23","note":"osm_id=6041696788"}]}},{"type":"Feature","geometry":{"type":"Point","coordinates":[7.7821507,48.5686359]},"properties":{"id":"dc_360","name":"SFR Netcenter Strasbourg","type":"data_center","subtype":"colocation","operator":"SFR","description_it":"Record da OpenStreetMap (tag data_center). Da validare con almeno una seconda fonte.","country":"FR","city":"Strasbourg","status":"unknown","site_category":"infrastructure","opened_year":null,"updated_at":"2026-09-23","confidence":"low","import_source":"osm_overpass","external_id":"osm/node/6102460998","sources":[{"title":"OpenStreetMap / Overpass","url":"https://wiki.openstreetmap.org/wiki/Tag:telecom%3Ddata_center","accessed_at":"2026-09-23","note":"osm_id=6102460998"}]}},{"type":"Feature","geometry":{"type":"Point","coordinates":[9.9937299,53.7000316]},"properties":{"id":"dc_361","name":"Rechenzentrum Akquinet","type":"data_center","subtype":"colocation","operator":"Unknown","description_it":"Record da OpenStreetMap (tag data_center). Da validare con almeno una seconda fonte.","country":"DE","city":"n/d","status":"unknown","site_category":"infrastructure","opened_year":null,"updated_at":"2026-09-23","confidence":"low","import_source":"osm_overpass","external_id":"osm/node/6412799049","sources":[{"title":"OpenStreetMap / Overpass","url":"https://wiki.openstreetmap.org/wiki/Tag:telecom%3Ddata_center","accessed_at":"2026-09-23","note":"osm_id=6412799049"}]}},{"type":"Feature","geometry":{"type":"Point","coordinates":[15.3381728,47.4491379]},"properties":{"id":"dc_362","name":"earthDATAsafe","type":"data_center","subtype":"colocation","operator":"Kapsch BusinessCom AG","description_it":"Record da OpenStreetMap (tag data_center). Da validare con almeno una seconda fonte.","country":"IT","city":"Kapfenberg","status":"unknown","site_category":"infrastructure","opened_year":null,"updated_at":"2026-09-23","confidence":"low","import_source":"osm_overpass","external_id":"osm/node/6578896177","sources":[{"title":"OpenStreetMap / Overpass","url":"https://wiki.openstreetmap.org/wiki/Tag:telecom%3Ddata_center","accessed_at":"2026-09-23","note":"osm_id=6578896177"}]}},{"type":"Feature","geometry":{"type":"Point","coordinates":[11.8966926,50.3176249]},"properties":{"id":"dc_363","name":"noris network AG Rechenzentrum Hof","type":"data_center","subtype":"colocation","operator":"noris network AG","description_it":"Record da OpenStreetMap (tag data_center). Da validare con almeno una seconda fonte.","country":"DE","city":"Hof","status":"unknown","site_category":"infrastructure","opened_year":null,"updated_at":"2026-09-23","confidence":"low","import_source":"osm_overpass","external_id":"osm/node/6596777359","sources":[{"title":"OpenStreetMap / Overpass","url":"https://wiki.openstreetmap.org/wiki/Tag:telecom%3Ddata_center","accessed_at":"2026-09-23","note":"osm_id=6596777359"}]}},{"type":"Feature","geometry":{"type":"Point","coordinates":[7.0450634,49.25724]},"properties":{"id":"dc_364","name":"Rechenzentrum","type":"data_center","subtype":"colocation","operator":"Hochschul-IT-Zentrum","description_it":"Record da OpenStreetMap (tag data_center). Da validare con almeno una seconda fonte.","country":"FR","city":"n/d","status":"unknown","site_category":"infrastructure","opened_year":null,"updated_at":"2026-09-23","confidence":"low","import_source":"osm_overpass","external_id":"osm/node/6680163795","sources":[{"title":"OpenStreetMap / Overpass","url":"https://wiki.openstreetmap.org/wiki/Tag:telecom%3Ddata_center","accessed_at":"2026-09-23","note":"osm_id=6680163795"}]}},{"type":"Feature","geometry":{"type":"Point","coordinates":[7.0396224,49.2249548]},"properties":{"id":"dc_365","name":"Open Skies One","type":"data_center","subtype":"colocation","operator":"prego. services GmbH","description_it":"Record da OpenStreetMap (tag data_center). Da validare con almeno una seconda fonte.","country":"DE","city":"Saarbrücken","status":"unknown","site_category":"infrastructure","opened_year":null,"updated_at":"2026-09-23","confidence":"low","import_source":"osm_overpass","external_id":"osm/node/7747327592","sources":[{"title":"OpenStreetMap / Overpass","url":"https://wiki.openstreetmap.org/wiki/Tag:telecom%3Ddata_center","accessed_at":"2026-09-23","note":"osm_id=7747327592"}]}},{"type":"Feature","geometry":{"type":"Point","coordinates":[7.6750722,47.522966]},"properties":{"id":"dc_366","name":"Colobâle","type":"data_center","subtype":"colocation","operator":"Colobâle AG","description_it":"Record da OpenStreetMap (tag data_center). Da validare con almeno una seconda fonte.","country":"FR","city":"n/d","status":"unknown","site_category":"infrastructure","opened_year":null,"updated_at":"2026-09-23","confidence":"low","import_source":"osm_overpass","external_id":"osm/node/8465878157","sources":[{"title":"OpenStreetMap / Overpass","url":"https://wiki.openstreetmap.org/wiki/Tag:telecom%3Ddata_center","accessed_at":"2026-09-23","note":"osm_id=8465878157"}]}},{"type":"Feature","geometry":{"type":"Point","coordinates":[6.1302895,48.6532272]},"properties":{"id":"dc_367","name":"Datacenter MGEN","type":"data_center","subtype":"colocation","operator":"MGEN","description_it":"Record da OpenStreetMap (tag data_center). Da validare con almeno una seconda fonte.","country":"FR","city":"n/d","status":"unknown","site_category":"infrastructure","opened_year":null,"updated_at":"2026-09-23","confidence":"low","import_source":"osm_overpass","external_id":"osm/node/9045173270","sources":[{"title":"OpenStreetMap / Overpass","url":"https://wiki.openstreetmap.org/wiki/Tag:telecom%3Ddata_center","accessed_at":"2026-09-23","note":"osm_id=9045173270"}]}},{"type":"Feature","geometry":{"type":"Point","coordinates":[9.1707248,48.7088377]},"properties":{"id":"dc_368","name":"Nepustil RZ4","type":"data_center","subtype":"colocation","operator":"Unknown","description_it":"Record da OpenStreetMap (tag data_center). Da validare con almeno una seconda fonte.","country":"FR","city":"n/d","status":"unknown","site_category":"infrastructure","opened_year":null,"updated_at":"2026-09-23","confidence":"low","import_source":"osm_overpass","external_id":"osm/node/9773275153","sources":[{"title":"OpenStreetMap / Overpass","url":"https://wiki.openstreetmap.org/wiki/Tag:telecom%3Ddata_center","accessed_at":"2026-09-23","note":"osm_id=9773275153"}]}},{"type":"Feature","geometry":{"type":"Point","coordinates":[14.1320134,48.9166121]},"properties":{"id":"dc_369","name":"forpsi DC CZ1","type":"data_center","subtype":"colocation","operator":"forpsi","description_it":"Record da OpenStreetMap (tag data_center). Da validare con almeno una seconda fonte.","country":"DE","city":"n/d","status":"unknown","site_category":"infrastructure","opened_year":null,"updated_at":"2026-09-23","confidence":"low","import_source":"osm_overpass","external_id":"osm/node/9956577119","sources":[{"title":"OpenStreetMap / Overpass","url":"https://wiki.openstreetmap.org/wiki/Tag:telecom%3Ddata_center","accessed_at":"2026-09-23","note":"osm_id=9956577119"}]}},{"type":"Feature","geometry":{"type":"Point","coordinates":[13.3693009,52.5020344]},"properties":{"id":"dc_370","name":"IPB Internet Provider in Berlin GmbH","type":"data_center","subtype":"colocation","operator":"Unknown","description_it":"Record da OpenStreetMap (tag data_center). Da validare con almeno una seconda fonte.","country":"DE","city":"Berlin","status":"unknown","site_category":"infrastructure","opened_year":null,"updated_at":"2026-09-23","confidence":"low","import_source":"osm_overpass","external_id":"osm/node/10147406397","sources":[{"title":"OpenStreetMap / Overpass","url":"https://wiki.openstreetmap.org/wiki/Tag:telecom%3Ddata_center","accessed_at":"2026-09-23","note":"osm_id=10147406397"}]}},{"type":"Feature","geometry":{"type":"Point","coordinates":[8.8875518,47.5619646]},"properties":{"id":"dc_371","name":"Datacenter Thurgau","type":"data_center","subtype":"colocation","operator":"EKT AG","description_it":"Record da OpenStreetMap (tag data_center). Da validare con almeno una seconda fonte.","country":"FR","city":"n/d","status":"unknown","site_category":"infrastructure","opened_year":null,"updated_at":"2026-09-23","confidence":"low","import_source":"osm_overpass","external_id":"osm/node/10688935368","sources":[{"title":"OpenStreetMap / Overpass","url":"https://wiki.openstreetmap.org/wiki/Tag:telecom%3Ddata_center","accessed_at":"2026-09-23","note":"osm_id=10688935368"}]}},{"type":"Feature","geometry":{"type":"Point","coordinates":[13.3738355,52.4326183]},"properties":{"id":"dc_372","name":"CarrierColo Berlin K","type":"data_center","subtype":"colocation","operator":"IPB","description_it":"Record da OpenStreetMap (tag data_center). Da validare con almeno una seconda fonte.","country":"DE","city":"Berlin","status":"unknown","site_category":"infrastructure","opened_year":null,"updated_at":"2026-09-23","confidence":"low","import_source":"osm_overpass","external_id":"osm/node/11014689116","sources":[{"title":"OpenStreetMap / Overpass","url":"https://wiki.openstreetmap.org/wiki/Tag:telecom%3Ddata_center","accessed_at":"2026-09-23","note":"osm_id=11014689116"}]}},{"type":"Feature","geometry":{"type":"Point","coordinates":[8.8884707,47.5712752]},"properties":{"id":"dc_373","name":"RZ CAMPUS","type":"data_center","subtype":"colocation","operator":"Bund","description_it":"Record da OpenStreetMap (tag data_center). Da validare con almeno una seconda fonte.","country":"FR","city":"n/d","status":"unknown","site_category":"infrastructure","opened_year":null,"updated_at":"2026-09-23","confidence":"low","import_source":"osm_overpass","external_id":"osm/node/11097428175","sources":[{"title":"OpenStreetMap / Overpass","url":"https://wiki.openstreetmap.org/wiki/Tag:telecom%3Ddata_center","accessed_at":"2026-09-23","note":"osm_id=11097428175"}]}},{"type":"Feature","geometry":{"type":"Point","coordinates":[14.4638926,50.0696342]},"properties":{"id":"dc_374","name":"MasterDC Praha","type":"data_center","subtype":"colocation","operator":"Unknown","description_it":"Record da OpenStreetMap (tag data_center). Da validare con almeno una seconda fonte.","country":"DE","city":"n/d","status":"unknown","site_category":"infrastructure","opened_year":null,"updated_at":"2026-09-23","confidence":"low","import_source":"osm_overpass","external_id":"osm/node/11436652398","sources":[{"title":"OpenStreetMap / Overpass","url":"https://wiki.openstreetmap.org/wiki/Tag:telecom%3Ddata_center","accessed_at":"2026-09-23","note":"osm_id=11436652398"}]}},{"type":"Feature","geometry":{"type":"Point","coordinates":[14.3437322,50.1016089]},"properties":{"id":"dc_375","name":"DC6.cz","type":"data_center","subtype":"colocation","operator":"Unknown","description_it":"Record da OpenStreetMap (tag data_center). Da validare con almeno una seconda fonte.","country":"DE","city":"n/d","status":"unknown","site_category":"infrastructure","opened_year":null,"updated_at":"2026-09-23","confidence":"low","import_source":"osm_overpass","external_id":"osm/node/11436652399","sources":[{"title":"OpenStreetMap / Overpass","url":"https://wiki.openstreetmap.org/wiki/Tag:telecom%3Ddata_center","accessed_at":"2026-09-23","note":"osm_id=11436652399"}]}},{"type":"Feature","geometry":{"type":"Point","coordinates":[14.6566891,50.1379911]},"properties":{"id":"dc_376","name":"Datové centrum Zeleneč","type":"data_center","subtype":"colocation","operator":"Unknown","description_it":"Record da OpenStreetMap (tag data_center). Da validare con almeno una seconda fonte.","country":"DE","city":"n/d","status":"unknown","site_category":"infrastructure","opened_year":null,"updated_at":"2026-09-23","confidence":"low","import_source":"osm_overpass","external_id":"osm/node/11570619130","sources":[{"title":"OpenStreetMap / Overpass","url":"https://wiki.openstreetmap.org/wiki/Tag:telecom%3Ddata_center","accessed_at":"2026-09-23","note":"osm_id=11570619130"}]}},{"type":"Feature","geometry":{"type":"Point","coordinates":[11.5819783,50.9320923]},"properties":{"id":"dc_377","name":"Universitätsrechenzentrum","type":"data_center","subtype":"colocation","operator":"Friedrich-Schiller-Universität Jena","description_it":"Record da OpenStreetMap (tag data_center). Da validare con almeno una seconda fonte.","country":"DE","city":"n/d","status":"unknown","site_category":"infrastructure","opened_year":null,"updated_at":"2026-09-23","confidence":"low","import_source":"osm_overpass","external_id":"osm/node/11698484259","sources":[{"title":"OpenStreetMap / Overpass","url":"https://wiki.openstreetmap.org/wiki/Tag:telecom%3Ddata_center","accessed_at":"2026-09-23","note":"osm_id=11698484259"}]}},{"type":"Feature","geometry":{"type":"Point","coordinates":[8.6397882,50.195252]},"properties":{"id":"dc_378","name":"Iron Mountain FRA-2","type":"data_center","subtype":"colocation","operator":"Iron Mountain, Inc.","description_it":"Record da OpenStreetMap (tag data_center). Da validare con almeno una seconda fonte.","country":"FR","city":"Frankfurt am Main","status":"unknown","site_category":"infrastructure","opened_year":null,"updated_at":"2026-09-23","confidence":"low","import_source":"osm_overpass","external_id":"osm/node/11748636180","sources":[{"title":"OpenStreetMap / Overpass","url":"https://wiki.openstreetmap.org/wiki/Tag:telecom%3Ddata_center","accessed_at":"2026-09-23","note":"osm_id=11748636180"}]}},{"type":"Feature","geometry":{"type":"Point","coordinates":[7.5248643,47.7523015]},"properties":{"id":"dc_379","name":"Microsoft","type":"data_center","subtype":"hyperscale","operator":"Microsoft","description_it":"Record da OpenStreetMap classificato come hyperscale (operatore cloud/campus). Da validare con una seconda fonte.","country":"FR","city":"n/d","status":"unknown","site_category":"infrastructure","opened_year":null,"updated_at":"2026-09-23","confidence":"low","import_source":"osm_overpass","external_id":"osm/node/11942572541","sources":[{"title":"OpenStreetMap / Overpass","url":"https://wiki.openstreetmap.org/wiki/Tag:telecom%3Ddata_center","accessed_at":"2026-09-23","note":"osm_id=11942572541"}]}},{"type":"Feature","geometry":{"type":"Point","coordinates":[14.474814,50.0779578]},"properties":{"id":"dc_380","name":"T-Mobile","type":"data_center","subtype":"colocation","operator":"Unknown","description_it":"Record da OpenStreetMap (tag data_center). Da validare con almeno una seconda fonte.","country":"DE","city":"n/d","status":"unknown","site_category":"infrastructure","opened_year":null,"updated_at":"2026-09-23","confidence":"low","import_source":"osm_overpass","external_id":"osm/node/12015570907","sources":[{"title":"OpenStreetMap / Overpass","url":"https://wiki.openstreetmap.org/wiki/Tag:telecom%3Ddata_center","accessed_at":"2026-09-23","note":"osm_id=12015570907"}]}},{"type":"Feature","geometry":{"type":"Point","coordinates":[10.2712655,53.6786512]},"properties":{"id":"dc_381","name":"Rechenzentrum AtlasEdge HAM002","type":"data_center","subtype":"colocation","operator":"AtlasEdge","description_it":"Record da OpenStreetMap (tag data_center). Da validare con almeno una seconda fonte.","country":"DE","city":"n/d","status":"unknown","site_category":"infrastructure","opened_year":null,"updated_at":"2026-09-23","confidence":"low","import_source":"osm_overpass","external_id":"osm/node/12042899692","sources":[{"title":"OpenStreetMap / Overpass","url":"https://wiki.openstreetmap.org/wiki/Tag:telecom%3Ddata_center","accessed_at":"2026-09-23","note":"osm_id=12042899692"}]}},{"type":"Feature","geometry":{"type":"Point","coordinates":[8.6311406,49.8832929]},"properties":{"id":"dc_382","name":"NIC","type":"data_center","subtype":"colocation","operator":"Deutsche Telekom AG","description_it":"Record da OpenStreetMap (tag data_center). Da validare con almeno una seconda fonte.","country":"FR","city":"n/d","status":"unknown","site_category":"infrastructure","opened_year":null,"updated_at":"2026-09-23","confidence":"low","import_source":"osm_overpass","external_id":"osm/node/12068854679","sources":[{"title":"OpenStreetMap / Overpass","url":"https://wiki.openstreetmap.org/wiki/Tag:telecom%3Ddata_center","accessed_at":"2026-09-23","note":"osm_id=12068854679"}]}},{"type":"Feature","geometry":{"type":"Point","coordinates":[10.5417274,52.2765022]},"properties":{"id":"dc_383","name":"Gauß-IT-Zentrum","type":"data_center","subtype":"colocation","operator":"TU Braunschweig","description_it":"Record da OpenStreetMap (tag data_center). Da validare con almeno una seconda fonte.","country":"DE","city":"n/d","status":"unknown","site_category":"infrastructure","opened_year":null,"updated_at":"2026-09-23","confidence":"low","import_source":"osm_overpass","external_id":"osm/node/12219427002","sources":[{"title":"OpenStreetMap / Overpass","url":"https://wiki.openstreetmap.org/wiki/Tag:telecom%3Ddata_center","accessed_at":"2026-09-23","note":"osm_id=12219427002"}]}},{"type":"Feature","geometry":{"type":"Point","coordinates":[14.5333449,50.0819985]},"properties":{"id":"dc_384","name":"TTC DC1","type":"data_center","subtype":"colocation","operator":"Unknown","description_it":"Record da OpenStreetMap (tag data_center). Da validare con almeno una seconda fonte.","country":"DE","city":"n/d","status":"unknown","site_category":"infrastructure","opened_year":null,"updated_at":"2026-09-23","confidence":"low","import_source":"osm_overpass","external_id":"osm/node/12536185445","sources":[{"title":"OpenStreetMap / Overpass","url":"https://wiki.openstreetmap.org/wiki/Tag:telecom%3Ddata_center","accessed_at":"2026-09-23","note":"osm_id=12536185445"}]}},{"type":"Feature","geometry":{"type":"Point","coordinates":[14.3083177,48.2821514]},"properties":{"id":"dc_385","name":"IT- und Data Center Linz","type":"data_center","subtype":"colocation","operator":"LINZ NETZ GmbH","description_it":"Record da OpenStreetMap (tag data_center). Da validare con almeno una seconda fonte.","country":"DE","city":"n/d","status":"unknown","site_category":"infrastructure","opened_year":null,"updated_at":"2026-09-23","confidence":"low","import_source":"osm_overpass","external_id":"osm/node/12596690617","sources":[{"title":"OpenStreetMap / Overpass","url":"https://wiki.openstreetmap.org/wiki/Tag:telecom%3Ddata_center","accessed_at":"2026-09-23","note":"osm_id=12596690617"}]}},{"type":"Feature","geometry":{"type":"Point","coordinates":[14.2999956,48.3241981]},"properties":{"id":"dc_386","name":"IT- und Data Center Linz","type":"data_center","subtype":"colocation","operator":"Unknown","description_it":"Record da OpenStreetMap (tag data_center). Da validare con almeno una seconda fonte.","country":"DE","city":"n/d","status":"unknown","site_category":"infrastructure","opened_year":null,"updated_at":"2026-09-23","confidence":"low","import_source":"osm_overpass","external_id":"osm/node/13092390748","sources":[{"title":"OpenStreetMap / Overpass","url":"https://wiki.openstreetmap.org/wiki/Tag:telecom%3Ddata_center","accessed_at":"2026-09-23","note":"osm_id=13092390748"}]}},{"type":"Feature","geometry":{"type":"Point","coordinates":[9.4432911,54.986839]},"properties":{"id":"dc_387","name":"stoltenhoff.net","type":"data_center","subtype":"colocation","operator":"Unknown","description_it":"Record da OpenStreetMap (tag data_center). Da validare con almeno una seconda fonte.","country":"DE","city":"n/d","status":"unknown","site_category":"infrastructure","opened_year":null,"updated_at":"2026-09-23","confidence":"low","import_source":"osm_overpass","external_id":"osm/node/13144664581","sources":[{"title":"OpenStreetMap / Overpass","url":"https://wiki.openstreetmap.org/wiki/Tag:telecom%3Ddata_center","accessed_at":"2026-09-23","note":"osm_id=13144664581"}]}},{"type":"Feature","geometry":{"type":"Point","coordinates":[10.1076094,54.3663515]},"properties":{"id":"dc_388","name":"ennit GmbH","type":"data_center","subtype":"colocation","operator":"TNG Group","description_it":"Record da OpenStreetMap (tag data_center). Da validare con almeno una seconda fonte.","country":"DE","city":"Kiel","status":"unknown","site_category":"infrastructure","opened_year":null,"updated_at":"2026-09-23","confidence":"low","import_source":"osm_overpass","external_id":"osm/node/13277272066","sources":[{"title":"OpenStreetMap / Overpass","url":"https://wiki.openstreetmap.org/wiki/Tag:telecom%3Ddata_center","accessed_at":"2026-09-23","note":"osm_id=13277272066"}]}},{"type":"Feature","geometry":{"type":"Point","coordinates":[11.0638651,49.453733]},"properties":{"id":"dc_389","name":"Rechenzentrum Nürnberg Zentrum","type":"data_center","subtype":"colocation","operator":"noris network","description_it":"Record da OpenStreetMap (tag data_center). Da validare con almeno una seconda fonte.","country":"DE","city":"n/d","status":"unknown","site_category":"infrastructure","opened_year":null,"updated_at":"2026-09-23","confidence":"low","import_source":"osm_overpass","external_id":"osm/node/13556233002","sources":[{"title":"OpenStreetMap / Overpass","url":"https://wiki.openstreetmap.org/wiki/Tag:telecom%3Ddata_center","accessed_at":"2026-09-23","note":"osm_id=13556233002"}]}},{"type":"Feature","geometry":{"type":"Point","coordinates":[11.5558571,48.142709]},"properties":{"id":"dc_390","name":"Equinix MU1","type":"data_center","subtype":"colocation","operator":"Equinix","description_it":"Record da OpenStreetMap (tag data_center). Da validare con almeno una seconda fonte.","country":"DE","city":"n/d","status":"unknown","site_category":"infrastructure","opened_year":null,"updated_at":"2026-09-23","confidence":"low","import_source":"osm_overpass","external_id":"osm/node/13570800604","sources":[{"title":"OpenStreetMap / Overpass","url":"https://wiki.openstreetmap.org/wiki/Tag:telecom%3Ddata_center","accessed_at":"2026-09-23","note":"osm_id=13570800604"}]}},{"type":"Feature","geometry":{"type":"Point","coordinates":[11.602177,48.1191512]},"properties":{"id":"dc_391","name":"NorthC München 1","type":"data_center","subtype":"colocation","operator":"NorthC","description_it":"Record da OpenStreetMap (tag data_center). Da validare con almeno una seconda fonte.","country":"DE","city":"n/d","status":"unknown","site_category":"infrastructure","opened_year":null,"updated_at":"2026-09-23","confidence":"low","import_source":"osm_overpass","external_id":"osm/node/13574491231","sources":[{"title":"OpenStreetMap / Overpass","url":"https://wiki.openstreetmap.org/wiki/Tag:telecom%3Ddata_center","accessed_at":"2026-09-23","note":"osm_id=13574491231"}]}},{"type":"Feature","geometry":{"type":"Point","coordinates":[11.5925157,48.1955623]},"properties":{"id":"dc_392","name":"INGATE GmbH Rechenzentrum München","type":"data_center","subtype":"colocation","operator":"Unknown","description_it":"Record da OpenStreetMap (tag data_center). Da validare con almeno una seconda fonte.","country":"DE","city":"n/d","status":"unknown","site_category":"infrastructure","opened_year":null,"updated_at":"2026-09-23","confidence":"low","import_source":"osm_overpass","external_id":"osm/node/13692347597","sources":[{"title":"OpenStreetMap / Overpass","url":"https://wiki.openstreetmap.org/wiki/Tag:telecom%3Ddata_center","accessed_at":"2026-09-23","note":"osm_id=13692347597"}]}},{"type":"Feature","geometry":{"type":"Point","coordinates":[11.4358301,49.385517]},"properties":{"id":"dc_393","name":"CSA Computer Service Agentur GmbH","type":"data_center","subtype":"colocation","operator":"Unknown","description_it":"Record da OpenStreetMap (tag data_center). Da validare con almeno una seconda fonte.","country":"DE","city":"Stöckelsberg","status":"unknown","site_category":"infrastructure","opened_year":null,"updated_at":"2026-09-23","confidence":"low","import_source":"osm_overpass","external_id":"osm/node/13808344906","sources":[{"title":"OpenStreetMap / Overpass","url":"https://wiki.openstreetmap.org/wiki/Tag:telecom%3Ddata_center","accessed_at":"2026-09-23","note":"osm_id=13808344906"}]}},{"type":"Feature","geometry":{"type":"Point","coordinates":[9.7690205,52.3980235]},"properties":{"id":"dc_394","name":"euNetworks Colocation Hannover","type":"data_center","subtype":"colocation","operator":"euNetworks","description_it":"Record da OpenStreetMap (tag data_center). Da validare con almeno una seconda fonte.","country":"DE","city":"n/d","status":"unknown","site_category":"infrastructure","opened_year":null,"updated_at":"2026-09-23","confidence":"low","import_source":"osm_overpass","external_id":"osm/node/13964809664","sources":[{"title":"OpenStreetMap / Overpass","url":"https://wiki.openstreetmap.org/wiki/Tag:telecom%3Ddata_center","accessed_at":"2026-09-23","note":"osm_id=13964809664"}]}},{"type":"Feature","geometry":{"type":"Point","coordinates":[11.6510921,52.1284712]},"properties":{"id":"dc_395","name":"DATAC","type":"data_center","subtype":"colocation","operator":"Service- und Rechenzentrum Deutel GmbH","description_it":"Record da OpenStreetMap (tag data_center). Da validare con almeno una seconda fonte.","country":"DE","city":"n/d","status":"unknown","site_category":"infrastructure","opened_year":null,"updated_at":"2026-09-23","confidence":"low","import_source":"osm_overpass","external_id":"osm/node/14069978039","sources":[{"title":"OpenStreetMap / Overpass","url":"https://wiki.openstreetmap.org/wiki/Tag:telecom%3Ddata_center","accessed_at":"2026-09-23","note":"osm_id=14069978039"}]}},{"type":"Feature","geometry":{"type":"Point","coordinates":[12.3793388,51.3387141]},"properties":{"id":"dc_396","name":"Universitätsrechenzentrum","type":"data_center","subtype":"colocation","operator":"Universität Leipzig","description_it":"Record da OpenStreetMap (tag data_center). Da validare con almeno una seconda fonte.","country":"DE","city":"n/d","status":"unknown","site_category":"infrastructure","opened_year":null,"updated_at":"2026-09-23","confidence":"low","import_source":"osm_overpass","external_id":"osm/node/14100772327","sources":[{"title":"OpenStreetMap / Overpass","url":"https://wiki.openstreetmap.org/wiki/Tag:telecom%3Ddata_center","accessed_at":"2026-09-23","note":"osm_id=14100772327"}]}},{"type":"Feature","geometry":{"type":"Point","coordinates":[6.1762805,49.1483017]},"properties":{"id":"dc_397","name":"Neo Center Est","type":"data_center","subtype":"colocation","operator":"Unknown","description_it":"Record da OpenStreetMap (tag data_center). Da validare con almeno una seconda fonte.","country":"FR","city":"n/d","status":"unknown","site_category":"infrastructure","opened_year":null,"updated_at":"2026-09-23","confidence":"low","import_source":"osm_overpass","external_id":"osm/node/14170786869","sources":[{"title":"OpenStreetMap / Overpass","url":"https://wiki.openstreetmap.org/wiki/Tag:telecom%3Ddata_center","accessed_at":"2026-09-23","note":"osm_id=14170786869"}]}},{"type":"Feature","geometry":{"type":"Point","coordinates":[14.4517391,50.0809656]},"properties":{"id":"dc_398","name":"DC Tower","type":"data_center","subtype":"colocation","operator":"České Radiokomunikace, a.s.","description_it":"Record da OpenStreetMap (tag data_center). Da validare con almeno una seconda fonte.","country":"DE","city":"n/d","status":"unknown","site_category":"infrastructure","opened_year":null,"updated_at":"2026-09-23","confidence":"low","import_source":"osm_overpass","external_id":"osm/way/22776917","sources":[{"title":"OpenStreetMap / Overpass","url":"https://wiki.openstreetmap.org/wiki/Tag:telecom%3Ddata_center","accessed_at":"2026-09-23","note":"osm_id=22776917"}]}},{"type":"Feature","geometry":{"type":"Point","coordinates":[8.5533231,50.1442635]},"properties":{"id":"dc_399","name":"Kyndryl Data Center","type":"data_center","subtype":"colocation","operator":"Kyndryl Deutschland GmbH","description_it":"Record da OpenStreetMap (tag data_center). Da validare con almeno una seconda fonte.","country":"DE","city":"Eschborn","status":"unknown","site_category":"infrastructure","opened_year":null,"updated_at":"2026-09-23","confidence":"low","import_source":"osm_overpass","external_id":"osm/way/26225758","sources":[{"title":"OpenStreetMap / Overpass","url":"https://wiki.openstreetmap.org/wiki/Tag:telecom%3Ddata_center","accessed_at":"2026-09-23","note":"osm_id=26225758"}]}},{"type":"Feature","geometry":{"type":"Point","coordinates":[11.6626918,48.1356655]},"properties":{"id":"dc_400","name":"NorthC München 2","type":"data_center","subtype":"colocation","operator":"NorthC","description_it":"Record da OpenStreetMap (tag data_center). Da validare con almeno una seconda fonte.","country":"DE","city":"München","status":"unknown","site_category":"infrastructure","opened_year":null,"updated_at":"2026-09-23","confidence":"low","import_source":"osm_overpass","external_id":"osm/way/27100275","sources":[{"title":"OpenStreetMap / Overpass","url":"https://wiki.openstreetmap.org/wiki/Tag:telecom%3Ddata_center","accessed_at":"2026-09-23","note":"osm_id=27100275"}]}},{"type":"Feature","geometry":{"type":"Point","coordinates":[14.4953339,50.0989015]},"properties":{"id":"dc_401","name":"SafeDX s.r.o.","type":"data_center","subtype":"colocation","operator":"Unknown","description_it":"Record da OpenStreetMap (tag data_center). Da validare con almeno una seconda fonte.","country":"DE","city":"n/d","status":"unknown","site_category":"infrastructure","opened_year":null,"updated_at":"2026-09-23","confidence":"low","import_source":"osm_overpass","external_id":"osm/way/27823396","sources":[{"title":"OpenStreetMap / Overpass","url":"https://wiki.openstreetmap.org/wiki/Tag:telecom%3Ddata_center","accessed_at":"2026-09-23","note":"osm_id=27823396"}]}},{"type":"Feature","geometry":{"type":"Point","coordinates":[11.6730798,48.2627454]},"properties":{"id":"dc_402","name":"Rechenzentrum Garching","type":"data_center","subtype":"colocation","operator":"Max-Planck Computing & Data Facility","description_it":"Record da OpenStreetMap (tag data_center). Da validare con almeno una seconda fonte.","country":"DE","city":"n/d","status":"unknown","site_category":"infrastructure","opened_year":null,"updated_at":"2026-09-23","confidence":"low","import_source":"osm_overpass","external_id":"osm/way/28260003","sources":[{"title":"OpenStreetMap / Overpass","url":"https://wiki.openstreetmap.org/wiki/Tag:telecom%3Ddata_center","accessed_at":"2026-09-23","note":"osm_id=28260003"}]}},{"type":"Feature","geometry":{"type":"Point","coordinates":[8.5879723,50.0979407]},"properties":{"id":"dc_403","name":"Equinix FR4","type":"data_center","subtype":"colocation","operator":"Equinix","description_it":"Record da OpenStreetMap (tag data_center). Da validare con almeno una seconda fonte.","country":"FR","city":"Frankfurt am Main","status":"unknown","site_category":"infrastructure","opened_year":null,"updated_at":"2026-09-23","confidence":"low","import_source":"osm_overpass","external_id":"osm/way/28994179","sources":[{"title":"OpenStreetMap / Overpass","url":"https://wiki.openstreetmap.org/wiki/Tag:telecom%3Ddata_center","accessed_at":"2026-09-23","note":"osm_id=28994179"}]}},{"type":"Feature","geometry":{"type":"Point","coordinates":[11.6367855,52.1487484]},"properties":{"id":"dc_404","name":"T-Systems Magdeburg","type":"data_center","subtype":"colocation","operator":"T-Systems","description_it":"Record da OpenStreetMap (tag data_center). Da validare con almeno una seconda fonte.","country":"DE","city":"Magdeburg","status":"unknown","site_category":"infrastructure","opened_year":null,"updated_at":"2026-09-23","confidence":"low","import_source":"osm_overpass","external_id":"osm/way/30092556","sources":[{"title":"OpenStreetMap / Overpass","url":"https://wiki.openstreetmap.org/wiki/Tag:telecom%3Ddata_center","accessed_at":"2026-09-23","note":"osm_id=30092556"}]}},{"type":"Feature","geometry":{"type":"Point","coordinates":[13.2376204,52.5375125]},"properties":{"id":"dc_405","name":"BER1","type":"data_center","subtype":"colocation","operator":"NTT Global Data Centers EMEA GmbH","description_it":"Record da OpenStreetMap (tag data_center). Da validare con almeno una seconda fonte.","country":"DE","city":"Berlin","status":"unknown","site_category":"infrastructure","opened_year":null,"updated_at":"2026-09-23","confidence":"low","import_source":"osm_overpass","external_id":"osm/way/30324253","sources":[{"title":"OpenStreetMap / Overpass","url":"https://wiki.openstreetmap.org/wiki/Tag:telecom%3Ddata_center","accessed_at":"2026-09-23","note":"osm_id=30324253"}]}},{"type":"Feature","geometry":{"type":"Point","coordinates":[8.2097663,53.1119244]},"properties":{"id":"dc_406","name":"EWE NETZ GmbH","type":"data_center","subtype":"colocation","operator":"EWE Netz GmbH","description_it":"Record da OpenStreetMap (tag data_center). Da validare con almeno una seconda fonte.","country":"DE","city":"Oldenburg","status":"unknown","site_category":"infrastructure","opened_year":null,"updated_at":"2026-09-23","confidence":"low","import_source":"osm_overpass","external_id":"osm/way/31307046","sources":[{"title":"OpenStreetMap / Overpass","url":"https://wiki.openstreetmap.org/wiki/Tag:telecom%3Ddata_center","accessed_at":"2026-09-23","note":"osm_id=31307046"}]}},{"type":"Feature","geometry":{"type":"Point","coordinates":[8.5848094,49.8440304]},"properties":{"id":"dc_407","name":"NSA Rechenzentrum","type":"data_center","subtype":"colocation","operator":"Unknown","description_it":"Record da OpenStreetMap (tag data_center). Da validare con almeno una seconda fonte.","country":"FR","city":"n/d","status":"unknown","site_category":"infrastructure","opened_year":null,"updated_at":"2026-09-23","confidence":"low","import_source":"osm_overpass","external_id":"osm/way/34137508","sources":[{"title":"OpenStreetMap / Overpass","url":"https://wiki.openstreetmap.org/wiki/Tag:telecom%3Ddata_center","accessed_at":"2026-09-23","note":"osm_id=34137508"}]}},{"type":"Feature","geometry":{"type":"Point","coordinates":[6.2174158,49.5952784]},"properties":{"id":"dc_408","name":"Verizon Luxembourg","type":"data_center","subtype":"colocation","operator":"Verizon","description_it":"Record da OpenStreetMap (tag data_center). Da validare con almeno una seconda fonte.","country":"FR","city":"Contern","status":"unknown","site_category":"infrastructure","opened_year":null,"updated_at":"2026-09-23","confidence":"low","import_source":"osm_overpass","external_id":"osm/way/34959860","sources":[{"title":"OpenStreetMap / Overpass","url":"https://wiki.openstreetmap.org/wiki/Tag:telecom%3Ddata_center","accessed_at":"2026-09-23","note":"osm_id=34959860"}]}},{"type":"Feature","geometry":{"type":"Point","coordinates":[10.0435287,53.547628]},"properties":{"id":"dc_409","name":"NorthC Hamburg 1","type":"data_center","subtype":"colocation","operator":"NorthC","description_it":"Record da OpenStreetMap (tag data_center). Da validare con almeno una seconda fonte.","country":"DE","city":"Hamburg","status":"unknown","site_category":"infrastructure","opened_year":null,"updated_at":"2026-09-23","confidence":"low","import_source":"osm_overpass","external_id":"osm/way/34990467","sources":[{"title":"OpenStreetMap / Overpass","url":"https://wiki.openstreetmap.org/wiki/Tag:telecom%3Ddata_center","accessed_at":"2026-09-23","note":"osm_id=34990467"}]}},{"type":"Feature","geometry":{"type":"Point","coordinates":[8.5922876,50.1925314]},"properties":{"id":"dc_410","name":"Kyndryl Data Center","type":"data_center","subtype":"colocation","operator":"Kyndryl Deutschland GmbH","description_it":"Record da OpenStreetMap (tag data_center). Da validare con almeno una seconda fonte.","country":"DE","city":"Oberursel (Taunus)","status":"unknown","site_category":"infrastructure","opened_year":null,"updated_at":"2026-09-23","confidence":"low","import_source":"osm_overpass","external_id":"osm/way/38754141","sources":[{"title":"OpenStreetMap / Overpass","url":"https://wiki.openstreetmap.org/wiki/Tag:telecom%3Ddata_center","accessed_at":"2026-09-23","note":"osm_id=38754141"}]}},{"type":"Feature","geometry":{"type":"Point","coordinates":[7.744225,48.6004662]},"properties":{"id":"dc_411","name":"Quiri","type":"data_center","subtype":"colocation","operator":"Cogent","description_it":"Record da OpenStreetMap (tag data_center). Da validare con almeno una seconda fonte.","country":"FR","city":"n/d","status":"unknown","site_category":"infrastructure","opened_year":null,"updated_at":"2026-09-23","confidence":"low","import_source":"osm_overpass","external_id":"osm/way/43013791","sources":[{"title":"OpenStreetMap / Overpass","url":"https://wiki.openstreetmap.org/wiki/Tag:telecom%3Ddata_center","accessed_at":"2026-09-23","note":"osm_id=43013791"}]}},{"type":"Feature","geometry":{"type":"Point","coordinates":[11.1323534,49.4104919]},"properties":{"id":"dc_412","name":"noris network NBG6 BA1","type":"data_center","subtype":"colocation","operator":"noris network AG","description_it":"Record da OpenStreetMap (tag data_center). Da validare con almeno una seconda fonte.","country":"DE","city":"Nürnberg","status":"unknown","site_category":"infrastructure","opened_year":null,"updated_at":"2026-09-23","confidence":"low","import_source":"osm_overpass","external_id":"osm/way/44065956","sources":[{"title":"OpenStreetMap / Overpass","url":"https://wiki.openstreetmap.org/wiki/Tag:telecom%3Ddata_center","accessed_at":"2026-09-23","note":"osm_id=44065956"}]}},{"type":"Feature","geometry":{"type":"Point","coordinates":[7.7951206,48.5932662]},"properties":{"id":"dc_413","name":"Interoute Strasbourg","type":"data_center","subtype":"colocation","operator":"Interoute","description_it":"Record da OpenStreetMap (tag data_center). Da validare con almeno una seconda fonte.","country":"FR","city":"n/d","status":"unknown","site_category":"infrastructure","opened_year":null,"updated_at":"2026-09-23","confidence":"low","import_source":"osm_overpass","external_id":"osm/way/45423103","sources":[{"title":"OpenStreetMap / Overpass","url":"https://wiki.openstreetmap.org/wiki/Tag:telecom%3Ddata_center","accessed_at":"2026-09-23","note":"osm_id=45423103"}]}},{"type":"Feature","geometry":{"type":"Point","coordinates":[8.7350447,50.1189729]},"properties":{"id":"dc_414","name":"Digital Realty FRA4","type":"data_center","subtype":"colocation","operator":"Digital Realty","description_it":"Record da OpenStreetMap (tag data_center). Da validare con almeno una seconda fonte.","country":"DE","city":"Frankfurt am Main","status":"unknown","site_category":"infrastructure","opened_year":null,"updated_at":"2026-09-23","confidence":"low","import_source":"osm_overpass","external_id":"osm/way/48013134","sources":[{"title":"OpenStreetMap / Overpass","url":"https://wiki.openstreetmap.org/wiki/Tag:telecom%3Ddata_center","accessed_at":"2026-09-23","note":"osm_id=48013134"}]}},{"type":"Feature","geometry":{"type":"Point","coordinates":[8.7451594,50.1225089]},"properties":{"id":"dc_415","name":"iNTERWERK Rechenzentrum","type":"data_center","subtype":"colocation","operator":"Unknown","description_it":"Record da OpenStreetMap (tag data_center). Da validare con almeno una seconda fonte.","country":"FR","city":"n/d","status":"unknown","site_category":"infrastructure","opened_year":null,"updated_at":"2026-09-23","confidence":"low","import_source":"osm_overpass","external_id":"osm/way/48018740","sources":[{"title":"OpenStreetMap / Overpass","url":"https://wiki.openstreetmap.org/wiki/Tag:telecom%3Ddata_center","accessed_at":"2026-09-23","note":"osm_id=48018740"}]}},{"type":"Feature","geometry":{"type":"Point","coordinates":[14.3307844,50.0495571]},"properties":{"id":"dc_416","name":"DC Stodůlky","type":"data_center","subtype":"colocation","operator":"O2 Czech Republic a.s.","description_it":"Record da OpenStreetMap (tag data_center). Da validare con almeno una seconda fonte.","country":"DE","city":"n/d","status":"unknown","site_category":"infrastructure","opened_year":null,"updated_at":"2026-09-23","confidence":"low","import_source":"osm_overpass","external_id":"osm/way/49548520","sources":[{"title":"OpenStreetMap / Overpass","url":"https://wiki.openstreetmap.org/wiki/Tag:telecom%3Ddata_center","accessed_at":"2026-09-23","note":"osm_id=49548520"}]}},{"type":"Feature","geometry":{"type":"Point","coordinates":[14.5214431,50.0804693]},"properties":{"id":"dc_417","name":"TTC TELEPORT - DC2","type":"data_center","subtype":"colocation","operator":"Unknown","description_it":"Record da OpenStreetMap (tag data_center). Da validare con almeno una seconda fonte.","country":"DE","city":"n/d","status":"unknown","site_category":"infrastructure","opened_year":null,"updated_at":"2026-09-23","confidence":"low","import_source":"osm_overpass","external_id":"osm/way/49870693","sources":[{"title":"OpenStreetMap / Overpass","url":"https://wiki.openstreetmap.org/wiki/Tag:telecom%3Ddata_center","accessed_at":"2026-09-23","note":"osm_id=49870693"}]}},{"type":"Feature","geometry":{"type":"Point","coordinates":[14.485813,50.1256557]},"properties":{"id":"dc_418","name":"DC Vega","type":"data_center","subtype":"colocation","operator":"Unknown","description_it":"Record da OpenStreetMap (tag data_center). Da validare con almeno una seconda fonte.","country":"DE","city":"n/d","status":"unknown","site_category":"infrastructure","opened_year":null,"updated_at":"2026-09-23","confidence":"low","import_source":"osm_overpass","external_id":"osm/way/50110392","sources":[{"title":"OpenStreetMap / Overpass","url":"https://wiki.openstreetmap.org/wiki/Tag:telecom%3Ddata_center","accessed_at":"2026-09-23","note":"osm_id=50110392"}]}},{"type":"Feature","geometry":{"type":"Point","coordinates":[8.3472565,49.0134919]},"properties":{"id":"dc_419","name":"TelemaxX IPC1","type":"data_center","subtype":"colocation","operator":"TelemaxX Telekommunikation GmbH","description_it":"Record da OpenStreetMap (tag data_center). Da validare con almeno una seconda fonte.","country":"DE","city":"Karlsruhe","status":"unknown","site_category":"infrastructure","opened_year":null,"updated_at":"2026-09-23","confidence":"low","import_source":"osm_overpass","external_id":"osm/way/51763539","sources":[{"title":"OpenStreetMap / Overpass","url":"https://wiki.openstreetmap.org/wiki/Tag:telecom%3Ddata_center","accessed_at":"2026-09-23","note":"osm_id=51763539"}]}},{"type":"Feature","geometry":{"type":"Point","coordinates":[8.6426818,49.8768944]},"properties":{"id":"dc_420","name":"DARZ - Darmstädter Rechenzentrum","type":"data_center","subtype":"colocation","operator":"Unknown","description_it":"Record da OpenStreetMap (tag data_center). Da validare con almeno una seconda fonte.","country":"FR","city":"n/d","status":"unknown","site_category":"infrastructure","opened_year":null,"updated_at":"2026-09-23","confidence":"low","import_source":"osm_overpass","external_id":"osm/way/54244323","sources":[{"title":"OpenStreetMap / Overpass","url":"https://wiki.openstreetmap.org/wiki/Tag:telecom%3Ddata_center","accessed_at":"2026-09-23","note":"osm_id=54244323"}]}},{"type":"Feature","geometry":{"type":"Point","coordinates":[14.434692,49.052423]},"properties":{"id":"dc_421","name":"WEDOS DC 1 Masarykova","type":"data_center","subtype":"colocation","operator":"Unknown","description_it":"Record da OpenStreetMap (tag data_center). Da validare con almeno una seconda fonte.","country":"DE","city":"n/d","status":"unknown","site_category":"infrastructure","opened_year":null,"updated_at":"2026-09-23","confidence":"low","import_source":"osm_overpass","external_id":"osm/way/71054828","sources":[{"title":"OpenStreetMap / Overpass","url":"https://wiki.openstreetmap.org/wiki/Tag:telecom%3Ddata_center","accessed_at":"2026-09-23","note":"osm_id=71054828"}]}},{"type":"Feature","geometry":{"type":"Point","coordinates":[9.9752029,53.6445303]},"properties":{"id":"dc_422","name":"Equinix","type":"data_center","subtype":"colocation","operator":"Equinix","description_it":"Record da OpenStreetMap (tag data_center). Da validare con almeno una seconda fonte.","country":"DE","city":"Hamburg","status":"unknown","site_category":"infrastructure","opened_year":null,"updated_at":"2026-09-23","confidence":"low","import_source":"osm_overpass","external_id":"osm/way/72016873","sources":[{"title":"OpenStreetMap / Overpass","url":"https://wiki.openstreetmap.org/wiki/Tag:telecom%3Ddata_center","accessed_at":"2026-09-23","note":"osm_id=72016873"}]}},{"type":"Feature","geometry":{"type":"Point","coordinates":[15.430343,47.0662521]},"properties":{"id":"dc_423","name":"Telekom-Tower","type":"data_center","subtype":"colocation","operator":"A1 / Telekom Austria","description_it":"Record da OpenStreetMap (tag data_center). Da validare con almeno una seconda fonte.","country":"AT","city":"Graz","status":"unknown","site_category":"infrastructure","opened_year":null,"updated_at":"2026-09-23","confidence":"low","import_source":"osm_overpass","external_id":"osm/way/74662577","sources":[{"title":"OpenStreetMap / Overpass","url":"https://wiki.openstreetmap.org/wiki/Tag:telecom%3Ddata_center","accessed_at":"2026-09-23","note":"osm_id=74662577"}]}},{"type":"Feature","geometry":{"type":"Point","coordinates":[8.6431908,50.0973499]},"properties":{"id":"dc_424","name":"Equinix FR7","type":"data_center","subtype":"colocation","operator":"Equinix","description_it":"Record da OpenStreetMap (tag data_center). Da validare con almeno una seconda fonte.","country":"FR","city":"n/d","status":"unknown","site_category":"infrastructure","opened_year":null,"updated_at":"2026-09-23","confidence":"low","import_source":"osm_overpass","external_id":"osm/way/86258178","sources":[{"title":"OpenStreetMap / Overpass","url":"https://wiki.openstreetmap.org/wiki/Tag:telecom%3Ddata_center","accessed_at":"2026-09-23","note":"osm_id=86258178"}]}},{"type":"Feature","geometry":{"type":"Point","coordinates":[8.6316723,50.099626]},"properties":{"id":"dc_425","name":"I.T.E.N.O.S. Frankfurt - B","type":"data_center","subtype":"colocation","operator":"Unknown","description_it":"Record da OpenStreetMap (tag data_center). Da validare con almeno una seconda fonte.","country":"DE","city":"Frankfurt am Main","status":"unknown","site_category":"infrastructure","opened_year":null,"updated_at":"2026-09-23","confidence":"low","import_source":"osm_overpass","external_id":"osm/way/86339088","sources":[{"title":"OpenStreetMap / Overpass","url":"https://wiki.openstreetmap.org/wiki/Tag:telecom%3Ddata_center","accessed_at":"2026-09-23","note":"osm_id=86339088"}]}},{"type":"Feature","geometry":{"type":"Point","coordinates":[11.4467465,53.888339]},"properties":{"id":"dc_426","name":"ITSMZ","type":"data_center","subtype":"colocation","operator":"Unknown","description_it":"Record da OpenStreetMap (tag data_center). Da validare con almeno una seconda fonte.","country":"DE","city":"Wismar","status":"unknown","site_category":"infrastructure","opened_year":null,"updated_at":"2026-09-23","confidence":"low","import_source":"osm_overpass","external_id":"osm/way/87367948","sources":[{"title":"OpenStreetMap / Overpass","url":"https://wiki.openstreetmap.org/wiki/Tag:telecom%3Ddata_center","accessed_at":"2026-09-23","note":"osm_id=87367948"}]}},{"type":"Feature","geometry":{"type":"Point","coordinates":[8.6011081,50.1301256]},"properties":{"id":"dc_427","name":"NTT","type":"data_center","subtype":"colocation","operator":"NTT","description_it":"Record da OpenStreetMap (tag data_center). Da validare con almeno una seconda fonte.","country":"FR","city":"n/d","status":"unknown","site_category":"infrastructure","opened_year":null,"updated_at":"2026-09-23","confidence":"low","import_source":"osm_overpass","external_id":"osm/way/88875247","sources":[{"title":"OpenStreetMap / Overpass","url":"https://wiki.openstreetmap.org/wiki/Tag:telecom%3Ddata_center","accessed_at":"2026-09-23","note":"osm_id=88875247"}]}},{"type":"Feature","geometry":{"type":"Point","coordinates":[6.1505564,48.6559691]},"properties":{"id":"dc_428","name":"Datacenter Mutualisé Lorrain","type":"data_center","subtype":"colocation","operator":"CNRS","description_it":"Record da OpenStreetMap (tag data_center). Da validare con almeno una seconda fonte.","country":"FR","city":"n/d","status":"unknown","site_category":"infrastructure","opened_year":null,"updated_at":"2026-09-23","confidence":"low","import_source":"osm_overpass","external_id":"osm/way/89056684","sources":[{"title":"OpenStreetMap / Overpass","url":"https://wiki.openstreetmap.org/wiki/Tag:telecom%3Ddata_center","accessed_at":"2026-09-23","note":"osm_id=89056684"}]}},{"type":"Feature","geometry":{"type":"Point","coordinates":[8.3593953,49.4263755]},"properties":{"id":"dc_429","name":"Rechenzentrum PFALZKOM, DCRN I","type":"data_center","subtype":"colocation","operator":"Pfalzkom GmbH","description_it":"Record da OpenStreetMap (tag data_center). Da validare con almeno una seconda fonte.","country":"DE","city":"Mutterstadt","status":"unknown","site_category":"infrastructure","opened_year":null,"updated_at":"2026-09-23","confidence":"low","import_source":"osm_overpass","external_id":"osm/way/105283862","sources":[{"title":"OpenStreetMap / Overpass","url":"https://wiki.openstreetmap.org/wiki/Tag:telecom%3Ddata_center","accessed_at":"2026-09-23","note":"osm_id=105283862"}]}},{"type":"Feature","geometry":{"type":"Point","coordinates":[13.2238507,52.6264903]},"properties":{"id":"dc_430","name":"Data Center","type":"data_center","subtype":"colocation","operator":"Sabey Data Centers","description_it":"Record da OpenStreetMap (tag data_center). Da validare con almeno una seconda fonte.","country":"DE","city":"n/d","status":"unknown","site_category":"infrastructure","opened_year":null,"updated_at":"2026-09-23","confidence":"low","import_source":"osm_overpass","external_id":"osm/way/107293499","sources":[{"title":"OpenStreetMap / Overpass","url":"https://wiki.openstreetmap.org/wiki/Tag:telecom%3Ddata_center","accessed_at":"2026-09-23","note":"osm_id=107293499"}]}},{"type":"Feature","geometry":{"type":"Point","coordinates":[6.7543634,49.3187227]},"properties":{"id":"dc_431","name":"Inexio","type":"data_center","subtype":"colocation","operator":"Unknown","description_it":"Record da OpenStreetMap (tag data_center). Da validare con almeno una seconda fonte.","country":"FR","city":"n/d","status":"unknown","site_category":"infrastructure","opened_year":null,"updated_at":"2026-09-23","confidence":"low","import_source":"osm_overpass","external_id":"osm/way/114126239","sources":[{"title":"OpenStreetMap / Overpass","url":"https://wiki.openstreetmap.org/wiki/Tag:telecom%3Ddata_center","accessed_at":"2026-09-23","note":"osm_id=114126239"}]}},{"type":"Feature","geometry":{"type":"Point","coordinates":[13.069058,54.3368869]},"properties":{"id":"dc_432","name":"Boreus Rechenzentrum GmbH","type":"data_center","subtype":"colocation","operator":"Unknown","description_it":"Record da OpenStreetMap (tag data_center). Da validare con almeno una seconda fonte.","country":"DE","city":"Stralsund","status":"unknown","site_category":"infrastructure","opened_year":null,"updated_at":"2026-09-23","confidence":"low","import_source":"osm_overpass","external_id":"osm/way/118952238","sources":[{"title":"OpenStreetMap / Overpass","url":"https://wiki.openstreetmap.org/wiki/Tag:telecom%3Ddata_center","accessed_at":"2026-09-23","note":"osm_id=118952238"}]}},{"type":"Feature","geometry":{"type":"Point","coordinates":[14.5034521,50.0252197]},"properties":{"id":"dc_433","name":"DC Chodov","type":"data_center","subtype":"colocation","operator":"O2 Czech Republic a.s.","description_it":"Record da OpenStreetMap (tag data_center). Da validare con almeno una seconda fonte.","country":"DE","city":"n/d","status":"unknown","site_category":"infrastructure","opened_year":null,"updated_at":"2026-09-23","confidence":"low","import_source":"osm_overpass","external_id":"osm/way/127931842","sources":[{"title":"OpenStreetMap / Overpass","url":"https://wiki.openstreetmap.org/wiki/Tag:telecom%3Ddata_center","accessed_at":"2026-09-23","note":"osm_id=127931842"}]}},{"type":"Feature","geometry":{"type":"Point","coordinates":[5.9579275,49.6486549]},"properties":{"id":"dc_434","name":"EBRC Resilience Centre Luxembourg West","type":"data_center","subtype":"colocation","operator":"Unknown","description_it":"Record da OpenStreetMap (tag data_center). Da validare con almeno una seconda fonte.","country":"LU","city":"Windhof","status":"unknown","site_category":"infrastructure","opened_year":null,"updated_at":"2026-09-23","confidence":"low","import_source":"osm_overpass","external_id":"osm/way/128851542","sources":[{"title":"OpenStreetMap / Overpass","url":"https://wiki.openstreetmap.org/wiki/Tag:telecom%3Ddata_center","accessed_at":"2026-09-23","note":"osm_id=128851542"}]}},{"type":"Feature","geometry":{"type":"Point","coordinates":[7.7809763,50.4467446]},"properties":{"id":"dc_435","name":"Dernbach 2","type":"data_center","subtype":"colocation","operator":"GasLINE","description_it":"Record da OpenStreetMap (tag data_center). Da validare con almeno una seconda fonte.","country":"FR","city":"n/d","status":"unknown","site_category":"infrastructure","opened_year":null,"updated_at":"2026-09-23","confidence":"low","import_source":"osm_overpass","external_id":"osm/way/129919031","sources":[{"title":"OpenStreetMap / Overpass","url":"https://wiki.openstreetmap.org/wiki/Tag:telecom%3Ddata_center","accessed_at":"2026-09-23","note":"osm_id=129919031"}]}},{"type":"Feature","geometry":{"type":"Point","coordinates":[9.727843,52.4088135]},"properties":{"id":"dc_436","name":"net.DE AG","type":"data_center","subtype":"colocation","operator":"Unknown","description_it":"Record da OpenStreetMap (tag data_center). Da validare con almeno una seconda fonte.","country":"DE","city":"Hannover","status":"unknown","site_category":"infrastructure","opened_year":null,"updated_at":"2026-09-23","confidence":"low","import_source":"osm_overpass","external_id":"osm/way/139630697","sources":[{"title":"OpenStreetMap / Overpass","url":"https://wiki.openstreetmap.org/wiki/Tag:telecom%3Ddata_center","accessed_at":"2026-09-23","note":"osm_id=139630697"}]}},{"type":"Feature","geometry":{"type":"Point","coordinates":[14.4829496,50.06015]},"properties":{"id":"dc_437","name":"CE Colo","type":"data_center","subtype":"colocation","operator":"CE Colo Czech s.r.o.","description_it":"Record da OpenStreetMap (tag data_center). Da validare con almeno una seconda fonte.","country":"DE","city":"Praha 10","status":"unknown","site_category":"infrastructure","opened_year":null,"updated_at":"2026-09-23","confidence":"low","import_source":"osm_overpass","external_id":"osm/way/142366497","sources":[{"title":"OpenStreetMap / Overpass","url":"https://wiki.openstreetmap.org/wiki/Tag:telecom%3Ddata_center","accessed_at":"2026-09-23","note":"osm_id=142366497"}]}},{"type":"Feature","geometry":{"type":"Point","coordinates":[9.9563054,49.7459322]},"properties":{"id":"dc_438","name":"Datenstelle der Rentenversicherung","type":"data_center","subtype":"colocation","operator":"Deutsche Rentenversicherung Bund","description_it":"Record da OpenStreetMap (tag data_center). Da validare con almeno una seconda fonte.","country":"DE","city":"Würzburg","status":"unknown","site_category":"infrastructure","opened_year":null,"updated_at":"2026-09-23","confidence":"low","import_source":"osm_overpass","external_id":"osm/way/152579228","sources":[{"title":"OpenStreetMap / Overpass","url":"https://wiki.openstreetmap.org/wiki/Tag:telecom%3Ddata_center","accessed_at":"2026-09-23","note":"osm_id=152579228"}]}},{"type":"Feature","geometry":{"type":"Point","coordinates":[6.1134081,49.5051411]},"properties":{"id":"dc_439","name":"ICT Campus Bettembourg DC 1.2","type":"data_center","subtype":"colocation","operator":"LuxConnect","description_it":"Record da OpenStreetMap (tag data_center). Da validare con almeno una seconda fonte.","country":"LU","city":"Bettembourg","status":"unknown","site_category":"infrastructure","opened_year":null,"updated_at":"2026-09-23","confidence":"low","import_source":"osm_overpass","external_id":"osm/way/162870888","sources":[{"title":"OpenStreetMap / Overpass","url":"https://wiki.openstreetmap.org/wiki/Tag:telecom%3Ddata_center","accessed_at":"2026-09-23","note":"osm_id=162870888"}]}},{"type":"Feature","geometry":{"type":"Point","coordinates":[6.0521768,49.4975668]},"properties":{"id":"dc_440","name":"EBRC Resilience Centre Luxembourg South","type":"data_center","subtype":"colocation","operator":"Unknown","description_it":"Record da OpenStreetMap (tag data_center). Da validare con almeno una seconda fonte.","country":"LU","city":"Kayl","status":"unknown","site_category":"infrastructure","opened_year":null,"updated_at":"2026-09-23","confidence":"low","import_source":"osm_overpass","external_id":"osm/way/166476032","sources":[{"title":"OpenStreetMap / Overpass","url":"https://wiki.openstreetmap.org/wiki/Tag:telecom%3Ddata_center","accessed_at":"2026-09-23","note":"osm_id=166476032"}]}},{"type":"Feature","geometry":{"type":"Point","coordinates":[8.7438333,50.1091188]},"properties":{"id":"dc_441","name":"Vantage Data Center (FRA1)","type":"data_center","subtype":"hyperscale","operator":"Vantage Data Centers","description_it":"Record da OpenStreetMap classificato come hyperscale (operatore cloud/campus). Da validare con una seconda fonte.","country":"FR","city":"Offenbach am Main","status":"unknown","site_category":"infrastructure","opened_year":null,"updated_at":"2026-09-23","confidence":"low","import_source":"osm_overpass","external_id":"osm/way/172856848","sources":[{"title":"OpenStreetMap / Overpass","url":"https://wiki.openstreetmap.org/wiki/Tag:telecom%3Ddata_center","accessed_at":"2026-09-23","note":"osm_id=172856848"}]}},{"type":"Feature","geometry":{"type":"Point","coordinates":[14.3464295,51.193955]},"properties":{"id":"dc_442","name":"NTT DATA Business Solutions Global Managed Services","type":"data_center","subtype":"colocation","operator":"NTT","description_it":"Record da OpenStreetMap (tag data_center). Da validare con almeno una seconda fonte.","country":"DE","city":"Bautzen","status":"unknown","site_category":"infrastructure","opened_year":null,"updated_at":"2026-09-23","confidence":"low","import_source":"osm_overpass","external_id":"osm/way/188308568","sources":[{"title":"OpenStreetMap / Overpass","url":"https://wiki.openstreetmap.org/wiki/Tag:telecom%3Ddata_center","accessed_at":"2026-09-23","note":"osm_id=188308568"}]}},{"type":"Feature","geometry":{"type":"Point","coordinates":[11.4184645,53.5983374]},"properties":{"id":"dc_443","name":"Planet IC","type":"data_center","subtype":"colocation","operator":"Unknown","description_it":"Record da OpenStreetMap (tag data_center). Da validare con almeno una seconda fonte.","country":"DE","city":"n/d","status":"unknown","site_category":"infrastructure","opened_year":null,"updated_at":"2026-09-23","confidence":"low","import_source":"osm_overpass","external_id":"osm/way/191720187","sources":[{"title":"OpenStreetMap / Overpass","url":"https://wiki.openstreetmap.org/wiki/Tag:telecom%3Ddata_center","accessed_at":"2026-09-23","note":"osm_id=191720187"}]}},{"type":"Feature","geometry":{"type":"Point","coordinates":[13.4284007,52.4528683]},"properties":{"id":"dc_444","name":"NorthC Berlin 2","type":"data_center","subtype":"colocation","operator":"NorthC","description_it":"Record da OpenStreetMap (tag data_center). Da validare con almeno una seconda fonte.","country":"DE","city":"n/d","status":"unknown","site_category":"infrastructure","opened_year":null,"updated_at":"2026-09-23","confidence":"low","import_source":"osm_overpass","external_id":"osm/way/195293320","sources":[{"title":"OpenStreetMap / Overpass","url":"https://wiki.openstreetmap.org/wiki/Tag:telecom%3Ddata_center","accessed_at":"2026-09-23","note":"osm_id=195293320"}]}},{"type":"Feature","geometry":{"type":"Point","coordinates":[8.4564839,50.0164746]},"properties":{"id":"dc_445","name":"Vantage Data Center FRA31","type":"data_center","subtype":"hyperscale","operator":"Vantage Data Centers","description_it":"Record da OpenStreetMap classificato come hyperscale (operatore cloud/campus). Da validare con una seconda fonte.","country":"FR","city":"n/d","status":"unknown","site_category":"infrastructure","opened_year":null,"updated_at":"2026-09-23","confidence":"low","import_source":"osm_overpass","external_id":"osm/way/205360599","sources":[{"title":"OpenStreetMap / Overpass","url":"https://wiki.openstreetmap.org/wiki/Tag:telecom%3Ddata_center","accessed_at":"2026-09-23","note":"osm_id=205360599"}]}},{"type":"Feature","geometry":{"type":"Point","coordinates":[11.5301411,48.094909]},"properties":{"id":"dc_446","name":"Siemens EAGLE Data Center","type":"data_center","subtype":"colocation","operator":"Siemens","description_it":"Record da OpenStreetMap (tag data_center). Da validare con almeno una seconda fonte.","country":"DE","city":"n/d","status":"unknown","site_category":"infrastructure","opened_year":null,"updated_at":"2026-09-23","confidence":"low","import_source":"osm_overpass","external_id":"osm/way/207919304","sources":[{"title":"OpenStreetMap / Overpass","url":"https://wiki.openstreetmap.org/wiki/Tag:telecom%3Ddata_center","accessed_at":"2026-09-23","note":"osm_id=207919304"}]}},{"type":"Feature","geometry":{"type":"Point","coordinates":[6.3246532,49.6940086]},"properties":{"id":"dc_447","name":"EBRC Resilience Centre Luxembourg East","type":"data_center","subtype":"colocation","operator":"Unknown","description_it":"Record da OpenStreetMap (tag data_center). Da validare con almeno una seconda fonte.","country":"FR","city":"n/d","status":"unknown","site_category":"infrastructure","opened_year":null,"updated_at":"2026-09-23","confidence":"low","import_source":"osm_overpass","external_id":"osm/way/218247529","sources":[{"title":"OpenStreetMap / Overpass","url":"https://wiki.openstreetmap.org/wiki/Tag:telecom%3Ddata_center","accessed_at":"2026-09-23","note":"osm_id=218247529"}]}},{"type":"Feature","geometry":{"type":"Point","coordinates":[9.3080262,49.1458467]},"properties":{"id":"dc_448","name":"Rechenzentrum Ellhofen","type":"data_center","subtype":"colocation","operator":"Stack IT","description_it":"Record da OpenStreetMap (tag data_center). Da validare con almeno una seconda fonte.","country":"DE","city":"Ellhofen","status":"unknown","site_category":"infrastructure","opened_year":null,"updated_at":"2026-09-23","confidence":"low","import_source":"osm_overpass","external_id":"osm/way/220363244","sources":[{"title":"OpenStreetMap / Overpass","url":"https://wiki.openstreetmap.org/wiki/Tag:telecom%3Ddata_center","accessed_at":"2026-09-23","note":"osm_id=220363244"}]}},{"type":"Feature","geometry":{"type":"Point","coordinates":[13.6033906,48.7341771]},"properties":{"id":"dc_449","name":"WKNJ00","type":"data_center","subtype":"colocation","operator":"Deutsche Telekom","description_it":"Record da OpenStreetMap (tag data_center). Da validare con almeno una seconda fonte.","country":"DE","city":"Waldkirchen","status":"unknown","site_category":"infrastructure","opened_year":null,"updated_at":"2026-09-23","confidence":"low","import_source":"osm_overpass","external_id":"osm/way/220540453","sources":[{"title":"OpenStreetMap / Overpass","url":"https://wiki.openstreetmap.org/wiki/Tag:telecom%3Ddata_center","accessed_at":"2026-09-23","note":"osm_id=220540453"}]}},{"type":"Feature","geometry":{"type":"Point","coordinates":[8.0624469,50.4088511]},"properties":{"id":"dc_450","name":"OVHcloud LIM1-3 Rechenzentrum","type":"data_center","subtype":"colocation","operator":"OVH GmbH","description_it":"Record da OpenStreetMap (tag data_center). Da validare con almeno una seconda fonte.","country":"DE","city":"Limburg an der Lahn","status":"unknown","site_category":"infrastructure","opened_year":null,"updated_at":"2026-09-23","confidence":"low","import_source":"osm_overpass","external_id":"osm/way/229184178","sources":[{"title":"OpenStreetMap / Overpass","url":"https://wiki.openstreetmap.org/wiki/Tag:telecom%3Ddata_center","accessed_at":"2026-09-23","note":"osm_id=229184178"}]}},{"type":"Feature","geometry":{"type":"Point","coordinates":[9.5854931,50.908581]},"properties":{"id":"dc_451","name":"General Logistics Systems Germany GmbH & Co. OHG","type":"data_center","subtype":"colocation","operator":"GLS IT Services GmbH","description_it":"Record da OpenStreetMap (tag data_center). Da validare con almeno una seconda fonte.","country":"FR","city":"Neuenstein","status":"unknown","site_category":"infrastructure","opened_year":null,"updated_at":"2026-09-23","confidence":"low","import_source":"osm_overpass","external_id":"osm/way/234449744","sources":[{"title":"OpenStreetMap / Overpass","url":"https://wiki.openstreetmap.org/wiki/Tag:telecom%3Ddata_center","accessed_at":"2026-09-23","note":"osm_id=234449744"}]}},{"type":"Feature","geometry":{"type":"Point","coordinates":[8.619849,50.1036247]},"properties":{"id":"dc_452","name":"NorthC Frankfurt 3","type":"data_center","subtype":"colocation","operator":"NorthC","description_it":"Record da OpenStreetMap (tag data_center). Da validare con almeno una seconda fonte.","country":"FR","city":"n/d","status":"unknown","site_category":"infrastructure","opened_year":null,"updated_at":"2026-09-23","confidence":"low","import_source":"osm_overpass","external_id":"osm/way/248865761","sources":[{"title":"OpenStreetMap / Overpass","url":"https://wiki.openstreetmap.org/wiki/Tag:telecom%3Ddata_center","accessed_at":"2026-09-23","note":"osm_id=248865761"}]}},{"type":"Feature","geometry":{"type":"Point","coordinates":[7.6350765,51.2267787]},"properties":{"id":"dc_453","name":"Stadtwerke Lüdenscheid GmbH (ENERVIE-Gruppe)","type":"data_center","subtype":"colocation","operator":"ENERVIE – Südwestfalen Energie und Wasser AG","description_it":"Record da OpenStreetMap (tag data_center). Da validare con almeno una seconda fonte.","country":"DE","city":"n/d","status":"unknown","site_category":"infrastructure","opened_year":null,"updated_at":"2026-09-23","confidence":"low","import_source":"osm_overpass","external_id":"osm/way/252016450","sources":[{"title":"OpenStreetMap / Overpass","url":"https://wiki.openstreetmap.org/wiki/Tag:telecom%3Ddata_center","accessed_at":"2026-09-23","note":"osm_id=252016450"}]}},{"type":"Feature","geometry":{"type":"Point","coordinates":[8.4732288,49.0271158]},"properties":{"id":"dc_454","name":"TelemaxX IPC4","type":"data_center","subtype":"colocation","operator":"TelemaxX Telekommunikation GmbH","description_it":"Record da OpenStreetMap (tag data_center). Da validare con almeno una seconda fonte.","country":"FR","city":"n/d","status":"unknown","site_category":"infrastructure","opened_year":null,"updated_at":"2026-09-23","confidence":"low","import_source":"osm_overpass","external_id":"osm/way/258148708","sources":[{"title":"OpenStreetMap / Overpass","url":"https://wiki.openstreetmap.org/wiki/Tag:telecom%3Ddata_center","accessed_at":"2026-09-23","note":"osm_id=258148708"}]}},{"type":"Feature","geometry":{"type":"Point","coordinates":[11.6539113,51.9848368]},"properties":{"id":"dc_455","name":"T-Systems Biere Rechenzentrum","type":"data_center","subtype":"colocation","operator":"Deutsche Telekom","description_it":"Record da OpenStreetMap (tag data_center). Da validare con almeno una seconda fonte.","country":"DE","city":"n/d","status":"unknown","site_category":"infrastructure","opened_year":null,"updated_at":"2026-09-23","confidence":"low","import_source":"osm_overpass","external_id":"osm/way/291142381","sources":[{"title":"OpenStreetMap / Overpass","url":"https://wiki.openstreetmap.org/wiki/Tag:telecom%3Ddata_center","accessed_at":"2026-09-23","note":"osm_id=291142381"}]}},{"type":"Feature","geometry":{"type":"Point","coordinates":[8.5325882,50.1629204]},"properties":{"id":"dc_456","name":"noris network FRA1","type":"data_center","subtype":"colocation","operator":"noris network AG","description_it":"Record da OpenStreetMap (tag data_center). Da validare con almeno una seconda fonte.","country":"FR","city":"Schwalbach am Taunus","status":"unknown","site_category":"infrastructure","opened_year":null,"updated_at":"2026-09-23","confidence":"low","import_source":"osm_overpass","external_id":"osm/way/313208490","sources":[{"title":"OpenStreetMap / Overpass","url":"https://wiki.openstreetmap.org/wiki/Tag:telecom%3Ddata_center","accessed_at":"2026-09-23","note":"osm_id=313208490"}]}},{"type":"Feature","geometry":{"type":"Point","coordinates":[11.5333663,48.0639182]},"properties":{"id":"dc_457","name":"Bundesnachrichtendienst Pullach Rechenzentrum","type":"data_center","subtype":"colocation","operator":"Bundesnachrichtendienst","description_it":"Record da OpenStreetMap (tag data_center). Da validare con almeno una seconda fonte.","country":"DE","city":"n/d","status":"unknown","site_category":"infrastructure","opened_year":null,"updated_at":"2026-09-23","confidence":"low","import_source":"osm_overpass","external_id":"osm/way/330751320","sources":[{"title":"OpenStreetMap / Overpass","url":"https://wiki.openstreetmap.org/wiki/Tag:telecom%3Ddata_center","accessed_at":"2026-09-23","note":"osm_id=330751320"}]}},{"type":"Feature","geometry":{"type":"Point","coordinates":[8.4782667,49.0200971]},"properties":{"id":"dc_458","name":"TelemaxX IPC3","type":"data_center","subtype":"colocation","operator":"TelemaxX Telekommunikation GmbH","description_it":"Record da OpenStreetMap (tag data_center). Da validare con almeno una seconda fonte.","country":"DE","city":"Karlsruhe","status":"unknown","site_category":"infrastructure","opened_year":null,"updated_at":"2026-09-23","confidence":"low","import_source":"osm_overpass","external_id":"osm/way/334161493","sources":[{"title":"OpenStreetMap / Overpass","url":"https://wiki.openstreetmap.org/wiki/Tag:telecom%3Ddata_center","accessed_at":"2026-09-23","note":"osm_id=334161493"}]}},{"type":"Feature","geometry":{"type":"Point","coordinates":[8.739218,50.1430023]},"properties":{"id":"dc_459","name":"Equinix FR2","type":"data_center","subtype":"colocation","operator":"Equinix","description_it":"Record da OpenStreetMap (tag data_center). Da validare con almeno una seconda fonte.","country":"DE","city":"Frankfurt am Main","status":"unknown","site_category":"infrastructure","opened_year":null,"updated_at":"2026-09-23","confidence":"low","import_source":"osm_overpass","external_id":"osm/way/380134092","sources":[{"title":"OpenStreetMap / Overpass","url":"https://wiki.openstreetmap.org/wiki/Tag:telecom%3Ddata_center","accessed_at":"2026-09-23","note":"osm_id=380134092"}]}},{"type":"Feature","geometry":{"type":"Point","coordinates":[7.5963044,51.893474]},"properties":{"id":"dc_460","name":"GAD-Rechenzentrum 2","type":"data_center","subtype":"colocation","operator":"Atruvia AG","description_it":"Record da OpenStreetMap (tag data_center). Da validare con almeno una seconda fonte.","country":"DE","city":"Münster","status":"unknown","site_category":"infrastructure","opened_year":null,"updated_at":"2026-09-23","confidence":"low","import_source":"osm_overpass","external_id":"osm/way/397803546","sources":[{"title":"OpenStreetMap / Overpass","url":"https://wiki.openstreetmap.org/wiki/Tag:telecom%3Ddata_center","accessed_at":"2026-09-23","note":"osm_id=397803546"}]}},{"type":"Feature","geometry":{"type":"Point","coordinates":[6.8042459,49.505053]},"properties":{"id":"dc_461","name":"Rechenzentrum KÜS Data","type":"data_center","subtype":"colocation","operator":"Unknown","description_it":"Record da OpenStreetMap (tag data_center). Da validare con almeno una seconda fonte.","country":"DE","city":"Losheim am See","status":"unknown","site_category":"infrastructure","opened_year":null,"updated_at":"2026-09-23","confidence":"low","import_source":"osm_overpass","external_id":"osm/way/410035541","sources":[{"title":"OpenStreetMap / Overpass","url":"https://wiki.openstreetmap.org/wiki/Tag:telecom%3Ddata_center","accessed_at":"2026-09-23","note":"osm_id=410035541"}]}},{"type":"Feature","geometry":{"type":"Point","coordinates":[11.7376766,48.1612858]},"properties":{"id":"dc_462","name":"noris Munich MUC5","type":"data_center","subtype":"colocation","operator":"noris","description_it":"Record da OpenStreetMap (tag data_center). Da validare con almeno una seconda fonte.","country":"DE","city":"n/d","status":"unknown","site_category":"infrastructure","opened_year":null,"updated_at":"2026-09-23","confidence":"low","import_source":"osm_overpass","external_id":"osm/way/413681245","sources":[{"title":"OpenStreetMap / Overpass","url":"https://wiki.openstreetmap.org/wiki/Tag:telecom%3Ddata_center","accessed_at":"2026-09-23","note":"osm_id=413681245"}]}},{"type":"Feature","geometry":{"type":"Point","coordinates":[8.7385459,50.1359427]},"properties":{"id":"dc_463","name":"Mainova WebHouse","type":"data_center","subtype":"colocation","operator":"Unknown","description_it":"Record da OpenStreetMap (tag data_center). Da validare con almeno una seconda fonte.","country":"DE","city":"Frankfurt am Main","status":"unknown","site_category":"infrastructure","opened_year":null,"updated_at":"2026-09-23","confidence":"low","import_source":"osm_overpass","external_id":"osm/way/416139055","sources":[{"title":"OpenStreetMap / Overpass","url":"https://wiki.openstreetmap.org/wiki/Tag:telecom%3Ddata_center","accessed_at":"2026-09-23","note":"osm_id=416139055"}]}},{"type":"Feature","geometry":{"type":"Point","coordinates":[14.5928983,50.1172625]},"properties":{"id":"dc_464","name":"Datové centrum Kokura","type":"data_center","subtype":"colocation","operator":"Unknown","description_it":"Record da OpenStreetMap (tag data_center). Da validare con almeno una seconda fonte.","country":"DE","city":"n/d","status":"unknown","site_category":"infrastructure","opened_year":null,"updated_at":"2026-09-23","confidence":"low","import_source":"osm_overpass","external_id":"osm/way/418593276","sources":[{"title":"OpenStreetMap / Overpass","url":"https://wiki.openstreetmap.org/wiki/Tag:telecom%3Ddata_center","accessed_at":"2026-09-23","note":"osm_id=418593276"}]}},{"type":"Feature","geometry":{"type":"Point","coordinates":[13.1197234,48.6717889]},"properties":{"id":"dc_465","name":"synaforce GmbH","type":"data_center","subtype":"colocation","operator":"Unknown","description_it":"Record da OpenStreetMap (tag data_center). Da validare con almeno una seconda fonte.","country":"DE","city":"n/d","status":"unknown","site_category":"infrastructure","opened_year":null,"updated_at":"2026-09-23","confidence":"low","import_source":"osm_overpass","external_id":"osm/way/547247379","sources":[{"title":"OpenStreetMap / Overpass","url":"https://wiki.openstreetmap.org/wiki/Tag:telecom%3Ddata_center","accessed_at":"2026-09-23","note":"osm_id=547247379"}]}},{"type":"Feature","geometry":{"type":"Point","coordinates":[8.4582302,49.0777621]},"properties":{"id":"dc_466","name":"TelemaxX IPC5","type":"data_center","subtype":"colocation","operator":"TelemaxX Telekommunikation GmbH","description_it":"Record da OpenStreetMap (tag data_center). Da validare con almeno una seconda fonte.","country":"DE","city":"Stutensee","status":"unknown","site_category":"infrastructure","opened_year":null,"updated_at":"2026-09-23","confidence":"low","import_source":"osm_overpass","external_id":"osm/way/549728082","sources":[{"title":"OpenStreetMap / Overpass","url":"https://wiki.openstreetmap.org/wiki/Tag:telecom%3Ddata_center","accessed_at":"2026-09-23","note":"osm_id=549728082"}]}},{"type":"Feature","geometry":{"type":"Point","coordinates":[7.6038111,51.9662391]},"properties":{"id":"dc_467","name":"Servergebäude","type":"data_center","subtype":"colocation","operator":"Universität Münster","description_it":"Record da OpenStreetMap (tag data_center). Da validare con almeno una seconda fonte.","country":"DE","city":"n/d","status":"unknown","site_category":"infrastructure","opened_year":null,"updated_at":"2026-09-23","confidence":"low","import_source":"osm_overpass","external_id":"osm/way/568657795","sources":[{"title":"OpenStreetMap / Overpass","url":"https://wiki.openstreetmap.org/wiki/Tag:telecom%3Ddata_center","accessed_at":"2026-09-23","note":"osm_id=568657795"}]}},{"type":"Feature","geometry":{"type":"Point","coordinates":[12.3346359,50.4775298]},"properties":{"id":"dc_468","name":"Hetzner – Rechenzentrumspark Falkenstein","type":"data_center","subtype":"colocation","operator":"Hetzner Online GmbH","description_it":"Record da OpenStreetMap (tag data_center). Da validare con almeno una seconda fonte.","country":"DE","city":"Falkenstein/Vogtl.","status":"unknown","site_category":"infrastructure","opened_year":null,"updated_at":"2026-09-23","confidence":"low","import_source":"osm_overpass","external_id":"osm/way/606528332","sources":[{"title":"OpenStreetMap / Overpass","url":"https://wiki.openstreetmap.org/wiki/Tag:telecom%3Ddata_center","accessed_at":"2026-09-23","note":"osm_id=606528332"}]}},{"type":"Feature","geometry":{"type":"Point","coordinates":[9.619716,52.0159209]},"properties":{"id":"dc_469","name":"Telekom Vermittlungsstelle","type":"data_center","subtype":"colocation","operator":"Deutsche Telekom","description_it":"Record da OpenStreetMap (tag data_center). Da validare con almeno una seconda fonte.","country":"DE","city":"n/d","status":"unknown","site_category":"infrastructure","opened_year":null,"updated_at":"2026-09-23","confidence":"low","import_source":"osm_overpass","external_id":"osm/way/628235780","sources":[{"title":"OpenStreetMap / Overpass","url":"https://wiki.openstreetmap.org/wiki/Tag:telecom%3Ddata_center","accessed_at":"2026-09-23","note":"osm_id=628235780"}]}},{"type":"Feature","geometry":{"type":"Point","coordinates":[14.5282167,50.0647772]},"properties":{"id":"dc_470","name":"Datové centrum DC7","type":"data_center","subtype":"colocation","operator":"T-Mobile","description_it":"Record da OpenStreetMap (tag data_center). Da validare con almeno una seconda fonte.","country":"DE","city":"n/d","status":"unknown","site_category":"infrastructure","opened_year":null,"updated_at":"2026-09-23","confidence":"low","import_source":"osm_overpass","external_id":"osm/way/633071611","sources":[{"title":"OpenStreetMap / Overpass","url":"https://wiki.openstreetmap.org/wiki/Tag:telecom%3Ddata_center","accessed_at":"2026-09-23","note":"osm_id=633071611"}]}},{"type":"Feature","geometry":{"type":"Point","coordinates":[8.6316399,49.2935279]},"properties":{"id":"dc_471","name":"SAP WDF51","type":"data_center","subtype":"colocation","operator":"SAP SE","description_it":"Record da OpenStreetMap (tag data_center). Da validare con almeno una seconda fonte.","country":"FR","city":"n/d","status":"unknown","site_category":"infrastructure","opened_year":null,"updated_at":"2026-09-23","confidence":"low","import_source":"osm_overpass","external_id":"osm/way/643236943","sources":[{"title":"OpenStreetMap / Overpass","url":"https://wiki.openstreetmap.org/wiki/Tag:telecom%3Ddata_center","accessed_at":"2026-09-23","note":"osm_id=643236943"}]}},{"type":"Feature","geometry":{"type":"Point","coordinates":[8.7365341,51.6809752]},"properties":{"id":"dc_472","name":"VegaSystems GmbH & Co. KG","type":"data_center","subtype":"colocation","operator":"Unknown","description_it":"Record da OpenStreetMap (tag data_center). Da validare con almeno una seconda fonte.","country":"DE","city":"n/d","status":"unknown","site_category":"infrastructure","opened_year":null,"updated_at":"2026-09-23","confidence":"low","import_source":"osm_overpass","external_id":"osm/way/686613449","sources":[{"title":"OpenStreetMap / Overpass","url":"https://wiki.openstreetmap.org/wiki/Tag:telecom%3Ddata_center","accessed_at":"2026-09-23","note":"osm_id=686613449"}]}},{"type":"Feature","geometry":{"type":"Point","coordinates":[7.9734497,48.5499712]},"properties":{"id":"dc_473","name":"LEITWERK Rechenzentrum Appenweier","type":"data_center","subtype":"colocation","operator":"Leitwerk Rechenzentren Appenweier/Lahr GmbH","description_it":"Record da OpenStreetMap (tag data_center). Da validare con almeno una seconda fonte.","country":"FR","city":"Appenweier","status":"unknown","site_category":"infrastructure","opened_year":null,"updated_at":"2026-09-23","confidence":"low","import_source":"osm_overpass","external_id":"osm/way/688146819","sources":[{"title":"OpenStreetMap / Overpass","url":"https://wiki.openstreetmap.org/wiki/Tag:telecom%3Ddata_center","accessed_at":"2026-09-23","note":"osm_id=688146819"}]}},{"type":"Feature","geometry":{"type":"Point","coordinates":[12.8372503,48.032257]},"properties":{"id":"dc_474","name":"Rechenzentrum Ostermiething","type":"data_center","subtype":"colocation","operator":"Stack IT","description_it":"Record da OpenStreetMap (tag data_center). Da validare con almeno una seconda fonte.","country":"AT","city":"Ostermiething","status":"unknown","site_category":"infrastructure","opened_year":null,"updated_at":"2026-09-23","confidence":"low","import_source":"osm_overpass","external_id":"osm/way/708069523","sources":[{"title":"OpenStreetMap / Overpass","url":"https://wiki.openstreetmap.org/wiki/Tag:telecom%3Ddata_center","accessed_at":"2026-09-23","note":"osm_id=708069523"}]}},{"type":"Feature","geometry":{"type":"Point","coordinates":[11.0145373,49.4498768]},"properties":{"id":"dc_475","name":"Hetzner Online GmbH - NBG1","type":"data_center","subtype":"colocation","operator":"Hetzner Online GmbH","description_it":"Record da OpenStreetMap (tag data_center). Da validare con almeno una seconda fonte.","country":"DE","city":"Nürnberg","status":"unknown","site_category":"infrastructure","opened_year":null,"updated_at":"2026-09-23","confidence":"low","import_source":"osm_overpass","external_id":"osm/way/723038882","sources":[{"title":"OpenStreetMap / Overpass","url":"https://wiki.openstreetmap.org/wiki/Tag:telecom%3Ddata_center","accessed_at":"2026-09-23","note":"osm_id=723038882"}]}},{"type":"Feature","geometry":{"type":"Point","coordinates":[7.6154941,47.5125242]},"properties":{"id":"dc_476","name":"NorthC data centers Basel","type":"data_center","subtype":"colocation","operator":"Unknown","description_it":"Record da OpenStreetMap (tag data_center). Da validare con almeno una seconda fonte.","country":"FR","city":"n/d","status":"unknown","site_category":"infrastructure","opened_year":null,"updated_at":"2026-09-23","confidence":"low","import_source":"osm_overpass","external_id":"osm/way/750275669","sources":[{"title":"OpenStreetMap / Overpass","url":"https://wiki.openstreetmap.org/wiki/Tag:telecom%3Ddata_center","accessed_at":"2026-09-23","note":"osm_id=750275669"}]}},{"type":"Feature","geometry":{"type":"Point","coordinates":[8.4851861,50.0628368]},"properties":{"id":"dc_477","name":"Gebäude 1","type":"data_center","subtype":"colocation","operator":"Unknown","description_it":"Record da OpenStreetMap (tag data_center). Da validare con almeno una seconda fonte.","country":"FR","city":"n/d","status":"unknown","site_category":"infrastructure","opened_year":null,"updated_at":"2026-09-23","confidence":"low","import_source":"osm_overpass","external_id":"osm/way/759986149","sources":[{"title":"OpenStreetMap / Overpass","url":"https://wiki.openstreetmap.org/wiki/Tag:telecom%3Ddata_center","accessed_at":"2026-09-23","note":"osm_id=759986149"}]}},{"type":"Feature","geometry":{"type":"Point","coordinates":[8.3498932,49.4208235]},"properties":{"id":"dc_478","name":"Rechenzentrum PFALZKOM, DCRN II","type":"data_center","subtype":"colocation","operator":"Pfalzkom GmbH","description_it":"Record da OpenStreetMap (tag data_center). Da validare con almeno una seconda fonte.","country":"DE","city":"Mutterstadt","status":"unknown","site_category":"infrastructure","opened_year":null,"updated_at":"2026-09-23","confidence":"low","import_source":"osm_overpass","external_id":"osm/way/771374487","sources":[{"title":"OpenStreetMap / Overpass","url":"https://wiki.openstreetmap.org/wiki/Tag:telecom%3Ddata_center","accessed_at":"2026-09-23","note":"osm_id=771374487"}]}},{"type":"Feature","geometry":{"type":"Point","coordinates":[5.9740774,47.2262455]},"properties":{"id":"dc_479","name":"MLH1","type":"data_center","subtype":"colocation","operator":"nLighten","description_it":"Record da OpenStreetMap (tag data_center). Da validare con almeno una seconda fonte.","country":"FR","city":"n/d","status":"unknown","site_category":"infrastructure","opened_year":null,"updated_at":"2026-09-23","confidence":"low","import_source":"osm_overpass","external_id":"osm/way/778874555","sources":[{"title":"OpenStreetMap / Overpass","url":"https://wiki.openstreetmap.org/wiki/Tag:telecom%3Ddata_center","accessed_at":"2026-09-23","note":"osm_id=778874555"}]}},{"type":"Feature","geometry":{"type":"Point","coordinates":[14.4433775,49.0533614]},"properties":{"id":"dc_480","name":"WEDOS DC2 Podskalí","type":"data_center","subtype":"colocation","operator":"Wedos","description_it":"Record da OpenStreetMap (tag data_center). Da validare con almeno una seconda fonte.","country":"DE","city":"Hluboká nad Vltavou","status":"unknown","site_category":"infrastructure","opened_year":null,"updated_at":"2026-09-23","confidence":"low","import_source":"osm_overpass","external_id":"osm/way/800615347","sources":[{"title":"OpenStreetMap / Overpass","url":"https://wiki.openstreetmap.org/wiki/Tag:telecom%3Ddata_center","accessed_at":"2026-09-23","note":"osm_id=800615347"}]}},{"type":"Feature","geometry":{"type":"Point","coordinates":[9.5637715,52.0768856]},"properties":{"id":"dc_481","name":"PoP-Hauptverteiler","type":"data_center","subtype":"colocation","operator":"Unknown","description_it":"Record da OpenStreetMap (tag data_center). Da validare con almeno una seconda fonte.","country":"DE","city":"n/d","status":"unknown","site_category":"infrastructure","opened_year":null,"updated_at":"2026-09-23","confidence":"low","import_source":"osm_overpass","external_id":"osm/way/818712545","sources":[{"title":"OpenStreetMap / Overpass","url":"https://wiki.openstreetmap.org/wiki/Tag:telecom%3Ddata_center","accessed_at":"2026-09-23","note":"osm_id=818712545"}]}},{"type":"Feature","geometry":{"type":"Point","coordinates":[9.5905617,52.0611496]},"properties":{"id":"dc_482","name":"PoP Hauptverteiler","type":"data_center","subtype":"colocation","operator":"Unknown","description_it":"Record da OpenStreetMap (tag data_center). Da validare con almeno una seconda fonte.","country":"DE","city":"n/d","status":"unknown","site_category":"infrastructure","opened_year":null,"updated_at":"2026-09-23","confidence":"low","import_source":"osm_overpass","external_id":"osm/way/818738768","sources":[{"title":"OpenStreetMap / Overpass","url":"https://wiki.openstreetmap.org/wiki/Tag:telecom%3Ddata_center","accessed_at":"2026-09-23","note":"osm_id=818738768"}]}},{"type":"Feature","geometry":{"type":"Point","coordinates":[9.5333008,52.121617]},"properties":{"id":"dc_483","name":"PoP-Hauptverteiler","type":"data_center","subtype":"colocation","operator":"htp GmbH","description_it":"Record da OpenStreetMap (tag data_center). Da validare con almeno una seconda fonte.","country":"DE","city":"n/d","status":"unknown","site_category":"infrastructure","opened_year":null,"updated_at":"2026-09-23","confidence":"low","import_source":"osm_overpass","external_id":"osm/way/820412639","sources":[{"title":"OpenStreetMap / Overpass","url":"https://wiki.openstreetmap.org/wiki/Tag:telecom%3Ddata_center","accessed_at":"2026-09-23","note":"osm_id=820412639"}]}},{"type":"Feature","geometry":{"type":"Point","coordinates":[8.5770692,50.128841]},"properties":{"id":"dc_484","name":"CyrusOne FRA3","type":"data_center","subtype":"hyperscale","operator":"CyrusOne","description_it":"Record da OpenStreetMap classificato come hyperscale (operatore cloud/campus). Da validare con una seconda fonte.","country":"FR","city":"Frankfurt am Main","status":"unknown","site_category":"infrastructure","opened_year":null,"updated_at":"2026-09-23","confidence":"low","import_source":"osm_overpass","external_id":"osm/way/854827558","sources":[{"title":"OpenStreetMap / Overpass","url":"https://wiki.openstreetmap.org/wiki/Tag:telecom%3Ddata_center","accessed_at":"2026-09-23","note":"osm_id=854827558"}]}},{"type":"Feature","geometry":{"type":"Point","coordinates":[13.0828042,47.7062217]},"properties":{"id":"dc_485","name":"Conova Communications","type":"data_center","subtype":"colocation","operator":"Unknown","description_it":"Record da OpenStreetMap (tag data_center). Da validare con almeno una seconda fonte.","country":"AT","city":"Hallein","status":"unknown","site_category":"infrastructure","opened_year":null,"updated_at":"2026-09-23","confidence":"low","import_source":"osm_overpass","external_id":"osm/way/868570931","sources":[{"title":"OpenStreetMap / Overpass","url":"https://wiki.openstreetmap.org/wiki/Tag:telecom%3Ddata_center","accessed_at":"2026-09-23","note":"osm_id=868570931"}]}},{"type":"Feature","geometry":{"type":"Point","coordinates":[7.7975083,48.5860577]},"properties":{"id":"dc_486","name":"OVHcloud Strasbourg - SBG-3","type":"data_center","subtype":"colocation","operator":"OVHcloud","description_it":"Record da OpenStreetMap (tag data_center). Da validare con almeno una seconda fonte.","country":"FR","city":"Strasbourg","status":"unknown","site_category":"infrastructure","opened_year":null,"updated_at":"2026-09-23","confidence":"low","import_source":"osm_overpass","external_id":"osm/way/875244715","sources":[{"title":"OpenStreetMap / Overpass","url":"https://wiki.openstreetmap.org/wiki/Tag:telecom%3Ddata_center","accessed_at":"2026-09-23","note":"osm_id=875244715"}]}},{"type":"Feature","geometry":{"type":"Point","coordinates":[9.686876,48.7132624]},"properties":{"id":"dc_487","name":"EVF-Datacenter","type":"data_center","subtype":"colocation","operator":"Energieversorgung Filstal","description_it":"Record da OpenStreetMap (tag data_center). Da validare con almeno una seconda fonte.","country":"DE","city":"Göppingen","status":"unknown","site_category":"infrastructure","opened_year":null,"updated_at":"2026-09-23","confidence":"low","import_source":"osm_overpass","external_id":"osm/way/897348404","sources":[{"title":"OpenStreetMap / Overpass","url":"https://wiki.openstreetmap.org/wiki/Tag:telecom%3Ddata_center","accessed_at":"2026-09-23","note":"osm_id=897348404"}]}},{"type":"Feature","geometry":{"type":"Point","coordinates":[8.7614525,47.5004548]},"properties":{"id":"dc_488","name":"ZRH1","type":"data_center","subtype":"hyperscale","operator":"Vantage Data Centers","description_it":"Record da OpenStreetMap classificato come hyperscale (operatore cloud/campus). Da validare con una seconda fonte.","country":"FR","city":"Winterthur","status":"unknown","site_category":"infrastructure","opened_year":null,"updated_at":"2026-09-23","confidence":"low","import_source":"osm_overpass","external_id":"osm/way/904767972","sources":[{"title":"OpenStreetMap / Overpass","url":"https://wiki.openstreetmap.org/wiki/Tag:telecom%3Ddata_center","accessed_at":"2026-09-23","note":"osm_id=904767972"}]}},{"type":"Feature","geometry":{"type":"Point","coordinates":[8.5416564,47.6009574]},"properties":{"id":"dc_489","name":"STACK Infrastructre - ZUR01A","type":"data_center","subtype":"colocation","operator":"STACK Infrastructre","description_it":"Record da OpenStreetMap (tag data_center). Da validare con almeno una seconda fonte.","country":"FR","city":"n/d","status":"unknown","site_category":"infrastructure","opened_year":null,"updated_at":"2026-09-23","confidence":"low","import_source":"osm_overpass","external_id":"osm/way/933269953","sources":[{"title":"OpenStreetMap / Overpass","url":"https://wiki.openstreetmap.org/wiki/Tag:telecom%3Ddata_center","accessed_at":"2026-09-23","note":"osm_id=933269953"}]}},{"type":"Feature","geometry":{"type":"Point","coordinates":[6.2375093,49.0856606]},"properties":{"id":"dc_490","name":"Advanced Mediomatrix","type":"data_center","subtype":"colocation","operator":"Advanced Mediomatrix","description_it":"Record da OpenStreetMap (tag data_center). Da validare con almeno una seconda fonte.","country":"FR","city":"n/d","status":"unknown","site_category":"infrastructure","opened_year":null,"updated_at":"2026-09-23","confidence":"low","import_source":"osm_overpass","external_id":"osm/way/969469076","sources":[{"title":"OpenStreetMap / Overpass","url":"https://wiki.openstreetmap.org/wiki/Tag:telecom%3Ddata_center","accessed_at":"2026-09-23","note":"osm_id=969469076"}]}},{"type":"Feature","geometry":{"type":"Point","coordinates":[10.9486012,50.6849373]},"properties":{"id":"dc_491","name":"Rechenzentrum Thüringer Netkom","type":"data_center","subtype":"colocation","operator":"Unknown","description_it":"Record da OpenStreetMap (tag data_center). Da validare con almeno una seconda fonte.","country":"DE","city":"Ilmenau","status":"unknown","site_category":"infrastructure","opened_year":null,"updated_at":"2026-09-23","confidence":"low","import_source":"osm_overpass","external_id":"osm/way/974080218","sources":[{"title":"OpenStreetMap / Overpass","url":"https://wiki.openstreetmap.org/wiki/Tag:telecom%3Ddata_center","accessed_at":"2026-09-23","note":"osm_id=974080218"}]}},{"type":"Feature","geometry":{"type":"Point","coordinates":[13.3744894,52.4384508]},"properties":{"id":"dc_492","name":"BER2","type":"data_center","subtype":"colocation","operator":"NTT Global Data Centers EMEA GmbH","description_it":"Record da OpenStreetMap (tag data_center). Da validare con almeno una seconda fonte.","country":"DE","city":"Berlin","status":"unknown","site_category":"infrastructure","opened_year":null,"updated_at":"2026-09-23","confidence":"low","import_source":"osm_overpass","external_id":"osm/way/1006228571","sources":[{"title":"OpenStreetMap / Overpass","url":"https://wiki.openstreetmap.org/wiki/Tag:telecom%3Ddata_center","accessed_at":"2026-09-23","note":"osm_id=1006228571"}]}},{"type":"Feature","geometry":{"type":"Point","coordinates":[11.479988,48.7535309]},"properties":{"id":"dc_493","name":"CA31","type":"data_center","subtype":"colocation","operator":"Audi AG","description_it":"Record da OpenStreetMap (tag data_center). Da validare con almeno una seconda fonte.","country":"DE","city":"n/d","status":"unknown","site_category":"infrastructure","opened_year":null,"updated_at":"2026-09-23","confidence":"low","import_source":"osm_overpass","external_id":"osm/way/1016166666","sources":[{"title":"OpenStreetMap / Overpass","url":"https://wiki.openstreetmap.org/wiki/Tag:telecom%3Ddata_center","accessed_at":"2026-09-23","note":"osm_id=1016166666"}]}},{"type":"Feature","geometry":{"type":"Point","coordinates":[13.2947156,52.3220278]},"properties":{"id":"dc_494","name":"BER11","type":"data_center","subtype":"hyperscale","operator":"Vantage Data Centers","description_it":"Record da OpenStreetMap classificato come hyperscale (operatore cloud/campus). Da validare con una seconda fonte.","country":"DE","city":"Ludwigsfelde","status":"unknown","site_category":"infrastructure","opened_year":null,"updated_at":"2026-09-23","confidence":"low","import_source":"osm_overpass","external_id":"osm/way/1053522066","sources":[{"title":"OpenStreetMap / Overpass","url":"https://wiki.openstreetmap.org/wiki/Tag:telecom%3Ddata_center","accessed_at":"2026-09-23","note":"osm_id=1053522066"}]}},{"type":"Feature","geometry":{"type":"Point","coordinates":[7.7371014,48.5201523]},"properties":{"id":"dc_495","name":"DC7 - Euclyde Datacenters","type":"data_center","subtype":"colocation","operator":"Euclyde Datacenters","description_it":"Record da OpenStreetMap (tag data_center). Da validare con almeno una seconda fonte.","country":"FR","city":"n/d","status":"unknown","site_category":"infrastructure","opened_year":null,"updated_at":"2026-09-23","confidence":"low","import_source":"osm_overpass","external_id":"osm/way/1061336199","sources":[{"title":"OpenStreetMap / Overpass","url":"https://wiki.openstreetmap.org/wiki/Tag:telecom%3Ddata_center","accessed_at":"2026-09-23","note":"osm_id=1061336199"}]}},{"type":"Feature","geometry":{"type":"Point","coordinates":[9.9084528,49.8335624]},"properties":{"id":"dc_496","name":"rockenstein AG","type":"data_center","subtype":"colocation","operator":"Unknown","description_it":"Record da OpenStreetMap (tag data_center). Da validare con almeno una seconda fonte.","country":"FR","city":"Veitshöchheim","status":"unknown","site_category":"infrastructure","opened_year":null,"updated_at":"2026-09-23","confidence":"low","import_source":"osm_overpass","external_id":"osm/way/1076405301","sources":[{"title":"OpenStreetMap / Overpass","url":"https://wiki.openstreetmap.org/wiki/Tag:telecom%3Ddata_center","accessed_at":"2026-09-23","note":"osm_id=1076405301"}]}},{"type":"Feature","geometry":{"type":"Point","coordinates":[15.4249791,47.0405282]},"properties":{"id":"dc_497","name":"T-Mobile Rechenzentrum Graz","type":"data_center","subtype":"colocation","operator":"T-Mobile / Magenta","description_it":"Record da OpenStreetMap (tag data_center). Da validare con almeno una seconda fonte.","country":"AT","city":"Graz","status":"unknown","site_category":"infrastructure","opened_year":null,"updated_at":"2026-09-23","confidence":"low","import_source":"osm_overpass","external_id":"osm/way/1100732128","sources":[{"title":"OpenStreetMap / Overpass","url":"https://wiki.openstreetmap.org/wiki/Tag:telecom%3Ddata_center","accessed_at":"2026-09-23","note":"osm_id=1100732128"}]}},{"type":"Feature","geometry":{"type":"Point","coordinates":[8.754049,50.1251245]},"properties":{"id":"dc_498","name":"Digital Realty FRA17","type":"data_center","subtype":"colocation","operator":"Digital Realty","description_it":"Record da OpenStreetMap (tag data_center). Da validare con almeno una seconda fonte.","country":"FR","city":"n/d","status":"unknown","site_category":"infrastructure","opened_year":null,"updated_at":"2026-09-23","confidence":"low","import_source":"osm_overpass","external_id":"osm/way/1118500773","sources":[{"title":"OpenStreetMap / Overpass","url":"https://wiki.openstreetmap.org/wiki/Tag:telecom%3Ddata_center","accessed_at":"2026-09-23","note":"osm_id=1118500773"}]}},{"type":"Feature","geometry":{"type":"Point","coordinates":[8.8043305,50.1083147]},"properties":{"id":"dc_499","name":"CloudHQ","type":"data_center","subtype":"colocation","operator":"Unknown","description_it":"Record da OpenStreetMap (tag data_center). Da validare con almeno una seconda fonte.","country":"FR","city":"Offenbach am Main","status":"unknown","site_category":"infrastructure","opened_year":null,"updated_at":"2026-09-23","confidence":"low","import_source":"osm_overpass","external_id":"osm/way/1125276312","sources":[{"title":"OpenStreetMap / Overpass","url":"https://wiki.openstreetmap.org/wiki/Tag:telecom%3Ddata_center","accessed_at":"2026-09-23","note":"osm_id=1125276312"}]}},{"type":"Feature","geometry":{"type":"Point","coordinates":[8.6726374,49.3939028]},"properties":{"id":"dc_500","name":"nexspace Data Center","type":"data_center","subtype":"colocation","operator":"Unknown","description_it":"Record da OpenStreetMap (tag data_center). Da validare con almeno una seconda fonte.","country":"DE","city":"Heidelberg","status":"unknown","site_category":"infrastructure","opened_year":null,"updated_at":"2026-09-23","confidence":"low","import_source":"osm_overpass","external_id":"osm/way/1132430543","sources":[{"title":"OpenStreetMap / Overpass","url":"https://wiki.openstreetmap.org/wiki/Tag:telecom%3Ddata_center","accessed_at":"2026-09-23","note":"osm_id=1132430543"}]}},{"type":"Feature","geometry":{"type":"Point","coordinates":[8.4618722,50.0131966]},"properties":{"id":"dc_501","name":"Vantage Data Center FRA21","type":"data_center","subtype":"hyperscale","operator":"Vantage Data Centers","description_it":"Record da OpenStreetMap classificato come hyperscale (operatore cloud/campus). Da validare con una seconda fonte.","country":"FR","city":"n/d","status":"unknown","site_category":"infrastructure","opened_year":null,"updated_at":"2026-09-23","confidence":"low","import_source":"osm_overpass","external_id":"osm/way/1145623809","sources":[{"title":"OpenStreetMap / Overpass","url":"https://wiki.openstreetmap.org/wiki/Tag:telecom%3Ddata_center","accessed_at":"2026-09-23","note":"osm_id=1145623809"}]}},{"type":"Feature","geometry":{"type":"Point","coordinates":[8.2301324,49.9879161]},"properties":{"id":"dc_502","name":"2539","type":"data_center","subtype":"colocation","operator":"Johannes Gutenberg-Universität Mainz","description_it":"Record da OpenStreetMap (tag data_center). Da validare con almeno una seconda fonte.","country":"FR","city":"Mainz","status":"unknown","site_category":"infrastructure","opened_year":null,"updated_at":"2026-09-23","confidence":"low","import_source":"osm_overpass","external_id":"osm/way/1173048440","sources":[{"title":"OpenStreetMap / Overpass","url":"https://wiki.openstreetmap.org/wiki/Tag:telecom%3Ddata_center","accessed_at":"2026-09-23","note":"osm_id=1173048440"}]}},{"type":"Feature","geometry":{"type":"Point","coordinates":[14.8538764,50.268185]},"properties":{"id":"dc_503","name":"Datové centrum Nagoja","type":"data_center","subtype":"colocation","operator":"Seznam.cz","description_it":"Record da OpenStreetMap (tag data_center). Da validare con almeno una seconda fonte.","country":"DE","city":"n/d","status":"unknown","site_category":"infrastructure","opened_year":null,"updated_at":"2026-09-23","confidence":"low","import_source":"osm_overpass","external_id":"osm/way/1227095270","sources":[{"title":"OpenStreetMap / Overpass","url":"https://wiki.openstreetmap.org/wiki/Tag:telecom%3Ddata_center","accessed_at":"2026-09-23","note":"osm_id=1227095270"}]}},{"type":"Feature","geometry":{"type":"Point","coordinates":[13.3034825,52.4786986]},"properties":{"id":"dc_504","name":"Rechenzentrum BER01","type":"data_center","subtype":"colocation","operator":"maincubes Holding & Service GmbH","description_it":"Record da OpenStreetMap (tag data_center). Da validare con almeno una seconda fonte.","country":"DE","city":"n/d","status":"unknown","site_category":"infrastructure","opened_year":null,"updated_at":"2026-09-23","confidence":"low","import_source":"osm_overpass","external_id":"osm/way/1232937708","sources":[{"title":"OpenStreetMap / Overpass","url":"https://wiki.openstreetmap.org/wiki/Tag:telecom%3Ddata_center","accessed_at":"2026-09-23","note":"osm_id=1232937708"}]}},{"type":"Feature","geometry":{"type":"Point","coordinates":[8.6814583,49.3854175]},"properties":{"id":"dc_505","name":"Wavehouse","type":"data_center","subtype":"colocation","operator":"Heidelberg iT Management GmbH & Co. KG","description_it":"Record da OpenStreetMap (tag data_center). Da validare con almeno una seconda fonte.","country":"DE","city":"Heidelberg","status":"unknown","site_category":"infrastructure","opened_year":null,"updated_at":"2026-09-23","confidence":"low","import_source":"osm_overpass","external_id":"osm/way/1241878548","sources":[{"title":"OpenStreetMap / Overpass","url":"https://wiki.openstreetmap.org/wiki/Tag:telecom%3Ddata_center","accessed_at":"2026-09-23","note":"osm_id=1241878548"}]}},{"type":"Feature","geometry":{"type":"Point","coordinates":[13.5735865,52.2637632]},"properties":{"id":"dc_506","name":"Vantage Berlin II (BER2)","type":"data_center","subtype":"hyperscale","operator":"Vantage Data Centers","description_it":"Record da OpenStreetMap classificato come hyperscale (operatore cloud/campus). Da validare con una seconda fonte.","country":"DE","city":"n/d","status":"unknown","site_category":"infrastructure","opened_year":null,"updated_at":"2026-09-23","confidence":"low","import_source":"osm_overpass","external_id":"osm/way/1253183654","sources":[{"title":"OpenStreetMap / Overpass","url":"https://wiki.openstreetmap.org/wiki/Tag:telecom%3Ddata_center","accessed_at":"2026-09-23","note":"osm_id=1253183654"}]}},{"type":"Feature","geometry":{"type":"Point","coordinates":[8.6275906,49.8641923]},"properties":{"id":"dc_507","name":"Destination Earth Data Bridge","type":"data_center","subtype":"colocation","operator":"Unknown","description_it":"Record da OpenStreetMap (tag data_center). Da validare con almeno una seconda fonte.","country":"FR","city":"n/d","status":"unknown","site_category":"infrastructure","opened_year":null,"updated_at":"2026-09-23","confidence":"low","import_source":"osm_overpass","external_id":"osm/way/1293351084","sources":[{"title":"OpenStreetMap / Overpass","url":"https://wiki.openstreetmap.org/wiki/Tag:telecom%3Ddata_center","accessed_at":"2026-09-23","note":"osm_id=1293351084"}]}},{"type":"Feature","geometry":{"type":"Point","coordinates":[8.4576836,50.0547168]},"properties":{"id":"dc_508","name":"Digital Realty FRA33","type":"data_center","subtype":"colocation","operator":"Unknown","description_it":"Record da OpenStreetMap (tag data_center). Da validare con almeno una seconda fonte.","country":"FR","city":"n/d","status":"unknown","site_category":"infrastructure","opened_year":null,"updated_at":"2026-09-23","confidence":"low","import_source":"osm_overpass","external_id":"osm/way/1362634597","sources":[{"title":"OpenStreetMap / Overpass","url":"https://wiki.openstreetmap.org/wiki/Tag:telecom%3Ddata_center","accessed_at":"2026-09-23","note":"osm_id=1362634597"}]}},{"type":"Feature","geometry":{"type":"Point","coordinates":[8.337092,49.9908869]},"properties":{"id":"dc_509","name":"Yondr - Rechenzentrum","type":"data_center","subtype":"colocation","operator":"Yondr Group","description_it":"Record da OpenStreetMap (tag data_center). Da validare con almeno una seconda fonte.","country":"FR","city":"Bischofsheim","status":"unknown","site_category":"infrastructure","opened_year":null,"updated_at":"2026-09-23","confidence":"low","import_source":"osm_overpass","external_id":"osm/way/1386936296","sources":[{"title":"OpenStreetMap / Overpass","url":"https://wiki.openstreetmap.org/wiki/Tag:telecom%3Ddata_center","accessed_at":"2026-09-23","note":"osm_id=1386936296"}]}},{"type":"Feature","geometry":{"type":"Point","coordinates":[7.7000662,52.1314659]},"properties":{"id":"dc_510","name":"DMO","type":"data_center","subtype":"colocation","operator":"Unknown","description_it":"Record da OpenStreetMap (tag data_center). Da validare con almeno una seconda fonte.","country":"DE","city":"Greven","status":"unknown","site_category":"infrastructure","opened_year":null,"updated_at":"2026-09-23","confidence":"low","import_source":"osm_overpass","external_id":"osm/way/1387027829","sources":[{"title":"OpenStreetMap / Overpass","url":"https://wiki.openstreetmap.org/wiki/Tag:telecom%3Ddata_center","accessed_at":"2026-09-23","note":"osm_id=1387027829"}]}},{"type":"Feature","geometry":{"type":"Point","coordinates":[8.8069184,50.0229379]},"properties":{"id":"dc_511","name":"EdgeConneX","type":"data_center","subtype":"colocation","operator":"EdgeConneX","description_it":"Record da OpenStreetMap (tag data_center). Da validare con almeno una seconda fonte.","country":"FR","city":"n/d","status":"unknown","site_category":"infrastructure","opened_year":null,"updated_at":"2026-09-23","confidence":"low","import_source":"osm_overpass","external_id":"osm/way/1456236882","sources":[{"title":"OpenStreetMap / Overpass","url":"https://wiki.openstreetmap.org/wiki/Tag:telecom%3Ddata_center","accessed_at":"2026-09-23","note":"osm_id=1456236882"}]}},{"type":"Feature","geometry":{"type":"Point","coordinates":[8.1807123,48.9553159]},"properties":{"id":"dc_512","name":"Hub Europe","type":"data_center","subtype":"colocation","operator":"Contabo","description_it":"Record da OpenStreetMap (tag data_center). Da validare con almeno una seconda fonte.","country":"FR","city":"n/d","status":"unknown","site_category":"infrastructure","opened_year":null,"updated_at":"2026-09-23","confidence":"low","import_source":"osm_overpass","external_id":"osm/way/1482249092","sources":[{"title":"OpenStreetMap / Overpass","url":"https://wiki.openstreetmap.org/wiki/Tag:telecom%3Ddata_center","accessed_at":"2026-09-23","note":"osm_id=1482249092"}]}},{"type":"Feature","geometry":{"type":"Point","coordinates":[8.5845457,47.693116]},"properties":{"id":"dc_513","name":"ZUR02","type":"data_center","subtype":"hyperscale","operator":"Stack Infrastructure","description_it":"Record da OpenStreetMap classificato come hyperscale (operatore cloud/campus). Da validare con una seconda fonte.","country":"CH","city":"Beringen","status":"unknown","site_category":"infrastructure","opened_year":null,"updated_at":"2026-09-23","confidence":"low","import_source":"osm_overpass","external_id":"osm/way/1526411563","sources":[{"title":"OpenStreetMap / Overpass","url":"https://wiki.openstreetmap.org/wiki/Tag:telecom%3Ddata_center","accessed_at":"2026-09-23","note":"osm_id=1526411563"}]}},{"type":"Feature","geometry":{"type":"Point","coordinates":[11.3811071,53.6469747]},"properties":{"id":"dc_514","name":"Datenverarbeitungszentrum Mecklenburg-Vorpommern","type":"data_center","subtype":"colocation","operator":"Unknown","description_it":"Record da OpenStreetMap (tag data_center). Da validare con almeno una seconda fonte.","country":"DE","city":"n/d","status":"unknown","site_category":"infrastructure","opened_year":null,"updated_at":"2026-09-23","confidence":"low","import_source":"osm_overpass","external_id":"osm/way/1545965488","sources":[{"title":"OpenStreetMap / Overpass","url":"https://wiki.openstreetmap.org/wiki/Tag:telecom%3Ddata_center","accessed_at":"2026-09-23","note":"osm_id=1545965488"}]}},{"type":"Feature","geometry":{"type":"Point","coordinates":[8.660823,50.5991834]},"properties":{"id":"dc_515","name":"ekom21","type":"data_center","subtype":"colocation","operator":"Unknown","description_it":"Record da OpenStreetMap (tag data_center). Da validare con almeno una seconda fonte.","country":"DE","city":"Gießen","status":"unknown","site_category":"infrastructure","opened_year":null,"updated_at":"2026-09-23","confidence":"low","import_source":"osm_overpass","external_id":"osm/relation/2199387","sources":[{"title":"OpenStreetMap / Overpass","url":"https://wiki.openstreetmap.org/wiki/Tag:telecom%3Ddata_center","accessed_at":"2026-09-23","note":"osm_id=2199387"}]}},{"type":"Feature","geometry":{"type":"Point","coordinates":[8.4323375,49.9784197]},"properties":{"id":"dc_516","name":"DXC Technology Company","type":"data_center","subtype":"colocation","operator":"Unknown","description_it":"Record da OpenStreetMap (tag data_center). Da validare con almeno una seconda fonte.","country":"FR","city":"n/d","status":"unknown","site_category":"infrastructure","opened_year":null,"updated_at":"2026-09-23","confidence":"low","import_source":"osm_overpass","external_id":"osm/relation/6409888","sources":[{"title":"OpenStreetMap / Overpass","url":"https://wiki.openstreetmap.org/wiki/Tag:telecom%3Ddata_center","accessed_at":"2026-09-23","note":"osm_id=6409888"}]}},{"type":"Feature","geometry":{"type":"Point","coordinates":[9.0973166,48.7394857]},"properties":{"id":"dc_517","name":"Höchstleistungsrechenzentrum der Universität Stuttgart","type":"data_center","subtype":"colocation","operator":"Unknown","description_it":"Record da OpenStreetMap (tag data_center). Da validare con almeno una seconda fonte.","country":"DE","city":"Stuttgart","status":"unknown","site_category":"infrastructure","opened_year":null,"updated_at":"2026-09-23","confidence":"low","import_source":"osm_overpass","external_id":"osm/relation/7513782","sources":[{"title":"OpenStreetMap / Overpass","url":"https://wiki.openstreetmap.org/wiki/Tag:telecom%3Ddata_center","accessed_at":"2026-09-23","note":"osm_id=7513782"}]}},{"type":"Feature","geometry":{"type":"Point","coordinates":[8.0220544,52.2855943]},"properties":{"id":"dc_518","name":"Gebäude 94/95","type":"data_center","subtype":"colocation","operator":"Universität Osnabrück","description_it":"Record da OpenStreetMap (tag data_center). Da validare con almeno una seconda fonte.","country":"DE","city":"n/d","status":"unknown","site_category":"infrastructure","opened_year":null,"updated_at":"2026-09-23","confidence":"low","import_source":"osm_overpass","external_id":"osm/relation/7548459","sources":[{"title":"OpenStreetMap / Overpass","url":"https://wiki.openstreetmap.org/wiki/Tag:telecom%3Ddata_center","accessed_at":"2026-09-23","note":"osm_id=7548459"}]}},{"type":"Feature","geometry":{"type":"Point","coordinates":[2.2577867,48.9037523]},"properties":{"id":"dc_519","name":"SFR Netcenter Courbevoie","type":"data_center","subtype":"colocation","operator":"SFR","description_it":"Record da OpenStreetMap (tag data_center). Da validare con almeno una seconda fonte.","country":"FR","city":"Courbevoie","status":"unknown","site_category":"infrastructure","opened_year":null,"updated_at":"2026-09-23","confidence":"low","import_source":"osm_overpass","external_id":"osm/node/2556825308","sources":[{"title":"OpenStreetMap / Overpass","url":"https://wiki.openstreetmap.org/wiki/Tag:telecom%3Ddata_center","accessed_at":"2026-09-23","note":"osm_id=2556825308"}]}},{"type":"Feature","geometry":{"type":"Point","coordinates":[4.8657454,45.7826171]},"properties":{"id":"dc_520","name":"LyonIX 1 IN2P3","type":"data_center","subtype":"colocation","operator":"Unknown","description_it":"Record da OpenStreetMap (tag data_center). Da validare con almeno una seconda fonte.","country":"FR","city":"n/d","status":"unknown","site_category":"infrastructure","opened_year":null,"updated_at":"2026-09-23","confidence":"low","import_source":"osm_overpass","external_id":"osm/node/3979838931","sources":[{"title":"OpenStreetMap / Overpass","url":"https://wiki.openstreetmap.org/wiki/Tag:telecom%3Ddata_center","accessed_at":"2026-09-23","note":"osm_id=3979838931"}]}},{"type":"Feature","geometry":{"type":"Point","coordinates":[2.3833044,48.8561326]},"properties":{"id":"dc_521","name":"Telehouse Paris Voltaire","type":"data_center","subtype":"colocation","operator":"Unknown","description_it":"Record da OpenStreetMap (tag data_center). Da validare con almeno una seconda fonte.","country":"FR","city":"Paris","status":"unknown","site_category":"infrastructure","opened_year":null,"updated_at":"2026-09-23","confidence":"low","import_source":"osm_overpass","external_id":"osm/node/6015635281","sources":[{"title":"OpenStreetMap / Overpass","url":"https://wiki.openstreetmap.org/wiki/Tag:telecom%3Ddata_center","accessed_at":"2026-09-23","note":"osm_id=6015635281"}]}},{"type":"Feature","geometry":{"type":"Point","coordinates":[1.9201411,47.8237498]},"properties":{"id":"dc_522","name":"Scitis-Zen DataCenter Hitachi","type":"data_center","subtype":"colocation","operator":"Unknown","description_it":"Record da OpenStreetMap (tag data_center). Da validare con almeno una seconda fonte.","country":"FR","city":"Ardon","status":"unknown","site_category":"infrastructure","opened_year":null,"updated_at":"2026-09-23","confidence":"low","import_source":"osm_overpass","external_id":"osm/node/6015712298","sources":[{"title":"OpenStreetMap / Overpass","url":"https://wiki.openstreetmap.org/wiki/Tag:telecom%3Ddata_center","accessed_at":"2026-09-23","note":"osm_id=6015712298"}]}},{"type":"Feature","geometry":{"type":"Point","coordinates":[2.3441419,48.8697319]},"properties":{"id":"dc_523","name":"Telehouse 1","type":"data_center","subtype":"colocation","operator":"Unknown","description_it":"Record da OpenStreetMap (tag data_center). Da validare con almeno una seconda fonte.","country":"FR","city":"n/d","status":"unknown","site_category":"infrastructure","opened_year":null,"updated_at":"2026-09-23","confidence":"low","import_source":"osm_overpass","external_id":"osm/node/6102483146","sources":[{"title":"OpenStreetMap / Overpass","url":"https://wiki.openstreetmap.org/wiki/Tag:telecom%3Ddata_center","accessed_at":"2026-09-23","note":"osm_id=6102483146"}]}},{"type":"Feature","geometry":{"type":"Point","coordinates":[2.4030379,48.8152095]},"properties":{"id":"dc_524","name":"Interxion PAR6","type":"data_center","subtype":"colocation","operator":"Digital Realty","description_it":"Record da OpenStreetMap (tag data_center). Da validare con almeno una seconda fonte.","country":"FR","city":"Ivry-sur-Seine","status":"unknown","site_category":"infrastructure","opened_year":null,"updated_at":"2026-09-23","confidence":"low","import_source":"osm_overpass","external_id":"osm/node/6102606448","sources":[{"title":"OpenStreetMap / Overpass","url":"https://wiki.openstreetmap.org/wiki/Tag:telecom%3Ddata_center","accessed_at":"2026-09-23","note":"osm_id=6102606448"}]}},{"type":"Feature","geometry":{"type":"Point","coordinates":[-0.5055491,44.8196658]},"properties":{"id":"dc_525","name":"TDF ProxiCenter Bordeaux Bouliac","type":"data_center","subtype":"colocation","operator":"Unknown","description_it":"Record da OpenStreetMap (tag data_center). Da validare con almeno una seconda fonte.","country":"FR","city":"n/d","status":"unknown","site_category":"infrastructure","opened_year":null,"updated_at":"2026-09-23","confidence":"low","import_source":"osm_overpass","external_id":"osm/node/6103694303","sources":[{"title":"OpenStreetMap / Overpass","url":"https://wiki.openstreetmap.org/wiki/Tag:telecom%3Ddata_center","accessed_at":"2026-09-23","note":"osm_id=6103694303"}]}},{"type":"Feature","geometry":{"type":"Point","coordinates":[-1.6276443,48.1246847]},"properties":{"id":"dc_526","name":"TDF ProxiCenter de Rennes-Cesson","type":"data_center","subtype":"colocation","operator":"Unknown","description_it":"Record da OpenStreetMap (tag data_center). Da validare con almeno una seconda fonte.","country":"FR","city":"Cesson-Sévigné","status":"unknown","site_category":"infrastructure","opened_year":null,"updated_at":"2026-09-23","confidence":"low","import_source":"osm_overpass","external_id":"osm/node/6110817631","sources":[{"title":"OpenStreetMap / Overpass","url":"https://wiki.openstreetmap.org/wiki/Tag:telecom%3Ddata_center","accessed_at":"2026-09-23","note":"osm_id=6110817631"}]}},{"type":"Feature","geometry":{"type":"Point","coordinates":[2.3221778,48.8972718]},"properties":{"id":"dc_527","name":"Colt Paris 2","type":"data_center","subtype":"colocation","operator":"Unknown","description_it":"Record da OpenStreetMap (tag data_center). Da validare con almeno una seconda fonte.","country":"FR","city":"Paris","status":"unknown","site_category":"infrastructure","opened_year":null,"updated_at":"2026-09-23","confidence":"low","import_source":"osm_overpass","external_id":"osm/node/6121864803","sources":[{"title":"OpenStreetMap / Overpass","url":"https://wiki.openstreetmap.org/wiki/Tag:telecom%3Ddata_center","accessed_at":"2026-09-23","note":"osm_id=6121864803"}]}},{"type":"Feature","geometry":{"type":"Point","coordinates":[2.3981101,48.8352252]},"properties":{"id":"dc_528","name":"Colt Paris 1","type":"data_center","subtype":"colocation","operator":"Unknown","description_it":"Record da OpenStreetMap (tag data_center). Da validare con almeno una seconda fonte.","country":"FR","city":"n/d","status":"unknown","site_category":"infrastructure","opened_year":null,"updated_at":"2026-09-23","confidence":"low","import_source":"osm_overpass","external_id":"osm/node/6121873072","sources":[{"title":"OpenStreetMap / Overpass","url":"https://wiki.openstreetmap.org/wiki/Tag:telecom%3Ddata_center","accessed_at":"2026-09-23","note":"osm_id=6121873072"}]}},{"type":"Feature","geometry":{"type":"Point","coordinates":[4.8675607,45.7588426]},"properties":{"id":"dc_529","name":"Colt Lyon","type":"data_center","subtype":"colocation","operator":"Unknown","description_it":"Record da OpenStreetMap (tag data_center). Da validare con almeno una seconda fonte.","country":"FR","city":"n/d","status":"unknown","site_category":"infrastructure","opened_year":null,"updated_at":"2026-09-23","confidence":"low","import_source":"osm_overpass","external_id":"osm/node/6121906640","sources":[{"title":"OpenStreetMap / Overpass","url":"https://wiki.openstreetmap.org/wiki/Tag:telecom%3Ddata_center","accessed_at":"2026-09-23","note":"osm_id=6121906640"}]}},{"type":"Feature","geometry":{"type":"Point","coordinates":[2.0363102,48.7944494]},"properties":{"id":"dc_530","name":"Bouygues Telecom Montigny-le-Bretonneux","type":"data_center","subtype":"colocation","operator":"Bouygues Telecom","description_it":"Record da OpenStreetMap (tag data_center). Da validare con almeno una seconda fonte.","country":"FR","city":"Montigny le Bretonneux","status":"unknown","site_category":"infrastructure","opened_year":null,"updated_at":"2026-09-23","confidence":"low","import_source":"osm_overpass","external_id":"osm/node/6174610289","sources":[{"title":"OpenStreetMap / Overpass","url":"https://wiki.openstreetmap.org/wiki/Tag:telecom%3Ddata_center","accessed_at":"2026-09-23","note":"osm_id=6174610289"}]}},{"type":"Feature","geometry":{"type":"Point","coordinates":[2.3695304,48.9022393]},"properties":{"id":"dc_531","name":"Equinix PA7","type":"data_center","subtype":"colocation","operator":"Equinix","description_it":"Record da OpenStreetMap (tag data_center). Da validare con almeno una seconda fonte.","country":"FR","city":"Aubervilliers","status":"unknown","site_category":"infrastructure","opened_year":null,"updated_at":"2026-09-23","confidence":"low","import_source":"osm_overpass","external_id":"osm/node/6174794770","sources":[{"title":"OpenStreetMap / Overpass","url":"https://wiki.openstreetmap.org/wiki/Tag:telecom%3Ddata_center","accessed_at":"2026-09-23","note":"osm_id=6174794770"}]}},{"type":"Feature","geometry":{"type":"Point","coordinates":[-1.5504397,47.2026402]},"properties":{"id":"dc_532","name":"Cogent Nantes","type":"data_center","subtype":"colocation","operator":"Unknown","description_it":"Record da OpenStreetMap (tag data_center). Da validare con almeno una seconda fonte.","country":"FR","city":"Nantes","status":"unknown","site_category":"infrastructure","opened_year":null,"updated_at":"2026-09-23","confidence":"low","import_source":"osm_overpass","external_id":"osm/node/6175277339","sources":[{"title":"OpenStreetMap / Overpass","url":"https://wiki.openstreetmap.org/wiki/Tag:telecom%3Ddata_center","accessed_at":"2026-09-23","note":"osm_id=6175277339"}]}},{"type":"Feature","geometry":{"type":"Point","coordinates":[2.2416311,48.907123]},"properties":{"id":"dc_533","name":"Cogent Paris 1","type":"data_center","subtype":"colocation","operator":"Unknown","description_it":"Record da OpenStreetMap (tag data_center). Da validare con almeno una seconda fonte.","country":"FR","city":"La Garenne Colombes","status":"unknown","site_category":"infrastructure","opened_year":null,"updated_at":"2026-09-23","confidence":"low","import_source":"osm_overpass","external_id":"osm/node/6175333480","sources":[{"title":"OpenStreetMap / Overpass","url":"https://wiki.openstreetmap.org/wiki/Tag:telecom%3Ddata_center","accessed_at":"2026-09-23","note":"osm_id=6175333480"}]}},{"type":"Feature","geometry":{"type":"Point","coordinates":[0.3400181,46.5884206]},"properties":{"id":"dc_534","name":"Cogent Poitiers","type":"data_center","subtype":"colocation","operator":"Unknown","description_it":"Record da OpenStreetMap (tag data_center). Da validare con almeno una seconda fonte.","country":"FR","city":"Poitiers","status":"unknown","site_category":"infrastructure","opened_year":null,"updated_at":"2026-09-23","confidence":"low","import_source":"osm_overpass","external_id":"osm/node/6175354710","sources":[{"title":"OpenStreetMap / Overpass","url":"https://wiki.openstreetmap.org/wiki/Tag:telecom%3Ddata_center","accessed_at":"2026-09-23","note":"osm_id=6175354710"}]}},{"type":"Feature","geometry":{"type":"Point","coordinates":[4.8996581,45.7574082]},"properties":{"id":"dc_535","name":"LASOTEL PIXEL69","type":"data_center","subtype":"colocation","operator":"Unknown","description_it":"Record da OpenStreetMap (tag data_center). Da validare con almeno una seconda fonte.","country":"FR","city":"n/d","status":"unknown","site_category":"infrastructure","opened_year":null,"updated_at":"2026-09-23","confidence":"low","import_source":"osm_overpass","external_id":"osm/node/6212420800","sources":[{"title":"OpenStreetMap / Overpass","url":"https://wiki.openstreetmap.org/wiki/Tag:telecom%3Ddata_center","accessed_at":"2026-09-23","note":"osm_id=6212420800"}]}},{"type":"Feature","geometry":{"type":"Point","coordinates":[4.8718044,45.7719763]},"properties":{"id":"dc_536","name":"ELB Group - DATACENTER LYON 3","type":"data_center","subtype":"colocation","operator":"Unknown","description_it":"Record da OpenStreetMap (tag data_center). Da validare con almeno una seconda fonte.","country":"FR","city":"n/d","status":"unknown","site_category":"infrastructure","opened_year":null,"updated_at":"2026-09-23","confidence":"low","import_source":"osm_overpass","external_id":"osm/node/6212483563","sources":[{"title":"OpenStreetMap / Overpass","url":"https://wiki.openstreetmap.org/wiki/Tag:telecom%3Ddata_center","accessed_at":"2026-09-23","note":"osm_id=6212483563"}]}},{"type":"Feature","geometry":{"type":"Point","coordinates":[4.8882392,45.7845355]},"properties":{"id":"dc_537","name":"SynAApS - SaaS, PaaS, Housing","type":"data_center","subtype":"colocation","operator":"Unknown","description_it":"Record da OpenStreetMap (tag data_center). Da validare con almeno una seconda fonte.","country":"FR","city":"n/d","status":"unknown","site_category":"infrastructure","opened_year":null,"updated_at":"2026-09-23","confidence":"low","import_source":"osm_overpass","external_id":"osm/node/6212512538","sources":[{"title":"OpenStreetMap / Overpass","url":"https://wiki.openstreetmap.org/wiki/Tag:telecom%3Ddata_center","accessed_at":"2026-09-23","note":"osm_id=6212512538"}]}},{"type":"Feature","geometry":{"type":"Point","coordinates":[-1.7479133,46.5154971]},"properties":{"id":"dc_538","name":"Etix Vendée #2","type":"data_center","subtype":"colocation","operator":"Unknown","description_it":"Record da OpenStreetMap (tag data_center). Da validare con almeno una seconda fonte.","country":"FR","city":"Olonne-sur-Mer","status":"unknown","site_category":"infrastructure","opened_year":null,"updated_at":"2026-09-23","confidence":"low","import_source":"osm_overpass","external_id":"osm/node/6213121089","sources":[{"title":"OpenStreetMap / Overpass","url":"https://wiki.openstreetmap.org/wiki/Tag:telecom%3Ddata_center","accessed_at":"2026-09-23","note":"osm_id=6213121089"}]}},{"type":"Feature","geometry":{"type":"Point","coordinates":[2.376468,48.8883144]},"properties":{"id":"dc_539","name":"OVHcloud Paris","type":"data_center","subtype":"colocation","operator":"Unknown","description_it":"Record da OpenStreetMap (tag data_center). Da validare con almeno una seconda fonte.","country":"FR","city":"Paris","status":"unknown","site_category":"infrastructure","opened_year":null,"updated_at":"2026-09-23","confidence":"low","import_source":"osm_overpass","external_id":"osm/node/6222911368","sources":[{"title":"OpenStreetMap / Overpass","url":"https://wiki.openstreetmap.org/wiki/Tag:telecom%3Ddata_center","accessed_at":"2026-09-23","note":"osm_id=6222911368"}]}},{"type":"Feature","geometry":{"type":"Point","coordinates":[2.2959949,48.829557]},"properties":{"id":"dc_540","name":"Scaleway Datacenter DC4","type":"data_center","subtype":"colocation","operator":"Scaleway","description_it":"Record da OpenStreetMap (tag data_center). Da validare con almeno una seconda fonte.","country":"FR","city":"n/d","status":"unknown","site_category":"infrastructure","opened_year":null,"updated_at":"2026-09-23","confidence":"low","import_source":"osm_overpass","external_id":"osm/node/6229455977","sources":[{"title":"OpenStreetMap / Overpass","url":"https://wiki.openstreetmap.org/wiki/Tag:telecom%3Ddata_center","accessed_at":"2026-09-23","note":"osm_id=6229455977"}]}},{"type":"Feature","geometry":{"type":"Point","coordinates":[2.5100716,48.9729024]},"properties":{"id":"dc_541","name":"Telia ROSY Villepinte","type":"data_center","subtype":"colocation","operator":"Unknown","description_it":"Record da OpenStreetMap (tag data_center). Da validare con almeno una seconda fonte.","country":"FR","city":"Villepinte","status":"unknown","site_category":"infrastructure","opened_year":null,"updated_at":"2026-09-23","confidence":"low","import_source":"osm_overpass","external_id":"osm/node/6289312996","sources":[{"title":"OpenStreetMap / Overpass","url":"https://wiki.openstreetmap.org/wiki/Tag:telecom%3Ddata_center","accessed_at":"2026-09-23","note":"osm_id=6289312996"}]}},{"type":"Feature","geometry":{"type":"Point","coordinates":[2.3410779,48.9280589]},"properties":{"id":"dc_542","name":"Ad Valem technologies TDF","type":"data_center","subtype":"colocation","operator":"Unknown","description_it":"Record da OpenStreetMap (tag data_center). Da validare con almeno una seconda fonte.","country":"FR","city":"Saint-Denis","status":"unknown","site_category":"infrastructure","opened_year":null,"updated_at":"2026-09-23","confidence":"low","import_source":"osm_overpass","external_id":"osm/node/6289367991","sources":[{"title":"OpenStreetMap / Overpass","url":"https://wiki.openstreetmap.org/wiki/Tag:telecom%3Ddata_center","accessed_at":"2026-09-23","note":"osm_id=6289367991"}]}},{"type":"Feature","geometry":{"type":"Point","coordinates":[2.2142352,48.8878271]},"properties":{"id":"dc_543","name":"Level (3) Le Capitole Nanterre","type":"data_center","subtype":"colocation","operator":"Lumen Technologies","description_it":"Record da OpenStreetMap (tag data_center). Da validare con almeno una seconda fonte.","country":"FR","city":"Nanterre","status":"unknown","site_category":"infrastructure","opened_year":null,"updated_at":"2026-09-23","confidence":"low","import_source":"osm_overpass","external_id":"osm/node/6289564874","sources":[{"title":"OpenStreetMap / Overpass","url":"https://wiki.openstreetmap.org/wiki/Tag:telecom%3Ddata_center","accessed_at":"2026-09-23","note":"osm_id=6289564874"}]}},{"type":"Feature","geometry":{"type":"Point","coordinates":[2.2351265,48.8361144]},"properties":{"id":"dc_544","name":"Prosodie Boulogne","type":"data_center","subtype":"colocation","operator":"Unknown","description_it":"Record da OpenStreetMap (tag data_center). Da validare con almeno una seconda fonte.","country":"FR","city":"Boulogne-Billancourt","status":"unknown","site_category":"infrastructure","opened_year":null,"updated_at":"2026-09-23","confidence":"low","import_source":"osm_overpass","external_id":"osm/node/6289587203","sources":[{"title":"OpenStreetMap / Overpass","url":"https://wiki.openstreetmap.org/wiki/Tag:telecom%3Ddata_center","accessed_at":"2026-09-23","note":"osm_id=6289587203"}]}},{"type":"Feature","geometry":{"type":"Point","coordinates":[2.2148032,48.7785399]},"properties":{"id":"dc_545","name":"KHEOPS Organisation Vélizy-Villacoublay","type":"data_center","subtype":"colocation","operator":"Unknown","description_it":"Record da OpenStreetMap (tag data_center). Da validare con almeno una seconda fonte.","country":"FR","city":"Vélizy-Villacoublay","status":"unknown","site_category":"infrastructure","opened_year":null,"updated_at":"2026-09-23","confidence":"low","import_source":"osm_overpass","external_id":"osm/node/6289605233","sources":[{"title":"OpenStreetMap / Overpass","url":"https://wiki.openstreetmap.org/wiki/Tag:telecom%3Ddata_center","accessed_at":"2026-09-23","note":"osm_id=6289605233"}]}},{"type":"Feature","geometry":{"type":"Point","coordinates":[2.2069451,48.7842025]},"properties":{"id":"dc_546","name":"Cogent Paris 2","type":"data_center","subtype":"colocation","operator":"Cogentco","description_it":"Record da OpenStreetMap (tag data_center). Da validare con almeno una seconda fonte.","country":"FR","city":"Vélizy-Villacoublay","status":"unknown","site_category":"infrastructure","opened_year":null,"updated_at":"2026-09-23","confidence":"low","import_source":"osm_overpass","external_id":"osm/node/6289632564","sources":[{"title":"OpenStreetMap / Overpass","url":"https://wiki.openstreetmap.org/wiki/Tag:telecom%3Ddata_center","accessed_at":"2026-09-23","note":"osm_id=6289632564"}]}},{"type":"Feature","geometry":{"type":"Point","coordinates":[2.2379816,48.7742033]},"properties":{"id":"dc_547","name":"KHEOPS Organisation Plessis-Robinson","type":"data_center","subtype":"colocation","operator":"Unknown","description_it":"Record da OpenStreetMap (tag data_center). Da validare con almeno una seconda fonte.","country":"FR","city":"Le Plessis-Robinson","status":"unknown","site_category":"infrastructure","opened_year":null,"updated_at":"2026-09-23","confidence":"low","import_source":"osm_overpass","external_id":"osm/node/6289682223","sources":[{"title":"OpenStreetMap / Overpass","url":"https://wiki.openstreetmap.org/wiki/Tag:telecom%3Ddata_center","accessed_at":"2026-09-23","note":"osm_id=6289682223"}]}},{"type":"Feature","geometry":{"type":"Point","coordinates":[2.4040974,48.8428819]},"properties":{"id":"dc_548","name":"Acropolis Telecom Paris-Nation","type":"data_center","subtype":"colocation","operator":"Unknown","description_it":"Record da OpenStreetMap (tag data_center). Da validare con almeno una seconda fonte.","country":"FR","city":"Paris","status":"unknown","site_category":"infrastructure","opened_year":null,"updated_at":"2026-09-23","confidence":"low","import_source":"osm_overpass","external_id":"osm/node/6289753941","sources":[{"title":"OpenStreetMap / Overpass","url":"https://wiki.openstreetmap.org/wiki/Tag:telecom%3Ddata_center","accessed_at":"2026-09-23","note":"osm_id=6289753941"}]}},{"type":"Feature","geometry":{"type":"Point","coordinates":[2.6411727,48.8369186]},"properties":{"id":"dc_549","name":"Sungard AS IT","type":"data_center","subtype":"colocation","operator":"Unknown","description_it":"Record da OpenStreetMap (tag data_center). Da validare con almeno una seconda fonte.","country":"FR","city":"Lognes","status":"unknown","site_category":"infrastructure","opened_year":null,"updated_at":"2026-09-23","confidence":"low","import_source":"osm_overpass","external_id":"osm/node/6289858502","sources":[{"title":"OpenStreetMap / Overpass","url":"https://wiki.openstreetmap.org/wiki/Tag:telecom%3Ddata_center","accessed_at":"2026-09-23","note":"osm_id=6289858502"}]}},{"type":"Feature","geometry":{"type":"Point","coordinates":[2.2137794,48.6887201]},"properties":{"id":"dc_550","name":"Alionis DC1","type":"data_center","subtype":"colocation","operator":"Unknown","description_it":"Record da OpenStreetMap (tag data_center). Da validare con almeno una seconda fonte.","country":"FR","city":"Villebon Sur Yvette","status":"unknown","site_category":"infrastructure","opened_year":null,"updated_at":"2026-09-23","confidence":"low","import_source":"osm_overpass","external_id":"osm/node/6289873866","sources":[{"title":"OpenStreetMap / Overpass","url":"https://wiki.openstreetmap.org/wiki/Tag:telecom%3Ddata_center","accessed_at":"2026-09-23","note":"osm_id=6289873866"}]}},{"type":"Feature","geometry":{"type":"Point","coordinates":[-0.5554506,44.8629919]},"properties":{"id":"dc_551","name":"Cogent","type":"data_center","subtype":"colocation","operator":"Cogent Communications","description_it":"Record da OpenStreetMap (tag data_center). Da validare con almeno una seconda fonte.","country":"FR","city":"n/d","status":"unknown","site_category":"infrastructure","opened_year":null,"updated_at":"2026-09-23","confidence":"low","import_source":"osm_overpass","external_id":"osm/node/6898386156","sources":[{"title":"OpenStreetMap / Overpass","url":"https://wiki.openstreetmap.org/wiki/Tag:telecom%3Ddata_center","accessed_at":"2026-09-23","note":"osm_id=6898386156"}]}},{"type":"Feature","geometry":{"type":"Point","coordinates":[5.7369136,45.189635]},"properties":{"id":"dc_552","name":"Cogent","type":"data_center","subtype":"colocation","operator":"Cogent Communications, Inc.","description_it":"Record da OpenStreetMap (tag data_center). Da validare con almeno una seconda fonte.","country":"FR","city":"n/d","status":"unknown","site_category":"infrastructure","opened_year":null,"updated_at":"2026-09-23","confidence":"low","import_source":"osm_overpass","external_id":"osm/node/7522025783","sources":[{"title":"OpenStreetMap / Overpass","url":"https://wiki.openstreetmap.org/wiki/Tag:telecom%3Ddata_center","accessed_at":"2026-09-23","note":"osm_id=7522025783"}]}},{"type":"Feature","geometry":{"type":"Point","coordinates":[2.393401,48.819937]},"properties":{"id":"dc_553","name":"Datacenter Aqua Ray","type":"data_center","subtype":"colocation","operator":"Aqua Ray","description_it":"Record da OpenStreetMap (tag data_center). Da validare con almeno una seconda fonte.","country":"FR","city":"Ivry-sur-Seine","status":"unknown","site_category":"infrastructure","opened_year":null,"updated_at":"2026-09-23","confidence":"low","import_source":"osm_overpass","external_id":"osm/node/7900883632","sources":[{"title":"OpenStreetMap / Overpass","url":"https://wiki.openstreetmap.org/wiki/Tag:telecom%3Ddata_center","accessed_at":"2026-09-23","note":"osm_id=7900883632"}]}},{"type":"Feature","geometry":{"type":"Point","coordinates":[2.3018423,48.8836266]},"properties":{"id":"dc_554","name":"Salle Technique TV5MONDE","type":"data_center","subtype":"colocation","operator":"TV5MONDE","description_it":"Record da OpenStreetMap (tag data_center). Da validare con almeno una seconda fonte.","country":"FR","city":"n/d","status":"unknown","site_category":"infrastructure","opened_year":null,"updated_at":"2026-09-23","confidence":"low","import_source":"osm_overpass","external_id":"osm/node/7902341447","sources":[{"title":"OpenStreetMap / Overpass","url":"https://wiki.openstreetmap.org/wiki/Tag:telecom%3Ddata_center","accessed_at":"2026-09-23","note":"osm_id=7902341447"}]}},{"type":"Feature","geometry":{"type":"Point","coordinates":[2.3583926,48.8628101]},"properties":{"id":"dc_555","name":"Datacenter Orange Archives","type":"data_center","subtype":"colocation","operator":"Orange","description_it":"Record da OpenStreetMap (tag data_center). Da validare con almeno una seconda fonte.","country":"FR","city":"n/d","status":"unknown","site_category":"infrastructure","opened_year":null,"updated_at":"2026-09-23","confidence":"low","import_source":"osm_overpass","external_id":"osm/node/7902351616","sources":[{"title":"OpenStreetMap / Overpass","url":"https://wiki.openstreetmap.org/wiki/Tag:telecom%3Ddata_center","accessed_at":"2026-09-23","note":"osm_id=7902351616"}]}},{"type":"Feature","geometry":{"type":"Point","coordinates":[2.4225686,48.8852886]},"properties":{"id":"dc_556","name":"Salle technique TDF","type":"data_center","subtype":"colocation","operator":"TDF","description_it":"Record da OpenStreetMap (tag data_center). Da validare con almeno una seconda fonte.","country":"FR","city":"n/d","status":"unknown","site_category":"infrastructure","opened_year":null,"updated_at":"2026-09-23","confidence":"low","import_source":"osm_overpass","external_id":"osm/node/7902360503","sources":[{"title":"OpenStreetMap / Overpass","url":"https://wiki.openstreetmap.org/wiki/Tag:telecom%3Ddata_center","accessed_at":"2026-09-23","note":"osm_id=7902360503"}]}},{"type":"Feature","geometry":{"type":"Point","coordinates":[2.2597533,48.8338186]},"properties":{"id":"dc_557","name":"Salle technique TF1","type":"data_center","subtype":"colocation","operator":"TF1","description_it":"Record da OpenStreetMap (tag data_center). Da validare con almeno una seconda fonte.","country":"FR","city":"n/d","status":"unknown","site_category":"infrastructure","opened_year":null,"updated_at":"2026-09-23","confidence":"low","import_source":"osm_overpass","external_id":"osm/node/7902383102","sources":[{"title":"OpenStreetMap / Overpass","url":"https://wiki.openstreetmap.org/wiki/Tag:telecom%3Ddata_center","accessed_at":"2026-09-23","note":"osm_id=7902383102"}]}},{"type":"Feature","geometry":{"type":"Point","coordinates":[2.2942124,48.8574197]},"properties":{"id":"dc_558","name":"Salle technique TDF","type":"data_center","subtype":"colocation","operator":"TDF","description_it":"Record da OpenStreetMap (tag data_center). Da validare con almeno una seconda fonte.","country":"FR","city":"n/d","status":"unknown","site_category":"infrastructure","opened_year":null,"updated_at":"2026-09-23","confidence":"low","import_source":"osm_overpass","external_id":"osm/node/7902383458","sources":[{"title":"OpenStreetMap / Overpass","url":"https://wiki.openstreetmap.org/wiki/Tag:telecom%3Ddata_center","accessed_at":"2026-09-23","note":"osm_id=7902383458"}]}},{"type":"Feature","geometry":{"type":"Point","coordinates":[2.2724395,48.8383154]},"properties":{"id":"dc_559","name":"Salle Technique France Télévisions","type":"data_center","subtype":"colocation","operator":"France Télévisions","description_it":"Record da OpenStreetMap (tag data_center). Da validare con almeno una seconda fonte.","country":"FR","city":"n/d","status":"unknown","site_category":"infrastructure","opened_year":null,"updated_at":"2026-09-23","confidence":"low","import_source":"osm_overpass","external_id":"osm/node/7902392228","sources":[{"title":"OpenStreetMap / Overpass","url":"https://wiki.openstreetmap.org/wiki/Tag:telecom%3Ddata_center","accessed_at":"2026-09-23","note":"osm_id=7902392228"}]}},{"type":"Feature","geometry":{"type":"Point","coordinates":[2.2646559,48.8290685]},"properties":{"id":"dc_560","name":"Salle technique Eurosport","type":"data_center","subtype":"colocation","operator":"Eurosport","description_it":"Record da OpenStreetMap (tag data_center). Da validare con almeno una seconda fonte.","country":"FR","city":"n/d","status":"unknown","site_category":"infrastructure","opened_year":null,"updated_at":"2026-09-23","confidence":"low","import_source":"osm_overpass","external_id":"osm/node/7902398865","sources":[{"title":"OpenStreetMap / Overpass","url":"https://wiki.openstreetmap.org/wiki/Tag:telecom%3Ddata_center","accessed_at":"2026-09-23","note":"osm_id=7902398865"}]}},{"type":"Feature","geometry":{"type":"Point","coordinates":[2.2731747,48.8811889]},"properties":{"id":"dc_561","name":"Salle technique Groupe M6","type":"data_center","subtype":"colocation","operator":"Groupe M6","description_it":"Record da OpenStreetMap (tag data_center). Da validare con almeno una seconda fonte.","country":"FR","city":"n/d","status":"unknown","site_category":"infrastructure","opened_year":null,"updated_at":"2026-09-23","confidence":"low","import_source":"osm_overpass","external_id":"osm/node/7902413338","sources":[{"title":"OpenStreetMap / Overpass","url":"https://wiki.openstreetmap.org/wiki/Tag:telecom%3Ddata_center","accessed_at":"2026-09-23","note":"osm_id=7902413338"}]}},{"type":"Feature","geometry":{"type":"Point","coordinates":[-4.4154696,48.4413007]},"properties":{"id":"dc_562","name":"Data Center Bluecom","type":"data_center","subtype":"colocation","operator":"Bluecom","description_it":"Record da OpenStreetMap (tag data_center). Da validare con almeno una seconda fonte.","country":"FR","city":"n/d","status":"unknown","site_category":"infrastructure","opened_year":null,"updated_at":"2026-09-23","confidence":"low","import_source":"osm_overpass","external_id":"osm/node/7902526435","sources":[{"title":"OpenStreetMap / Overpass","url":"https://wiki.openstreetmap.org/wiki/Tag:telecom%3Ddata_center","accessed_at":"2026-09-23","note":"osm_id=7902526435"}]}},{"type":"Feature","geometry":{"type":"Point","coordinates":[1.9752915,48.7909399]},"properties":{"id":"dc_563","name":"Datacenter Thales Nungesser","type":"data_center","subtype":"colocation","operator":"THALES","description_it":"Record da OpenStreetMap (tag data_center). Da validare con almeno una seconda fonte.","country":"FR","city":"n/d","status":"unknown","site_category":"infrastructure","opened_year":null,"updated_at":"2026-09-23","confidence":"low","import_source":"osm_overpass","external_id":"osm/node/7902527604","sources":[{"title":"OpenStreetMap / Overpass","url":"https://wiki.openstreetmap.org/wiki/Tag:telecom%3Ddata_center","accessed_at":"2026-09-23","note":"osm_id=7902527604"}]}},{"type":"Feature","geometry":{"type":"Point","coordinates":[4.8156496,45.7343987]},"properties":{"id":"dc_564","name":"Salle technique Euronews","type":"data_center","subtype":"colocation","operator":"Euronews","description_it":"Record da OpenStreetMap (tag data_center). Da validare con almeno una seconda fonte.","country":"FR","city":"n/d","status":"unknown","site_category":"infrastructure","opened_year":null,"updated_at":"2026-09-23","confidence":"low","import_source":"osm_overpass","external_id":"osm/node/7902551102","sources":[{"title":"OpenStreetMap / Overpass","url":"https://wiki.openstreetmap.org/wiki/Tag:telecom%3Ddata_center","accessed_at":"2026-09-23","note":"osm_id=7902551102"}]}},{"type":"Feature","geometry":{"type":"Point","coordinates":[2.3399387,48.9196226]},"properties":{"id":"dc_565","name":"Datacenter RTE","type":"data_center","subtype":"colocation","operator":"RTE","description_it":"Record da OpenStreetMap (tag data_center). Da validare con almeno una seconda fonte.","country":"FR","city":"n/d","status":"unknown","site_category":"infrastructure","opened_year":null,"updated_at":"2026-09-23","confidence":"low","import_source":"osm_overpass","external_id":"osm/node/8297362166","sources":[{"title":"OpenStreetMap / Overpass","url":"https://wiki.openstreetmap.org/wiki/Tag:telecom%3Ddata_center","accessed_at":"2026-09-23","note":"osm_id=8297362166"}]}},{"type":"Feature","geometry":{"type":"Point","coordinates":[-1.2456113,50.8678009]},"properties":{"id":"dc_566","name":"Serverhouse","type":"data_center","subtype":"colocation","operator":"Serverhouse","description_it":"Record da OpenStreetMap (tag data_center). Da validare con almeno una seconda fonte.","country":"GB","city":"n/d","status":"unknown","site_category":"infrastructure","opened_year":null,"updated_at":"2026-09-23","confidence":"low","import_source":"osm_overpass","external_id":"osm/node/8325036723","sources":[{"title":"OpenStreetMap / Overpass","url":"https://wiki.openstreetmap.org/wiki/Tag:telecom%3Ddata_center","accessed_at":"2026-09-23","note":"osm_id=8325036723"}]}},{"type":"Feature","geometry":{"type":"Point","coordinates":[2.0500164,48.7919993]},"properties":{"id":"dc_567","name":"Datacenter RTE","type":"data_center","subtype":"colocation","operator":"RTE","description_it":"Record da OpenStreetMap (tag data_center). Da validare con almeno una seconda fonte.","country":"FR","city":"n/d","status":"unknown","site_category":"infrastructure","opened_year":null,"updated_at":"2026-09-23","confidence":"low","import_source":"osm_overpass","external_id":"osm/node/8670043375","sources":[{"title":"OpenStreetMap / Overpass","url":"https://wiki.openstreetmap.org/wiki/Tag:telecom%3Ddata_center","accessed_at":"2026-09-23","note":"osm_id=8670043375"}]}},{"type":"Feature","geometry":{"type":"Point","coordinates":[4.832222,45.7404807]},"properties":{"id":"dc_568","name":"Datacenter RTE","type":"data_center","subtype":"colocation","operator":"RTE","description_it":"Record da OpenStreetMap (tag data_center). Da validare con almeno una seconda fonte.","country":"FR","city":"n/d","status":"unknown","site_category":"infrastructure","opened_year":null,"updated_at":"2026-09-23","confidence":"low","import_source":"osm_overpass","external_id":"osm/node/8670065237","sources":[{"title":"OpenStreetMap / Overpass","url":"https://wiki.openstreetmap.org/wiki/Tag:telecom%3Ddata_center","accessed_at":"2026-09-23","note":"osm_id=8670065237"}]}},{"type":"Feature","geometry":{"type":"Point","coordinates":[1.852149,47.8930435]},"properties":{"id":"dc_569","name":"France Travail datacenter Orléans","type":"data_center","subtype":"colocation","operator":"France Travail DSI","description_it":"Record da OpenStreetMap (tag data_center). Da validare con almeno una seconda fonte.","country":"FR","city":"n/d","status":"unknown","site_category":"infrastructure","opened_year":null,"updated_at":"2026-09-23","confidence":"low","import_source":"osm_overpass","external_id":"osm/node/8744063082","sources":[{"title":"OpenStreetMap / Overpass","url":"https://wiki.openstreetmap.org/wiki/Tag:telecom%3Ddata_center","accessed_at":"2026-09-23","note":"osm_id=8744063082"}]}},{"type":"Feature","geometry":{"type":"Point","coordinates":[4.8438905,45.7584484]},"properties":{"id":"dc_570","name":"Lyon Sévigné","type":"data_center","subtype":"colocation","operator":"Orange","description_it":"Record da OpenStreetMap (tag data_center). Da validare con almeno una seconda fonte.","country":"FR","city":"n/d","status":"unknown","site_category":"infrastructure","opened_year":null,"updated_at":"2026-09-23","confidence":"low","import_source":"osm_overpass","external_id":"osm/node/8930909347","sources":[{"title":"OpenStreetMap / Overpass","url":"https://wiki.openstreetmap.org/wiki/Tag:telecom%3Ddata_center","accessed_at":"2026-09-23","note":"osm_id=8930909347"}]}},{"type":"Feature","geometry":{"type":"Point","coordinates":[2.4709503,48.7256141]},"properties":{"id":"dc_571","name":"Datacenter Bouygues Télécom","type":"data_center","subtype":"colocation","operator":"Bouygues Télécom","description_it":"Record da OpenStreetMap (tag data_center). Da validare con almeno una seconda fonte.","country":"FR","city":"n/d","status":"unknown","site_category":"infrastructure","opened_year":null,"updated_at":"2026-09-23","confidence":"low","import_source":"osm_overpass","external_id":"osm/node/9002215626","sources":[{"title":"OpenStreetMap / Overpass","url":"https://wiki.openstreetmap.org/wiki/Tag:telecom%3Ddata_center","accessed_at":"2026-09-23","note":"osm_id=9002215626"}]}},{"type":"Feature","geometry":{"type":"Point","coordinates":[2.0777812,48.7258632]},"properties":{"id":"dc_572","name":"osm32;osm33;osm34;osm35;osm36;osm37","type":"data_center","subtype":"colocation","operator":"OpenStreetMap France","description_it":"Record da OpenStreetMap (tag data_center). Da validare con almeno una seconda fonte.","country":"FR","city":"n/d","status":"unknown","site_category":"infrastructure","opened_year":null,"updated_at":"2026-09-23","confidence":"low","import_source":"osm_overpass","external_id":"osm/node/9403059298","sources":[{"title":"OpenStreetMap / Overpass","url":"https://wiki.openstreetmap.org/wiki/Tag:telecom%3Ddata_center","accessed_at":"2026-09-23","note":"osm_id=9403059298"}]}},{"type":"Feature","geometry":{"type":"Point","coordinates":[6.1072108,46.1653755]},"properties":{"id":"dc_573","name":"GEN01","type":"data_center","subtype":"hyperscale","operator":"Stack Infrastructure","description_it":"Record da OpenStreetMap classificato come hyperscale (operatore cloud/campus). Da validare con una seconda fonte.","country":"FR","city":"Plan-les-Ouates","status":"unknown","site_category":"infrastructure","opened_year":null,"updated_at":"2026-09-23","confidence":"low","import_source":"osm_overpass","external_id":"osm/node/9862219970","sources":[{"title":"OpenStreetMap / Overpass","url":"https://wiki.openstreetmap.org/wiki/Tag:telecom%3Ddata_center","accessed_at":"2026-09-23","note":"osm_id=9862219970"}]}},{"type":"Feature","geometry":{"type":"Point","coordinates":[0.8376222,44.1990193]},"properties":{"id":"dc_574","name":"DTC","type":"data_center","subtype":"colocation","operator":"Unknown","description_it":"Record da OpenStreetMap (tag data_center). Da validare con almeno una seconda fonte.","country":"FR","city":"n/d","status":"unknown","site_category":"infrastructure","opened_year":null,"updated_at":"2026-09-23","confidence":"low","import_source":"osm_overpass","external_id":"osm/node/9969529152","sources":[{"title":"OpenStreetMap / Overpass","url":"https://wiki.openstreetmap.org/wiki/Tag:telecom%3Ddata_center","accessed_at":"2026-09-23","note":"osm_id=9969529152"}]}},{"type":"Feature","geometry":{"type":"Point","coordinates":[-2.9105618,51.3580017]},"properties":{"id":"dc_575","name":"Insight Data Ltd","type":"data_center","subtype":"colocation","operator":"Unknown","description_it":"Record da OpenStreetMap (tag data_center). Da validare con almeno una seconda fonte.","country":"GB","city":"Weston-super-Mare","status":"unknown","site_category":"infrastructure","opened_year":null,"updated_at":"2026-09-23","confidence":"low","import_source":"osm_overpass","external_id":"osm/node/10029665515","sources":[{"title":"OpenStreetMap / Overpass","url":"https://wiki.openstreetmap.org/wiki/Tag:telecom%3Ddata_center","accessed_at":"2026-09-23","note":"osm_id=10029665515"}]}},{"type":"Feature","geometry":{"type":"Point","coordinates":[0.1871336,48.0538551]},"properties":{"id":"dc_576","name":"Datagrex","type":"data_center","subtype":"colocation","operator":"Unknown","description_it":"Record da OpenStreetMap (tag data_center). Da validare con almeno una seconda fonte.","country":"FR","city":"Saint-Saturnin","status":"unknown","site_category":"infrastructure","opened_year":null,"updated_at":"2026-09-23","confidence":"low","import_source":"osm_overpass","external_id":"osm/node/10089225111","sources":[{"title":"OpenStreetMap / Overpass","url":"https://wiki.openstreetmap.org/wiki/Tag:telecom%3Ddata_center","accessed_at":"2026-09-23","note":"osm_id=10089225111"}]}},{"type":"Feature","geometry":{"type":"Point","coordinates":[5.0776704,47.3400512]},"properties":{"id":"dc_577","name":"DTiX","type":"data_center","subtype":"colocation","operator":"Unknown","description_it":"Record da OpenStreetMap (tag data_center). Da validare con almeno una seconda fonte.","country":"FR","city":"Saint-Apollinaire","status":"unknown","site_category":"infrastructure","opened_year":null,"updated_at":"2026-09-23","confidence":"low","import_source":"osm_overpass","external_id":"osm/node/10241762412","sources":[{"title":"OpenStreetMap / Overpass","url":"https://wiki.openstreetmap.org/wiki/Tag:telecom%3Ddata_center","accessed_at":"2026-09-23","note":"osm_id=10241762412"}]}},{"type":"Feature","geometry":{"type":"Point","coordinates":[-2.8742731,43.2420357]},"properties":{"id":"dc_578","name":"Mozoilo AJVP","type":"data_center","subtype":"colocation","operator":"Mozoilo","description_it":"Record da OpenStreetMap (tag data_center). Da validare con almeno una seconda fonte.","country":"FR","city":"Galdakao","status":"unknown","site_category":"infrastructure","opened_year":null,"updated_at":"2026-09-23","confidence":"low","import_source":"osm_overpass","external_id":"osm/node/11282993748","sources":[{"title":"OpenStreetMap / Overpass","url":"https://wiki.openstreetmap.org/wiki/Tag:telecom%3Ddata_center","accessed_at":"2026-09-23","note":"osm_id=11282993748"}]}},{"type":"Feature","geometry":{"type":"Point","coordinates":[2.0557948,43.9119115]},"properties":{"id":"dc_579","name":"Crypteo","type":"data_center","subtype":"colocation","operator":"Crypteo","description_it":"Record da OpenStreetMap (tag data_center). Da validare con almeno una seconda fonte.","country":"FR","city":"n/d","status":"unknown","site_category":"infrastructure","opened_year":null,"updated_at":"2026-09-23","confidence":"low","import_source":"osm_overpass","external_id":"osm/node/11691867437","sources":[{"title":"OpenStreetMap / Overpass","url":"https://wiki.openstreetmap.org/wiki/Tag:telecom%3Ddata_center","accessed_at":"2026-09-23","note":"osm_id=11691867437"}]}},{"type":"Feature","geometry":{"type":"Point","coordinates":[-0.7820534,51.4138607]},"properties":{"id":"dc_580","name":"AWS Bracknell Data Centre","type":"data_center","subtype":"hyperscale","operator":"Amazon Web Services","description_it":"Record da OpenStreetMap classificato come hyperscale (operatore cloud/campus). Da validare con una seconda fonte.","country":"GB","city":"n/d","status":"unknown","site_category":"infrastructure","opened_year":null,"updated_at":"2026-09-23","confidence":"low","import_source":"osm_overpass","external_id":"osm/node/11902288339","sources":[{"title":"OpenStreetMap / Overpass","url":"https://wiki.openstreetmap.org/wiki/Tag:telecom%3Ddata_center","accessed_at":"2026-09-23","note":"osm_id=11902288339"}]}},{"type":"Feature","geometry":{"type":"Point","coordinates":[5.3380356,43.3610728]},"properties":{"id":"dc_581","name":"Telehouse THM1","type":"data_center","subtype":"colocation","operator":"Telehouse","description_it":"Record da OpenStreetMap (tag data_center). Da validare con almeno una seconda fonte.","country":"FR","city":"n/d","status":"unknown","site_category":"infrastructure","opened_year":null,"updated_at":"2026-09-23","confidence":"low","import_source":"osm_overpass","external_id":"osm/node/12150464472","sources":[{"title":"OpenStreetMap / Overpass","url":"https://wiki.openstreetmap.org/wiki/Tag:telecom%3Ddata_center","accessed_at":"2026-09-23","note":"osm_id=12150464472"}]}},{"type":"Feature","geometry":{"type":"Point","coordinates":[5.4119359,43.3359205]},"properties":{"id":"dc_582","name":"Datacenter Sud","type":"data_center","subtype":"colocation","operator":"Aix-Marseille Université","description_it":"Record da OpenStreetMap (tag data_center). Da validare con almeno una seconda fonte.","country":"FR","city":"n/d","status":"unknown","site_category":"infrastructure","opened_year":null,"updated_at":"2026-09-23","confidence":"low","import_source":"osm_overpass","external_id":"osm/node/12154384214","sources":[{"title":"OpenStreetMap / Overpass","url":"https://wiki.openstreetmap.org/wiki/Tag:telecom%3Ddata_center","accessed_at":"2026-09-23","note":"osm_id=12154384214"}]}},{"type":"Feature","geometry":{"type":"Point","coordinates":[6.1442259,46.2035599]},"properties":{"id":"dc_583","name":"Equinix GV1","type":"data_center","subtype":"colocation","operator":"Equinix","description_it":"Record da OpenStreetMap (tag data_center). Da validare con almeno una seconda fonte.","country":"CH","city":"Genève","status":"unknown","site_category":"infrastructure","opened_year":null,"updated_at":"2026-09-23","confidence":"low","import_source":"osm_overpass","external_id":"osm/node/12304464632","sources":[{"title":"OpenStreetMap / Overpass","url":"https://wiki.openstreetmap.org/wiki/Tag:telecom%3Ddata_center","accessed_at":"2026-09-23","note":"osm_id=12304464632"}]}},{"type":"Feature","geometry":{"type":"Point","coordinates":[5.3747661,43.3124463]},"properties":{"id":"dc_584","name":"Phocea DC","type":"data_center","subtype":"colocation","operator":"Phocea DC","description_it":"Record da OpenStreetMap (tag data_center). Da validare con almeno una seconda fonte.","country":"FR","city":"n/d","status":"unknown","site_category":"infrastructure","opened_year":null,"updated_at":"2026-09-23","confidence":"low","import_source":"osm_overpass","external_id":"osm/node/12546664021","sources":[{"title":"OpenStreetMap / Overpass","url":"https://wiki.openstreetmap.org/wiki/Tag:telecom%3Ddata_center","accessed_at":"2026-09-23","note":"osm_id=12546664021"}]}},{"type":"Feature","geometry":{"type":"Point","coordinates":[2.1976171,48.5976468]},"properties":{"id":"dc_585","name":"Eclairion","type":"data_center","subtype":"colocation","operator":"Unknown","description_it":"Record da OpenStreetMap (tag data_center). Da validare con almeno una seconda fonte.","country":"FR","city":"n/d","status":"unknown","site_category":"infrastructure","opened_year":null,"updated_at":"2026-09-23","confidence":"low","import_source":"osm_overpass","external_id":"osm/node/12578588217","sources":[{"title":"OpenStreetMap / Overpass","url":"https://wiki.openstreetmap.org/wiki/Tag:telecom%3Ddata_center","accessed_at":"2026-09-23","note":"osm_id=12578588217"}]}},{"type":"Feature","geometry":{"type":"Point","coordinates":[-1.1664407,50.8482468]},"properties":{"id":"dc_586","name":"ServerHouse","type":"data_center","subtype":"colocation","operator":"Unknown","description_it":"Record da OpenStreetMap (tag data_center). Da validare con almeno una seconda fonte.","country":"GB","city":"n/d","status":"unknown","site_category":"infrastructure","opened_year":null,"updated_at":"2026-09-23","confidence":"low","import_source":"osm_overpass","external_id":"osm/node/12641413062","sources":[{"title":"OpenStreetMap / Overpass","url":"https://wiki.openstreetmap.org/wiki/Tag:telecom%3Ddata_center","accessed_at":"2026-09-23","note":"osm_id=12641413062"}]}},{"type":"Feature","geometry":{"type":"Point","coordinates":[5.105566,47.3329339]},"properties":{"id":"dc_587","name":"Euro-Information EIP (Data Center)","type":"data_center","subtype":"colocation","operator":"Euro Information","description_it":"Record da OpenStreetMap (tag data_center). Da validare con almeno una seconda fonte.","country":"FR","city":"n/d","status":"unknown","site_category":"infrastructure","opened_year":null,"updated_at":"2026-09-23","confidence":"low","import_source":"osm_overpass","external_id":"osm/node/13006633477","sources":[{"title":"OpenStreetMap / Overpass","url":"https://wiki.openstreetmap.org/wiki/Tag:telecom%3Ddata_center","accessed_at":"2026-09-23","note":"osm_id=13006633477"}]}},{"type":"Feature","geometry":{"type":"Point","coordinates":[0.3254948,46.6071036]},"properties":{"id":"dc_588","name":"Okantis","type":"data_center","subtype":"colocation","operator":"Unknown","description_it":"Record da OpenStreetMap (tag data_center). Da validare con almeno una seconda fonte.","country":"FR","city":"n/d","status":"unknown","site_category":"infrastructure","opened_year":null,"updated_at":"2026-09-23","confidence":"low","import_source":"osm_overpass","external_id":"osm/node/13357674614","sources":[{"title":"OpenStreetMap / Overpass","url":"https://wiki.openstreetmap.org/wiki/Tag:telecom%3Ddata_center","accessed_at":"2026-09-23","note":"osm_id=13357674614"}]}},{"type":"Feature","geometry":{"type":"Point","coordinates":[-1.8749448,50.7219006]},"properties":{"id":"dc_589","name":"Data Vault - Bournemouth BCP01","type":"data_center","subtype":"colocation","operator":"Dark Nebulae Ltd","description_it":"Record da OpenStreetMap (tag data_center). Da validare con almeno una seconda fonte.","country":"GB","city":"Bournemouth","status":"unknown","site_category":"infrastructure","opened_year":null,"updated_at":"2026-09-23","confidence":"low","import_source":"osm_overpass","external_id":"osm/node/13596137356","sources":[{"title":"OpenStreetMap / Overpass","url":"https://wiki.openstreetmap.org/wiki/Tag:telecom%3Ddata_center","accessed_at":"2026-09-23","note":"osm_id=13596137356"}]}},{"type":"Feature","geometry":{"type":"Point","coordinates":[-1.6245655,42.8139177]},"properties":{"id":"dc_590","name":"CPD Gobierno de Navarra","type":"data_center","subtype":"colocation","operator":"Nasertic","description_it":"Record da OpenStreetMap (tag data_center). Da validare con almeno una seconda fonte.","country":"FR","city":"n/d","status":"unknown","site_category":"infrastructure","opened_year":null,"updated_at":"2026-09-23","confidence":"low","import_source":"osm_overpass","external_id":"osm/node/13608563509","sources":[{"title":"OpenStreetMap / Overpass","url":"https://wiki.openstreetmap.org/wiki/Tag:telecom%3Ddata_center","accessed_at":"2026-09-23","note":"osm_id=13608563509"}]}},{"type":"Feature","geometry":{"type":"Point","coordinates":[1.9396564,47.8455144]},"properties":{"id":"dc_591","name":"LIFO","type":"data_center","subtype":"colocation","operator":"LIFO","description_it":"Record da OpenStreetMap (tag data_center). Da validare con almeno una seconda fonte.","country":"FR","city":"n/d","status":"unknown","site_category":"infrastructure","opened_year":null,"updated_at":"2026-09-23","confidence":"low","import_source":"osm_overpass","external_id":"osm/node/13743687202","sources":[{"title":"OpenStreetMap / Overpass","url":"https://wiki.openstreetmap.org/wiki/Tag:telecom%3Ddata_center","accessed_at":"2026-09-23","note":"osm_id=13743687202"}]}},{"type":"Feature","geometry":{"type":"Point","coordinates":[-0.7880689,51.2929363]},"properties":{"id":"dc_592","name":"Asanti - Farnborough","type":"data_center","subtype":"colocation","operator":"Asanti","description_it":"Record da OpenStreetMap (tag data_center). Da validare con almeno una seconda fonte.","country":"GB","city":"Farnborough","status":"unknown","site_category":"infrastructure","opened_year":null,"updated_at":"2026-09-23","confidence":"low","import_source":"osm_overpass","external_id":"osm/node/14056398202","sources":[{"title":"OpenStreetMap / Overpass","url":"https://wiki.openstreetmap.org/wiki/Tag:telecom%3Ddata_center","accessed_at":"2026-09-23","note":"osm_id=14056398202"}]}},{"type":"Feature","geometry":{"type":"Point","coordinates":[0.5493573,51.2799062]},"properties":{"id":"dc_593","name":"CustodianDC Maidstone","type":"data_center","subtype":"colocation","operator":"CustodianDC","description_it":"Record da OpenStreetMap (tag data_center). Da validare con almeno una seconda fonte.","country":"GB","city":"n/d","status":"unknown","site_category":"infrastructure","opened_year":null,"updated_at":"2026-09-23","confidence":"low","import_source":"osm_overpass","external_id":"osm/node/14058270899","sources":[{"title":"OpenStreetMap / Overpass","url":"https://wiki.openstreetmap.org/wiki/Tag:telecom%3Ddata_center","accessed_at":"2026-09-23","note":"osm_id=14058270899"}]}},{"type":"Feature","geometry":{"type":"Point","coordinates":[-0.9259691,51.4614715]},"properties":{"id":"dc_594","name":"Microsoft Thames Valley Park Data Centre","type":"data_center","subtype":"hyperscale","operator":"Microsoft","description_it":"Record da OpenStreetMap classificato come hyperscale (operatore cloud/campus). Da validare con una seconda fonte.","country":"GB","city":"n/d","status":"unknown","site_category":"infrastructure","opened_year":null,"updated_at":"2026-09-23","confidence":"low","import_source":"osm_overpass","external_id":"osm/node/14061667937","sources":[{"title":"OpenStreetMap / Overpass","url":"https://wiki.openstreetmap.org/wiki/Tag:telecom%3Ddata_center","accessed_at":"2026-09-23","note":"osm_id=14061667937"}]}},{"type":"Feature","geometry":{"type":"Point","coordinates":[-0.27361,51.4944095]},"properties":{"id":"dc_595","name":"Vision 247","type":"data_center","subtype":"colocation","operator":"Vision 247","description_it":"Record da OpenStreetMap (tag data_center). Da validare con almeno una seconda fonte.","country":"GB","city":"n/d","status":"unknown","site_category":"infrastructure","opened_year":null,"updated_at":"2026-09-23","confidence":"low","import_source":"osm_overpass","external_id":"osm/node/14062735949","sources":[{"title":"OpenStreetMap / Overpass","url":"https://wiki.openstreetmap.org/wiki/Tag:telecom%3Ddata_center","accessed_at":"2026-09-23","note":"osm_id=14062735949"}]}},{"type":"Feature","geometry":{"type":"Point","coordinates":[-1.4273241,50.9616793]},"properties":{"id":"dc_596","name":"Sky Chilworth","type":"data_center","subtype":"colocation","operator":"Sky UK","description_it":"Record da OpenStreetMap (tag data_center). Da validare con almeno una seconda fonte.","country":"GB","city":"n/d","status":"unknown","site_category":"infrastructure","opened_year":null,"updated_at":"2026-09-23","confidence":"low","import_source":"osm_overpass","external_id":"osm/way/15516422","sources":[{"title":"OpenStreetMap / Overpass","url":"https://wiki.openstreetmap.org/wiki/Tag:telecom%3Ddata_center","accessed_at":"2026-09-23","note":"osm_id=15516422"}]}},{"type":"Feature","geometry":{"type":"Point","coordinates":[-0.4603496,51.4816653]},"properties":{"id":"dc_597","name":"Digital Realty LHR17","type":"data_center","subtype":"colocation","operator":"Digital Realty","description_it":"Record da OpenStreetMap (tag data_center). Da validare con almeno una seconda fonte.","country":"GB","city":"n/d","status":"unknown","site_category":"infrastructure","opened_year":null,"updated_at":"2026-09-23","confidence":"low","import_source":"osm_overpass","external_id":"osm/way/23439047","sources":[{"title":"OpenStreetMap / Overpass","url":"https://wiki.openstreetmap.org/wiki/Tag:telecom%3Ddata_center","accessed_at":"2026-09-23","note":"osm_id=23439047"}]}},{"type":"Feature","geometry":{"type":"Point","coordinates":[-0.1359021,51.3839823]},"properties":{"id":"dc_598","name":"Segro Croydon (Morgan Stanley)","type":"data_center","subtype":"colocation","operator":"Morgan Stanley","description_it":"Record da OpenStreetMap (tag data_center). Da validare con almeno una seconda fonte.","country":"GB","city":"n/d","status":"unknown","site_category":"infrastructure","opened_year":null,"updated_at":"2026-09-23","confidence":"low","import_source":"osm_overpass","external_id":"osm/way/23571722","sources":[{"title":"OpenStreetMap / Overpass","url":"https://wiki.openstreetmap.org/wiki/Tag:telecom%3Ddata_center","accessed_at":"2026-09-23","note":"osm_id=23571722"}]}},{"type":"Feature","geometry":{"type":"Point","coordinates":[-0.1758407,51.1324806]},"properties":{"id":"dc_599","name":"4D Data Centers - Gatwick","type":"data_center","subtype":"colocation","operator":"Unknown","description_it":"Record da OpenStreetMap (tag data_center). Da validare con almeno una seconda fonte.","country":"GB","city":"Crawley","status":"unknown","site_category":"infrastructure","opened_year":null,"updated_at":"2026-09-23","confidence":"low","import_source":"osm_overpass","external_id":"osm/way/23674117","sources":[{"title":"OpenStreetMap / Overpass","url":"https://wiki.openstreetmap.org/wiki/Tag:telecom%3Ddata_center","accessed_at":"2026-09-23","note":"osm_id=23674117"}]}},{"type":"Feature","geometry":{"type":"Point","coordinates":[-0.2911225,51.3683288]},"properties":{"id":"dc_600","name":"Digital Realty LHR13","type":"data_center","subtype":"colocation","operator":"Digital Realty","description_it":"Record da OpenStreetMap (tag data_center). Da validare con almeno una seconda fonte.","country":"GB","city":"n/d","status":"unknown","site_category":"infrastructure","opened_year":null,"updated_at":"2026-09-23","confidence":"low","import_source":"osm_overpass","external_id":"osm/way/27756169","sources":[{"title":"OpenStreetMap / Overpass","url":"https://wiki.openstreetmap.org/wiki/Tag:telecom%3Ddata_center","accessed_at":"2026-09-23","note":"osm_id=27756169"}]}},{"type":"Feature","geometry":{"type":"Point","coordinates":[0.2580033,51.4533805]},"properties":{"id":"dc_601","name":"CustodianDC DA2","type":"data_center","subtype":"colocation","operator":"Unknown","description_it":"Record da OpenStreetMap (tag data_center). Da validare con almeno una seconda fonte.","country":"GB","city":"n/d","status":"unknown","site_category":"infrastructure","opened_year":null,"updated_at":"2026-09-23","confidence":"low","import_source":"osm_overpass","external_id":"osm/way/28093960","sources":[{"title":"OpenStreetMap / Overpass","url":"https://wiki.openstreetmap.org/wiki/Tag:telecom%3Ddata_center","accessed_at":"2026-09-23","note":"osm_id=28093960"}]}},{"type":"Feature","geometry":{"type":"Point","coordinates":[0.1667209,51.4915116]},"properties":{"id":"dc_602","name":"LON-1","type":"data_center","subtype":"colocation","operator":"OVH","description_it":"Record da OpenStreetMap (tag data_center). Da validare con almeno una seconda fonte.","country":"GB","city":"n/d","status":"unknown","site_category":"infrastructure","opened_year":null,"updated_at":"2026-09-23","confidence":"low","import_source":"osm_overpass","external_id":"osm/way/29120456","sources":[{"title":"OpenStreetMap / Overpass","url":"https://wiki.openstreetmap.org/wiki/Tag:telecom%3Ddata_center","accessed_at":"2026-09-23","note":"osm_id=29120456"}]}},{"type":"Feature","geometry":{"type":"Point","coordinates":[-0.5880547,51.3238402]},"properties":{"id":"dc_603","name":"Digital Realty LGW14","type":"data_center","subtype":"colocation","operator":"Digital Realty","description_it":"Record da OpenStreetMap (tag data_center). Da validare con almeno una seconda fonte.","country":"GB","city":"Woking","status":"unknown","site_category":"infrastructure","opened_year":null,"updated_at":"2026-09-23","confidence":"low","import_source":"osm_overpass","external_id":"osm/way/34520874","sources":[{"title":"OpenStreetMap / Overpass","url":"https://wiki.openstreetmap.org/wiki/Tag:telecom%3Ddata_center","accessed_at":"2026-09-23","note":"osm_id=34520874"}]}},{"type":"Feature","geometry":{"type":"Point","coordinates":[2.229094,48.6497485]},"properties":{"id":"dc_604","name":"Data4 Campus Paris Saclay","type":"data_center","subtype":"colocation","operator":"Data4","description_it":"Record da OpenStreetMap (tag data_center). Da validare con almeno una seconda fonte.","country":"FR","city":"n/d","status":"unknown","site_category":"infrastructure","opened_year":null,"updated_at":"2026-09-23","confidence":"low","import_source":"osm_overpass","external_id":"osm/way/42016630","sources":[{"title":"OpenStreetMap / Overpass","url":"https://wiki.openstreetmap.org/wiki/Tag:telecom%3Ddata_center","accessed_at":"2026-09-23","note":"osm_id=42016630"}]}},{"type":"Feature","geometry":{"type":"Point","coordinates":[2.3503458,48.9271389]},"properties":{"id":"dc_605","name":"Equinix PA3","type":"data_center","subtype":"colocation","operator":"Equinix","description_it":"Record da OpenStreetMap (tag data_center). Da validare con almeno una seconda fonte.","country":"FR","city":"Saint-Denis","status":"unknown","site_category":"infrastructure","opened_year":null,"updated_at":"2026-09-23","confidence":"low","import_source":"osm_overpass","external_id":"osm/way/42742505","sources":[{"title":"OpenStreetMap / Overpass","url":"https://wiki.openstreetmap.org/wiki/Tag:telecom%3Ddata_center","accessed_at":"2026-09-23","note":"osm_id=42742505"}]}},{"type":"Feature","geometry":{"type":"Point","coordinates":[-0.3963834,51.4666236]},"properties":{"id":"dc_606","name":"Morgan Stanley Data Centre","type":"data_center","subtype":"colocation","operator":"Morgan Stanley","description_it":"Record da OpenStreetMap (tag data_center). Da validare con almeno una seconda fonte.","country":"GB","city":"Hounslow","status":"unknown","site_category":"infrastructure","opened_year":null,"updated_at":"2026-09-23","confidence":"low","import_source":"osm_overpass","external_id":"osm/way/44610344","sources":[{"title":"OpenStreetMap / Overpass","url":"https://wiki.openstreetmap.org/wiki/Tag:telecom%3Ddata_center","accessed_at":"2026-09-23","note":"osm_id=44610344"}]}},{"type":"Feature","geometry":{"type":"Point","coordinates":[-0.7083993,51.4996939]},"properties":{"id":"dc_607","name":"Pulsant Maidenhead","type":"data_center","subtype":"colocation","operator":"Pulsant","description_it":"Record da OpenStreetMap (tag data_center). Da validare con almeno una seconda fonte.","country":"GB","city":"Maidenhead","status":"unknown","site_category":"infrastructure","opened_year":null,"updated_at":"2026-09-23","confidence":"low","import_source":"osm_overpass","external_id":"osm/way/49602063","sources":[{"title":"OpenStreetMap / Overpass","url":"https://wiki.openstreetmap.org/wiki/Tag:telecom%3Ddata_center","accessed_at":"2026-09-23","note":"osm_id=49602063"}]}},{"type":"Feature","geometry":{"type":"Point","coordinates":[5.715129,45.1684989]},"properties":{"id":"dc_608","name":"Green DataCenter Eolas","type":"data_center","subtype":"colocation","operator":"Orange Business","description_it":"Record da OpenStreetMap (tag data_center). Da validare con almeno una seconda fonte.","country":"FR","city":"Grenoble","status":"unknown","site_category":"infrastructure","opened_year":null,"updated_at":"2026-09-23","confidence":"low","import_source":"osm_overpass","external_id":"osm/way/50210667","sources":[{"title":"OpenStreetMap / Overpass","url":"https://wiki.openstreetmap.org/wiki/Tag:telecom%3Ddata_center","accessed_at":"2026-09-23","note":"osm_id=50210667"}]}},{"type":"Feature","geometry":{"type":"Point","coordinates":[0.2700957,51.4811413]},"properties":{"id":"dc_609","name":"Fujitsu Data Centre","type":"data_center","subtype":"colocation","operator":"Unknown","description_it":"Record da OpenStreetMap (tag data_center). Da validare con almeno una seconda fonte.","country":"GB","city":"n/d","status":"unknown","site_category":"infrastructure","opened_year":null,"updated_at":"2026-09-23","confidence":"low","import_source":"osm_overpass","external_id":"osm/way/53045250","sources":[{"title":"OpenStreetMap / Overpass","url":"https://wiki.openstreetmap.org/wiki/Tag:telecom%3Ddata_center","accessed_at":"2026-09-23","note":"osm_id=53045250"}]}},{"type":"Feature","geometry":{"type":"Point","coordinates":[-0.4799467,51.3475652]},"properties":{"id":"dc_610","name":"Redcentric Byfleet","type":"data_center","subtype":"colocation","operator":"Redcentric","description_it":"Record da OpenStreetMap (tag data_center). Da validare con almeno una seconda fonte.","country":"GB","city":"n/d","status":"unknown","site_category":"infrastructure","opened_year":null,"updated_at":"2026-09-23","confidence":"low","import_source":"osm_overpass","external_id":"osm/way/55873731","sources":[{"title":"OpenStreetMap / Overpass","url":"https://wiki.openstreetmap.org/wiki/Tag:telecom%3Ddata_center","accessed_at":"2026-09-23","note":"osm_id=55873731"}]}},{"type":"Feature","geometry":{"type":"Point","coordinates":[4.8637212,45.7551007]},"properties":{"id":"dc_611","name":"Orange Lyon Lumière - Centrale","type":"data_center","subtype":"colocation","operator":"Unknown","description_it":"Record da OpenStreetMap (tag data_center). Da validare con almeno una seconda fonte.","country":"FR","city":"n/d","status":"unknown","site_category":"infrastructure","opened_year":null,"updated_at":"2026-09-23","confidence":"low","import_source":"osm_overpass","external_id":"osm/way/62340941","sources":[{"title":"OpenStreetMap / Overpass","url":"https://wiki.openstreetmap.org/wiki/Tag:telecom%3Ddata_center","accessed_at":"2026-09-23","note":"osm_id=62340941"}]}},{"type":"Feature","geometry":{"type":"Point","coordinates":[2.4987462,48.6463362]},"properties":{"id":"dc_612","name":"Datacenter Société Generale","type":"data_center","subtype":"colocation","operator":"Société Generale","description_it":"Record da OpenStreetMap (tag data_center). Da validare con almeno una seconda fonte.","country":"FR","city":"n/d","status":"unknown","site_category":"infrastructure","opened_year":null,"updated_at":"2026-09-23","confidence":"low","import_source":"osm_overpass","external_id":"osm/way/62777045","sources":[{"title":"OpenStreetMap / Overpass","url":"https://wiki.openstreetmap.org/wiki/Tag:telecom%3Ddata_center","accessed_at":"2026-09-23","note":"osm_id=62777045"}]}},{"type":"Feature","geometry":{"type":"Point","coordinates":[3.134739,45.7566364]},"properties":{"id":"dc_613","name":"O2Switch DC2","type":"data_center","subtype":"colocation","operator":"O2Switch","description_it":"Record da OpenStreetMap (tag data_center). Da validare con almeno una seconda fonte.","country":"FR","city":"n/d","status":"unknown","site_category":"infrastructure","opened_year":null,"updated_at":"2026-09-23","confidence":"low","import_source":"osm_overpass","external_id":"osm/way/62840519","sources":[{"title":"OpenStreetMap / Overpass","url":"https://wiki.openstreetmap.org/wiki/Tag:telecom%3Ddata_center","accessed_at":"2026-09-23","note":"osm_id=62840519"}]}},{"type":"Feature","geometry":{"type":"Point","coordinates":[4.40043,45.4406149]},"properties":{"id":"dc_614","name":"Datacenter Groupe Casino","type":"data_center","subtype":"colocation","operator":"Groupe Casino","description_it":"Record da OpenStreetMap (tag data_center). Da validare con almeno una seconda fonte.","country":"FR","city":"n/d","status":"unknown","site_category":"infrastructure","opened_year":null,"updated_at":"2026-09-23","confidence":"low","import_source":"osm_overpass","external_id":"osm/way/63259490","sources":[{"title":"OpenStreetMap / Overpass","url":"https://wiki.openstreetmap.org/wiki/Tag:telecom%3Ddata_center","accessed_at":"2026-09-23","note":"osm_id=63259490"}]}},{"type":"Feature","geometry":{"type":"Point","coordinates":[2.3623904,48.9147278]},"properties":{"id":"dc_615","name":"Interxion PAR3","type":"data_center","subtype":"colocation","operator":"Digital Realty","description_it":"Record da OpenStreetMap (tag data_center). Da validare con almeno una seconda fonte.","country":"FR","city":"Saint-Denis","status":"unknown","site_category":"infrastructure","opened_year":null,"updated_at":"2026-09-23","confidence":"low","import_source":"osm_overpass","external_id":"osm/way/63979423","sources":[{"title":"OpenStreetMap / Overpass","url":"https://wiki.openstreetmap.org/wiki/Tag:telecom%3Ddata_center","accessed_at":"2026-09-23","note":"osm_id=63979423"}]}},{"type":"Feature","geometry":{"type":"Point","coordinates":[-0.9414155,51.4569277]},"properties":{"id":"dc_616","name":"Pulsant Reading East","type":"data_center","subtype":"colocation","operator":"Pulsant","description_it":"Record da OpenStreetMap (tag data_center). Da validare con almeno una seconda fonte.","country":"GB","city":"Reading","status":"unknown","site_category":"infrastructure","opened_year":null,"updated_at":"2026-09-23","confidence":"low","import_source":"osm_overpass","external_id":"osm/way/63983065","sources":[{"title":"OpenStreetMap / Overpass","url":"https://wiki.openstreetmap.org/wiki/Tag:telecom%3Ddata_center","accessed_at":"2026-09-23","note":"osm_id=63983065"}]}},{"type":"Feature","geometry":{"type":"Point","coordinates":[2.8040269,48.8447261]},"properties":{"id":"dc_617","name":"Datacenter Vega","type":"data_center","subtype":"colocation","operator":"Natixis","description_it":"Record da OpenStreetMap (tag data_center). Da validare con almeno una seconda fonte.","country":"FR","city":"n/d","status":"unknown","site_category":"infrastructure","opened_year":null,"updated_at":"2026-09-23","confidence":"low","import_source":"osm_overpass","external_id":"osm/way/63996094","sources":[{"title":"OpenStreetMap / Overpass","url":"https://wiki.openstreetmap.org/wiki/Tag:telecom%3Ddata_center","accessed_at":"2026-09-23","note":"osm_id=63996094"}]}},{"type":"Feature","geometry":{"type":"Point","coordinates":[1.4871657,43.62534]},"properties":{"id":"dc_618","name":"ETIX Toulouse #1","type":"data_center","subtype":"colocation","operator":"ETIX","description_it":"Record da OpenStreetMap (tag data_center). Da validare con almeno una seconda fonte.","country":"FR","city":"n/d","status":"unknown","site_category":"infrastructure","opened_year":null,"updated_at":"2026-09-23","confidence":"low","import_source":"osm_overpass","external_id":"osm/way/64108260","sources":[{"title":"OpenStreetMap / Overpass","url":"https://wiki.openstreetmap.org/wiki/Tag:telecom%3Ddata_center","accessed_at":"2026-09-23","note":"osm_id=64108260"}]}},{"type":"Feature","geometry":{"type":"Point","coordinates":[1.0759676,49.4290725]},"properties":{"id":"dc_619","name":"Cogent Rouen","type":"data_center","subtype":"colocation","operator":"Cogent","description_it":"Record da OpenStreetMap (tag data_center). Da validare con almeno una seconda fonte.","country":"FR","city":"n/d","status":"unknown","site_category":"infrastructure","opened_year":null,"updated_at":"2026-09-23","confidence":"low","import_source":"osm_overpass","external_id":"osm/way/65043676","sources":[{"title":"OpenStreetMap / Overpass","url":"https://wiki.openstreetmap.org/wiki/Tag:telecom%3Ddata_center","accessed_at":"2026-09-23","note":"osm_id=65043676"}]}},{"type":"Feature","geometry":{"type":"Point","coordinates":[0.2284721,47.9967758]},"properties":{"id":"dc_620","name":"Sartera","type":"data_center","subtype":"colocation","operator":"Sartel","description_it":"Record da OpenStreetMap (tag data_center). Da validare con almeno una seconda fonte.","country":"FR","city":"n/d","status":"unknown","site_category":"infrastructure","opened_year":null,"updated_at":"2026-09-23","confidence":"low","import_source":"osm_overpass","external_id":"osm/way/65551099","sources":[{"title":"OpenStreetMap / Overpass","url":"https://wiki.openstreetmap.org/wiki/Tag:telecom%3Ddata_center","accessed_at":"2026-09-23","note":"osm_id=65551099"}]}},{"type":"Feature","geometry":{"type":"Point","coordinates":[3.130834,45.7841014]},"properties":{"id":"dc_621","name":"Datacenter IBO","type":"data_center","subtype":"colocation","operator":"IBO","description_it":"Record da OpenStreetMap (tag data_center). Da validare con almeno una seconda fonte.","country":"FR","city":"n/d","status":"unknown","site_category":"infrastructure","opened_year":null,"updated_at":"2026-09-23","confidence":"low","import_source":"osm_overpass","external_id":"osm/way/66670655","sources":[{"title":"OpenStreetMap / Overpass","url":"https://wiki.openstreetmap.org/wiki/Tag:telecom%3Ddata_center","accessed_at":"2026-09-23","note":"osm_id=66670655"}]}},{"type":"Feature","geometry":{"type":"Point","coordinates":[3.1423865,45.8077191]},"properties":{"id":"dc_622","name":"Datacenter IBM","type":"data_center","subtype":"colocation","operator":"IBM","description_it":"Record da OpenStreetMap (tag data_center). Da validare con almeno una seconda fonte.","country":"FR","city":"n/d","status":"unknown","site_category":"infrastructure","opened_year":null,"updated_at":"2026-09-23","confidence":"low","import_source":"osm_overpass","external_id":"osm/way/66911687","sources":[{"title":"OpenStreetMap / Overpass","url":"https://wiki.openstreetmap.org/wiki/Tag:telecom%3Ddata_center","accessed_at":"2026-09-23","note":"osm_id=66911687"}]}},{"type":"Feature","geometry":{"type":"Point","coordinates":[1.5097259,43.5426719]},"properties":{"id":"dc_623","name":"Hôtel des Telecoms","type":"data_center","subtype":"colocation","operator":"Unknown","description_it":"Record da OpenStreetMap (tag data_center). Da validare con almeno una seconda fonte.","country":"FR","city":"Labège","status":"unknown","site_category":"infrastructure","opened_year":null,"updated_at":"2026-09-23","confidence":"low","import_source":"osm_overpass","external_id":"osm/way/67893730","sources":[{"title":"OpenStreetMap / Overpass","url":"https://wiki.openstreetmap.org/wiki/Tag:telecom%3Ddata_center","accessed_at":"2026-09-23","note":"osm_id=67893730"}]}},{"type":"Feature","geometry":{"type":"Point","coordinates":[0.7261747,51.3138388]},"properties":{"id":"dc_624","name":"Sota Datacentre","type":"data_center","subtype":"colocation","operator":"Sota","description_it":"Record da OpenStreetMap (tag data_center). Da validare con almeno una seconda fonte.","country":"GB","city":"n/d","status":"unknown","site_category":"infrastructure","opened_year":null,"updated_at":"2026-09-23","confidence":"low","import_source":"osm_overpass","external_id":"osm/way/68167898","sources":[{"title":"OpenStreetMap / Overpass","url":"https://wiki.openstreetmap.org/wiki/Tag:telecom%3Ddata_center","accessed_at":"2026-09-23","note":"osm_id=68167898"}]}},{"type":"Feature","geometry":{"type":"Point","coordinates":[5.3772238,43.3029274]},"properties":{"id":"dc_625","name":"Marseille Nedelec","type":"data_center","subtype":"colocation","operator":"Orange","description_it":"Record da OpenStreetMap (tag data_center). Da validare con almeno una seconda fonte.","country":"FR","city":"n/d","status":"unknown","site_category":"infrastructure","opened_year":null,"updated_at":"2026-09-23","confidence":"low","import_source":"osm_overpass","external_id":"osm/way/68937644","sources":[{"title":"OpenStreetMap / Overpass","url":"https://wiki.openstreetmap.org/wiki/Tag:telecom%3Ddata_center","accessed_at":"2026-09-23","note":"osm_id=68937644"}]}},{"type":"Feature","geometry":{"type":"Point","coordinates":[0.6954178,47.4360229]},"properties":{"id":"dc_626","name":"Groupe ADISTA","type":"data_center","subtype":"colocation","operator":"ADISTA","description_it":"Record da OpenStreetMap (tag data_center). Da validare con almeno una seconda fonte.","country":"FR","city":"Tours","status":"unknown","site_category":"infrastructure","opened_year":null,"updated_at":"2026-09-23","confidence":"low","import_source":"osm_overpass","external_id":"osm/way/69382833","sources":[{"title":"OpenStreetMap / Overpass","url":"https://wiki.openstreetmap.org/wiki/Tag:telecom%3Ddata_center","accessed_at":"2026-09-23","note":"osm_id=69382833"}]}},{"type":"Feature","geometry":{"type":"Point","coordinates":[2.2275675,48.7692067]},"properties":{"id":"dc_627","name":"Datacenter Bouygues Télécom","type":"data_center","subtype":"colocation","operator":"Bouygues Télécom","description_it":"Record da OpenStreetMap (tag data_center). Da validare con almeno una seconda fonte.","country":"FR","city":"n/d","status":"unknown","site_category":"infrastructure","opened_year":null,"updated_at":"2026-09-23","confidence":"low","import_source":"osm_overpass","external_id":"osm/way/70456520","sources":[{"title":"OpenStreetMap / Overpass","url":"https://wiki.openstreetmap.org/wiki/Tag:telecom%3Ddata_center","accessed_at":"2026-09-23","note":"osm_id=70456520"}]}},{"type":"Feature","geometry":{"type":"Point","coordinates":[-0.9716398,51.4256273]},"properties":{"id":"dc_628","name":"Asanti - Reading","type":"data_center","subtype":"colocation","operator":"Asanti","description_it":"Record da OpenStreetMap (tag data_center). Da validare con almeno una seconda fonte.","country":"GB","city":"Reading","status":"unknown","site_category":"infrastructure","opened_year":null,"updated_at":"2026-09-23","confidence":"low","import_source":"osm_overpass","external_id":"osm/way/70521778","sources":[{"title":"OpenStreetMap / Overpass","url":"https://wiki.openstreetmap.org/wiki/Tag:telecom%3Ddata_center","accessed_at":"2026-09-23","note":"osm_id=70521778"}]}},{"type":"Feature","geometry":{"type":"Point","coordinates":[2.3946325,48.9093178]},"properties":{"id":"dc_629","name":"Orange - Aubervilliers","type":"data_center","subtype":"colocation","operator":"Orange","description_it":"Record da OpenStreetMap (tag data_center). Da validare con almeno una seconda fonte.","country":"FR","city":"n/d","status":"unknown","site_category":"infrastructure","opened_year":null,"updated_at":"2026-09-23","confidence":"low","import_source":"osm_overpass","external_id":"osm/way/72995274","sources":[{"title":"OpenStreetMap / Overpass","url":"https://wiki.openstreetmap.org/wiki/Tag:telecom%3Ddata_center","accessed_at":"2026-09-23","note":"osm_id=72995274"}]}},{"type":"Feature","geometry":{"type":"Point","coordinates":[2.3695394,48.9072064]},"properties":{"id":"dc_630","name":"Interxion PAR2 - Bâtiment 501","type":"data_center","subtype":"colocation","operator":"Digital Realty","description_it":"Record da OpenStreetMap (tag data_center). Da validare con almeno una seconda fonte.","country":"FR","city":"Aubervilliers","status":"unknown","site_category":"infrastructure","opened_year":null,"updated_at":"2026-09-23","confidence":"low","import_source":"osm_overpass","external_id":"osm/way/73005728","sources":[{"title":"OpenStreetMap / Overpass","url":"https://wiki.openstreetmap.org/wiki/Tag:telecom%3Ddata_center","accessed_at":"2026-09-23","note":"osm_id=73005728"}]}},{"type":"Feature","geometry":{"type":"Point","coordinates":[2.4220276,48.9003282]},"properties":{"id":"dc_631","name":"Equinix PA4","type":"data_center","subtype":"colocation","operator":"Equinix","description_it":"Record da OpenStreetMap (tag data_center). Da validare con almeno una seconda fonte.","country":"FR","city":"Pantin","status":"unknown","site_category":"infrastructure","opened_year":null,"updated_at":"2026-09-23","confidence":"low","import_source":"osm_overpass","external_id":"osm/way/73120395","sources":[{"title":"OpenStreetMap / Overpass","url":"https://wiki.openstreetmap.org/wiki/Tag:telecom%3Ddata_center","accessed_at":"2026-09-23","note":"osm_id=73120395"}]}},{"type":"Feature","geometry":{"type":"Point","coordinates":[1.1775346,49.2531731]},"properties":{"id":"dc_632","name":"SFR","type":"data_center","subtype":"colocation","operator":"SFR","description_it":"Record da OpenStreetMap (tag data_center). Da validare con almeno una seconda fonte.","country":"FR","city":"n/d","status":"unknown","site_category":"infrastructure","opened_year":null,"updated_at":"2026-09-23","confidence":"low","import_source":"osm_overpass","external_id":"osm/way/73131890","sources":[{"title":"OpenStreetMap / Overpass","url":"https://wiki.openstreetmap.org/wiki/Tag:telecom%3Ddata_center","accessed_at":"2026-09-23","note":"osm_id=73131890"}]}},{"type":"Feature","geometry":{"type":"Point","coordinates":[1.2215421,49.2652221]},"properties":{"id":"dc_633","name":"Datacenter BNP","type":"data_center","subtype":"colocation","operator":"BNP Paribas","description_it":"Record da OpenStreetMap (tag data_center). Da validare con almeno una seconda fonte.","country":"FR","city":"n/d","status":"unknown","site_category":"infrastructure","opened_year":null,"updated_at":"2026-09-23","confidence":"low","import_source":"osm_overpass","external_id":"osm/way/73137489","sources":[{"title":"OpenStreetMap / Overpass","url":"https://wiki.openstreetmap.org/wiki/Tag:telecom%3Ddata_center","accessed_at":"2026-09-23","note":"osm_id=73137489"}]}},{"type":"Feature","geometry":{"type":"Point","coordinates":[2.2953218,48.9001851]},"properties":{"id":"dc_634","name":"Global Switch","type":"data_center","subtype":"colocation","operator":"Global Switch","description_it":"Record da OpenStreetMap (tag data_center). Da validare con almeno una seconda fonte.","country":"FR","city":"n/d","status":"unknown","site_category":"infrastructure","opened_year":null,"updated_at":"2026-09-23","confidence":"low","import_source":"osm_overpass","external_id":"osm/way/74475616","sources":[{"title":"OpenStreetMap / Overpass","url":"https://wiki.openstreetmap.org/wiki/Tag:telecom%3Ddata_center","accessed_at":"2026-09-23","note":"osm_id=74475616"}]}},{"type":"Feature","geometry":{"type":"Point","coordinates":[1.3704818,43.5934221]},"properties":{"id":"dc_635","name":"Oscar","type":"data_center","subtype":"colocation","operator":"Air France","description_it":"Record da OpenStreetMap (tag data_center). Da validare con almeno una seconda fonte.","country":"FR","city":"n/d","status":"unknown","site_category":"infrastructure","opened_year":null,"updated_at":"2026-09-23","confidence":"low","import_source":"osm_overpass","external_id":"osm/way/74704589","sources":[{"title":"OpenStreetMap / Overpass","url":"https://wiki.openstreetmap.org/wiki/Tag:telecom%3Ddata_center","accessed_at":"2026-09-23","note":"osm_id=74704589"}]}},{"type":"Feature","geometry":{"type":"Point","coordinates":[3.8719564,43.5846617]},"properties":{"id":"dc_636","name":"Zayo Montpellier","type":"data_center","subtype":"colocation","operator":"Zayo","description_it":"Record da OpenStreetMap (tag data_center). Da validare con almeno una seconda fonte.","country":"FR","city":"n/d","status":"unknown","site_category":"infrastructure","opened_year":null,"updated_at":"2026-09-23","confidence":"low","import_source":"osm_overpass","external_id":"osm/way/75757106","sources":[{"title":"OpenStreetMap / Overpass","url":"https://wiki.openstreetmap.org/wiki/Tag:telecom%3Ddata_center","accessed_at":"2026-09-23","note":"osm_id=75757106"}]}},{"type":"Feature","geometry":{"type":"Point","coordinates":[3.8626536,43.6009149]},"properties":{"id":"dc_637","name":"Cogent Montpellier","type":"data_center","subtype":"colocation","operator":"Cogent","description_it":"Record da OpenStreetMap (tag data_center). Da validare con almeno una seconda fonte.","country":"FR","city":"n/d","status":"unknown","site_category":"infrastructure","opened_year":null,"updated_at":"2026-09-23","confidence":"low","import_source":"osm_overpass","external_id":"osm/way/75759038","sources":[{"title":"OpenStreetMap / Overpass","url":"https://wiki.openstreetmap.org/wiki/Tag:telecom%3Ddata_center","accessed_at":"2026-09-23","note":"osm_id=75759038"}]}},{"type":"Feature","geometry":{"type":"Point","coordinates":[1.4225543,43.6203283]},"properties":{"id":"dc_638","name":"Cogent Toulouse","type":"data_center","subtype":"colocation","operator":"Cogent","description_it":"Record da OpenStreetMap (tag data_center). Da validare con almeno una seconda fonte.","country":"FR","city":"n/d","status":"unknown","site_category":"infrastructure","opened_year":null,"updated_at":"2026-09-23","confidence":"low","import_source":"osm_overpass","external_id":"osm/way/76296417","sources":[{"title":"OpenStreetMap / Overpass","url":"https://wiki.openstreetmap.org/wiki/Tag:telecom%3Ddata_center","accessed_at":"2026-09-23","note":"osm_id=76296417"}]}},{"type":"Feature","geometry":{"type":"Point","coordinates":[2.2236652,48.9253839]},"properties":{"id":"dc_639","name":"OPCORE DC1","type":"data_center","subtype":"colocation","operator":"OPCORE","description_it":"Record da OpenStreetMap (tag data_center). Da validare con almeno una seconda fonte.","country":"FR","city":"n/d","status":"unknown","site_category":"infrastructure","opened_year":null,"updated_at":"2026-09-23","confidence":"low","import_source":"osm_overpass","external_id":"osm/way/76727775","sources":[{"title":"OpenStreetMap / Overpass","url":"https://wiki.openstreetmap.org/wiki/Tag:telecom%3Ddata_center","accessed_at":"2026-09-23","note":"osm_id=76727775"}]}},{"type":"Feature","geometry":{"type":"Point","coordinates":[2.1971672,48.6747455]},"properties":{"id":"dc_640","name":"Colt Paris 3","type":"data_center","subtype":"colocation","operator":"Colt","description_it":"Record da OpenStreetMap (tag data_center). Da validare con almeno una seconda fonte.","country":"FR","city":"Les Ulis","status":"unknown","site_category":"infrastructure","opened_year":null,"updated_at":"2026-09-23","confidence":"low","import_source":"osm_overpass","external_id":"osm/way/79145624","sources":[{"title":"OpenStreetMap / Overpass","url":"https://wiki.openstreetmap.org/wiki/Tag:telecom%3Ddata_center","accessed_at":"2026-09-23","note":"osm_id=79145624"}]}},{"type":"Feature","geometry":{"type":"Point","coordinates":[2.3072694,48.8351057]},"properties":{"id":"dc_641","name":"Paris St Amand","type":"data_center","subtype":"colocation","operator":"Orange","description_it":"Record da OpenStreetMap (tag data_center). Da validare con almeno una seconda fonte.","country":"FR","city":"n/d","status":"unknown","site_category":"infrastructure","opened_year":null,"updated_at":"2026-09-23","confidence":"low","import_source":"osm_overpass","external_id":"osm/way/80158243","sources":[{"title":"OpenStreetMap / Overpass","url":"https://wiki.openstreetmap.org/wiki/Tag:telecom%3Ddata_center","accessed_at":"2026-09-23","note":"osm_id=80158243"}]}},{"type":"Feature","geometry":{"type":"Point","coordinates":[4.8629132,45.7224074]},"properties":{"id":"dc_642","name":"SFR Netcenter Vénissieux","type":"data_center","subtype":"colocation","operator":"SFR","description_it":"Record da OpenStreetMap (tag data_center). Da validare con almeno una seconda fonte.","country":"FR","city":"n/d","status":"unknown","site_category":"infrastructure","opened_year":null,"updated_at":"2026-09-23","confidence":"low","import_source":"osm_overpass","external_id":"osm/way/80469752","sources":[{"title":"OpenStreetMap / Overpass","url":"https://wiki.openstreetmap.org/wiki/Tag:telecom%3Ddata_center","accessed_at":"2026-09-23","note":"osm_id=80469752"}]}},{"type":"Feature","geometry":{"type":"Point","coordinates":[6.0981561,46.2079423]},"properties":{"id":"dc_643","name":"Equinix GV2","type":"data_center","subtype":"colocation","operator":"Equinix","description_it":"Record da OpenStreetMap (tag data_center). Da validare con almeno una seconda fonte.","country":"FR","city":"Le Lignon","status":"unknown","site_category":"infrastructure","opened_year":null,"updated_at":"2026-09-23","confidence":"low","import_source":"osm_overpass","external_id":"osm/way/81307623","sources":[{"title":"OpenStreetMap / Overpass","url":"https://wiki.openstreetmap.org/wiki/Tag:telecom%3Ddata_center","accessed_at":"2026-09-23","note":"osm_id=81307623"}]}},{"type":"Feature","geometry":{"type":"Point","coordinates":[2.4161651,48.8633885]},"properties":{"id":"dc_644","name":"Orange Eastview","type":"data_center","subtype":"colocation","operator":"Unknown","description_it":"Record da OpenStreetMap (tag data_center). Da validare con almeno una seconda fonte.","country":"FR","city":"Bagnolet","status":"unknown","site_category":"infrastructure","opened_year":null,"updated_at":"2026-09-23","confidence":"low","import_source":"osm_overpass","external_id":"osm/way/81617496","sources":[{"title":"OpenStreetMap / Overpass","url":"https://wiki.openstreetmap.org/wiki/Tag:telecom%3Ddata_center","accessed_at":"2026-09-23","note":"osm_id=81617496"}]}},{"type":"Feature","geometry":{"type":"Point","coordinates":[-1.6135436,48.1098955]},"properties":{"id":"dc_645","name":"SFR Netcenter Rennes","type":"data_center","subtype":"colocation","operator":"SFR","description_it":"Record da OpenStreetMap (tag data_center). Da validare con almeno una seconda fonte.","country":"FR","city":"n/d","status":"unknown","site_category":"infrastructure","opened_year":null,"updated_at":"2026-09-23","confidence":"low","import_source":"osm_overpass","external_id":"osm/way/81784724","sources":[{"title":"OpenStreetMap / Overpass","url":"https://wiki.openstreetmap.org/wiki/Tag:telecom%3Ddata_center","accessed_at":"2026-09-23","note":"osm_id=81784724"}]}},{"type":"Feature","geometry":{"type":"Point","coordinates":[3.8298901,43.6426889]},"properties":{"id":"dc_646","name":"Datacenter IBM - Grabels","type":"data_center","subtype":"colocation","operator":"IBM","description_it":"Record da OpenStreetMap (tag data_center). Da validare con almeno una seconda fonte.","country":"FR","city":"n/d","status":"unknown","site_category":"infrastructure","opened_year":null,"updated_at":"2026-09-23","confidence":"low","import_source":"osm_overpass","external_id":"osm/way/82894448","sources":[{"title":"OpenStreetMap / Overpass","url":"https://wiki.openstreetmap.org/wiki/Tag:telecom%3Ddata_center","accessed_at":"2026-09-23","note":"osm_id=82894448"}]}},{"type":"Feature","geometry":{"type":"Point","coordinates":[-1.4039496,48.1006669]},"properties":{"id":"dc_647","name":"BT Blue","type":"data_center","subtype":"colocation","operator":"Unknown","description_it":"Record da OpenStreetMap (tag data_center). Da validare con almeno una seconda fonte.","country":"FR","city":"n/d","status":"unknown","site_category":"infrastructure","opened_year":null,"updated_at":"2026-09-23","confidence":"low","import_source":"osm_overpass","external_id":"osm/way/82943291","sources":[{"title":"OpenStreetMap / Overpass","url":"https://wiki.openstreetmap.org/wiki/Tag:telecom%3Ddata_center","accessed_at":"2026-09-23","note":"osm_id=82943291"}]}},{"type":"Feature","geometry":{"type":"Point","coordinates":[2.2678891,43.5647858]},"properties":{"id":"dc_648","name":"Albiréo","type":"data_center","subtype":"colocation","operator":"Albiant IT","description_it":"Record da OpenStreetMap (tag data_center). Da validare con almeno una seconda fonte.","country":"FR","city":"n/d","status":"unknown","site_category":"infrastructure","opened_year":null,"updated_at":"2026-09-23","confidence":"low","import_source":"osm_overpass","external_id":"osm/way/83087845","sources":[{"title":"OpenStreetMap / Overpass","url":"https://wiki.openstreetmap.org/wiki/Tag:telecom%3Ddata_center","accessed_at":"2026-09-23","note":"osm_id=83087845"}]}},{"type":"Feature","geometry":{"type":"Point","coordinates":[2.3028633,48.8158501]},"properties":{"id":"dc_649","name":"Datacenter Colt","type":"data_center","subtype":"colocation","operator":"Colt","description_it":"Record da OpenStreetMap (tag data_center). Da validare con almeno una seconda fonte.","country":"FR","city":"n/d","status":"unknown","site_category":"infrastructure","opened_year":null,"updated_at":"2026-09-23","confidence":"low","import_source":"osm_overpass","external_id":"osm/way/83795984","sources":[{"title":"OpenStreetMap / Overpass","url":"https://wiki.openstreetmap.org/wiki/Tag:telecom%3Ddata_center","accessed_at":"2026-09-23","note":"osm_id=83795984"}]}},{"type":"Feature","geometry":{"type":"Point","coordinates":[-1.6676156,47.2381247]},"properties":{"id":"dc_650","name":"ETIX Nantes #3","type":"data_center","subtype":"colocation","operator":"ETIX","description_it":"Record da OpenStreetMap (tag data_center). Da validare con almeno una seconda fonte.","country":"FR","city":"n/d","status":"unknown","site_category":"infrastructure","opened_year":null,"updated_at":"2026-09-23","confidence":"low","import_source":"osm_overpass","external_id":"osm/way/84917665","sources":[{"title":"OpenStreetMap / Overpass","url":"https://wiki.openstreetmap.org/wiki/Tag:telecom%3Ddata_center","accessed_at":"2026-09-23","note":"osm_id=84917665"}]}},{"type":"Feature","geometry":{"type":"Point","coordinates":[5.3243727,43.4605968]},"properties":{"id":"dc_651","name":"TDF ProxiCenter Aix Marseille","type":"data_center","subtype":"colocation","operator":"TDF","description_it":"Record da OpenStreetMap (tag data_center). Da validare con almeno una seconda fonte.","country":"FR","city":"Aix-en-Provence","status":"unknown","site_category":"infrastructure","opened_year":null,"updated_at":"2026-09-23","confidence":"low","import_source":"osm_overpass","external_id":"osm/way/88765054","sources":[{"title":"OpenStreetMap / Overpass","url":"https://wiki.openstreetmap.org/wiki/Tag:telecom%3Ddata_center","accessed_at":"2026-09-23","note":"osm_id=88765054"}]}},{"type":"Feature","geometry":{"type":"Point","coordinates":[-0.1642598,51.1989076]},"properties":{"id":"dc_652","name":"Restore Records Management","type":"data_center","subtype":"colocation","operator":"Unknown","description_it":"Record da OpenStreetMap (tag data_center). Da validare con almeno una seconda fonte.","country":"GB","city":"n/d","status":"unknown","site_category":"infrastructure","opened_year":null,"updated_at":"2026-09-23","confidence":"low","import_source":"osm_overpass","external_id":"osm/way/90550466","sources":[{"title":"OpenStreetMap / Overpass","url":"https://wiki.openstreetmap.org/wiki/Tag:telecom%3Ddata_center","accessed_at":"2026-09-23","note":"osm_id=90550466"}]}},{"type":"Feature","geometry":{"type":"Point","coordinates":[3.1377595,45.836133]},"properties":{"id":"dc_653","name":"Datacenter IBM","type":"data_center","subtype":"colocation","operator":"IBM","description_it":"Record da OpenStreetMap (tag data_center). Da validare con almeno una seconda fonte.","country":"FR","city":"n/d","status":"unknown","site_category":"infrastructure","opened_year":null,"updated_at":"2026-09-23","confidence":"low","import_source":"osm_overpass","external_id":"osm/way/91286607","sources":[{"title":"OpenStreetMap / Overpass","url":"https://wiki.openstreetmap.org/wiki/Tag:telecom%3Ddata_center","accessed_at":"2026-09-23","note":"osm_id=91286607"}]}},{"type":"Feature","geometry":{"type":"Point","coordinates":[-0.975228,51.4206794]},"properties":{"id":"dc_654","name":"Redcentric Reading","type":"data_center","subtype":"colocation","operator":"Redcentric","description_it":"Record da OpenStreetMap (tag data_center). Da validare con almeno una seconda fonte.","country":"GB","city":"Reading","status":"unknown","site_category":"infrastructure","opened_year":null,"updated_at":"2026-09-23","confidence":"low","import_source":"osm_overpass","external_id":"osm/way/93845197","sources":[{"title":"OpenStreetMap / Overpass","url":"https://wiki.openstreetmap.org/wiki/Tag:telecom%3Ddata_center","accessed_at":"2026-09-23","note":"osm_id=93845197"}]}},{"type":"Feature","geometry":{"type":"Point","coordinates":[-0.9787351,51.4274231]},"properties":{"id":"dc_655","name":"Pulsant Reading SL3","type":"data_center","subtype":"colocation","operator":"Unknown","description_it":"Record da OpenStreetMap (tag data_center). Da validare con almeno una seconda fonte.","country":"GB","city":"Reading","status":"unknown","site_category":"infrastructure","opened_year":null,"updated_at":"2026-09-23","confidence":"low","import_source":"osm_overpass","external_id":"osm/way/93984382","sources":[{"title":"OpenStreetMap / Overpass","url":"https://wiki.openstreetmap.org/wiki/Tag:telecom%3Ddata_center","accessed_at":"2026-09-23","note":"osm_id=93984382"}]}},{"type":"Feature","geometry":{"type":"Point","coordinates":[-0.772372,51.4164884]},"properties":{"id":"dc_656","name":"Keppel Data Centres (Vodafone) - London","type":"data_center","subtype":"colocation","operator":"Vodafone","description_it":"Record da OpenStreetMap (tag data_center). Da validare con almeno una seconda fonte.","country":"GB","city":"Bracknell","status":"unknown","site_category":"infrastructure","opened_year":null,"updated_at":"2026-09-23","confidence":"low","import_source":"osm_overpass","external_id":"osm/way/94396838","sources":[{"title":"OpenStreetMap / Overpass","url":"https://wiki.openstreetmap.org/wiki/Tag:telecom%3Ddata_center","accessed_at":"2026-09-23","note":"osm_id=94396838"}]}},{"type":"Feature","geometry":{"type":"Point","coordinates":[-0.9758992,51.4448808]},"properties":{"id":"dc_657","name":"Pulsant","type":"data_center","subtype":"colocation","operator":"Unknown","description_it":"Record da OpenStreetMap (tag data_center). Da validare con almeno una seconda fonte.","country":"GB","city":"Reading","status":"unknown","site_category":"infrastructure","opened_year":null,"updated_at":"2026-09-23","confidence":"low","import_source":"osm_overpass","external_id":"osm/way/96173979","sources":[{"title":"OpenStreetMap / Overpass","url":"https://wiki.openstreetmap.org/wiki/Tag:telecom%3Ddata_center","accessed_at":"2026-09-23","note":"osm_id=96173979"}]}},{"type":"Feature","geometry":{"type":"Point","coordinates":[5.3678465,43.3427925]},"properties":{"id":"dc_658","name":"Interoute Marseille","type":"data_center","subtype":"colocation","operator":"Interoute","description_it":"Record da OpenStreetMap (tag data_center). Da validare con almeno una seconda fonte.","country":"FR","city":"n/d","status":"unknown","site_category":"infrastructure","opened_year":null,"updated_at":"2026-09-23","confidence":"low","import_source":"osm_overpass","external_id":"osm/way/97768560","sources":[{"title":"OpenStreetMap / Overpass","url":"https://wiki.openstreetmap.org/wiki/Tag:telecom%3Ddata_center","accessed_at":"2026-09-23","note":"osm_id=97768560"}]}},{"type":"Feature","geometry":{"type":"Point","coordinates":[2.066814,49.054156]},"properties":{"id":"dc_659","name":"Datacenter des Douanes","type":"data_center","subtype":"colocation","operator":"Direction des douanes","description_it":"Record da OpenStreetMap (tag data_center). Da validare con almeno una seconda fonte.","country":"FR","city":"n/d","status":"unknown","site_category":"infrastructure","opened_year":null,"updated_at":"2026-09-23","confidence":"low","import_source":"osm_overpass","external_id":"osm/way/101166171","sources":[{"title":"OpenStreetMap / Overpass","url":"https://wiki.openstreetmap.org/wiki/Tag:telecom%3Ddata_center","accessed_at":"2026-09-23","note":"osm_id=101166171"}]}},{"type":"Feature","geometry":{"type":"Point","coordinates":[2.137898,49.0537655]},"properties":{"id":"dc_660","name":"OPCORE DC5","type":"data_center","subtype":"colocation","operator":"OPCORE","description_it":"Record da OpenStreetMap (tag data_center). Da validare con almeno una seconda fonte.","country":"FR","city":"n/d","status":"unknown","site_category":"infrastructure","opened_year":null,"updated_at":"2026-09-23","confidence":"low","import_source":"osm_overpass","external_id":"osm/way/102449117","sources":[{"title":"OpenStreetMap / Overpass","url":"https://wiki.openstreetmap.org/wiki/Tag:telecom%3Ddata_center","accessed_at":"2026-09-23","note":"osm_id=102449117"}]}},{"type":"Feature","geometry":{"type":"Point","coordinates":[3.9092784,43.6262667]},"properties":{"id":"dc_661","name":"Datacenter France Travail","type":"data_center","subtype":"colocation","operator":"France Travail","description_it":"Record da OpenStreetMap (tag data_center). Da validare con almeno una seconda fonte.","country":"FR","city":"n/d","status":"unknown","site_category":"infrastructure","opened_year":null,"updated_at":"2026-09-23","confidence":"low","import_source":"osm_overpass","external_id":"osm/way/103670545","sources":[{"title":"OpenStreetMap / Overpass","url":"https://wiki.openstreetmap.org/wiki/Tag:telecom%3Ddata_center","accessed_at":"2026-09-23","note":"osm_id=103670545"}]}},{"type":"Feature","geometry":{"type":"Point","coordinates":[6.3965855,45.2552785]},"properties":{"id":"dc_662","name":"Salle Serveurs CCCM","type":"data_center","subtype":"colocation","operator":"Unknown","description_it":"Record da OpenStreetMap (tag data_center). Da validare con almeno una seconda fonte.","country":"FR","city":"n/d","status":"unknown","site_category":"infrastructure","opened_year":null,"updated_at":"2026-09-23","confidence":"low","import_source":"osm_overpass","external_id":"osm/way/104544854","sources":[{"title":"OpenStreetMap / Overpass","url":"https://wiki.openstreetmap.org/wiki/Tag:telecom%3Ddata_center","accessed_at":"2026-09-23","note":"osm_id=104544854"}]}},{"type":"Feature","geometry":{"type":"Point","coordinates":[2.6929285,48.8325795]},"properties":{"id":"dc_663","name":"Datacenter IBM","type":"data_center","subtype":"colocation","operator":"IBM","description_it":"Record da OpenStreetMap (tag data_center). Da validare con almeno una seconda fonte.","country":"FR","city":"n/d","status":"unknown","site_category":"infrastructure","opened_year":null,"updated_at":"2026-09-23","confidence":"low","import_source":"osm_overpass","external_id":"osm/way/113167016","sources":[{"title":"OpenStreetMap / Overpass","url":"https://wiki.openstreetmap.org/wiki/Tag:telecom%3Ddata_center","accessed_at":"2026-09-23","note":"osm_id=113167016"}]}},{"type":"Feature","geometry":{"type":"Point","coordinates":[2.729466,48.8302765]},"properties":{"id":"dc_664","name":"BNP Paribas Centre de Traitement Informatique (CTI) Marne Nord","type":"data_center","subtype":"colocation","operator":"BNP Paribas","description_it":"Record da OpenStreetMap (tag data_center). Da validare con almeno una seconda fonte.","country":"FR","city":"n/d","status":"unknown","site_category":"infrastructure","opened_year":null,"updated_at":"2026-09-23","confidence":"low","import_source":"osm_overpass","external_id":"osm/way/113172925","sources":[{"title":"OpenStreetMap / Overpass","url":"https://wiki.openstreetmap.org/wiki/Tag:telecom%3Ddata_center","accessed_at":"2026-09-23","note":"osm_id=113172925"}]}},{"type":"Feature","geometry":{"type":"Point","coordinates":[2.553373,48.621372]},"properties":{"id":"dc_665","name":"Datacenter Sirius","type":"data_center","subtype":"colocation","operator":"Natixis","description_it":"Record da OpenStreetMap (tag data_center). Da validare con almeno una seconda fonte.","country":"FR","city":"n/d","status":"unknown","site_category":"infrastructure","opened_year":null,"updated_at":"2026-09-23","confidence":"low","import_source":"osm_overpass","external_id":"osm/way/113457880","sources":[{"title":"OpenStreetMap / Overpass","url":"https://wiki.openstreetmap.org/wiki/Tag:telecom%3Ddata_center","accessed_at":"2026-09-23","note":"osm_id=113457880"}]}},{"type":"Feature","geometry":{"type":"Point","coordinates":[-0.0188761,51.494542]},"properties":{"id":"dc_666","name":"Telstra London Hosting Centre","type":"data_center","subtype":"colocation","operator":"Telstra International","description_it":"Record da OpenStreetMap (tag data_center). Da validare con almeno una seconda fonte.","country":"GB","city":"London","status":"unknown","site_category":"infrastructure","opened_year":null,"updated_at":"2026-09-23","confidence":"low","import_source":"osm_overpass","external_id":"osm/way/115238481","sources":[{"title":"OpenStreetMap / Overpass","url":"https://wiki.openstreetmap.org/wiki/Tag:telecom%3Ddata_center","accessed_at":"2026-09-23","note":"osm_id=115238481"}]}},{"type":"Feature","geometry":{"type":"Point","coordinates":[2.6424855,48.817211]},"properties":{"id":"dc_667","name":"BNP Paribas Marne Sud","type":"data_center","subtype":"colocation","operator":"BNP Paribas","description_it":"Record da OpenStreetMap (tag data_center). Da validare con almeno una seconda fonte.","country":"FR","city":"n/d","status":"unknown","site_category":"infrastructure","opened_year":null,"updated_at":"2026-09-23","confidence":"low","import_source":"osm_overpass","external_id":"osm/way/115416148","sources":[{"title":"OpenStreetMap / Overpass","url":"https://wiki.openstreetmap.org/wiki/Tag:telecom%3Ddata_center","accessed_at":"2026-09-23","note":"osm_id=115416148"}]}},{"type":"Feature","geometry":{"type":"Point","coordinates":[2.5873345,48.829258]},"properties":{"id":"dc_668","name":"Datacenter Oxya","type":"data_center","subtype":"colocation","operator":"Oxya","description_it":"Record da OpenStreetMap (tag data_center). Da validare con almeno una seconda fonte.","country":"FR","city":"n/d","status":"unknown","site_category":"infrastructure","opened_year":null,"updated_at":"2026-09-23","confidence":"low","import_source":"osm_overpass","external_id":"osm/way/115424116","sources":[{"title":"OpenStreetMap / Overpass","url":"https://wiki.openstreetmap.org/wiki/Tag:telecom%3Ddata_center","accessed_at":"2026-09-23","note":"osm_id=115424116"}]}},{"type":"Feature","geometry":{"type":"Point","coordinates":[2.630633,48.8392075]},"properties":{"id":"dc_669","name":"Euclyde DC6","type":"data_center","subtype":"colocation","operator":"Euclyde","description_it":"Record da OpenStreetMap (tag data_center). Da validare con almeno una seconda fonte.","country":"FR","city":"n/d","status":"unknown","site_category":"infrastructure","opened_year":null,"updated_at":"2026-09-23","confidence":"low","import_source":"osm_overpass","external_id":"osm/way/116116518","sources":[{"title":"OpenStreetMap / Overpass","url":"https://wiki.openstreetmap.org/wiki/Tag:telecom%3Ddata_center","accessed_at":"2026-09-23","note":"osm_id=116116518"}]}},{"type":"Feature","geometry":{"type":"Point","coordinates":[2.6245735,48.841393]},"properties":{"id":"dc_670","name":"Datacenter Banque de France","type":"data_center","subtype":"colocation","operator":"Banque de France","description_it":"Record da OpenStreetMap (tag data_center). Da validare con almeno una seconda fonte.","country":"FR","city":"n/d","status":"unknown","site_category":"infrastructure","opened_year":null,"updated_at":"2026-09-23","confidence":"low","import_source":"osm_overpass","external_id":"osm/way/116137046","sources":[{"title":"OpenStreetMap / Overpass","url":"https://wiki.openstreetmap.org/wiki/Tag:telecom%3Ddata_center","accessed_at":"2026-09-23","note":"osm_id=116137046"}]}},{"type":"Feature","geometry":{"type":"Point","coordinates":[2.7878793,48.8390613]},"properties":{"id":"dc_671","name":"Datacenter Banque de France","type":"data_center","subtype":"colocation","operator":"Banque de France","description_it":"Record da OpenStreetMap (tag data_center). Da validare con almeno una seconda fonte.","country":"FR","city":"n/d","status":"unknown","site_category":"infrastructure","opened_year":null,"updated_at":"2026-09-23","confidence":"low","import_source":"osm_overpass","external_id":"osm/way/116195927","sources":[{"title":"OpenStreetMap / Overpass","url":"https://wiki.openstreetmap.org/wiki/Tag:telecom%3Ddata_center","accessed_at":"2026-09-23","note":"osm_id=116195927"}]}},{"type":"Feature","geometry":{"type":"Point","coordinates":[2.0570935,48.7654803]},"properties":{"id":"dc_672","name":"Datacenter","type":"data_center","subtype":"colocation","operator":"SOCIETE TECHNOLOGIE EXPLOITATION INFORMATIQUE","description_it":"Record da OpenStreetMap (tag data_center). Da validare con almeno una seconda fonte.","country":"FR","city":"n/d","status":"unknown","site_category":"infrastructure","opened_year":null,"updated_at":"2026-09-23","confidence":"low","import_source":"osm_overpass","external_id":"osm/way/117845346","sources":[{"title":"OpenStreetMap / Overpass","url":"https://wiki.openstreetmap.org/wiki/Tag:telecom%3Ddata_center","accessed_at":"2026-09-23","note":"osm_id=117845346"}]}},{"type":"Feature","geometry":{"type":"Point","coordinates":[1.5091944,45.1576043]},"properties":{"id":"dc_673","name":"Datacenter ArteOne","type":"data_center","subtype":"colocation","operator":"Artefact","description_it":"Record da OpenStreetMap (tag data_center). Da validare con almeno una seconda fonte.","country":"FR","city":"n/d","status":"unknown","site_category":"infrastructure","opened_year":null,"updated_at":"2026-09-23","confidence":"low","import_source":"osm_overpass","external_id":"osm/way/124592519","sources":[{"title":"OpenStreetMap / Overpass","url":"https://wiki.openstreetmap.org/wiki/Tag:telecom%3Ddata_center","accessed_at":"2026-09-23","note":"osm_id=124592519"}]}},{"type":"Feature","geometry":{"type":"Point","coordinates":[5.03047,47.3088275]},"properties":{"id":"dc_674","name":"Cogent Dijon","type":"data_center","subtype":"colocation","operator":"Cogent","description_it":"Record da OpenStreetMap (tag data_center). Da validare con almeno una seconda fonte.","country":"FR","city":"n/d","status":"unknown","site_category":"infrastructure","opened_year":null,"updated_at":"2026-09-23","confidence":"low","import_source":"osm_overpass","external_id":"osm/way/126029978","sources":[{"title":"OpenStreetMap / Overpass","url":"https://wiki.openstreetmap.org/wiki/Tag:telecom%3Ddata_center","accessed_at":"2026-09-23","note":"osm_id=126029978"}]}},{"type":"Feature","geometry":{"type":"Point","coordinates":[-0.350469,51.0215574]},"properties":{"id":"dc_675","name":"IBM Horsham","type":"data_center","subtype":"colocation","operator":"IBM","description_it":"Record da OpenStreetMap (tag data_center). Da validare con almeno una seconda fonte.","country":"GB","city":"n/d","status":"unknown","site_category":"infrastructure","opened_year":null,"updated_at":"2026-09-23","confidence":"low","import_source":"osm_overpass","external_id":"osm/way/128487593","sources":[{"title":"OpenStreetMap / Overpass","url":"https://wiki.openstreetmap.org/wiki/Tag:telecom%3Ddata_center","accessed_at":"2026-09-23","note":"osm_id=128487593"}]}},{"type":"Feature","geometry":{"type":"Point","coordinates":[2.3568525,47.05988]},"properties":{"id":"dc_676","name":"Datacenter Groupama","type":"data_center","subtype":"colocation","operator":"Groupama","description_it":"Record da OpenStreetMap (tag data_center). Da validare con almeno una seconda fonte.","country":"FR","city":"n/d","status":"unknown","site_category":"infrastructure","opened_year":null,"updated_at":"2026-09-23","confidence":"low","import_source":"osm_overpass","external_id":"osm/way/130810461","sources":[{"title":"OpenStreetMap / Overpass","url":"https://wiki.openstreetmap.org/wiki/Tag:telecom%3Ddata_center","accessed_at":"2026-09-23","note":"osm_id=130810461"}]}},{"type":"Feature","geometry":{"type":"Point","coordinates":[2.043594,48.973248]},"properties":{"id":"dc_677","name":"Datacenter Bouygues Télécom","type":"data_center","subtype":"colocation","operator":"Bouygues Telecom","description_it":"Record da OpenStreetMap (tag data_center). Da validare con almeno una seconda fonte.","country":"FR","city":"n/d","status":"unknown","site_category":"infrastructure","opened_year":null,"updated_at":"2026-09-23","confidence":"low","import_source":"osm_overpass","external_id":"osm/way/132582436","sources":[{"title":"OpenStreetMap / Overpass","url":"https://wiki.openstreetmap.org/wiki/Tag:telecom%3Ddata_center","accessed_at":"2026-09-23","note":"osm_id=132582436"}]}},{"type":"Feature","geometry":{"type":"Point","coordinates":[-2.9631583,51.2275256]},"properties":{"id":"dc_678","name":"Tata Communications Highbridge Datacentre","type":"data_center","subtype":"colocation","operator":"Tata Communications","description_it":"Record da OpenStreetMap (tag data_center). Da validare con almeno una seconda fonte.","country":"GB","city":"n/d","status":"unknown","site_category":"infrastructure","opened_year":null,"updated_at":"2026-09-23","confidence":"low","import_source":"osm_overpass","external_id":"osm/way/134915217","sources":[{"title":"OpenStreetMap / Overpass","url":"https://wiki.openstreetmap.org/wiki/Tag:telecom%3Ddata_center","accessed_at":"2026-09-23","note":"osm_id=134915217"}]}},{"type":"Feature","geometry":{"type":"Point","coordinates":[2.2747056,43.5541013]},"properties":{"id":"dc_679","name":"Albiréo","type":"data_center","subtype":"colocation","operator":"Albiant IT","description_it":"Record da OpenStreetMap (tag data_center). Da validare con almeno una seconda fonte.","country":"FR","city":"n/d","status":"unknown","site_category":"infrastructure","opened_year":null,"updated_at":"2026-09-23","confidence":"low","import_source":"osm_overpass","external_id":"osm/way/135461168","sources":[{"title":"OpenStreetMap / Overpass","url":"https://wiki.openstreetmap.org/wiki/Tag:telecom%3Ddata_center","accessed_at":"2026-09-23","note":"osm_id=135461168"}]}},{"type":"Feature","geometry":{"type":"Point","coordinates":[1.4382055,48.4509195]},"properties":{"id":"dc_680","name":"Greenfield","type":"data_center","subtype":"colocation","operator":"Crédit Agricole","description_it":"Record da OpenStreetMap (tag data_center). Da validare con almeno una seconda fonte.","country":"FR","city":"n/d","status":"unknown","site_category":"infrastructure","opened_year":null,"updated_at":"2026-09-23","confidence":"low","import_source":"osm_overpass","external_id":"osm/way/137139149","sources":[{"title":"OpenStreetMap / Overpass","url":"https://wiki.openstreetmap.org/wiki/Tag:telecom%3Ddata_center","accessed_at":"2026-09-23","note":"osm_id=137139149"}]}},{"type":"Feature","geometry":{"type":"Point","coordinates":[0.3505715,49.5184151]},"properties":{"id":"dc_681","name":"Webaxys","type":"data_center","subtype":"colocation","operator":"Unknown","description_it":"Record da OpenStreetMap (tag data_center). Da validare con almeno una seconda fonte.","country":"FR","city":"n/d","status":"unknown","site_category":"infrastructure","opened_year":null,"updated_at":"2026-09-23","confidence":"low","import_source":"osm_overpass","external_id":"osm/way/137239340","sources":[{"title":"OpenStreetMap / Overpass","url":"https://wiki.openstreetmap.org/wiki/Tag:telecom%3Ddata_center","accessed_at":"2026-09-23","note":"osm_id=137239340"}]}},{"type":"Feature","geometry":{"type":"Point","coordinates":[2.218598,48.7865768]},"properties":{"id":"dc_682","name":"Datacenter Orange","type":"data_center","subtype":"colocation","operator":"Orange","description_it":"Record da OpenStreetMap (tag data_center). Da validare con almeno una seconda fonte.","country":"FR","city":"n/d","status":"unknown","site_category":"infrastructure","opened_year":null,"updated_at":"2026-09-23","confidence":"low","import_source":"osm_overpass","external_id":"osm/way/138943505","sources":[{"title":"OpenStreetMap / Overpass","url":"https://wiki.openstreetmap.org/wiki/Tag:telecom%3Ddata_center","accessed_at":"2026-09-23","note":"osm_id=138943505"}]}},{"type":"Feature","geometry":{"type":"Point","coordinates":[2.4118185,48.7947505]},"properties":{"id":"dc_683","name":"OPCORE DC2","type":"data_center","subtype":"colocation","operator":"OPCORE","description_it":"Record da OpenStreetMap (tag data_center). Da validare con almeno una seconda fonte.","country":"FR","city":"Vitry-sur-Seine","status":"unknown","site_category":"infrastructure","opened_year":null,"updated_at":"2026-09-23","confidence":"low","import_source":"osm_overpass","external_id":"osm/way/139560714","sources":[{"title":"OpenStreetMap / Overpass","url":"https://wiki.openstreetmap.org/wiki/Tag:telecom%3Ddata_center","accessed_at":"2026-09-23","note":"osm_id=139560714"}]}},{"type":"Feature","geometry":{"type":"Point","coordinates":[2.3792687,48.77477]},"properties":{"id":"dc_684","name":"OPCORE DC3","type":"data_center","subtype":"colocation","operator":"OPCORE","description_it":"Record da OpenStreetMap (tag data_center). Da validare con almeno una seconda fonte.","country":"FR","city":"n/d","status":"unknown","site_category":"infrastructure","opened_year":null,"updated_at":"2026-09-23","confidence":"low","import_source":"osm_overpass","external_id":"osm/way/139560858","sources":[{"title":"OpenStreetMap / Overpass","url":"https://wiki.openstreetmap.org/wiki/Tag:telecom%3Ddata_center","accessed_at":"2026-09-23","note":"osm_id=139560858"}]}},{"type":"Feature","geometry":{"type":"Point","coordinates":[-0.5374275,44.7809805]},"properties":{"id":"dc_685","name":"Interoute Bordeaux","type":"data_center","subtype":"colocation","operator":"Interoute","description_it":"Record da OpenStreetMap (tag data_center). Da validare con almeno una seconda fonte.","country":"FR","city":"n/d","status":"unknown","site_category":"infrastructure","opened_year":null,"updated_at":"2026-09-23","confidence":"low","import_source":"osm_overpass","external_id":"osm/way/139706219","sources":[{"title":"OpenStreetMap / Overpass","url":"https://wiki.openstreetmap.org/wiki/Tag:telecom%3Ddata_center","accessed_at":"2026-09-23","note":"osm_id=139706219"}]}},{"type":"Feature","geometry":{"type":"Point","coordinates":[2.519291,48.9823674]},"properties":{"id":"dc_686","name":"Lumen","type":"data_center","subtype":"colocation","operator":"Lumen Technologies","description_it":"Record da OpenStreetMap (tag data_center). Da validare con almeno una seconda fonte.","country":"FR","city":"n/d","status":"unknown","site_category":"infrastructure","opened_year":null,"updated_at":"2026-09-23","confidence":"low","import_source":"osm_overpass","external_id":"osm/way/140910921","sources":[{"title":"OpenStreetMap / Overpass","url":"https://wiki.openstreetmap.org/wiki/Tag:telecom%3Ddata_center","accessed_at":"2026-09-23","note":"osm_id=140910921"}]}},{"type":"Feature","geometry":{"type":"Point","coordinates":[2.2083235,48.6642946]},"properties":{"id":"dc_687","name":"DATA4 Paris Marcoussis PAR2","type":"data_center","subtype":"colocation","operator":"Data4","description_it":"Record da OpenStreetMap (tag data_center). Da validare con almeno una seconda fonte.","country":"FR","city":"n/d","status":"unknown","site_category":"infrastructure","opened_year":null,"updated_at":"2026-09-23","confidence":"low","import_source":"osm_overpass","external_id":"osm/way/146090469","sources":[{"title":"OpenStreetMap / Overpass","url":"https://wiki.openstreetmap.org/wiki/Tag:telecom%3Ddata_center","accessed_at":"2026-09-23","note":"osm_id=146090469"}]}},{"type":"Feature","geometry":{"type":"Point","coordinates":[-0.556539,44.888874]},"properties":{"id":"dc_688","name":"SFR Netcenter Bordeaux","type":"data_center","subtype":"colocation","operator":"SFR","description_it":"Record da OpenStreetMap (tag data_center). Da validare con almeno una seconda fonte.","country":"FR","city":"Bordeaux","status":"unknown","site_category":"infrastructure","opened_year":null,"updated_at":"2026-09-23","confidence":"low","import_source":"osm_overpass","external_id":"osm/way/154149196","sources":[{"title":"OpenStreetMap / Overpass","url":"https://wiki.openstreetmap.org/wiki/Tag:telecom%3Ddata_center","accessed_at":"2026-09-23","note":"osm_id=154149196"}]}},{"type":"Feature","geometry":{"type":"Point","coordinates":[-0.4542685,51.4466633]},"properties":{"id":"dc_689","name":"Serverfarm LON1 – London Data Center","type":"data_center","subtype":"colocation","operator":"Serverfarm","description_it":"Record da OpenStreetMap (tag data_center). Da validare con almeno una seconda fonte.","country":"GB","city":"n/d","status":"unknown","site_category":"infrastructure","opened_year":null,"updated_at":"2026-09-23","confidence":"low","import_source":"osm_overpass","external_id":"osm/way/154430569","sources":[{"title":"OpenStreetMap / Overpass","url":"https://wiki.openstreetmap.org/wiki/Tag:telecom%3Ddata_center","accessed_at":"2026-09-23","note":"osm_id=154430569"}]}},{"type":"Feature","geometry":{"type":"Point","coordinates":[5.3471225,43.338645]},"properties":{"id":"dc_690","name":"Digital Realty MRS2","type":"data_center","subtype":"colocation","operator":"Digital Realty","description_it":"Record da OpenStreetMap (tag data_center). Da validare con almeno una seconda fonte.","country":"FR","city":"Marseille","status":"unknown","site_category":"infrastructure","opened_year":null,"updated_at":"2026-09-23","confidence":"low","import_source":"osm_overpass","external_id":"osm/way/159862898","sources":[{"title":"OpenStreetMap / Overpass","url":"https://wiki.openstreetmap.org/wiki/Tag:telecom%3Ddata_center","accessed_at":"2026-09-23","note":"osm_id=159862898"}]}},{"type":"Feature","geometry":{"type":"Point","coordinates":[-0.1195452,51.3535862]},"properties":{"id":"dc_691","name":"Pulsant South London","type":"data_center","subtype":"colocation","operator":"Pulsant","description_it":"Record da OpenStreetMap (tag data_center). Da validare con almeno una seconda fonte.","country":"GB","city":"n/d","status":"unknown","site_category":"infrastructure","opened_year":null,"updated_at":"2026-09-23","confidence":"low","import_source":"osm_overpass","external_id":"osm/way/180779572","sources":[{"title":"OpenStreetMap / Overpass","url":"https://wiki.openstreetmap.org/wiki/Tag:telecom%3Ddata_center","accessed_at":"2026-09-23","note":"osm_id=180779572"}]}},{"type":"Feature","geometry":{"type":"Point","coordinates":[-0.4099656,51.4595405]},"properties":{"id":"dc_692","name":"Verizon UK4","type":"data_center","subtype":"colocation","operator":"Verizon","description_it":"Record da OpenStreetMap (tag data_center). Da validare con almeno una seconda fonte.","country":"GB","city":"n/d","status":"unknown","site_category":"infrastructure","opened_year":null,"updated_at":"2026-09-23","confidence":"low","import_source":"osm_overpass","external_id":"osm/way/187251460","sources":[{"title":"OpenStreetMap / Overpass","url":"https://wiki.openstreetmap.org/wiki/Tag:telecom%3Ddata_center","accessed_at":"2026-09-23","note":"osm_id=187251460"}]}},{"type":"Feature","geometry":{"type":"Point","coordinates":[-0.4831024,51.4856166]},"properties":{"id":"dc_693","name":"British Telecom Computer Centre","type":"data_center","subtype":"colocation","operator":"BT","description_it":"Record da OpenStreetMap (tag data_center). Da validare con almeno una seconda fonte.","country":"GB","city":"n/d","status":"unknown","site_category":"infrastructure","opened_year":null,"updated_at":"2026-09-23","confidence":"low","import_source":"osm_overpass","external_id":"osm/way/190449012","sources":[{"title":"OpenStreetMap / Overpass","url":"https://wiki.openstreetmap.org/wiki/Tag:telecom%3Ddata_center","accessed_at":"2026-09-23","note":"osm_id=190449012"}]}},{"type":"Feature","geometry":{"type":"Point","coordinates":[-0.1261156,51.4817516]},"properties":{"id":"dc_694","name":"WRN Broadcast","type":"data_center","subtype":"colocation","operator":"Unknown","description_it":"Record da OpenStreetMap (tag data_center). Da validare con almeno una seconda fonte.","country":"GB","city":"n/d","status":"unknown","site_category":"infrastructure","opened_year":null,"updated_at":"2026-09-23","confidence":"low","import_source":"osm_overpass","external_id":"osm/way/190845697","sources":[{"title":"OpenStreetMap / Overpass","url":"https://wiki.openstreetmap.org/wiki/Tag:telecom%3Ddata_center","accessed_at":"2026-09-23","note":"osm_id=190845697"}]}},{"type":"Feature","geometry":{"type":"Point","coordinates":[-0.4232704,51.4713244]},"properties":{"id":"dc_695","name":"BA Boadicea House Data Centre","type":"data_center","subtype":"colocation","operator":"British Airways","description_it":"Record da OpenStreetMap (tag data_center). Da validare con almeno una seconda fonte.","country":"GB","city":"n/d","status":"unknown","site_category":"infrastructure","opened_year":null,"updated_at":"2026-09-23","confidence":"low","import_source":"osm_overpass","external_id":"osm/way/194508831","sources":[{"title":"OpenStreetMap / Overpass","url":"https://wiki.openstreetmap.org/wiki/Tag:telecom%3Ddata_center","accessed_at":"2026-09-23","note":"osm_id=194508831"}]}},{"type":"Feature","geometry":{"type":"Point","coordinates":[-0.7585502,51.4166537]},"properties":{"id":"dc_696","name":"Centrilogic","type":"data_center","subtype":"colocation","operator":"Centrilogic","description_it":"Record da OpenStreetMap (tag data_center). Da validare con almeno una seconda fonte.","country":"GB","city":"Bracknell","status":"unknown","site_category":"infrastructure","opened_year":null,"updated_at":"2026-09-23","confidence":"low","import_source":"osm_overpass","external_id":"osm/way/210931289","sources":[{"title":"OpenStreetMap / Overpass","url":"https://wiki.openstreetmap.org/wiki/Tag:telecom%3Ddata_center","accessed_at":"2026-09-23","note":"osm_id=210931289"}]}},{"type":"Feature","geometry":{"type":"Point","coordinates":[-3.753226,43.3928381]},"properties":{"id":"dc_697","name":"Centro de Procesamiento de Datos Norte","type":"data_center","subtype":"colocation","operator":"Banco Santander","description_it":"Record da OpenStreetMap (tag data_center). Da validare con almeno una seconda fonte.","country":"FR","city":"n/d","status":"unknown","site_category":"infrastructure","opened_year":null,"updated_at":"2026-09-23","confidence":"low","import_source":"osm_overpass","external_id":"osm/way/224559768","sources":[{"title":"OpenStreetMap / Overpass","url":"https://wiki.openstreetmap.org/wiki/Tag:telecom%3Ddata_center","accessed_at":"2026-09-23","note":"osm_id=224559768"}]}},{"type":"Feature","geometry":{"type":"Point","coordinates":[1.3982271,49.0120001]},"properties":{"id":"dc_698","name":"Datacenter EDF","type":"data_center","subtype":"colocation","operator":"EDF","description_it":"Record da OpenStreetMap (tag data_center). Da validare con almeno una seconda fonte.","country":"FR","city":"n/d","status":"unknown","site_category":"infrastructure","opened_year":null,"updated_at":"2026-09-23","confidence":"low","import_source":"osm_overpass","external_id":"osm/way/226250681","sources":[{"title":"OpenStreetMap / Overpass","url":"https://wiki.openstreetmap.org/wiki/Tag:telecom%3Ddata_center","accessed_at":"2026-09-23","note":"osm_id=226250681"}]}},{"type":"Feature","geometry":{"type":"Point","coordinates":[-1.555468,47.0892092]},"properties":{"id":"dc_699","name":"Proginov","type":"data_center","subtype":"colocation","operator":"Unknown","description_it":"Record da OpenStreetMap (tag data_center). Da validare con almeno una seconda fonte.","country":"FR","city":"La Chevrolière","status":"unknown","site_category":"infrastructure","opened_year":null,"updated_at":"2026-09-23","confidence":"low","import_source":"osm_overpass","external_id":"osm/way/236976420","sources":[{"title":"OpenStreetMap / Overpass","url":"https://wiki.openstreetmap.org/wiki/Tag:telecom%3Ddata_center","accessed_at":"2026-09-23","note":"osm_id=236976420"}]}},{"type":"Feature","geometry":{"type":"Point","coordinates":[-1.8368856,48.0699378]},"properties":{"id":"dc_700","name":"Datacenter Groupama","type":"data_center","subtype":"colocation","operator":"Groupama","description_it":"Record da OpenStreetMap (tag data_center). Da validare con almeno una seconda fonte.","country":"FR","city":"n/d","status":"unknown","site_category":"infrastructure","opened_year":null,"updated_at":"2026-09-23","confidence":"low","import_source":"osm_overpass","external_id":"osm/way/249274111","sources":[{"title":"OpenStreetMap / Overpass","url":"https://wiki.openstreetmap.org/wiki/Tag:telecom%3Ddata_center","accessed_at":"2026-09-23","note":"osm_id=249274111"}]}},{"type":"Feature","geometry":{"type":"Point","coordinates":[2.4021474,48.9254248]},"properties":{"id":"dc_701","name":"Interxion PAR7","type":"data_center","subtype":"colocation","operator":"Interxion","description_it":"Record da OpenStreetMap (tag data_center). Da validare con almeno una seconda fonte.","country":"FR","city":"n/d","status":"unknown","site_category":"infrastructure","opened_year":null,"updated_at":"2026-09-23","confidence":"low","import_source":"osm_overpass","external_id":"osm/way/261420854","sources":[{"title":"OpenStreetMap / Overpass","url":"https://wiki.openstreetmap.org/wiki/Tag:telecom%3Ddata_center","accessed_at":"2026-09-23","note":"osm_id=261420854"}]}},{"type":"Feature","geometry":{"type":"Point","coordinates":[-0.0110653,51.4998389]},"properties":{"id":"dc_702","name":"Digital Realty LHR20","type":"data_center","subtype":"colocation","operator":"Digital Realty","description_it":"Record da OpenStreetMap (tag data_center). Da validare con almeno una seconda fonte.","country":"GB","city":"London","status":"unknown","site_category":"infrastructure","opened_year":null,"updated_at":"2026-09-23","confidence":"low","import_source":"osm_overpass","external_id":"osm/way/320724394","sources":[{"title":"OpenStreetMap / Overpass","url":"https://wiki.openstreetmap.org/wiki/Tag:telecom%3Ddata_center","accessed_at":"2026-09-23","note":"osm_id=320724394"}]}},{"type":"Feature","geometry":{"type":"Point","coordinates":[3.1150864,45.8312409]},"properties":{"id":"dc_703","name":"Ecocenter","type":"data_center","subtype":"colocation","operator":"Nexeren","description_it":"Record da OpenStreetMap (tag data_center). Da validare con almeno una seconda fonte.","country":"FR","city":"n/d","status":"unknown","site_category":"infrastructure","opened_year":null,"updated_at":"2026-09-23","confidence":"low","import_source":"osm_overpass","external_id":"osm/way/359652564","sources":[{"title":"OpenStreetMap / Overpass","url":"https://wiki.openstreetmap.org/wiki/Tag:telecom%3Ddata_center","accessed_at":"2026-09-23","note":"osm_id=359652564"}]}},{"type":"Feature","geometry":{"type":"Point","coordinates":[2.1080726,41.4898179]},"properties":{"id":"dc_704","name":"Centre de Processament de Dades IBM","type":"data_center","subtype":"colocation","operator":"Unknown","description_it":"Record da OpenStreetMap (tag data_center). Da validare con almeno una seconda fonte.","country":"FR","city":"n/d","status":"unknown","site_category":"infrastructure","opened_year":null,"updated_at":"2026-09-23","confidence":"low","import_source":"osm_overpass","external_id":"osm/way/368613614","sources":[{"title":"OpenStreetMap / Overpass","url":"https://wiki.openstreetmap.org/wiki/Tag:telecom%3Ddata_center","accessed_at":"2026-09-23","note":"osm_id=368613614"}]}},{"type":"Feature","geometry":{"type":"Point","coordinates":[0.0300078,51.4935168]},"properties":{"id":"dc_705","name":"Six Degrees Data Centre","type":"data_center","subtype":"colocation","operator":"Six Degrees","description_it":"Record da OpenStreetMap (tag data_center). Da validare con almeno una seconda fonte.","country":"GB","city":"n/d","status":"unknown","site_category":"infrastructure","opened_year":null,"updated_at":"2026-09-23","confidence":"low","import_source":"osm_overpass","external_id":"osm/way/375842477","sources":[{"title":"OpenStreetMap / Overpass","url":"https://wiki.openstreetmap.org/wiki/Tag:telecom%3Ddata_center","accessed_at":"2026-09-23","note":"osm_id=375842477"}]}},{"type":"Feature","geometry":{"type":"Point","coordinates":[-0.0138038,51.4611515]},"properties":{"id":"dc_706","name":"Citibank Riverdale Data Centre","type":"data_center","subtype":"colocation","operator":"Unknown","description_it":"Record da OpenStreetMap (tag data_center). Da validare con almeno una seconda fonte.","country":"GB","city":"London","status":"unknown","site_category":"infrastructure","opened_year":null,"updated_at":"2026-09-23","confidence":"low","import_source":"osm_overpass","external_id":"osm/way/431542356","sources":[{"title":"OpenStreetMap / Overpass","url":"https://wiki.openstreetmap.org/wiki/Tag:telecom%3Ddata_center","accessed_at":"2026-09-23","note":"osm_id=431542356"}]}},{"type":"Feature","geometry":{"type":"Point","coordinates":[-1.2904722,51.3770297]},"properties":{"id":"dc_707","name":"Venture West","type":"data_center","subtype":"colocation","operator":"The Bunker Secure Hosting Ltd","description_it":"Record da OpenStreetMap (tag data_center). Da validare con almeno una seconda fonte.","country":"GB","city":"n/d","status":"unknown","site_category":"infrastructure","opened_year":null,"updated_at":"2026-09-23","confidence":"low","import_source":"osm_overpass","external_id":"osm/way/460206687","sources":[{"title":"OpenStreetMap / Overpass","url":"https://wiki.openstreetmap.org/wiki/Tag:telecom%3Ddata_center","accessed_at":"2026-09-23","note":"osm_id=460206687"}]}},{"type":"Feature","geometry":{"type":"Point","coordinates":[1.2963278,51.271195]},"properties":{"id":"dc_708","name":"The Bunker - South East Data Centre","type":"data_center","subtype":"colocation","operator":"Cyberfort","description_it":"Record da OpenStreetMap (tag data_center). Da validare con almeno una seconda fonte.","country":"GB","city":"n/d","status":"unknown","site_category":"infrastructure","opened_year":null,"updated_at":"2026-09-23","confidence":"low","import_source":"osm_overpass","external_id":"osm/way/460210729","sources":[{"title":"OpenStreetMap / Overpass","url":"https://wiki.openstreetmap.org/wiki/Tag:telecom%3Ddata_center","accessed_at":"2026-09-23","note":"osm_id=460210729"}]}},{"type":"Feature","geometry":{"type":"Point","coordinates":[-0.1596895,51.2477532]},"properties":{"id":"dc_709","name":"Unit 1","type":"data_center","subtype":"colocation","operator":"Galaxy Data Centers","description_it":"Record da OpenStreetMap (tag data_center). Da validare con almeno una seconda fonte.","country":"GB","city":"n/d","status":"unknown","site_category":"infrastructure","opened_year":null,"updated_at":"2026-09-23","confidence":"low","import_source":"osm_overpass","external_id":"osm/way/460244923","sources":[{"title":"OpenStreetMap / Overpass","url":"https://wiki.openstreetmap.org/wiki/Tag:telecom%3Ddata_center","accessed_at":"2026-09-23","note":"osm_id=460244923"}]}},{"type":"Feature","geometry":{"type":"Point","coordinates":[1.3268378,48.4705586]},"properties":{"id":"dc_710","name":"Greenfield","type":"data_center","subtype":"colocation","operator":"Crédit Agricole","description_it":"Record da OpenStreetMap (tag data_center). Da validare con almeno una seconda fonte.","country":"FR","city":"n/d","status":"unknown","site_category":"infrastructure","opened_year":null,"updated_at":"2026-09-23","confidence":"low","import_source":"osm_overpass","external_id":"osm/way/468717472","sources":[{"title":"OpenStreetMap / Overpass","url":"https://wiki.openstreetmap.org/wiki/Tag:telecom%3Ddata_center","accessed_at":"2026-09-23","note":"osm_id=468717472"}]}},{"type":"Feature","geometry":{"type":"Point","coordinates":[4.8789773,45.9038171]},"properties":{"id":"dc_711","name":"Nexeren","type":"data_center","subtype":"colocation","operator":"Nexeren","description_it":"Record da OpenStreetMap (tag data_center). Da validare con almeno una seconda fonte.","country":"FR","city":"n/d","status":"unknown","site_category":"infrastructure","opened_year":null,"updated_at":"2026-09-23","confidence":"low","import_source":"osm_overpass","external_id":"osm/way/481746975","sources":[{"title":"OpenStreetMap / Overpass","url":"https://wiki.openstreetmap.org/wiki/Tag:telecom%3Ddata_center","accessed_at":"2026-09-23","note":"osm_id=481746975"}]}},{"type":"Feature","geometry":{"type":"Point","coordinates":[5.0708884,47.3149171]},"properties":{"id":"dc_712","name":"Centre de Calcul de l’Université de Bourgogne","type":"data_center","subtype":"colocation","operator":"Unknown","description_it":"Record da OpenStreetMap (tag data_center). Da validare con almeno una seconda fonte.","country":"FR","city":"Dijon","status":"unknown","site_category":"infrastructure","opened_year":null,"updated_at":"2026-09-23","confidence":"low","import_source":"osm_overpass","external_id":"osm/way/482853508","sources":[{"title":"OpenStreetMap / Overpass","url":"https://wiki.openstreetmap.org/wiki/Tag:telecom%3Ddata_center","accessed_at":"2026-09-23","note":"osm_id=482853508"}]}},{"type":"Feature","geometry":{"type":"Point","coordinates":[0.76929,47.3492238]},"properties":{"id":"dc_713","name":"Castle IT","type":"data_center","subtype":"colocation","operator":"Unknown","description_it":"Record da OpenStreetMap (tag data_center). Da validare con almeno una seconda fonte.","country":"FR","city":"Larçay","status":"unknown","site_category":"infrastructure","opened_year":null,"updated_at":"2026-09-23","confidence":"low","import_source":"osm_overpass","external_id":"osm/way/509892105","sources":[{"title":"OpenStreetMap / Overpass","url":"https://wiki.openstreetmap.org/wiki/Tag:telecom%3Ddata_center","accessed_at":"2026-09-23","note":"osm_id=509892105"}]}},{"type":"Feature","geometry":{"type":"Point","coordinates":[-0.7654248,51.4129104]},"properties":{"id":"dc_714","name":"EXA Infrastructure - St James House","type":"data_center","subtype":"colocation","operator":"EXA Infrastructure","description_it":"Record da OpenStreetMap (tag data_center). Da validare con almeno una seconda fonte.","country":"GB","city":"n/d","status":"unknown","site_category":"infrastructure","opened_year":null,"updated_at":"2026-09-23","confidence":"low","import_source":"osm_overpass","external_id":"osm/way/516481255","sources":[{"title":"OpenStreetMap / Overpass","url":"https://wiki.openstreetmap.org/wiki/Tag:telecom%3Ddata_center","accessed_at":"2026-09-23","note":"osm_id=516481255"}]}},{"type":"Feature","geometry":{"type":"Point","coordinates":[-1.4692613,47.2778301]},"properties":{"id":"dc_715","name":"ETIX Nantes #2","type":"data_center","subtype":"colocation","operator":"ETIX","description_it":"Record da OpenStreetMap (tag data_center). Da validare con almeno una seconda fonte.","country":"FR","city":"n/d","status":"unknown","site_category":"infrastructure","opened_year":null,"updated_at":"2026-09-23","confidence":"low","import_source":"osm_overpass","external_id":"osm/way/525667518","sources":[{"title":"OpenStreetMap / Overpass","url":"https://wiki.openstreetmap.org/wiki/Tag:telecom%3Ddata_center","accessed_at":"2026-09-23","note":"osm_id=525667518"}]}},{"type":"Feature","geometry":{"type":"Point","coordinates":[-1.6310155,47.2314685]},"properties":{"id":"dc_716","name":"ETIX Nantes #1","type":"data_center","subtype":"colocation","operator":"ETIX","description_it":"Record da OpenStreetMap (tag data_center). Da validare con almeno una seconda fonte.","country":"FR","city":"Saint-Herblain","status":"unknown","site_category":"infrastructure","opened_year":null,"updated_at":"2026-09-23","confidence":"low","import_source":"osm_overpass","external_id":"osm/way/540389197","sources":[{"title":"OpenStreetMap / Overpass","url":"https://wiki.openstreetmap.org/wiki/Tag:telecom%3Ddata_center","accessed_at":"2026-09-23","note":"osm_id=540389197"}]}},{"type":"Feature","geometry":{"type":"Point","coordinates":[2.1552301,51.0166532]},"properties":{"id":"dc_717","name":"OVHcloud Gravelines","type":"data_center","subtype":"colocation","operator":"OVHcloud","description_it":"Record da OpenStreetMap (tag data_center). Da validare con almeno una seconda fonte.","country":"FR","city":"Gravelines","status":"unknown","site_category":"infrastructure","opened_year":null,"updated_at":"2026-09-23","confidence":"low","import_source":"osm_overpass","external_id":"osm/way/551480895","sources":[{"title":"OpenStreetMap / Overpass","url":"https://wiki.openstreetmap.org/wiki/Tag:telecom%3Ddata_center","accessed_at":"2026-09-23","note":"osm_id=551480895"}]}},{"type":"Feature","geometry":{"type":"Point","coordinates":[-2.2185032,51.4187452]},"properties":{"id":"dc_718","name":"Ark Data Centres","type":"data_center","subtype":"colocation","operator":"Ark Data Centres","description_it":"Record da OpenStreetMap (tag data_center). Da validare con almeno una seconda fonte.","country":"GB","city":"n/d","status":"unknown","site_category":"infrastructure","opened_year":null,"updated_at":"2026-09-23","confidence":"low","import_source":"osm_overpass","external_id":"osm/way/574135457","sources":[{"title":"OpenStreetMap / Overpass","url":"https://wiki.openstreetmap.org/wiki/Tag:telecom%3Ddata_center","accessed_at":"2026-09-23","note":"osm_id=574135457"}]}},{"type":"Feature","geometry":{"type":"Point","coordinates":[5.0339152,47.2961134]},"properties":{"id":"dc_719","name":"Bouygues Telecom","type":"data_center","subtype":"colocation","operator":"Unknown","description_it":"Record da OpenStreetMap (tag data_center). Da validare con almeno una seconda fonte.","country":"FR","city":"Longvic","status":"unknown","site_category":"infrastructure","opened_year":null,"updated_at":"2026-09-23","confidence":"low","import_source":"osm_overpass","external_id":"osm/way/650560924","sources":[{"title":"OpenStreetMap / Overpass","url":"https://wiki.openstreetmap.org/wiki/Tag:telecom%3Ddata_center","accessed_at":"2026-09-23","note":"osm_id=650560924"}]}},{"type":"Feature","geometry":{"type":"Point","coordinates":[4.8898658,45.7385751]},"properties":{"id":"dc_720","name":"Free Pro - Datacenter Rock (LYO03)","type":"data_center","subtype":"colocation","operator":"Free Pro (Ex. Jaguar Network - DCforDATA)","description_it":"Record da OpenStreetMap (tag data_center). Da validare con almeno una seconda fonte.","country":"FR","city":"n/d","status":"unknown","site_category":"infrastructure","opened_year":null,"updated_at":"2026-09-23","confidence":"low","import_source":"osm_overpass","external_id":"osm/way/664619554","sources":[{"title":"OpenStreetMap / Overpass","url":"https://wiki.openstreetmap.org/wiki/Tag:telecom%3Ddata_center","accessed_at":"2026-09-23","note":"osm_id=664619554"}]}},{"type":"Feature","geometry":{"type":"Point","coordinates":[2.1825313,43.9193179]},"properties":{"id":"dc_721","name":"Fil d'Ariane","type":"data_center","subtype":"colocation","operator":"CELESTE","description_it":"Record da OpenStreetMap (tag data_center). Da validare con almeno una seconda fonte.","country":"FR","city":"Albi","status":"unknown","site_category":"infrastructure","opened_year":null,"updated_at":"2026-09-23","confidence":"low","import_source":"osm_overpass","external_id":"osm/way/664793692","sources":[{"title":"OpenStreetMap / Overpass","url":"https://wiki.openstreetmap.org/wiki/Tag:telecom%3Ddata_center","accessed_at":"2026-09-23","note":"osm_id=664793692"}]}},{"type":"Feature","geometry":{"type":"Point","coordinates":[-1.9902071,46.7386523]},"properties":{"id":"dc_722","name":"Station d'atterrage","type":"data_center","subtype":"colocation","operator":"orange","description_it":"Record da OpenStreetMap (tag data_center). Da validare con almeno una seconda fonte.","country":"FR","city":"n/d","status":"unknown","site_category":"infrastructure","opened_year":null,"updated_at":"2026-09-23","confidence":"low","import_source":"osm_overpass","external_id":"osm/way/683531738","sources":[{"title":"OpenStreetMap / Overpass","url":"https://wiki.openstreetmap.org/wiki/Tag:telecom%3Ddata_center","accessed_at":"2026-09-23","note":"osm_id=683531738"}]}},{"type":"Feature","geometry":{"type":"Point","coordinates":[2.587991,48.8350291]},"properties":{"id":"dc_723","name":"Datacenter Marilyn","type":"data_center","subtype":"colocation","operator":"Unknown","description_it":"Record da OpenStreetMap (tag data_center). Da validare con almeno una seconda fonte.","country":"FR","city":"Champs-sur-Marne","status":"unknown","site_category":"infrastructure","opened_year":null,"updated_at":"2026-09-23","confidence":"low","import_source":"osm_overpass","external_id":"osm/way/700171365","sources":[{"title":"OpenStreetMap / Overpass","url":"https://wiki.openstreetmap.org/wiki/Tag:telecom%3Ddata_center","accessed_at":"2026-09-23","note":"osm_id=700171365"}]}},{"type":"Feature","geometry":{"type":"Point","coordinates":[2.1750597,48.8939541]},"properties":{"id":"dc_724","name":"Interxion PAR4","type":"data_center","subtype":"colocation","operator":"Interxion","description_it":"Record da OpenStreetMap (tag data_center). Da validare con almeno una seconda fonte.","country":"FR","city":"Nanterre","status":"unknown","site_category":"infrastructure","opened_year":null,"updated_at":"2026-09-23","confidence":"low","import_source":"osm_overpass","external_id":"osm/way/700504282","sources":[{"title":"OpenStreetMap / Overpass","url":"https://wiki.openstreetmap.org/wiki/Tag:telecom%3Ddata_center","accessed_at":"2026-09-23","note":"osm_id=700504282"}]}},{"type":"Feature","geometry":{"type":"Point","coordinates":[-0.1761628,51.1274257]},"properties":{"id":"dc_725","name":"Digital Realty LGW15","type":"data_center","subtype":"colocation","operator":"Digital Realty","description_it":"Record da OpenStreetMap (tag data_center). Da validare con almeno una seconda fonte.","country":"GB","city":"n/d","status":"unknown","site_category":"infrastructure","opened_year":null,"updated_at":"2026-09-23","confidence":"low","import_source":"osm_overpass","external_id":"osm/way/703332116","sources":[{"title":"OpenStreetMap / Overpass","url":"https://wiki.openstreetmap.org/wiki/Tag:telecom%3Ddata_center","accessed_at":"2026-09-23","note":"osm_id=703332116"}]}},{"type":"Feature","geometry":{"type":"Point","coordinates":[-0.4045035,51.4964027]},"properties":{"id":"dc_726","name":"VIRTUS LONDON2","type":"data_center","subtype":"colocation","operator":"VIRTUS","description_it":"Record da OpenStreetMap (tag data_center). Da validare con almeno una seconda fonte.","country":"GB","city":"n/d","status":"unknown","site_category":"infrastructure","opened_year":null,"updated_at":"2026-09-23","confidence":"low","import_source":"osm_overpass","external_id":"osm/way/712298673","sources":[{"title":"OpenStreetMap / Overpass","url":"https://wiki.openstreetmap.org/wiki/Tag:telecom%3Ddata_center","accessed_at":"2026-09-23","note":"osm_id=712298673"}]}},{"type":"Feature","geometry":{"type":"Point","coordinates":[-0.6019958,51.1864311]},"properties":{"id":"dc_727","name":"Surrey Data Park","type":"data_center","subtype":"colocation","operator":"Unknown","description_it":"Record da OpenStreetMap (tag data_center). Da validare con almeno una seconda fonte.","country":"GB","city":"n/d","status":"unknown","site_category":"infrastructure","opened_year":null,"updated_at":"2026-09-23","confidence":"low","import_source":"osm_overpass","external_id":"osm/way/713651005","sources":[{"title":"OpenStreetMap / Overpass","url":"https://wiki.openstreetmap.org/wiki/Tag:telecom%3Ddata_center","accessed_at":"2026-09-23","note":"osm_id=713651005"}]}},{"type":"Feature","geometry":{"type":"Point","coordinates":[-0.7668328,51.3330613]},"properties":{"id":"dc_728","name":"Gravity Edge LDN1","type":"data_center","subtype":"colocation","operator":"Gravity Edge","description_it":"Record da OpenStreetMap (tag data_center). Da validare con almeno una seconda fonte.","country":"GB","city":"Camberley","status":"unknown","site_category":"infrastructure","opened_year":null,"updated_at":"2026-09-23","confidence":"low","import_source":"osm_overpass","external_id":"osm/way/713940435","sources":[{"title":"OpenStreetMap / Overpass","url":"https://wiki.openstreetmap.org/wiki/Tag:telecom%3Ddata_center","accessed_at":"2026-09-23","note":"osm_id=713940435"}]}},{"type":"Feature","geometry":{"type":"Point","coordinates":[-3.58071,51.4918316]},"properties":{"id":"dc_729","name":"CGI Datacenter","type":"data_center","subtype":"colocation","operator":"CGI","description_it":"Record da OpenStreetMap (tag data_center). Da validare con almeno una seconda fonte.","country":"GB","city":"n/d","status":"unknown","site_category":"infrastructure","opened_year":null,"updated_at":"2026-09-23","confidence":"low","import_source":"osm_overpass","external_id":"osm/way/732605607","sources":[{"title":"OpenStreetMap / Overpass","url":"https://wiki.openstreetmap.org/wiki/Tag:telecom%3Ddata_center","accessed_at":"2026-09-23","note":"osm_id=732605607"}]}},{"type":"Feature","geometry":{"type":"Point","coordinates":[-3.8141482,43.466172]},"properties":{"id":"dc_730","name":"Centro de Procesamiento de Datos del Gobierno de Cantabria","type":"data_center","subtype":"colocation","operator":"Gobienro de Cantabria","description_it":"Record da OpenStreetMap (tag data_center). Da validare con almeno una seconda fonte.","country":"FR","city":"Santander","status":"unknown","site_category":"infrastructure","opened_year":null,"updated_at":"2026-09-23","confidence":"low","import_source":"osm_overpass","external_id":"osm/way/780262194","sources":[{"title":"OpenStreetMap / Overpass","url":"https://wiki.openstreetmap.org/wiki/Tag:telecom%3Ddata_center","accessed_at":"2026-09-23","note":"osm_id=780262194"}]}},{"type":"Feature","geometry":{"type":"Point","coordinates":[-0.5979116,44.8739908]},"properties":{"id":"dc_731","name":"Aliénor.net","type":"data_center","subtype":"colocation","operator":"Alienor.net","description_it":"Record da OpenStreetMap (tag data_center). Da validare con almeno una seconda fonte.","country":"FR","city":"n/d","status":"unknown","site_category":"infrastructure","opened_year":null,"updated_at":"2026-09-23","confidence":"low","import_source":"osm_overpass","external_id":"osm/way/813676827","sources":[{"title":"OpenStreetMap / Overpass","url":"https://wiki.openstreetmap.org/wiki/Tag:telecom%3Ddata_center","accessed_at":"2026-09-23","note":"osm_id=813676827"}]}},{"type":"Feature","geometry":{"type":"Point","coordinates":[0.6864752,47.432321]},"properties":{"id":"dc_732","name":"Cogent Tours","type":"data_center","subtype":"colocation","operator":"Cogent","description_it":"Record da OpenStreetMap (tag data_center). Da validare con almeno una seconda fonte.","country":"FR","city":"n/d","status":"unknown","site_category":"infrastructure","opened_year":null,"updated_at":"2026-09-23","confidence":"low","import_source":"osm_overpass","external_id":"osm/way/843118512","sources":[{"title":"OpenStreetMap / Overpass","url":"https://wiki.openstreetmap.org/wiki/Tag:telecom%3Ddata_center","accessed_at":"2026-09-23","note":"osm_id=843118512"}]}},{"type":"Feature","geometry":{"type":"Point","coordinates":[2.725104,48.8243997]},"properties":{"id":"dc_733","name":"Digital Realty PAR12","type":"data_center","subtype":"colocation","operator":"Digital Realty","description_it":"Record da OpenStreetMap (tag data_center). Da validare con almeno una seconda fonte.","country":"FR","city":"Ferrières-en-Brie","status":"unknown","site_category":"infrastructure","opened_year":null,"updated_at":"2026-09-23","confidence":"low","import_source":"osm_overpass","external_id":"osm/way/846779443","sources":[{"title":"OpenStreetMap / Overpass","url":"https://wiki.openstreetmap.org/wiki/Tag:telecom%3Ddata_center","accessed_at":"2026-09-23","note":"osm_id=846779443"}]}},{"type":"Feature","geometry":{"type":"Point","coordinates":[1.8403049,48.9660502]},"properties":{"id":"dc_734","name":"Thésée DataCenter","type":"data_center","subtype":"colocation","operator":"Thésée","description_it":"Record da OpenStreetMap (tag data_center). Da validare con almeno una seconda fonte.","country":"FR","city":"n/d","status":"unknown","site_category":"infrastructure","opened_year":null,"updated_at":"2026-09-23","confidence":"low","import_source":"osm_overpass","external_id":"osm/way/846872233","sources":[{"title":"OpenStreetMap / Overpass","url":"https://wiki.openstreetmap.org/wiki/Tag:telecom%3Ddata_center","accessed_at":"2026-09-23","note":"osm_id=846872233"}]}},{"type":"Feature","geometry":{"type":"Point","coordinates":[2.0013346,48.765411]},"properties":{"id":"dc_735","name":"Site technique SFR","type":"data_center","subtype":"colocation","operator":"SFR","description_it":"Record da OpenStreetMap (tag data_center). Da validare con almeno una seconda fonte.","country":"FR","city":"n/d","status":"unknown","site_category":"infrastructure","opened_year":null,"updated_at":"2026-09-23","confidence":"low","import_source":"osm_overpass","external_id":"osm/way/847106822","sources":[{"title":"OpenStreetMap / Overpass","url":"https://wiki.openstreetmap.org/wiki/Tag:telecom%3Ddata_center","accessed_at":"2026-09-23","note":"osm_id=847106822"}]}},{"type":"Feature","geometry":{"type":"Point","coordinates":[2.0757123,48.9719875]},"properties":{"id":"dc_736","name":"Site technique SFR","type":"data_center","subtype":"colocation","operator":"SFR","description_it":"Record da OpenStreetMap (tag data_center). Da validare con almeno una seconda fonte.","country":"FR","city":"n/d","status":"unknown","site_category":"infrastructure","opened_year":null,"updated_at":"2026-09-23","confidence":"low","import_source":"osm_overpass","external_id":"osm/way/847120472","sources":[{"title":"OpenStreetMap / Overpass","url":"https://wiki.openstreetmap.org/wiki/Tag:telecom%3Ddata_center","accessed_at":"2026-09-23","note":"osm_id=847120472"}]}},{"type":"Feature","geometry":{"type":"Point","coordinates":[2.6456226,48.9759541]},"properties":{"id":"dc_737","name":"Site Technique SFR","type":"data_center","subtype":"colocation","operator":"Unknown","description_it":"Record da OpenStreetMap (tag data_center). Da validare con almeno una seconda fonte.","country":"FR","city":"n/d","status":"unknown","site_category":"infrastructure","opened_year":null,"updated_at":"2026-09-23","confidence":"low","import_source":"osm_overpass","external_id":"osm/way/847239871","sources":[{"title":"OpenStreetMap / Overpass","url":"https://wiki.openstreetmap.org/wiki/Tag:telecom%3Ddata_center","accessed_at":"2026-09-23","note":"osm_id=847239871"}]}},{"type":"Feature","geometry":{"type":"Point","coordinates":[2.2439717,48.7778816]},"properties":{"id":"dc_738","name":"Bâtiment Data Center","type":"data_center","subtype":"colocation","operator":"MBDA France","description_it":"Record da OpenStreetMap (tag data_center). Da validare con almeno una seconda fonte.","country":"FR","city":"n/d","status":"unknown","site_category":"infrastructure","opened_year":null,"updated_at":"2026-09-23","confidence":"low","import_source":"osm_overpass","external_id":"osm/way/849203405","sources":[{"title":"OpenStreetMap / Overpass","url":"https://wiki.openstreetmap.org/wiki/Tag:telecom%3Ddata_center","accessed_at":"2026-09-23","note":"osm_id=849203405"}]}},{"type":"Feature","geometry":{"type":"Point","coordinates":[-0.6122317,44.8961262]},"properties":{"id":"dc_739","name":"Equinix","type":"data_center","subtype":"colocation","operator":"Equinix","description_it":"Record da OpenStreetMap (tag data_center). Da validare con almeno una seconda fonte.","country":"FR","city":"n/d","status":"unknown","site_category":"infrastructure","opened_year":null,"updated_at":"2026-09-23","confidence":"low","import_source":"osm_overpass","external_id":"osm/way/920174789","sources":[{"title":"OpenStreetMap / Overpass","url":"https://wiki.openstreetmap.org/wiki/Tag:telecom%3Ddata_center","accessed_at":"2026-09-23","note":"osm_id=920174789"}]}},{"type":"Feature","geometry":{"type":"Point","coordinates":[-0.5223663,45.927469]},"properties":{"id":"dc_740","name":"Datacenter Data17","type":"data_center","subtype":"colocation","operator":"Data17","description_it":"Record da OpenStreetMap (tag data_center). Da validare con almeno una seconda fonte.","country":"FR","city":"n/d","status":"unknown","site_category":"infrastructure","opened_year":null,"updated_at":"2026-09-23","confidence":"low","import_source":"osm_overpass","external_id":"osm/way/937369189","sources":[{"title":"OpenStreetMap / Overpass","url":"https://wiki.openstreetmap.org/wiki/Tag:telecom%3Ddata_center","accessed_at":"2026-09-23","note":"osm_id=937369189"}]}},{"type":"Feature","geometry":{"type":"Point","coordinates":[-1.2500233,50.9067432]},"properties":{"id":"dc_741","name":"Regit4u","type":"data_center","subtype":"colocation","operator":"Unknown","description_it":"Record da OpenStreetMap (tag data_center). Da validare con almeno una seconda fonte.","country":"GB","city":"n/d","status":"unknown","site_category":"infrastructure","opened_year":null,"updated_at":"2026-09-23","confidence":"low","import_source":"osm_overpass","external_id":"osm/way/958673591","sources":[{"title":"OpenStreetMap / Overpass","url":"https://wiki.openstreetmap.org/wiki/Tag:telecom%3Ddata_center","accessed_at":"2026-09-23","note":"osm_id=958673591"}]}},{"type":"Feature","geometry":{"type":"Point","coordinates":[-0.3764998,46.3454044]},"properties":{"id":"dc_742","name":"Centre de données MAIF","type":"data_center","subtype":"colocation","operator":"MAIF;DARVA","description_it":"Record da OpenStreetMap (tag data_center). Da validare con almeno una seconda fonte.","country":"FR","city":"n/d","status":"unknown","site_category":"infrastructure","opened_year":null,"updated_at":"2026-09-23","confidence":"low","import_source":"osm_overpass","external_id":"osm/way/1030901315","sources":[{"title":"OpenStreetMap / Overpass","url":"https://wiki.openstreetmap.org/wiki/Tag:telecom%3Ddata_center","accessed_at":"2026-09-23","note":"osm_id=1030901315"}]}},{"type":"Feature","geometry":{"type":"Point","coordinates":[-0.8467201,41.793854]},"properties":{"id":"dc_743","name":"Amazon Web Services","type":"data_center","subtype":"hyperscale","operator":"Amazon Web Services","description_it":"Record da OpenStreetMap classificato come hyperscale (operatore cloud/campus). Da validare con una seconda fonte.","country":"FR","city":"n/d","status":"unknown","site_category":"infrastructure","opened_year":null,"updated_at":"2026-09-23","confidence":"low","import_source":"osm_overpass","external_id":"osm/way/1038096236","sources":[{"title":"OpenStreetMap / Overpass","url":"https://wiki.openstreetmap.org/wiki/Tag:telecom%3Ddata_center","accessed_at":"2026-09-23","note":"osm_id=1038096236"}]}},{"type":"Feature","geometry":{"type":"Point","coordinates":[-0.3789262,49.1263362]},"properties":{"id":"dc_744","name":"Webaxys","type":"data_center","subtype":"colocation","operator":"Unknown","description_it":"Record da OpenStreetMap (tag data_center). Da validare con almeno una seconda fonte.","country":"FR","city":"n/d","status":"unknown","site_category":"infrastructure","opened_year":null,"updated_at":"2026-09-23","confidence":"low","import_source":"osm_overpass","external_id":"osm/way/1067118191","sources":[{"title":"OpenStreetMap / Overpass","url":"https://wiki.openstreetmap.org/wiki/Tag:telecom%3Ddata_center","accessed_at":"2026-09-23","note":"osm_id=1067118191"}]}},{"type":"Feature","geometry":{"type":"Point","coordinates":[2.1232567,41.4896803]},"properties":{"id":"dc_745","name":"Adam","type":"data_center","subtype":"colocation","operator":"Unknown","description_it":"Record da OpenStreetMap (tag data_center). Da validare con almeno una seconda fonte.","country":"FR","city":"Cerdanyola del Vallès","status":"unknown","site_category":"infrastructure","opened_year":null,"updated_at":"2026-09-23","confidence":"low","import_source":"osm_overpass","external_id":"osm/way/1077515970","sources":[{"title":"OpenStreetMap / Overpass","url":"https://wiki.openstreetmap.org/wiki/Tag:telecom%3Ddata_center","accessed_at":"2026-09-23","note":"osm_id=1077515970"}]}},{"type":"Feature","geometry":{"type":"Point","coordinates":[-0.4520346,42.1032383]},"properties":{"id":"dc_746","name":"Amazon Data Services Spain S.L.U.","type":"data_center","subtype":"hyperscale","operator":"Amazon Web Services","description_it":"Record da OpenStreetMap classificato come hyperscale (operatore cloud/campus). Da validare con una seconda fonte.","country":"FR","city":"n/d","status":"unknown","site_category":"infrastructure","opened_year":null,"updated_at":"2026-09-23","confidence":"low","import_source":"osm_overpass","external_id":"osm/way/1085338755","sources":[{"title":"OpenStreetMap / Overpass","url":"https://wiki.openstreetmap.org/wiki/Tag:telecom%3Ddata_center","accessed_at":"2026-09-23","note":"osm_id=1085338755"}]}},{"type":"Feature","geometry":{"type":"Point","coordinates":[1.3937723,46.2046254]},"properties":{"id":"dc_747","name":"SostraData","type":"data_center","subtype":"colocation","operator":"SostraData","description_it":"Record da OpenStreetMap (tag data_center). Da validare con almeno una seconda fonte.","country":"FR","city":"n/d","status":"unknown","site_category":"infrastructure","opened_year":null,"updated_at":"2026-09-23","confidence":"low","import_source":"osm_overpass","external_id":"osm/way/1118414289","sources":[{"title":"OpenStreetMap / Overpass","url":"https://wiki.openstreetmap.org/wiki/Tag:telecom%3Ddata_center","accessed_at":"2026-09-23","note":"osm_id=1118414289"}]}},{"type":"Feature","geometry":{"type":"Point","coordinates":[-2.9104077,42.6981751]},"properties":{"id":"dc_748","name":"Data Center Bilbao Arasur","type":"data_center","subtype":"colocation","operator":"Merlin Properties","description_it":"Record da OpenStreetMap (tag data_center). Da validare con almeno una seconda fonte.","country":"FR","city":"n/d","status":"unknown","site_category":"infrastructure","opened_year":null,"updated_at":"2026-09-23","confidence":"low","import_source":"osm_overpass","external_id":"osm/way/1222498765","sources":[{"title":"OpenStreetMap / Overpass","url":"https://wiki.openstreetmap.org/wiki/Tag:telecom%3Ddata_center","accessed_at":"2026-09-23","note":"osm_id=1222498765"}]}},{"type":"Feature","geometry":{"type":"Point","coordinates":[5.9329227,43.1278434]},"properties":{"id":"dc_749","name":"XL 360 - Data Center","type":"data_center","subtype":"colocation","operator":"XL 360","description_it":"Record da OpenStreetMap (tag data_center). Da validare con almeno una seconda fonte.","country":"FR","city":"Toulon","status":"unknown","site_category":"infrastructure","opened_year":null,"updated_at":"2026-09-23","confidence":"low","import_source":"osm_overpass","external_id":"osm/way/1290285145","sources":[{"title":"OpenStreetMap / Overpass","url":"https://wiki.openstreetmap.org/wiki/Tag:telecom%3Ddata_center","accessed_at":"2026-09-23","note":"osm_id=1290285145"}]}},{"type":"Feature","geometry":{"type":"Point","coordinates":[2.8033037,48.836663]},"properties":{"id":"dc_750","name":"Datacenter BNP Paribas Marne Est 2","type":"data_center","subtype":"colocation","operator":"BNP Paribas","description_it":"Record da OpenStreetMap (tag data_center). Da validare con almeno una seconda fonte.","country":"FR","city":"n/d","status":"unknown","site_category":"infrastructure","opened_year":null,"updated_at":"2026-09-23","confidence":"low","import_source":"osm_overpass","external_id":"osm/way/1299040068","sources":[{"title":"OpenStreetMap / Overpass","url":"https://wiki.openstreetmap.org/wiki/Tag:telecom%3Ddata_center","accessed_at":"2026-09-23","note":"osm_id=1299040068"}]}},{"type":"Feature","geometry":{"type":"Point","coordinates":[0.7545692,43.1166736]},"properties":{"id":"dc_751","name":"Prosoluce SG1","type":"data_center","subtype":"colocation","operator":"Prosoluce","description_it":"Record da OpenStreetMap (tag data_center). Da validare con almeno una seconda fonte.","country":"FR","city":"n/d","status":"unknown","site_category":"infrastructure","opened_year":null,"updated_at":"2026-09-23","confidence":"low","import_source":"osm_overpass","external_id":"osm/way/1314442377","sources":[{"title":"OpenStreetMap / Overpass","url":"https://wiki.openstreetmap.org/wiki/Tag:telecom%3Ddata_center","accessed_at":"2026-09-23","note":"osm_id=1314442377"}]}},{"type":"Feature","geometry":{"type":"Point","coordinates":[-1.536068,48.1125221]},"properties":{"id":"dc_752","name":"Nation Data Center Rennes","type":"data_center","subtype":"colocation","operator":"Nation Data Center","description_it":"Record da OpenStreetMap (tag data_center). Da validare con almeno una seconda fonte.","country":"FR","city":"n/d","status":"unknown","site_category":"infrastructure","opened_year":null,"updated_at":"2026-09-23","confidence":"low","import_source":"osm_overpass","external_id":"osm/way/1361721862","sources":[{"title":"OpenStreetMap / Overpass","url":"https://wiki.openstreetmap.org/wiki/Tag:telecom%3Ddata_center","accessed_at":"2026-09-23","note":"osm_id=1361721862"}]}},{"type":"Feature","geometry":{"type":"Point","coordinates":[2.4091429,48.596785]},"properties":{"id":"dc_753","name":"CDG1","type":"data_center","subtype":"colocation","operator":"CloudHQ","description_it":"Record da OpenStreetMap (tag data_center). Da validare con almeno una seconda fonte.","country":"FR","city":"n/d","status":"unknown","site_category":"infrastructure","opened_year":null,"updated_at":"2026-09-23","confidence":"low","import_source":"osm_overpass","external_id":"osm/way/1409758368","sources":[{"title":"OpenStreetMap / Overpass","url":"https://wiki.openstreetmap.org/wiki/Tag:telecom%3Ddata_center","accessed_at":"2026-09-23","note":"osm_id=1409758368"}]}},{"type":"Feature","geometry":{"type":"Point","coordinates":[-0.5946346,51.3805356]},"properties":{"id":"dc_754","name":"Ark Data Centres - Longcross Park","type":"data_center","subtype":"colocation","operator":"Ark Data Centres","description_it":"Record da OpenStreetMap (tag data_center). Da validare con almeno una seconda fonte.","country":"GB","city":"Chertsey","status":"unknown","site_category":"infrastructure","opened_year":null,"updated_at":"2026-09-23","confidence":"low","import_source":"osm_overpass","external_id":"osm/way/1481166632","sources":[{"title":"OpenStreetMap / Overpass","url":"https://wiki.openstreetmap.org/wiki/Tag:telecom%3Ddata_center","accessed_at":"2026-09-23","note":"osm_id=1481166632"}]}},{"type":"Feature","geometry":{"type":"Point","coordinates":[-1.6596899,42.817786]},"properties":{"id":"dc_755","name":"CPD Gobierno de Navarra","type":"data_center","subtype":"colocation","operator":"Nasertic","description_it":"Record da OpenStreetMap (tag data_center). Da validare con almeno una seconda fonte.","country":"FR","city":"n/d","status":"unknown","site_category":"infrastructure","opened_year":null,"updated_at":"2026-09-23","confidence":"low","import_source":"osm_overpass","external_id":"osm/way/1484174881","sources":[{"title":"OpenStreetMap / Overpass","url":"https://wiki.openstreetmap.org/wiki/Tag:telecom%3Ddata_center","accessed_at":"2026-09-23","note":"osm_id=1484174881"}]}},{"type":"Feature","geometry":{"type":"Point","coordinates":[2.6725645,48.8308625]},"properties":{"id":"dc_756","name":"Datacenter IBM","type":"data_center","subtype":"colocation","operator":"IBM","description_it":"Record da OpenStreetMap (tag data_center). Da validare con almeno una seconda fonte.","country":"FR","city":"n/d","status":"unknown","site_category":"infrastructure","opened_year":null,"updated_at":"2026-09-23","confidence":"low","import_source":"osm_overpass","external_id":"osm/relation/1604367","sources":[{"title":"OpenStreetMap / Overpass","url":"https://wiki.openstreetmap.org/wiki/Tag:telecom%3Ddata_center","accessed_at":"2026-09-23","note":"osm_id=1604367"}]}},{"type":"Feature","geometry":{"type":"Point","coordinates":[3.1093084,45.7627691]},"properties":{"id":"dc_757","name":"Centre Régional de Ressources Informatiques (CRRI)","type":"data_center","subtype":"colocation","operator":"Université Clermont Auvergne","description_it":"Record da OpenStreetMap (tag data_center). Da validare con almeno una seconda fonte.","country":"FR","city":"n/d","status":"unknown","site_category":"infrastructure","opened_year":null,"updated_at":"2026-09-23","confidence":"low","import_source":"osm_overpass","external_id":"osm/relation/3358244","sources":[{"title":"OpenStreetMap / Overpass","url":"https://wiki.openstreetmap.org/wiki/Tag:telecom%3Ddata_center","accessed_at":"2026-09-23","note":"osm_id=3358244"}]}},{"type":"Feature","geometry":{"type":"Point","coordinates":[3.84222,43.636151]},"properties":{"id":"dc_758","name":"CINES","type":"data_center","subtype":"colocation","operator":"Unknown","description_it":"Record da OpenStreetMap (tag data_center). Da validare con almeno una seconda fonte.","country":"FR","city":"n/d","status":"unknown","site_category":"infrastructure","opened_year":null,"updated_at":"2026-09-23","confidence":"low","import_source":"osm_overpass","external_id":"osm/relation/3718269","sources":[{"title":"OpenStreetMap / Overpass","url":"https://wiki.openstreetmap.org/wiki/Tag:telecom%3Ddata_center","accessed_at":"2026-09-23","note":"osm_id=3718269"}]}},{"type":"Feature","geometry":{"type":"Point","coordinates":[-0.8873807,51.4373456]},"properties":{"id":"dc_759","name":"CSquare London LHR3","type":"data_center","subtype":"colocation","operator":"CSquare","description_it":"Record da OpenStreetMap (tag data_center). Da validare con almeno una seconda fonte.","country":"GB","city":"n/d","status":"unknown","site_category":"infrastructure","opened_year":null,"updated_at":"2026-09-23","confidence":"low","import_source":"osm_overpass","external_id":"osm/relation/6796766","sources":[{"title":"OpenStreetMap / Overpass","url":"https://wiki.openstreetmap.org/wiki/Tag:telecom%3Ddata_center","accessed_at":"2026-09-23","note":"osm_id=6796766"}]}},{"type":"Feature","geometry":{"type":"Point","coordinates":[-0.7960565,51.2805849]},"properties":{"id":"dc_760","name":"Datum Farnborough Data Centre","type":"data_center","subtype":"colocation","operator":"Datum","description_it":"Record da OpenStreetMap (tag data_center). Da validare con almeno una seconda fonte.","country":"GB","city":"n/d","status":"unknown","site_category":"infrastructure","opened_year":null,"updated_at":"2026-09-23","confidence":"low","import_source":"osm_overpass","external_id":"osm/relation/6796887","sources":[{"title":"OpenStreetMap / Overpass","url":"https://wiki.openstreetmap.org/wiki/Tag:telecom%3Ddata_center","accessed_at":"2026-09-23","note":"osm_id=6796887"}]}},{"type":"Feature","geometry":{"type":"Point","coordinates":[4.772155,45.8066814]},"properties":{"id":"dc_761","name":"Free Pro - Datacenter Limonest (LYO02 - DCForData)","type":"data_center","subtype":"colocation","operator":"Free Pro (Ex. Jaguar Network - DCForData)","description_it":"Record da OpenStreetMap (tag data_center). Da validare con almeno una seconda fonte.","country":"FR","city":"n/d","status":"unknown","site_category":"infrastructure","opened_year":null,"updated_at":"2026-09-23","confidence":"low","import_source":"osm_overpass","external_id":"osm/relation/9701471","sources":[{"title":"OpenStreetMap / Overpass","url":"https://wiki.openstreetmap.org/wiki/Tag:telecom%3Ddata_center","accessed_at":"2026-09-23","note":"osm_id=9701471"}]}},{"type":"Feature","geometry":{"type":"Point","coordinates":[-0.5892208,38.2938412]},"properties":{"id":"dc_762","name":"The Weaver","type":"data_center","subtype":"colocation","operator":"Unknown","description_it":"Record da OpenStreetMap (tag data_center). Da validare con almeno una seconda fonte.","country":"ES","city":"n/d","status":"unknown","site_category":"infrastructure","opened_year":null,"updated_at":"2026-09-23","confidence":"low","import_source":"osm_overpass","external_id":"osm/node/6726073926","sources":[{"title":"OpenStreetMap / Overpass","url":"https://wiki.openstreetmap.org/wiki/Tag:telecom%3Ddata_center","accessed_at":"2026-09-23","note":"osm_id=6726073926"}]}},{"type":"Feature","geometry":{"type":"Point","coordinates":[-8.1138058,38.0594297]},"properties":{"id":"dc_763","name":"PT","type":"data_center","subtype":"colocation","operator":"MEO","description_it":"Record da OpenStreetMap (tag data_center). Da validare con almeno una seconda fonte.","country":"ES","city":"n/d","status":"unknown","site_category":"infrastructure","opened_year":null,"updated_at":"2026-09-23","confidence":"low","import_source":"osm_overpass","external_id":"osm/node/8565642884","sources":[{"title":"OpenStreetMap / Overpass","url":"https://wiki.openstreetmap.org/wiki/Tag:telecom%3Ddata_center","accessed_at":"2026-09-23","note":"osm_id=8565642884"}]}},{"type":"Feature","geometry":{"type":"Point","coordinates":[-3.8773795,36.7483885]},"properties":{"id":"dc_764","name":"inforland.com","type":"data_center","subtype":"colocation","operator":"inforland.com","description_it":"Record da OpenStreetMap (tag data_center). Da validare con almeno una seconda fonte.","country":"ES","city":"n/d","status":"unknown","site_category":"infrastructure","opened_year":null,"updated_at":"2026-09-23","confidence":"low","import_source":"osm_overpass","external_id":"osm/node/9073360494","sources":[{"title":"OpenStreetMap / Overpass","url":"https://wiki.openstreetmap.org/wiki/Tag:telecom%3Ddata_center","accessed_at":"2026-09-23","note":"osm_id=9073360494"}]}},{"type":"Feature","geometry":{"type":"Point","coordinates":[-3.3410785,40.5194363]},"properties":{"id":"dc_765","name":"Centro de Datos Alcalá (Alcalá Data Center)","type":"data_center","subtype":"colocation","operator":"Telefónica","description_it":"Record da OpenStreetMap (tag data_center). Da validare con almeno una seconda fonte.","country":"ES","city":"n/d","status":"unknown","site_category":"infrastructure","opened_year":null,"updated_at":"2026-09-23","confidence":"low","import_source":"osm_overpass","external_id":"osm/node/11383639206","sources":[{"title":"OpenStreetMap / Overpass","url":"https://wiki.openstreetmap.org/wiki/Tag:telecom%3Ddata_center","accessed_at":"2026-09-23","note":"osm_id=11383639206"}]}},{"type":"Feature","geometry":{"type":"Point","coordinates":[-5.8576632,43.3608394]},"properties":{"id":"dc_766","name":"NTT","type":"data_center","subtype":"colocation","operator":"NTT","description_it":"Record da OpenStreetMap (tag data_center). Da validare con almeno una seconda fonte.","country":"ES","city":"n/d","status":"unknown","site_category":"infrastructure","opened_year":null,"updated_at":"2026-09-23","confidence":"low","import_source":"osm_overpass","external_id":"osm/node/11920710931","sources":[{"title":"OpenStreetMap / Overpass","url":"https://wiki.openstreetmap.org/wiki/Tag:telecom%3Ddata_center","accessed_at":"2026-09-23","note":"osm_id=11920710931"}]}},{"type":"Feature","geometry":{"type":"Point","coordinates":[-8.3915752,41.4037728]},"properties":{"id":"dc_767","name":"Centro de Computação Avançada do Minho","type":"data_center","subtype":"colocation","operator":"Fundação para a Ciência e Tecnologia","description_it":"Record da OpenStreetMap (tag data_center). Da validare con almeno una seconda fonte.","country":"ES","city":"n/d","status":"unknown","site_category":"infrastructure","opened_year":null,"updated_at":"2026-09-23","confidence":"low","import_source":"osm_overpass","external_id":"osm/node/12331077835","sources":[{"title":"OpenStreetMap / Overpass","url":"https://wiki.openstreetmap.org/wiki/Tag:telecom%3Ddata_center","accessed_at":"2026-09-23","note":"osm_id=12331077835"}]}},{"type":"Feature","geometry":{"type":"Point","coordinates":[-9.1233283,38.7879102]},"properties":{"id":"dc_768","name":"Equinix LS1","type":"data_center","subtype":"colocation","operator":"Equinix","description_it":"Record da OpenStreetMap (tag data_center). Da validare con almeno una seconda fonte.","country":"ES","city":"Prior Velho","status":"unknown","site_category":"infrastructure","opened_year":null,"updated_at":"2026-09-23","confidence":"low","import_source":"osm_overpass","external_id":"osm/way/146664358","sources":[{"title":"OpenStreetMap / Overpass","url":"https://wiki.openstreetmap.org/wiki/Tag:telecom%3Ddata_center","accessed_at":"2026-09-23","note":"osm_id=146664358"}]}},{"type":"Feature","geometry":{"type":"Point","coordinates":[-9.2305421,38.7251192]},"properties":{"id":"dc_769","name":"NOS Imopolis II","type":"data_center","subtype":"colocation","operator":"NOS","description_it":"Record da OpenStreetMap (tag data_center). Da validare con almeno una seconda fonte.","country":"ES","city":"n/d","status":"unknown","site_category":"infrastructure","opened_year":null,"updated_at":"2026-09-23","confidence":"low","import_source":"osm_overpass","external_id":"osm/way/193317921","sources":[{"title":"OpenStreetMap / Overpass","url":"https://wiki.openstreetmap.org/wiki/Tag:telecom%3Ddata_center","accessed_at":"2026-09-23","note":"osm_id=193317921"}]}},{"type":"Feature","geometry":{"type":"Point","coordinates":[-9.1598566,38.6000022]},"properties":{"id":"dc_770","name":"Seixal Colocation Site","type":"data_center","subtype":"colocation","operator":"TATA Communications","description_it":"Record da OpenStreetMap (tag data_center). Da validare con almeno una seconda fonte.","country":"ES","city":"n/d","status":"unknown","site_category":"infrastructure","opened_year":null,"updated_at":"2026-09-23","confidence":"low","import_source":"osm_overpass","external_id":"osm/way/359617354","sources":[{"title":"OpenStreetMap / Overpass","url":"https://wiki.openstreetmap.org/wiki/Tag:telecom%3Ddata_center","accessed_at":"2026-09-23","note":"osm_id=359617354"}]}},{"type":"Feature","geometry":{"type":"Point","coordinates":[-3.6569926,37.2007619]},"properties":{"id":"dc_771","name":"Cloud Center Andalucía","type":"data_center","subtype":"colocation","operator":"Unknown","description_it":"Record da OpenStreetMap (tag data_center). Da validare con almeno una seconda fonte.","country":"ES","city":"n/d","status":"unknown","site_category":"infrastructure","opened_year":null,"updated_at":"2026-09-23","confidence":"low","import_source":"osm_overpass","external_id":"osm/way/591288487","sources":[{"title":"OpenStreetMap / Overpass","url":"https://wiki.openstreetmap.org/wiki/Tag:telecom%3Ddata_center","accessed_at":"2026-09-23","note":"osm_id=591288487"}]}},{"type":"Feature","geometry":{"type":"Point","coordinates":[-7.4795229,40.265479]},"properties":{"id":"dc_772","name":"Data Center Portugal Telecom da Covilhã","type":"data_center","subtype":"colocation","operator":"Portugal Telecom","description_it":"Record da OpenStreetMap (tag data_center). Da validare con almeno una seconda fonte.","country":"ES","city":"n/d","status":"unknown","site_category":"infrastructure","opened_year":null,"updated_at":"2026-09-23","confidence":"low","import_source":"osm_overpass","external_id":"osm/way/667333147","sources":[{"title":"OpenStreetMap / Overpass","url":"https://wiki.openstreetmap.org/wiki/Tag:telecom%3Ddata_center","accessed_at":"2026-09-23","note":"osm_id=667333147"}]}},{"type":"Feature","geometry":{"type":"Point","coordinates":[-2.0022703,37.4514807]},"properties":{"id":"dc_773","name":"centro de datos trasbase Negratín","type":"data_center","subtype":"colocation","operator":"Unknown","description_it":"Record da OpenStreetMap (tag data_center). Da validare con almeno una seconda fonte.","country":"ES","city":"n/d","status":"unknown","site_category":"infrastructure","opened_year":null,"updated_at":"2026-09-23","confidence":"low","import_source":"osm_overpass","external_id":"osm/way/1075858825","sources":[{"title":"OpenStreetMap / Overpass","url":"https://wiki.openstreetmap.org/wiki/Tag:telecom%3Ddata_center","accessed_at":"2026-09-23","note":"osm_id=1075858825"}]}},{"type":"Feature","geometry":{"type":"Point","coordinates":[-8.595026,41.1777225]},"properties":{"id":"dc_774","name":"D-102","type":"data_center","subtype":"colocation","operator":"Unknown","description_it":"Record da OpenStreetMap (tag data_center). Da validare con almeno una seconda fonte.","country":"ES","city":"n/d","status":"unknown","site_category":"infrastructure","opened_year":null,"updated_at":"2026-09-23","confidence":"low","import_source":"osm_overpass","external_id":"osm/way/1205572867","sources":[{"title":"OpenStreetMap / Overpass","url":"https://wiki.openstreetmap.org/wiki/Tag:telecom%3Ddata_center","accessed_at":"2026-09-23","note":"osm_id=1205572867"}]}},{"type":"Feature","geometry":{"type":"Point","coordinates":[-3.6619581,40.5345358]},"properties":{"id":"dc_775","name":"Equinix MD6","type":"data_center","subtype":"colocation","operator":"Equinix","description_it":"Record da OpenStreetMap (tag data_center). Da validare con almeno una seconda fonte.","country":"ES","city":"Madrid","status":"unknown","site_category":"infrastructure","opened_year":null,"updated_at":"2026-09-23","confidence":"low","import_source":"osm_overpass","external_id":"osm/way/1226425870","sources":[{"title":"OpenStreetMap / Overpass","url":"https://wiki.openstreetmap.org/wiki/Tag:telecom%3Ddata_center","accessed_at":"2026-09-23","note":"osm_id=1226425870"}]}},{"type":"Feature","geometry":{"type":"Point","coordinates":[-1.1708402,38.0246444]},"properties":{"id":"dc_776","name":"Data Center KIO Murcia","type":"data_center","subtype":"colocation","operator":"KIO Networks España","description_it":"Record da OpenStreetMap (tag data_center). Da validare con almeno una seconda fonte.","country":"ES","city":"n/d","status":"unknown","site_category":"infrastructure","opened_year":null,"updated_at":"2026-09-23","confidence":"low","import_source":"osm_overpass","external_id":"osm/way/1253983161","sources":[{"title":"OpenStreetMap / Overpass","url":"https://wiki.openstreetmap.org/wiki/Tag:telecom%3Ddata_center","accessed_at":"2026-09-23","note":"osm_id=1253983161"}]}},{"type":"Feature","geometry":{"type":"Point","coordinates":[-0.4486838,39.5156412]},"properties":{"id":"dc_777","name":"Data Center KIO Valencia","type":"data_center","subtype":"colocation","operator":"KIO Networks España","description_it":"Record da OpenStreetMap (tag data_center). Da validare con almeno una seconda fonte.","country":"ES","city":"n/d","status":"unknown","site_category":"infrastructure","opened_year":null,"updated_at":"2026-09-23","confidence":"low","import_source":"osm_overpass","external_id":"osm/way/1253983162","sources":[{"title":"OpenStreetMap / Overpass","url":"https://wiki.openstreetmap.org/wiki/Tag:telecom%3Ddata_center","accessed_at":"2026-09-23","note":"osm_id=1253983162"}]}},{"type":"Feature","geometry":{"type":"Point","coordinates":[-8.3886287,39.5997276]},"properties":{"id":"dc_778","name":"Data Center IPT","type":"data_center","subtype":"colocation","operator":"Unknown","description_it":"Record da OpenStreetMap (tag data_center). Da validare con almeno una seconda fonte.","country":"ES","city":"n/d","status":"unknown","site_category":"infrastructure","opened_year":null,"updated_at":"2026-09-23","confidence":"low","import_source":"osm_overpass","external_id":"osm/way/1256339859","sources":[{"title":"OpenStreetMap / Overpass","url":"https://wiki.openstreetmap.org/wiki/Tag:telecom%3Ddata_center","accessed_at":"2026-09-23","note":"osm_id=1256339859"}]}},{"type":"Feature","geometry":{"type":"Point","coordinates":[-8.8125832,37.9348553]},"properties":{"id":"dc_779","name":"Start SIN01","type":"data_center","subtype":"colocation","operator":"Unknown","description_it":"Record da OpenStreetMap (tag data_center). Da validare con almeno una seconda fonte.","country":"ES","city":"n/d","status":"unknown","site_category":"infrastructure","opened_year":null,"updated_at":"2026-09-23","confidence":"low","import_source":"osm_overpass","external_id":"osm/way/1266541682","sources":[{"title":"OpenStreetMap / Overpass","url":"https://wiki.openstreetmap.org/wiki/Tag:telecom%3Ddata_center","accessed_at":"2026-09-23","note":"osm_id=1266541682"}]}},{"type":"Feature","geometry":{"type":"Point","coordinates":[-1.1635378,38.0296994]},"properties":{"id":"dc_780","name":"CPD Titan Datacenter","type":"data_center","subtype":"colocation","operator":"Unknown","description_it":"Record da OpenStreetMap (tag data_center). Da validare con almeno una seconda fonte.","country":"ES","city":"n/d","status":"unknown","site_category":"infrastructure","opened_year":null,"updated_at":"2026-09-23","confidence":"low","import_source":"osm_overpass","external_id":"osm/way/1411915244","sources":[{"title":"OpenStreetMap / Overpass","url":"https://wiki.openstreetmap.org/wiki/Tag:telecom%3Ddata_center","accessed_at":"2026-09-23","note":"osm_id=1411915244"}]}},{"type":"Feature","geometry":{"type":"Point","coordinates":[-3.6078277,40.6706447]},"properties":{"id":"dc_781","name":"Data 4 MAD2 Campus","type":"data_center","subtype":"colocation","operator":"Data4","description_it":"Record da OpenStreetMap (tag data_center). Da validare con almeno una seconda fonte.","country":"ES","city":"San Agustín del Guadalix","status":"unknown","site_category":"infrastructure","opened_year":null,"updated_at":"2026-09-23","confidence":"low","import_source":"osm_overpass","external_id":"osm/way/1471935097","sources":[{"title":"OpenStreetMap / Overpass","url":"https://wiki.openstreetmap.org/wiki/Tag:telecom%3Ddata_center","accessed_at":"2026-09-23","note":"osm_id=1471935097"}]}},{"type":"Feature","geometry":{"type":"Point","coordinates":[-3.6479863,40.5341327]},"properties":{"id":"dc_782","name":"DATA4 - MAD1","type":"data_center","subtype":"colocation","operator":"Data4","description_it":"Record da OpenStreetMap (tag data_center). Da validare con almeno una seconda fonte.","country":"ES","city":"n/d","status":"unknown","site_category":"infrastructure","opened_year":null,"updated_at":"2026-09-23","confidence":"low","import_source":"osm_overpass","external_id":"osm/way/1472194797","sources":[{"title":"OpenStreetMap / Overpass","url":"https://wiki.openstreetmap.org/wiki/Tag:telecom%3Ddata_center","accessed_at":"2026-09-23","note":"osm_id=1472194797"}]}},{"type":"Feature","geometry":{"type":"Point","coordinates":[-3.6136753,40.5490838]},"properties":{"id":"dc_783","name":"Microsoft MAD02","type":"data_center","subtype":"hyperscale","operator":"Microsoft","description_it":"Record da OpenStreetMap classificato come hyperscale (operatore cloud/campus). Da validare con una seconda fonte.","country":"ES","city":"n/d","status":"unknown","site_category":"infrastructure","opened_year":null,"updated_at":"2026-09-23","confidence":"low","import_source":"osm_overpass","external_id":"osm/way/1505120011","sources":[{"title":"OpenStreetMap / Overpass","url":"https://wiki.openstreetmap.org/wiki/Tag:telecom%3Ddata_center","accessed_at":"2026-09-23","note":"osm_id=1505120011"}]}},{"type":"Feature","geometry":{"type":"Point","coordinates":[-8.6914268,42.1667798]},"properties":{"id":"dc_784","name":"Altia Datacenter","type":"data_center","subtype":"colocation","operator":"Altia","description_it":"Record da OpenStreetMap (tag data_center). Da validare con almeno una seconda fonte.","country":"ES","city":"n/d","status":"unknown","site_category":"infrastructure","opened_year":null,"updated_at":"2026-09-23","confidence":"low","import_source":"osm_overpass","external_id":"osm/way/1532398543","sources":[{"title":"OpenStreetMap / Overpass","url":"https://wiki.openstreetmap.org/wiki/Tag:telecom%3Ddata_center","accessed_at":"2026-09-23","note":"osm_id=1532398543"}]}},{"type":"Feature","geometry":{"type":"Point","coordinates":[-1.4850823,53.3808925]},"properties":{"id":"dc_785","name":"UoS IT Services","type":"data_center","subtype":"colocation","operator":"Unknown","description_it":"Record da OpenStreetMap (tag data_center). Da validare con almeno una seconda fonte.","country":"GB","city":"n/d","status":"unknown","site_category":"infrastructure","opened_year":null,"updated_at":"2026-09-23","confidence":"low","import_source":"osm_overpass","external_id":"osm/node/11064014638","sources":[{"title":"OpenStreetMap / Overpass","url":"https://wiki.openstreetmap.org/wiki/Tag:telecom%3Ddata_center","accessed_at":"2026-09-23","note":"osm_id=11064014638"}]}},{"type":"Feature","geometry":{"type":"Point","coordinates":[-1.4793848,53.375805]},"properties":{"id":"dc_786","name":"Hive IT","type":"data_center","subtype":"colocation","operator":"Unknown","description_it":"Record da OpenStreetMap (tag data_center). Da validare con almeno una seconda fonte.","country":"GB","city":"n/d","status":"unknown","site_category":"infrastructure","opened_year":null,"updated_at":"2026-09-23","confidence":"low","import_source":"osm_overpass","external_id":"osm/node/11167049138","sources":[{"title":"OpenStreetMap / Overpass","url":"https://wiki.openstreetmap.org/wiki/Tag:telecom%3Ddata_center","accessed_at":"2026-09-23","note":"osm_id=11167049138"}]}},{"type":"Feature","geometry":{"type":"Point","coordinates":[-2.2363205,53.4642039]},"properties":{"id":"dc_787","name":"Equinix MA1","type":"data_center","subtype":"colocation","operator":"Equinix","description_it":"Record da OpenStreetMap (tag data_center). Da validare con almeno una seconda fonte.","country":"GB","city":"n/d","status":"unknown","site_category":"infrastructure","opened_year":null,"updated_at":"2026-09-23","confidence":"low","import_source":"osm_overpass","external_id":"osm/node/12303136063","sources":[{"title":"OpenStreetMap / Overpass","url":"https://wiki.openstreetmap.org/wiki/Tag:telecom%3Ddata_center","accessed_at":"2026-09-23","note":"osm_id=12303136063"}]}},{"type":"Feature","geometry":{"type":"Point","coordinates":[-2.2386018,53.4789028]},"properties":{"id":"dc_788","name":"Asanti Manchester","type":"data_center","subtype":"colocation","operator":"Asanti","description_it":"Record da OpenStreetMap (tag data_center). Da validare con almeno una seconda fonte.","country":"GB","city":"Manchester","status":"unknown","site_category":"infrastructure","opened_year":null,"updated_at":"2026-09-23","confidence":"low","import_source":"osm_overpass","external_id":"osm/node/14056400574","sources":[{"title":"OpenStreetMap / Overpass","url":"https://wiki.openstreetmap.org/wiki/Tag:telecom%3Ddata_center","accessed_at":"2026-09-23","note":"osm_id=14056400574"}]}},{"type":"Feature","geometry":{"type":"Point","coordinates":[-2.6297586,53.4148556]},"properties":{"id":"dc_789","name":"Iron Mountain","type":"data_center","subtype":"colocation","operator":"Unknown","description_it":"Record da OpenStreetMap (tag data_center). Da validare con almeno una seconda fonte.","country":"GB","city":"Warrington","status":"unknown","site_category":"infrastructure","opened_year":null,"updated_at":"2026-09-23","confidence":"low","import_source":"osm_overpass","external_id":"osm/way/30914305","sources":[{"title":"OpenStreetMap / Overpass","url":"https://wiki.openstreetmap.org/wiki/Tag:telecom%3Ddata_center","accessed_at":"2026-09-23","note":"osm_id=30914305"}]}},{"type":"Feature","geometry":{"type":"Point","coordinates":[-2.6013747,53.4205254]},"properties":{"id":"dc_790","name":"Verizon Warrington","type":"data_center","subtype":"colocation","operator":"Verizion","description_it":"Record da OpenStreetMap (tag data_center). Da validare con almeno una seconda fonte.","country":"GB","city":"Warrington","status":"unknown","site_category":"infrastructure","opened_year":null,"updated_at":"2026-09-23","confidence":"low","import_source":"osm_overpass","external_id":"osm/way/30925979","sources":[{"title":"OpenStreetMap / Overpass","url":"https://wiki.openstreetmap.org/wiki/Tag:telecom%3Ddata_center","accessed_at":"2026-09-23","note":"osm_id=30925979"}]}},{"type":"Feature","geometry":{"type":"Point","coordinates":[-2.7340658,53.3226483]},"properties":{"id":"dc_791","name":"The Babbage Centre","type":"data_center","subtype":"colocation","operator":"Getronics","description_it":"Record da OpenStreetMap (tag data_center). Da validare con almeno una seconda fonte.","country":"GB","city":"Runcorn","status":"unknown","site_category":"infrastructure","opened_year":null,"updated_at":"2026-09-23","confidence":"low","import_source":"osm_overpass","external_id":"osm/way/32295873","sources":[{"title":"OpenStreetMap / Overpass","url":"https://wiki.openstreetmap.org/wiki/Tag:telecom%3Ddata_center","accessed_at":"2026-09-23","note":"osm_id=32295873"}]}},{"type":"Feature","geometry":{"type":"Point","coordinates":[-1.1449628,52.8796234]},"properties":{"id":"dc_792","name":"Experian","type":"data_center","subtype":"colocation","operator":"Unknown","description_it":"Record da OpenStreetMap (tag data_center). Da validare con almeno una seconda fonte.","country":"GB","city":"Nottingham","status":"unknown","site_category":"infrastructure","opened_year":null,"updated_at":"2026-09-23","confidence":"low","import_source":"osm_overpass","external_id":"osm/way/38575403","sources":[{"title":"OpenStreetMap / Overpass","url":"https://wiki.openstreetmap.org/wiki/Tag:telecom%3Ddata_center","accessed_at":"2026-09-23","note":"osm_id=38575403"}]}},{"type":"Feature","geometry":{"type":"Point","coordinates":[-1.3976736,53.6993157]},"properties":{"id":"dc_793","name":"nLighten Leeds","type":"data_center","subtype":"colocation","operator":"nLighten","description_it":"Record da OpenStreetMap (tag data_center). Da validare con almeno una seconda fonte.","country":"GB","city":"n/d","status":"unknown","site_category":"infrastructure","opened_year":null,"updated_at":"2026-09-23","confidence":"low","import_source":"osm_overpass","external_id":"osm/way/57977045","sources":[{"title":"OpenStreetMap / Overpass","url":"https://wiki.openstreetmap.org/wiki/Tag:telecom%3Ddata_center","accessed_at":"2026-09-23","note":"osm_id=57977045"}]}},{"type":"Feature","geometry":{"type":"Point","coordinates":[-2.2475306,53.4644923]},"properties":{"id":"dc_794","name":"Lunar 1&2","type":"data_center","subtype":"colocation","operator":"Lunar Digital","description_it":"Record da OpenStreetMap (tag data_center). Da validare con almeno una seconda fonte.","country":"GB","city":"Manchester","status":"unknown","site_category":"infrastructure","opened_year":null,"updated_at":"2026-09-23","confidence":"low","import_source":"osm_overpass","external_id":"osm/way/59191365","sources":[{"title":"OpenStreetMap / Overpass","url":"https://wiki.openstreetmap.org/wiki/Tag:telecom%3Ddata_center","accessed_at":"2026-09-23","note":"osm_id=59191365"}]}},{"type":"Feature","geometry":{"type":"Point","coordinates":[-2.2585178,53.3786359]},"properties":{"id":"dc_795","name":"Datum Datacentres (MCR2)","type":"data_center","subtype":"colocation","operator":"Unknown","description_it":"Record da OpenStreetMap (tag data_center). Da validare con almeno una seconda fonte.","country":"GB","city":"n/d","status":"unknown","site_category":"infrastructure","opened_year":null,"updated_at":"2026-09-23","confidence":"low","import_source":"osm_overpass","external_id":"osm/way/103482135","sources":[{"title":"OpenStreetMap / Overpass","url":"https://wiki.openstreetmap.org/wiki/Tag:telecom%3Ddata_center","accessed_at":"2026-09-23","note":"osm_id=103482135"}]}},{"type":"Feature","geometry":{"type":"Point","coordinates":[-1.569003,53.9758144]},"properties":{"id":"dc_796","name":"VocaLink","type":"data_center","subtype":"colocation","operator":"Unknown","description_it":"Record da OpenStreetMap (tag data_center). Da validare con almeno una seconda fonte.","country":"GB","city":"Harrogate","status":"unknown","site_category":"infrastructure","opened_year":null,"updated_at":"2026-09-23","confidence":"low","import_source":"osm_overpass","external_id":"osm/way/129823651","sources":[{"title":"OpenStreetMap / Overpass","url":"https://wiki.openstreetmap.org/wiki/Tag:telecom%3Ddata_center","accessed_at":"2026-09-23","note":"osm_id=129823651"}]}},{"type":"Feature","geometry":{"type":"Point","coordinates":[-1.8844483,53.7084325]},"properties":{"id":"dc_797","name":"Lloyds Banking Group Copley","type":"data_center","subtype":"colocation","operator":"Unknown","description_it":"Record da OpenStreetMap (tag data_center). Da validare con almeno una seconda fonte.","country":"GB","city":"n/d","status":"unknown","site_category":"infrastructure","opened_year":null,"updated_at":"2026-09-23","confidence":"low","import_source":"osm_overpass","external_id":"osm/way/147532741","sources":[{"title":"OpenStreetMap / Overpass","url":"https://wiki.openstreetmap.org/wiki/Tag:telecom%3Ddata_center","accessed_at":"2026-09-23","note":"osm_id=147532741"}]}},{"type":"Feature","geometry":{"type":"Point","coordinates":[-2.2934202,53.4680158]},"properties":{"id":"dc_798","name":"Joule House","type":"data_center","subtype":"colocation","operator":"Equinix","description_it":"Record da OpenStreetMap (tag data_center). Da validare con almeno una seconda fonte.","country":"GB","city":"n/d","status":"unknown","site_category":"infrastructure","opened_year":null,"updated_at":"2026-09-23","confidence":"low","import_source":"osm_overpass","external_id":"osm/way/166407577","sources":[{"title":"OpenStreetMap / Overpass","url":"https://wiki.openstreetmap.org/wiki/Tag:telecom%3Ddata_center","accessed_at":"2026-09-23","note":"osm_id=166407577"}]}},{"type":"Feature","geometry":{"type":"Point","coordinates":[-0.7920692,53.0789763]},"properties":{"id":"dc_799","name":"Digital Space DC - Newark","type":"data_center","subtype":"colocation","operator":"Digital Space Group Limited","description_it":"Record da OpenStreetMap (tag data_center). Da validare con almeno una seconda fonte.","country":"GB","city":"Newark","status":"unknown","site_category":"infrastructure","opened_year":null,"updated_at":"2026-09-23","confidence":"low","import_source":"osm_overpass","external_id":"osm/way/200649197","sources":[{"title":"OpenStreetMap / Overpass","url":"https://wiki.openstreetmap.org/wiki/Tag:telecom%3Ddata_center","accessed_at":"2026-09-23","note":"osm_id=200649197"}]}},{"type":"Feature","geometry":{"type":"Point","coordinates":[-1.3100648,54.633291]},"properties":{"id":"dc_800","name":"DXC Wynyard Data Center","type":"data_center","subtype":"colocation","operator":"HPE","description_it":"Record da OpenStreetMap (tag data_center). Da validare con almeno una seconda fonte.","country":"GB","city":"n/d","status":"unknown","site_category":"infrastructure","opened_year":null,"updated_at":"2026-09-23","confidence":"low","import_source":"osm_overpass","external_id":"osm/way/201843176","sources":[{"title":"OpenStreetMap / Overpass","url":"https://wiki.openstreetmap.org/wiki/Tag:telecom%3Ddata_center","accessed_at":"2026-09-23","note":"osm_id=201843176"}]}},{"type":"Feature","geometry":{"type":"Point","coordinates":[-1.8214237,53.6938856]},"properties":{"id":"dc_801","name":"Redcentric Elland Data Centre","type":"data_center","subtype":"colocation","operator":"Redcentric","description_it":"Record da OpenStreetMap (tag data_center). Da validare con almeno una seconda fonte.","country":"GB","city":"Elland","status":"unknown","site_category":"infrastructure","opened_year":null,"updated_at":"2026-09-23","confidence":"low","import_source":"osm_overpass","external_id":"osm/way/202085268","sources":[{"title":"OpenStreetMap / Overpass","url":"https://wiki.openstreetmap.org/wiki/Tag:telecom%3Ddata_center","accessed_at":"2026-09-23","note":"osm_id=202085268"}]}},{"type":"Feature","geometry":{"type":"Point","coordinates":[-1.5734609,53.7830763]},"properties":{"id":"dc_802","name":"GridJet","type":"data_center","subtype":"colocation","operator":"Unknown","description_it":"Record da OpenStreetMap (tag data_center). Da validare con almeno una seconda fonte.","country":"GB","city":"Leeds","status":"unknown","site_category":"infrastructure","opened_year":null,"updated_at":"2026-09-23","confidence":"low","import_source":"osm_overpass","external_id":"osm/way/207831858","sources":[{"title":"OpenStreetMap / Overpass","url":"https://wiki.openstreetmap.org/wiki/Tag:telecom%3Ddata_center","accessed_at":"2026-09-23","note":"osm_id=207831858"}]}},{"type":"Feature","geometry":{"type":"Point","coordinates":[-1.2145155,53.0064897]},"properties":{"id":"dc_803","name":"nLighten Nottingham","type":"data_center","subtype":"colocation","operator":"nLighten","description_it":"Record da OpenStreetMap (tag data_center). Da validare con almeno una seconda fonte.","country":"GB","city":"Nottingham","status":"unknown","site_category":"infrastructure","opened_year":null,"updated_at":"2026-09-23","confidence":"low","import_source":"osm_overpass","external_id":"osm/way/220442829","sources":[{"title":"OpenStreetMap / Overpass","url":"https://wiki.openstreetmap.org/wiki/Tag:telecom%3Ddata_center","accessed_at":"2026-09-23","note":"osm_id=220442829"}]}},{"type":"Feature","geometry":{"type":"Point","coordinates":[-1.492008,53.4890823]},"properties":{"id":"dc_804","name":"HSBC Data Centre","type":"data_center","subtype":"colocation","operator":"HSBC","description_it":"Record da OpenStreetMap (tag data_center). Da validare con almeno una seconda fonte.","country":"GB","city":"n/d","status":"unknown","site_category":"infrastructure","opened_year":null,"updated_at":"2026-09-23","confidence":"low","import_source":"osm_overpass","external_id":"osm/way/231762788","sources":[{"title":"OpenStreetMap / Overpass","url":"https://wiki.openstreetmap.org/wiki/Tag:telecom%3Ddata_center","accessed_at":"2026-09-23","note":"osm_id=231762788"}]}},{"type":"Feature","geometry":{"type":"Point","coordinates":[-2.9295354,53.2452627]},"properties":{"id":"dc_805","name":"nLighten Chester","type":"data_center","subtype":"colocation","operator":"nLighten UK Ltd","description_it":"Record da OpenStreetMap (tag data_center). Da validare con almeno una seconda fonte.","country":"GB","city":"Chester","status":"unknown","site_category":"infrastructure","opened_year":null,"updated_at":"2026-09-23","confidence":"low","import_source":"osm_overpass","external_id":"osm/way/256764286","sources":[{"title":"OpenStreetMap / Overpass","url":"https://wiki.openstreetmap.org/wiki/Tag:telecom%3Ddata_center","accessed_at":"2026-09-23","note":"osm_id=256764286"}]}},{"type":"Feature","geometry":{"type":"Point","coordinates":[-1.1120203,53.5042725]},"properties":{"id":"dc_806","name":"Thales","type":"data_center","subtype":"colocation","operator":"Thales","description_it":"Record da OpenStreetMap (tag data_center). Da validare con almeno una seconda fonte.","country":"GB","city":"Doncaster","status":"unknown","site_category":"infrastructure","opened_year":null,"updated_at":"2026-09-23","confidence":"low","import_source":"osm_overpass","external_id":"osm/way/265076098","sources":[{"title":"OpenStreetMap / Overpass","url":"https://wiki.openstreetmap.org/wiki/Tag:telecom%3Ddata_center","accessed_at":"2026-09-23","note":"osm_id=265076098"}]}},{"type":"Feature","geometry":{"type":"Point","coordinates":[-1.377013,53.7034936]},"properties":{"id":"dc_807","name":"HSBC Wakefield Data Centre","type":"data_center","subtype":"colocation","operator":"Unknown","description_it":"Record da OpenStreetMap (tag data_center). Da validare con almeno una seconda fonte.","country":"GB","city":"n/d","status":"unknown","site_category":"infrastructure","opened_year":null,"updated_at":"2026-09-23","confidence":"low","import_source":"osm_overpass","external_id":"osm/way/314914896","sources":[{"title":"OpenStreetMap / Overpass","url":"https://wiki.openstreetmap.org/wiki/Tag:telecom%3Ddata_center","accessed_at":"2026-09-23","note":"osm_id=314914896"}]}},{"type":"Feature","geometry":{"type":"Point","coordinates":[-2.1790008,53.4082158]},"properties":{"id":"dc_808","name":"CDL Strata Campus Data Centre","type":"data_center","subtype":"colocation","operator":"Unknown","description_it":"Record da OpenStreetMap (tag data_center). Da validare con almeno una seconda fonte.","country":"GB","city":"n/d","status":"unknown","site_category":"infrastructure","opened_year":null,"updated_at":"2026-09-23","confidence":"low","import_source":"osm_overpass","external_id":"osm/way/620921953","sources":[{"title":"OpenStreetMap / Overpass","url":"https://wiki.openstreetmap.org/wiki/Tag:telecom%3Ddata_center","accessed_at":"2026-09-23","note":"osm_id=620921953"}]}},{"type":"Feature","geometry":{"type":"Point","coordinates":[-1.5039339,55.0171282]},"properties":{"id":"dc_809","name":"Stellium Newcastle Campus","type":"data_center","subtype":"colocation","operator":"Unknown","description_it":"Record da OpenStreetMap (tag data_center). Da validare con almeno una seconda fonte.","country":"GB","city":"Wallsend","status":"unknown","site_category":"infrastructure","opened_year":null,"updated_at":"2026-09-23","confidence":"low","import_source":"osm_overpass","external_id":"osm/way/749964337","sources":[{"title":"OpenStreetMap / Overpass","url":"https://wiki.openstreetmap.org/wiki/Tag:telecom%3Ddata_center","accessed_at":"2026-09-23","note":"osm_id=749964337"}]}},{"type":"Feature","geometry":{"type":"Point","coordinates":[-2.9733309,53.3433136]},"properties":{"id":"dc_810","name":"nLighten Edge Data Centre Liverpool","type":"data_center","subtype":"colocation","operator":"Unknown","description_it":"Record da OpenStreetMap (tag data_center). Da validare con almeno una seconda fonte.","country":"GB","city":"n/d","status":"unknown","site_category":"infrastructure","opened_year":null,"updated_at":"2026-09-23","confidence":"low","import_source":"osm_overpass","external_id":"osm/way/891871959","sources":[{"title":"OpenStreetMap / Overpass","url":"https://wiki.openstreetmap.org/wiki/Tag:telecom%3Ddata_center","accessed_at":"2026-09-23","note":"osm_id=891871959"}]}},{"type":"Feature","geometry":{"type":"Point","coordinates":[-2.3049271,53.5077832]},"properties":{"id":"dc_811","name":"Evolution @ Agecroft Commerce Park","type":"data_center","subtype":"colocation","operator":"Unknown","description_it":"Record da OpenStreetMap (tag data_center). Da validare con almeno una seconda fonte.","country":"GB","city":"n/d","status":"unknown","site_category":"infrastructure","opened_year":null,"updated_at":"2026-09-23","confidence":"low","import_source":"osm_overpass","external_id":"osm/way/981640451","sources":[{"title":"OpenStreetMap / Overpass","url":"https://wiki.openstreetmap.org/wiki/Tag:telecom%3Ddata_center","accessed_at":"2026-09-23","note":"osm_id=981640451"}]}},{"type":"Feature","geometry":{"type":"Point","coordinates":[-2.1601492,57.1525691]},"properties":{"id":"dc_812","name":"Brightsolid","type":"data_center","subtype":"colocation","operator":"brightsolid","description_it":"Record da OpenStreetMap (tag data_center). Da validare con almeno una seconda fonte.","country":"GB","city":"Aberdeen","status":"unknown","site_category":"infrastructure","opened_year":null,"updated_at":"2026-09-23","confidence":"low","import_source":"osm_overpass","external_id":"osm/node/9253910552","sources":[{"title":"OpenStreetMap / Overpass","url":"https://wiki.openstreetmap.org/wiki/Tag:telecom%3Ddata_center","accessed_at":"2026-09-23","note":"osm_id=9253910552"}]}},{"type":"Feature","geometry":{"type":"Point","coordinates":[-4.2651336,55.8613892]},"properties":{"id":"dc_813","name":"DataVita DV2","type":"data_center","subtype":"colocation","operator":"DataVita","description_it":"Record da OpenStreetMap (tag data_center). Da validare con almeno una seconda fonte.","country":"GB","city":"Glasgow","status":"unknown","site_category":"infrastructure","opened_year":null,"updated_at":"2026-09-23","confidence":"low","import_source":"osm_overpass","external_id":"osm/node/12300408592","sources":[{"title":"OpenStreetMap / Overpass","url":"https://wiki.openstreetmap.org/wiki/Tag:telecom%3Ddata_center","accessed_at":"2026-09-23","note":"osm_id=12300408592"}]}},{"type":"Feature","geometry":{"type":"Point","coordinates":[-3.2938083,55.9296911]},"properties":{"id":"dc_814","name":"Pulsant Edinburgh South Gyle SC-1","type":"data_center","subtype":"colocation","operator":"Pulsant","description_it":"Record da OpenStreetMap (tag data_center). Da validare con almeno una seconda fonte.","country":"GB","city":"Edinburgh","status":"unknown","site_category":"infrastructure","opened_year":null,"updated_at":"2026-09-23","confidence":"low","import_source":"osm_overpass","external_id":"osm/way/37943653","sources":[{"title":"OpenStreetMap / Overpass","url":"https://wiki.openstreetmap.org/wiki/Tag:telecom%3Ddata_center","accessed_at":"2026-09-23","note":"osm_id=37943653"}]}},{"type":"Feature","geometry":{"type":"Point","coordinates":[-3.0866159,55.8942976]},"properties":{"id":"dc_815","name":"RBS Melville Gate Data Centre","type":"data_center","subtype":"colocation","operator":"Natwest Group","description_it":"Record da OpenStreetMap (tag data_center). Da validare con almeno una seconda fonte.","country":"GB","city":"n/d","status":"unknown","site_category":"infrastructure","opened_year":null,"updated_at":"2026-09-23","confidence":"low","import_source":"osm_overpass","external_id":"osm/way/103765318","sources":[{"title":"OpenStreetMap / Overpass","url":"https://wiki.openstreetmap.org/wiki/Tag:telecom%3Ddata_center","accessed_at":"2026-09-23","note":"osm_id=103765318"}]}},{"type":"Feature","geometry":{"type":"Point","coordinates":[-4.2835487,55.8511347]},"properties":{"id":"dc_816","name":"iomart Glasgow Data Centre","type":"data_center","subtype":"colocation","operator":"iomart","description_it":"Record da OpenStreetMap (tag data_center). Da validare con almeno una seconda fonte.","country":"GB","city":"n/d","status":"unknown","site_category":"infrastructure","opened_year":null,"updated_at":"2026-09-23","confidence":"low","import_source":"osm_overpass","external_id":"osm/way/133868759","sources":[{"title":"OpenStreetMap / Overpass","url":"https://wiki.openstreetmap.org/wiki/Tag:telecom%3Ddata_center","accessed_at":"2026-09-23","note":"osm_id=133868759"}]}},{"type":"Feature","geometry":{"type":"Point","coordinates":[-3.4812859,55.8762813]},"properties":{"id":"dc_817","name":"Sungard Availability Services","type":"data_center","subtype":"colocation","operator":"Unknown","description_it":"Record da OpenStreetMap (tag data_center). Da validare con almeno una seconda fonte.","country":"GB","city":"n/d","status":"unknown","site_category":"infrastructure","opened_year":null,"updated_at":"2026-09-23","confidence":"low","import_source":"osm_overpass","external_id":"osm/way/153267622","sources":[{"title":"OpenStreetMap / Overpass","url":"https://wiki.openstreetmap.org/wiki/Tag:telecom%3Ddata_center","accessed_at":"2026-09-23","note":"osm_id=153267622"}]}},{"type":"Feature","geometry":{"type":"Point","coordinates":[-2.9011761,55.9451623]},"properties":{"id":"dc_818","name":"RBS Data Centre","type":"data_center","subtype":"colocation","operator":"NatWest Group","description_it":"Record da OpenStreetMap (tag data_center). Da validare con almeno una seconda fonte.","country":"GB","city":"n/d","status":"unknown","site_category":"infrastructure","opened_year":null,"updated_at":"2026-09-23","confidence":"low","import_source":"osm_overpass","external_id":"osm/way/191603111","sources":[{"title":"OpenStreetMap / Overpass","url":"https://wiki.openstreetmap.org/wiki/Tag:telecom%3Ddata_center","accessed_at":"2026-09-23","note":"osm_id=191603111"}]}},{"type":"Feature","geometry":{"type":"Point","coordinates":[-3.4096908,55.9293897]},"properties":{"id":"dc_819","name":"Edinburgh SC-3","type":"data_center","subtype":"colocation","operator":"Pulsant","description_it":"Record da OpenStreetMap (tag data_center). Da validare con almeno una seconda fonte.","country":"GB","city":"Edinburgh","status":"unknown","site_category":"infrastructure","opened_year":null,"updated_at":"2026-09-23","confidence":"low","import_source":"osm_overpass","external_id":"osm/way/251948724","sources":[{"title":"OpenStreetMap / Overpass","url":"https://wiki.openstreetmap.org/wiki/Tag:telecom%3Ddata_center","accessed_at":"2026-09-23","note":"osm_id=251948724"}]}},{"type":"Feature","geometry":{"type":"Point","coordinates":[-3.9525146,55.8344313]},"properties":{"id":"dc_820","name":"DataVita DV1","type":"data_center","subtype":"colocation","operator":"DataVita","description_it":"Record da OpenStreetMap (tag data_center). Da validare con almeno una seconda fonte.","country":"GB","city":"Airdrie","status":"unknown","site_category":"infrastructure","opened_year":null,"updated_at":"2026-09-23","confidence":"low","import_source":"osm_overpass","external_id":"osm/way/490844969","sources":[{"title":"OpenStreetMap / Overpass","url":"https://wiki.openstreetmap.org/wiki/Tag:telecom%3Ddata_center","accessed_at":"2026-09-23","note":"osm_id=490844969"}]}},{"type":"Feature","geometry":{"type":"Point","coordinates":[-4.1004178,55.7804481]},"properties":{"id":"dc_821","name":"Asanti Hamilton","type":"data_center","subtype":"colocation","operator":"Unknown","description_it":"Record da OpenStreetMap (tag data_center). Da validare con almeno una seconda fonte.","country":"GB","city":"Glasgow","status":"unknown","site_category":"infrastructure","opened_year":null,"updated_at":"2026-09-23","confidence":"low","import_source":"osm_overpass","external_id":"osm/way/633645074","sources":[{"title":"OpenStreetMap / Overpass","url":"https://wiki.openstreetmap.org/wiki/Tag:telecom%3Ddata_center","accessed_at":"2026-09-23","note":"osm_id=633645074"}]}},{"type":"Feature","geometry":{"type":"Point","coordinates":[-3.0376928,51.5556071]},"properties":{"id":"dc_822","name":"Centerprise International Newport","type":"data_center","subtype":"colocation","operator":"Unknown","description_it":"Record da OpenStreetMap (tag data_center). Da validare con almeno una seconda fonte.","country":"GB","city":"Newport","status":"unknown","site_category":"infrastructure","opened_year":null,"updated_at":"2026-09-23","confidence":"low","import_source":"osm_overpass","external_id":"osm/node/11161995738","sources":[{"title":"OpenStreetMap / Overpass","url":"https://wiki.openstreetmap.org/wiki/Tag:telecom%3Ddata_center","accessed_at":"2026-09-23","note":"osm_id=11161995738"}]}},{"type":"Feature","geometry":{"type":"Point","coordinates":[-3.2290026,51.6293335]},"properties":{"id":"dc_823","name":"Centerprise International (Distribution)","type":"data_center","subtype":"colocation","operator":"Centerprise International","description_it":"Record da OpenStreetMap (tag data_center). Da validare con almeno una seconda fonte.","country":"GB","city":"Ystrad Mynach","status":"unknown","site_category":"infrastructure","opened_year":null,"updated_at":"2026-09-23","confidence":"low","import_source":"osm_overpass","external_id":"osm/node/11162004018","sources":[{"title":"OpenStreetMap / Overpass","url":"https://wiki.openstreetmap.org/wiki/Tag:telecom%3Ddata_center","accessed_at":"2026-09-23","note":"osm_id=11162004018"}]}},{"type":"Feature","geometry":{"type":"Point","coordinates":[-0.0009807,51.5206017]},"properties":{"id":"dc_824","name":"Netwise London East","type":"data_center","subtype":"colocation","operator":"Netwise","description_it":"Record da OpenStreetMap (tag data_center). Da validare con almeno una seconda fonte.","country":"GB","city":"n/d","status":"unknown","site_category":"infrastructure","opened_year":null,"updated_at":"2026-09-23","confidence":"low","import_source":"osm_overpass","external_id":"osm/node/11640787539","sources":[{"title":"OpenStreetMap / Overpass","url":"https://wiki.openstreetmap.org/wiki/Tag:telecom%3Ddata_center","accessed_at":"2026-09-23","note":"osm_id=11640787539"}]}},{"type":"Feature","geometry":{"type":"Point","coordinates":[-1.7641017,51.5240279]},"properties":{"id":"dc_825","name":"AWS Swindon Data Centre","type":"data_center","subtype":"hyperscale","operator":"Amazon Web Services","description_it":"Record da OpenStreetMap classificato come hyperscale (operatore cloud/campus). Da validare con una seconda fonte.","country":"GB","city":"n/d","status":"unknown","site_category":"infrastructure","opened_year":null,"updated_at":"2026-09-23","confidence":"low","import_source":"osm_overpass","external_id":"osm/node/11902392009","sources":[{"title":"OpenStreetMap / Overpass","url":"https://wiki.openstreetmap.org/wiki/Tag:telecom%3Ddata_center","accessed_at":"2026-09-23","note":"osm_id=11902392009"}]}},{"type":"Feature","geometry":{"type":"Point","coordinates":[-1.2521857,51.759604]},"properties":{"id":"dc_826","name":"University Shared Data Centre","type":"data_center","subtype":"colocation","operator":"University of Oxford","description_it":"Record da OpenStreetMap (tag data_center). Da validare con almeno una seconda fonte.","country":"GB","city":"n/d","status":"unknown","site_category":"infrastructure","opened_year":null,"updated_at":"2026-09-23","confidence":"low","import_source":"osm_overpass","external_id":"osm/node/12512246491","sources":[{"title":"OpenStreetMap / Overpass","url":"https://wiki.openstreetmap.org/wiki/Tag:telecom%3Ddata_center","accessed_at":"2026-09-23","note":"osm_id=12512246491"}]}},{"type":"Feature","geometry":{"type":"Point","coordinates":[-2.5817485,51.5406763]},"properties":{"id":"dc_827","name":"nLighten Bristol","type":"data_center","subtype":"colocation","operator":"Unknown","description_it":"Record da OpenStreetMap (tag data_center). Da validare con almeno una seconda fonte.","country":"GB","city":"n/d","status":"unknown","site_category":"infrastructure","opened_year":null,"updated_at":"2026-09-23","confidence":"low","import_source":"osm_overpass","external_id":"osm/way/17663535","sources":[{"title":"OpenStreetMap / Overpass","url":"https://wiki.openstreetmap.org/wiki/Tag:telecom%3Ddata_center","accessed_at":"2026-09-23","note":"osm_id=17663535"}]}},{"type":"Feature","geometry":{"type":"Point","coordinates":[-0.2778211,51.528887]},"properties":{"id":"dc_828","name":"Equinix LD3","type":"data_center","subtype":"colocation","operator":"Equinix","description_it":"Record da OpenStreetMap (tag data_center). Da validare con almeno una seconda fonte.","country":"GB","city":"London","status":"unknown","site_category":"infrastructure","opened_year":null,"updated_at":"2026-09-23","confidence":"low","import_source":"osm_overpass","external_id":"osm/way/27618500","sources":[{"title":"OpenStreetMap / Overpass","url":"https://wiki.openstreetmap.org/wiki/Tag:telecom%3Ddata_center","accessed_at":"2026-09-23","note":"osm_id=27618500"}]}},{"type":"Feature","geometry":{"type":"Point","coordinates":[-0.1008144,51.5235766]},"properties":{"id":"dc_829","name":"Verne Global London Data Centre","type":"data_center","subtype":"colocation","operator":"Verne Global","description_it":"Record da OpenStreetMap (tag data_center). Da validare con almeno una seconda fonte.","country":"GB","city":"London","status":"unknown","site_category":"infrastructure","opened_year":null,"updated_at":"2026-09-23","confidence":"low","import_source":"osm_overpass","external_id":"osm/way/33503496","sources":[{"title":"OpenStreetMap / Overpass","url":"https://wiki.openstreetmap.org/wiki/Tag:telecom%3Ddata_center","accessed_at":"2026-09-23","note":"osm_id=33503496"}]}},{"type":"Feature","geometry":{"type":"Point","coordinates":[-0.0023135,51.5111949]},"properties":{"id":"dc_830","name":"Telehouse West","type":"data_center","subtype":"colocation","operator":"Telehouse","description_it":"Record da OpenStreetMap (tag data_center). Da validare con almeno una seconda fonte.","country":"GB","city":"London","status":"unknown","site_category":"infrastructure","opened_year":null,"updated_at":"2026-09-23","confidence":"low","import_source":"osm_overpass","external_id":"osm/way/34160179","sources":[{"title":"OpenStreetMap / Overpass","url":"https://wiki.openstreetmap.org/wiki/Tag:telecom%3Ddata_center","accessed_at":"2026-09-23","note":"osm_id=34160179"}]}},{"type":"Feature","geometry":{"type":"Point","coordinates":[-0.4288873,51.5013691]},"properties":{"id":"dc_831","name":"Rackspace London 8","type":"data_center","subtype":"colocation","operator":"Rackspace","description_it":"Record da OpenStreetMap (tag data_center). Da validare con almeno una seconda fonte.","country":"GB","city":"Hayes","status":"unknown","site_category":"infrastructure","opened_year":null,"updated_at":"2026-09-23","confidence":"low","import_source":"osm_overpass","external_id":"osm/way/37868350","sources":[{"title":"OpenStreetMap / Overpass","url":"https://wiki.openstreetmap.org/wiki/Tag:telecom%3Ddata_center","accessed_at":"2026-09-23","note":"osm_id=37868350"}]}},{"type":"Feature","geometry":{"type":"Point","coordinates":[-0.58812,51.5120622]},"properties":{"id":"dc_832","name":"Elasticity Slough","type":"data_center","subtype":"colocation","operator":"Elasticity","description_it":"Record da OpenStreetMap (tag data_center). Da validare con almeno una seconda fonte.","country":"GB","city":"Slough","status":"unknown","site_category":"infrastructure","opened_year":null,"updated_at":"2026-09-23","confidence":"low","import_source":"osm_overpass","external_id":"osm/way/37960145","sources":[{"title":"OpenStreetMap / Overpass","url":"https://wiki.openstreetmap.org/wiki/Tag:telecom%3Ddata_center","accessed_at":"2026-09-23","note":"osm_id=37960145"}]}},{"type":"Feature","geometry":{"type":"Point","coordinates":[-0.2308517,51.568191]},"properties":{"id":"dc_833","name":"LDeX 1","type":"data_center","subtype":"colocation","operator":"LDeX Group","description_it":"Record da OpenStreetMap (tag data_center). Da validare con almeno una seconda fonte.","country":"GB","city":"n/d","status":"unknown","site_category":"infrastructure","opened_year":null,"updated_at":"2026-09-23","confidence":"low","import_source":"osm_overpass","external_id":"osm/way/38242832","sources":[{"title":"OpenStreetMap / Overpass","url":"https://wiki.openstreetmap.org/wiki/Tag:telecom%3Ddata_center","accessed_at":"2026-09-23","note":"osm_id=38242832"}]}},{"type":"Feature","geometry":{"type":"Point","coordinates":[-0.2371879,51.5706229]},"properties":{"id":"dc_834","name":"Pure DC London Brent Cross","type":"data_center","subtype":"colocation","operator":"Pure DC","description_it":"Record da OpenStreetMap (tag data_center). Da validare con almeno una seconda fonte.","country":"GB","city":"n/d","status":"unknown","site_category":"infrastructure","opened_year":null,"updated_at":"2026-09-23","confidence":"low","import_source":"osm_overpass","external_id":"osm/way/38246899","sources":[{"title":"OpenStreetMap / Overpass","url":"https://wiki.openstreetmap.org/wiki/Tag:telecom%3Ddata_center","accessed_at":"2026-09-23","note":"osm_id=38246899"}]}},{"type":"Feature","geometry":{"type":"Point","coordinates":[-0.1803439,51.5189837]},"properties":{"id":"dc_835","name":"Visa London","type":"data_center","subtype":"colocation","operator":"Unknown","description_it":"Record da OpenStreetMap (tag data_center). Da validare con almeno una seconda fonte.","country":"GB","city":"London","status":"unknown","site_category":"infrastructure","opened_year":null,"updated_at":"2026-09-23","confidence":"low","import_source":"osm_overpass","external_id":"osm/way/42031440","sources":[{"title":"OpenStreetMap / Overpass","url":"https://wiki.openstreetmap.org/wiki/Tag:telecom%3Ddata_center","accessed_at":"2026-09-23","note":"osm_id=42031440"}]}},{"type":"Feature","geometry":{"type":"Point","coordinates":[-0.1503563,51.6514619]},"properties":{"id":"dc_836","name":"Soverign Data Centre - Metro Point","type":"data_center","subtype":"colocation","operator":"Sovereign Business Integration Group","description_it":"Record da OpenStreetMap (tag data_center). Da validare con almeno una seconda fonte.","country":"GB","city":"Barnet","status":"unknown","site_category":"infrastructure","opened_year":null,"updated_at":"2026-09-23","confidence":"low","import_source":"osm_overpass","external_id":"osm/way/43126267","sources":[{"title":"OpenStreetMap / Overpass","url":"https://wiki.openstreetmap.org/wiki/Tag:telecom%3Ddata_center","accessed_at":"2026-09-23","note":"osm_id=43126267"}]}},{"type":"Feature","geometry":{"type":"Point","coordinates":[-0.1000954,51.5289786]},"properties":{"id":"dc_837","name":"Stellanor London North","type":"data_center","subtype":"colocation","operator":"Stellanor Data Centers","description_it":"Record da OpenStreetMap (tag data_center). Da validare con almeno una seconda fonte.","country":"GB","city":"London","status":"unknown","site_category":"infrastructure","opened_year":null,"updated_at":"2026-09-23","confidence":"low","import_source":"osm_overpass","external_id":"osm/way/44107140","sources":[{"title":"OpenStreetMap / Overpass","url":"https://wiki.openstreetmap.org/wiki/Tag:telecom%3Ddata_center","accessed_at":"2026-09-23","note":"osm_id=44107140"}]}},{"type":"Feature","geometry":{"type":"Point","coordinates":[-0.2558878,51.5314309]},"properties":{"id":"dc_838","name":"Equinix LD9","type":"data_center","subtype":"colocation","operator":"Equinix","description_it":"Record da OpenStreetMap (tag data_center). Da validare con almeno una seconda fonte.","country":"GB","city":"n/d","status":"unknown","site_category":"infrastructure","opened_year":null,"updated_at":"2026-09-23","confidence":"low","import_source":"osm_overpass","external_id":"osm/way/45131691","sources":[{"title":"OpenStreetMap / Overpass","url":"https://wiki.openstreetmap.org/wiki/Tag:telecom%3Ddata_center","accessed_at":"2026-09-23","note":"osm_id=45131691"}]}},{"type":"Feature","geometry":{"type":"Point","coordinates":[-0.7254074,51.5287467]},"properties":{"id":"dc_839","name":"Spectrum House","type":"data_center","subtype":"colocation","operator":"Unknown","description_it":"Record da OpenStreetMap (tag data_center). Da validare con almeno una seconda fonte.","country":"GB","city":"Maidenhead","status":"unknown","site_category":"infrastructure","opened_year":null,"updated_at":"2026-09-23","confidence":"low","import_source":"osm_overpass","external_id":"osm/way/49695385","sources":[{"title":"OpenStreetMap / Overpass","url":"https://wiki.openstreetmap.org/wiki/Tag:telecom%3Ddata_center","accessed_at":"2026-09-23","note":"osm_id=49695385"}]}},{"type":"Feature","geometry":{"type":"Point","coordinates":[-0.4427836,51.7647283]},"properties":{"id":"dc_840","name":"NTT Hemel Hempstead 2","type":"data_center","subtype":"colocation","operator":"NTT","description_it":"Record da OpenStreetMap (tag data_center). Da validare con almeno una seconda fonte.","country":"GB","city":"Hemel Hempstead","status":"unknown","site_category":"infrastructure","opened_year":null,"updated_at":"2026-09-23","confidence":"low","import_source":"osm_overpass","external_id":"osm/way/61995368","sources":[{"title":"OpenStreetMap / Overpass","url":"https://wiki.openstreetmap.org/wiki/Tag:telecom%3Ddata_center","accessed_at":"2026-09-23","note":"osm_id=61995368"}]}},{"type":"Feature","geometry":{"type":"Point","coordinates":[-0.6189727,51.5200864]},"properties":{"id":"dc_841","name":"Rackspace London Slough (LON3)","type":"data_center","subtype":"colocation","operator":"Rackspace","description_it":"Record da OpenStreetMap (tag data_center). Da validare con almeno una seconda fonte.","country":"GB","city":"n/d","status":"unknown","site_category":"infrastructure","opened_year":null,"updated_at":"2026-09-23","confidence":"low","import_source":"osm_overpass","external_id":"osm/way/81633700","sources":[{"title":"OpenStreetMap / Overpass","url":"https://wiki.openstreetmap.org/wiki/Tag:telecom%3Ddata_center","accessed_at":"2026-09-23","note":"osm_id=81633700"}]}},{"type":"Feature","geometry":{"type":"Point","coordinates":[-0.6292251,51.5220008]},"properties":{"id":"dc_842","name":"Equinix LD5","type":"data_center","subtype":"colocation","operator":"Equinix","description_it":"Record da OpenStreetMap (tag data_center). Da validare con almeno una seconda fonte.","country":"GB","city":"Slough","status":"unknown","site_category":"infrastructure","opened_year":null,"updated_at":"2026-09-23","confidence":"low","import_source":"osm_overpass","external_id":"osm/way/86528807","sources":[{"title":"OpenStreetMap / Overpass","url":"https://wiki.openstreetmap.org/wiki/Tag:telecom%3Ddata_center","accessed_at":"2026-09-23","note":"osm_id=86528807"}]}},{"type":"Feature","geometry":{"type":"Point","coordinates":[-0.1835561,51.799948]},"properties":{"id":"dc_843","name":"Colt London North Data Centre","type":"data_center","subtype":"colocation","operator":"Colt","description_it":"Record da OpenStreetMap (tag data_center). Da validare con almeno una seconda fonte.","country":"GB","city":"Welwyn Garden City","status":"unknown","site_category":"infrastructure","opened_year":null,"updated_at":"2026-09-23","confidence":"low","import_source":"osm_overpass","external_id":"osm/way/98134606","sources":[{"title":"OpenStreetMap / Overpass","url":"https://wiki.openstreetmap.org/wiki/Tag:telecom%3Ddata_center","accessed_at":"2026-09-23","note":"osm_id=98134606"}]}},{"type":"Feature","geometry":{"type":"Point","coordinates":[-0.0724737,51.513946]},"properties":{"id":"dc_844","name":"Stellanor London East","type":"data_center","subtype":"colocation","operator":"Stellanor Data Centers","description_it":"Record da OpenStreetMap (tag data_center). Da validare con almeno una seconda fonte.","country":"GB","city":"London","status":"unknown","site_category":"infrastructure","opened_year":null,"updated_at":"2026-09-23","confidence":"low","import_source":"osm_overpass","external_id":"osm/way/100299967","sources":[{"title":"OpenStreetMap / Overpass","url":"https://wiki.openstreetmap.org/wiki/Tag:telecom%3Ddata_center","accessed_at":"2026-09-23","note":"osm_id=100299967"}]}},{"type":"Feature","geometry":{"type":"Point","coordinates":[-0.0414604,51.6195253]},"properties":{"id":"dc_845","name":"Ark Data Centres Meridian Park","type":"data_center","subtype":"colocation","operator":"Ark Data Centres","description_it":"Record da OpenStreetMap (tag data_center). Da validare con almeno una seconda fonte.","country":"GB","city":"London","status":"unknown","site_category":"infrastructure","opened_year":null,"updated_at":"2026-09-23","confidence":"low","import_source":"osm_overpass","external_id":"osm/way/131474700","sources":[{"title":"OpenStreetMap / Overpass","url":"https://wiki.openstreetmap.org/wiki/Tag:telecom%3Ddata_center","accessed_at":"2026-09-23","note":"osm_id=131474700"}]}},{"type":"Feature","geometry":{"type":"Point","coordinates":[-0.0828809,51.5229321]},"properties":{"id":"dc_846","name":"Redcentric London City","type":"data_center","subtype":"colocation","operator":"Redcentric","description_it":"Record da OpenStreetMap (tag data_center). Da validare con almeno una seconda fonte.","country":"GB","city":"London","status":"unknown","site_category":"infrastructure","opened_year":null,"updated_at":"2026-09-23","confidence":"low","import_source":"osm_overpass","external_id":"osm/way/164527297","sources":[{"title":"OpenStreetMap / Overpass","url":"https://wiki.openstreetmap.org/wiki/Tag:telecom%3Ddata_center","accessed_at":"2026-09-23","note":"osm_id=164527297"}]}},{"type":"Feature","geometry":{"type":"Point","coordinates":[-1.8471367,51.5515096]},"properties":{"id":"dc_847","name":"Vodafone","type":"data_center","subtype":"colocation","operator":"Unknown","description_it":"Record da OpenStreetMap (tag data_center). Da validare con almeno una seconda fonte.","country":"GB","city":"Swindon","status":"unknown","site_category":"infrastructure","opened_year":null,"updated_at":"2026-09-23","confidence":"low","import_source":"osm_overpass","external_id":"osm/way/166184193","sources":[{"title":"OpenStreetMap / Overpass","url":"https://wiki.openstreetmap.org/wiki/Tag:telecom%3Ddata_center","accessed_at":"2026-09-23","note":"osm_id=166184193"}]}},{"type":"Feature","geometry":{"type":"Point","coordinates":[-1.8367418,51.5722231]},"properties":{"id":"dc_848","name":"Nationwide Swindon Technology Centre","type":"data_center","subtype":"colocation","operator":"Nationwide Building Society","description_it":"Record da OpenStreetMap (tag data_center). Da validare con almeno una seconda fonte.","country":"GB","city":"Swindon","status":"unknown","site_category":"infrastructure","opened_year":null,"updated_at":"2026-09-23","confidence":"low","import_source":"osm_overpass","external_id":"osm/way/166184208","sources":[{"title":"OpenStreetMap / Overpass","url":"https://wiki.openstreetmap.org/wiki/Tag:telecom%3Ddata_center","accessed_at":"2026-09-23","note":"osm_id=166184208"}]}},{"type":"Feature","geometry":{"type":"Point","coordinates":[-0.2068599,51.9812122]},"properties":{"id":"dc_849","name":"Starwood House","type":"data_center","subtype":"colocation","operator":"Tesco","description_it":"Record da OpenStreetMap (tag data_center). Da validare con almeno una seconda fonte.","country":"GB","city":"n/d","status":"unknown","site_category":"infrastructure","opened_year":null,"updated_at":"2026-09-23","confidence":"low","import_source":"osm_overpass","external_id":"osm/way/178312270","sources":[{"title":"OpenStreetMap / Overpass","url":"https://wiki.openstreetmap.org/wiki/Tag:telecom%3Ddata_center","accessed_at":"2026-09-23","note":"osm_id=178312270"}]}},{"type":"Feature","geometry":{"type":"Point","coordinates":[-0.1864269,51.8078965]},"properties":{"id":"dc_850","name":"Hertfordshire Data Centre","type":"data_center","subtype":"colocation","operator":"CapitaLand Ascendas REIT","description_it":"Record da OpenStreetMap (tag data_center). Da validare con almeno una seconda fonte.","country":"GB","city":"Welwyn Garden City","status":"unknown","site_category":"infrastructure","opened_year":null,"updated_at":"2026-09-23","confidence":"low","import_source":"osm_overpass","external_id":"osm/way/179698364","sources":[{"title":"OpenStreetMap / Overpass","url":"https://wiki.openstreetmap.org/wiki/Tag:telecom%3Ddata_center","accessed_at":"2026-09-23","note":"osm_id=179698364"}]}},{"type":"Feature","geometry":{"type":"Point","coordinates":[-1.3153016,51.5740371]},"properties":{"id":"dc_851","name":"R89","type":"data_center","subtype":"colocation","operator":"Unknown","description_it":"Record da OpenStreetMap (tag data_center). Da validare con almeno una seconda fonte.","country":"GB","city":"Didcot","status":"unknown","site_category":"infrastructure","opened_year":null,"updated_at":"2026-09-23","confidence":"low","import_source":"osm_overpass","external_id":"osm/way/200338749","sources":[{"title":"OpenStreetMap / Overpass","url":"https://wiki.openstreetmap.org/wiki/Tag:telecom%3Ddata_center","accessed_at":"2026-09-23","note":"osm_id=200338749"}]}},{"type":"Feature","geometry":{"type":"Point","coordinates":[-0.3206157,51.770102]},"properties":{"id":"dc_852","name":"BT Computer Centre","type":"data_center","subtype":"colocation","operator":"Unknown","description_it":"Record da OpenStreetMap (tag data_center). Da validare con almeno una seconda fonte.","country":"GB","city":"St Albans","status":"unknown","site_category":"infrastructure","opened_year":null,"updated_at":"2026-09-23","confidence":"low","import_source":"osm_overpass","external_id":"osm/way/203500066","sources":[{"title":"OpenStreetMap / Overpass","url":"https://wiki.openstreetmap.org/wiki/Tag:telecom%3Ddata_center","accessed_at":"2026-09-23","note":"osm_id=203500066"}]}},{"type":"Feature","geometry":{"type":"Point","coordinates":[-0.3366447,51.5425077]},"properties":{"id":"dc_853","name":"Kyndryl UK Ltd","type":"data_center","subtype":"colocation","operator":"Unknown","description_it":"Record da OpenStreetMap (tag data_center). Da validare con almeno una seconda fonte.","country":"GB","city":"n/d","status":"unknown","site_category":"infrastructure","opened_year":null,"updated_at":"2026-09-23","confidence":"low","import_source":"osm_overpass","external_id":"osm/way/218905097","sources":[{"title":"OpenStreetMap / Overpass","url":"https://wiki.openstreetmap.org/wiki/Tag:telecom%3Ddata_center","accessed_at":"2026-09-23","note":"osm_id=218905097"}]}},{"type":"Feature","geometry":{"type":"Point","coordinates":[-0.4463277,51.5027785]},"properties":{"id":"dc_854","name":"CyrusOne LON2","type":"data_center","subtype":"hyperscale","operator":"CyrusOne","description_it":"Record da OpenStreetMap classificato come hyperscale (operatore cloud/campus). Da validare con una seconda fonte.","country":"GB","city":"West Drayton","status":"unknown","site_category":"infrastructure","opened_year":null,"updated_at":"2026-09-23","confidence":"low","import_source":"osm_overpass","external_id":"osm/way/221131413","sources":[{"title":"OpenStreetMap / Overpass","url":"https://wiki.openstreetmap.org/wiki/Tag:telecom%3Ddata_center","accessed_at":"2026-09-23","note":"osm_id=221131413"}]}},{"type":"Feature","geometry":{"type":"Point","coordinates":[-0.3639385,51.5453478]},"properties":{"id":"dc_855","name":"Kao Data KLON-05","type":"data_center","subtype":"colocation","operator":"Kao Data","description_it":"Record da OpenStreetMap (tag data_center). Da validare con almeno una seconda fonte.","country":"GB","city":"n/d","status":"unknown","site_category":"infrastructure","opened_year":null,"updated_at":"2026-09-23","confidence":"low","import_source":"osm_overpass","external_id":"osm/way/222789497","sources":[{"title":"OpenStreetMap / Overpass","url":"https://wiki.openstreetmap.org/wiki/Tag:telecom%3Ddata_center","accessed_at":"2026-09-23","note":"osm_id=222789497"}]}},{"type":"Feature","geometry":{"type":"Point","coordinates":[-0.6378088,51.5249468]},"properties":{"id":"dc_856","name":"Virgin Media O2 Slough","type":"data_center","subtype":"colocation","operator":"Virgin Media","description_it":"Record da OpenStreetMap (tag data_center). Da validare con almeno una seconda fonte.","country":"GB","city":"n/d","status":"unknown","site_category":"infrastructure","opened_year":null,"updated_at":"2026-09-23","confidence":"low","import_source":"osm_overpass","external_id":"osm/way/225909384","sources":[{"title":"OpenStreetMap / Overpass","url":"https://wiki.openstreetmap.org/wiki/Tag:telecom%3Ddata_center","accessed_at":"2026-09-23","note":"osm_id=225909384"}]}},{"type":"Feature","geometry":{"type":"Point","coordinates":[-0.0553626,51.6519012]},"properties":{"id":"dc_857","name":"Virtus LONDON1","type":"data_center","subtype":"colocation","operator":"Unknown","description_it":"Record da OpenStreetMap (tag data_center). Da validare con almeno una seconda fonte.","country":"GB","city":"Enfield","status":"unknown","site_category":"infrastructure","opened_year":null,"updated_at":"2026-09-23","confidence":"low","import_source":"osm_overpass","external_id":"osm/way/240952254","sources":[{"title":"OpenStreetMap / Overpass","url":"https://wiki.openstreetmap.org/wiki/Tag:telecom%3Ddata_center","accessed_at":"2026-09-23","note":"osm_id=240952254"}]}},{"type":"Feature","geometry":{"type":"Point","coordinates":[-0.0731386,51.5215881]},"properties":{"id":"dc_858","name":"Digital Realty London LON3","type":"data_center","subtype":"colocation","operator":"Digital Realty","description_it":"Record da OpenStreetMap (tag data_center). Da validare con almeno una seconda fonte.","country":"GB","city":"London","status":"unknown","site_category":"infrastructure","opened_year":null,"updated_at":"2026-09-23","confidence":"low","import_source":"osm_overpass","external_id":"osm/way/270426364","sources":[{"title":"OpenStreetMap / Overpass","url":"https://wiki.openstreetmap.org/wiki/Tag:telecom%3Ddata_center","accessed_at":"2026-09-23","note":"osm_id=270426364"}]}},{"type":"Feature","geometry":{"type":"Point","coordinates":[-0.6162721,51.51557]},"properties":{"id":"dc_859","name":"Kao Data KLON-06","type":"data_center","subtype":"colocation","operator":"Kao Data","description_it":"Record da OpenStreetMap (tag data_center). Da validare con almeno una seconda fonte.","country":"GB","city":"Slough","status":"unknown","site_category":"infrastructure","opened_year":null,"updated_at":"2026-09-23","confidence":"low","import_source":"osm_overpass","external_id":"osm/way/447245009","sources":[{"title":"OpenStreetMap / Overpass","url":"https://wiki.openstreetmap.org/wiki/Tag:telecom%3Ddata_center","accessed_at":"2026-09-23","note":"osm_id=447245009"}]}},{"type":"Feature","geometry":{"type":"Point","coordinates":[-0.4271464,51.5067717]},"properties":{"id":"dc_860","name":"UBS Data Centre","type":"data_center","subtype":"colocation","operator":"UBS","description_it":"Record da OpenStreetMap (tag data_center). Da validare con almeno una seconda fonte.","country":"GB","city":"Hayes","status":"unknown","site_category":"infrastructure","opened_year":null,"updated_at":"2026-09-23","confidence":"low","import_source":"osm_overpass","external_id":"osm/way/459589221","sources":[{"title":"OpenStreetMap / Overpass","url":"https://wiki.openstreetmap.org/wiki/Tag:telecom%3Ddata_center","accessed_at":"2026-09-23","note":"osm_id=459589221"}]}},{"type":"Feature","geometry":{"type":"Point","coordinates":[-0.4276473,51.6428492]},"properties":{"id":"dc_861","name":"The Chess Building","type":"data_center","subtype":"colocation","operator":"CapitaLand Ascendas REIT","description_it":"Record da OpenStreetMap (tag data_center). Da validare con almeno una seconda fonte.","country":"GB","city":"Watford","status":"unknown","site_category":"infrastructure","opened_year":null,"updated_at":"2026-09-23","confidence":"low","import_source":"osm_overpass","external_id":"osm/way/460246772","sources":[{"title":"OpenStreetMap / Overpass","url":"https://wiki.openstreetmap.org/wiki/Tag:telecom%3Ddata_center","accessed_at":"2026-09-23","note":"osm_id=460246772"}]}},{"type":"Feature","geometry":{"type":"Point","coordinates":[-2.4858019,51.8715292]},"properties":{"id":"dc_862","name":"DXC Technology","type":"data_center","subtype":"colocation","operator":"Unknown","description_it":"Record da OpenStreetMap (tag data_center). Da validare con almeno una seconda fonte.","country":"GB","city":"Mitcheldean","status":"unknown","site_category":"infrastructure","opened_year":null,"updated_at":"2026-09-23","confidence":"low","import_source":"osm_overpass","external_id":"osm/way/510493859","sources":[{"title":"OpenStreetMap / Overpass","url":"https://wiki.openstreetmap.org/wiki/Tag:telecom%3Ddata_center","accessed_at":"2026-09-23","note":"osm_id=510493859"}]}},{"type":"Feature","geometry":{"type":"Point","coordinates":[-1.7301983,51.6020084]},"properties":{"id":"dc_863","name":"nLighten Swindon","type":"data_center","subtype":"colocation","operator":"Unknown","description_it":"Record da OpenStreetMap (tag data_center). Da validare con almeno una seconda fonte.","country":"GB","city":"n/d","status":"unknown","site_category":"infrastructure","opened_year":null,"updated_at":"2026-09-23","confidence":"low","import_source":"osm_overpass","external_id":"osm/way/558958575","sources":[{"title":"OpenStreetMap / Overpass","url":"https://wiki.openstreetmap.org/wiki/Tag:telecom%3Ddata_center","accessed_at":"2026-09-23","note":"osm_id=558958575"}]}},{"type":"Feature","geometry":{"type":"Point","coordinates":[-0.4364535,51.7620214]},"properties":{"id":"dc_864","name":"NTT Hemel Hempstead 3","type":"data_center","subtype":"colocation","operator":"Unknown","description_it":"Record da OpenStreetMap (tag data_center). Da validare con almeno una seconda fonte.","country":"GB","city":"Hemel Hempstead","status":"unknown","site_category":"infrastructure","opened_year":null,"updated_at":"2026-09-23","confidence":"low","import_source":"osm_overpass","external_id":"osm/way/595216849","sources":[{"title":"OpenStreetMap / Overpass","url":"https://wiki.openstreetmap.org/wiki/Tag:telecom%3Ddata_center","accessed_at":"2026-09-23","note":"osm_id=595216849"}]}},{"type":"Feature","geometry":{"type":"Point","coordinates":[-0.4538102,51.5105687]},"properties":{"id":"dc_865","name":"Virtus London6","type":"data_center","subtype":"colocation","operator":"Virtus","description_it":"Record da OpenStreetMap (tag data_center). Da validare con almeno una seconda fonte.","country":"GB","city":"n/d","status":"unknown","site_category":"infrastructure","opened_year":null,"updated_at":"2026-09-23","confidence":"low","import_source":"osm_overpass","external_id":"osm/way/705085805","sources":[{"title":"OpenStreetMap / Overpass","url":"https://wiki.openstreetmap.org/wiki/Tag:telecom%3Ddata_center","accessed_at":"2026-09-23","note":"osm_id=705085805"}]}},{"type":"Feature","geometry":{"type":"Point","coordinates":[-0.2608292,51.5347469]},"properties":{"id":"dc_866","name":"Options Park Royal Data Centre","type":"data_center","subtype":"colocation","operator":"Options Technology Ltd.","description_it":"Record da OpenStreetMap (tag data_center). Da validare con almeno una seconda fonte.","country":"GB","city":"London","status":"unknown","site_category":"infrastructure","opened_year":null,"updated_at":"2026-09-23","confidence":"low","import_source":"osm_overpass","external_id":"osm/way/706624099","sources":[{"title":"OpenStreetMap / Overpass","url":"https://wiki.openstreetmap.org/wiki/Tag:telecom%3Ddata_center","accessed_at":"2026-09-23","note":"osm_id=706624099"}]}},{"type":"Feature","geometry":{"type":"Point","coordinates":[-0.6289481,51.5165511]},"properties":{"id":"dc_867","name":"CryrusOne LON4","type":"data_center","subtype":"hyperscale","operator":"CyrusOne","description_it":"Record da OpenStreetMap classificato come hyperscale (operatore cloud/campus). Da validare con una seconda fonte.","country":"GB","city":"Slough","status":"unknown","site_category":"infrastructure","opened_year":null,"updated_at":"2026-09-23","confidence":"low","import_source":"osm_overpass","external_id":"osm/way/787209296","sources":[{"title":"OpenStreetMap / Overpass","url":"https://wiki.openstreetmap.org/wiki/Tag:telecom%3Ddata_center","accessed_at":"2026-09-23","note":"osm_id=787209296"}]}},{"type":"Feature","geometry":{"type":"Point","coordinates":[-0.0488561,51.6961913]},"properties":{"id":"dc_868","name":"Google Datacentre Waltham Cross","type":"data_center","subtype":"hyperscale","operator":"Google","description_it":"Record da OpenStreetMap classificato come hyperscale (operatore cloud/campus). Da validare con una seconda fonte.","country":"GB","city":"n/d","status":"unknown","site_category":"infrastructure","opened_year":null,"updated_at":"2026-09-23","confidence":"low","import_source":"osm_overpass","external_id":"osm/way/795170874","sources":[{"title":"OpenStreetMap / Overpass","url":"https://wiki.openstreetmap.org/wiki/Tag:telecom%3Ddata_center","accessed_at":"2026-09-23","note":"osm_id=795170874"}]}},{"type":"Feature","geometry":{"type":"Point","coordinates":[-0.4292808,51.7572082]},"properties":{"id":"dc_869","name":"NTT Hemel Hempstead 4","type":"data_center","subtype":"colocation","operator":"NTT","description_it":"Record da OpenStreetMap (tag data_center). Da validare con almeno una seconda fonte.","country":"GB","city":"Hemel Hempstead","status":"unknown","site_category":"infrastructure","opened_year":null,"updated_at":"2026-09-23","confidence":"low","import_source":"osm_overpass","external_id":"osm/way/989525011","sources":[{"title":"OpenStreetMap / Overpass","url":"https://wiki.openstreetmap.org/wiki/Tag:telecom%3Ddata_center","accessed_at":"2026-09-23","note":"osm_id=989525011"}]}},{"type":"Feature","geometry":{"type":"Point","coordinates":[-3.0404591,51.5509775]},"properties":{"id":"dc_870","name":"Microsoft Newport data centre","type":"data_center","subtype":"hyperscale","operator":"Microsoft","description_it":"Record da OpenStreetMap classificato come hyperscale (operatore cloud/campus). Da validare con una seconda fonte.","country":"GB","city":"Newport","status":"unknown","site_category":"infrastructure","opened_year":null,"updated_at":"2026-09-23","confidence":"low","import_source":"osm_overpass","external_id":"osm/way/1213266502","sources":[{"title":"OpenStreetMap / Overpass","url":"https://wiki.openstreetmap.org/wiki/Tag:telecom%3Ddata_center","accessed_at":"2026-09-23","note":"osm_id=1213266502"}]}},{"type":"Feature","geometry":{"type":"Point","coordinates":[-1.2615655,51.6173524]},"properties":{"id":"dc_871","name":"AWS Didcot Data Centre","type":"data_center","subtype":"hyperscale","operator":"Amazon Web Services","description_it":"Record da OpenStreetMap classificato come hyperscale (operatore cloud/campus). Da validare con una seconda fonte.","country":"GB","city":"n/d","status":"unknown","site_category":"infrastructure","opened_year":null,"updated_at":"2026-09-23","confidence":"low","import_source":"osm_overpass","external_id":"osm/way/1270223634","sources":[{"title":"OpenStreetMap / Overpass","url":"https://wiki.openstreetmap.org/wiki/Tag:telecom%3Ddata_center","accessed_at":"2026-09-23","note":"osm_id=1270223634"}]}},{"type":"Feature","geometry":{"type":"Point","coordinates":[-0.394089,51.5095591]},"properties":{"id":"dc_872","name":"Colt London 4","type":"data_center","subtype":"colocation","operator":"Colt Data Centre Services","description_it":"Record da OpenStreetMap (tag data_center). Da validare con almeno una seconda fonte.","country":"GB","city":"n/d","status":"unknown","site_category":"infrastructure","opened_year":null,"updated_at":"2026-09-23","confidence":"low","import_source":"osm_overpass","external_id":"osm/way/1495920404","sources":[{"title":"OpenStreetMap / Overpass","url":"https://wiki.openstreetmap.org/wiki/Tag:telecom%3Ddata_center","accessed_at":"2026-09-23","note":"osm_id=1495920404"}]}},{"type":"Feature","geometry":{"type":"Point","coordinates":[-0.3099253,51.5128133]},"properties":{"id":"dc_873","name":"Redwire","type":"data_center","subtype":"colocation","operator":"Unknown","description_it":"Record da OpenStreetMap (tag data_center). Da validare con almeno una seconda fonte.","country":"GB","city":"n/d","status":"unknown","site_category":"infrastructure","opened_year":null,"updated_at":"2026-09-23","confidence":"low","import_source":"osm_overpass","external_id":"osm/way/1543080891","sources":[{"title":"OpenStreetMap / Overpass","url":"https://wiki.openstreetmap.org/wiki/Tag:telecom%3Ddata_center","accessed_at":"2026-09-23","note":"osm_id=1543080891"}]}},{"type":"Feature","geometry":{"type":"Point","coordinates":[-0.1321309,51.5377102]},"properties":{"id":"dc_874","name":"Verizon UK5","type":"data_center","subtype":"colocation","operator":"Verizon","description_it":"Record da OpenStreetMap (tag data_center). Da validare con almeno una seconda fonte.","country":"GB","city":"London","status":"unknown","site_category":"infrastructure","opened_year":null,"updated_at":"2026-09-23","confidence":"low","import_source":"osm_overpass","external_id":"osm/way/1545872018","sources":[{"title":"OpenStreetMap / Overpass","url":"https://wiki.openstreetmap.org/wiki/Tag:telecom%3Ddata_center","accessed_at":"2026-09-23","note":"osm_id=1545872018"}]}},{"type":"Feature","geometry":{"type":"Point","coordinates":[0.0019607,51.515406]},"properties":{"id":"dc_875","name":"IP House London Datacentre","type":"data_center","subtype":"colocation","operator":"IP House","description_it":"Record da OpenStreetMap (tag data_center). Da validare con almeno una seconda fonte.","country":"GB","city":"London","status":"unknown","site_category":"infrastructure","opened_year":null,"updated_at":"2026-09-23","confidence":"low","import_source":"osm_overpass","external_id":"osm/way/270023895","sources":[{"title":"OpenStreetMap / Overpass","url":"https://wiki.openstreetmap.org/wiki/Tag:telecom%3Ddata_center","accessed_at":"2026-09-23","note":"osm_id=270023895"}]}},{"type":"Feature","geometry":{"type":"Point","coordinates":[0.1292881,51.7691716]},"properties":{"id":"dc_876","name":"Kao Data KLON-01","type":"data_center","subtype":"colocation","operator":"Kao Data","description_it":"Record da OpenStreetMap (tag data_center). Da validare con almeno una seconda fonte.","country":"GB","city":"n/d","status":"unknown","site_category":"infrastructure","opened_year":null,"updated_at":"2026-09-23","confidence":"low","import_source":"osm_overpass","external_id":"osm/way/699790674","sources":[{"title":"OpenStreetMap / Overpass","url":"https://wiki.openstreetmap.org/wiki/Tag:telecom%3Ddata_center","accessed_at":"2026-09-23","note":"osm_id=699790674"}]}},{"type":"Feature","geometry":{"type":"Point","coordinates":[0.1758028,51.547372]},"properties":{"id":"dc_877","name":"NTT London 1","type":"data_center","subtype":"colocation","operator":"NTT","description_it":"Record da OpenStreetMap (tag data_center). Da validare con almeno una seconda fonte.","country":"GB","city":"n/d","status":"unknown","site_category":"infrastructure","opened_year":null,"updated_at":"2026-09-23","confidence":"low","import_source":"osm_overpass","external_id":"osm/way/825504801","sources":[{"title":"OpenStreetMap / Overpass","url":"https://wiki.openstreetmap.org/wiki/Tag:telecom%3Ddata_center","accessed_at":"2026-09-23","note":"osm_id=825504801"}]}},{"type":"Feature","geometry":{"type":"Point","coordinates":[0.0233541,51.5166504]},"properties":{"id":"dc_878","name":"Virtual Internet UK","type":"data_center","subtype":"colocation","operator":"Unknown","description_it":"Record da OpenStreetMap (tag data_center). Da validare con almeno una seconda fonte.","country":"GB","city":"London","status":"unknown","site_category":"infrastructure","opened_year":null,"updated_at":"2026-09-23","confidence":"low","import_source":"osm_overpass","external_id":"osm/way/1001246921","sources":[{"title":"OpenStreetMap / Overpass","url":"https://wiki.openstreetmap.org/wiki/Tag:telecom%3Ddata_center","accessed_at":"2026-09-23","note":"osm_id=1001246921"}]}},{"type":"Feature","geometry":{"type":"Point","coordinates":[0.0025166,51.5424593]},"properties":{"id":"dc_879","name":"Tata Stratford","type":"data_center","subtype":"colocation","operator":"Tata Communications","description_it":"Record da OpenStreetMap (tag data_center). Da validare con almeno una seconda fonte.","country":"GB","city":"n/d","status":"unknown","site_category":"infrastructure","opened_year":null,"updated_at":"2026-09-23","confidence":"low","import_source":"osm_overpass","external_id":"osm/way/1322919061","sources":[{"title":"OpenStreetMap / Overpass","url":"https://wiki.openstreetmap.org/wiki/Tag:telecom%3Ddata_center","accessed_at":"2026-09-23","note":"osm_id=1322919061"}]}}]}