{
  "type": "FeatureCollection",
  "features": [
    {
      "type": "Feature",
      "geometry": {
        "type": "Point",
        "coordinates": [
          11.88,
          43.46
        ]
      },
      "properties": {
        "id": "dc_001",
        "name": "Aruba IT1 - Arezzo",
        "type": "data_center",
        "subtype": "colocation",
        "operator": "Aruba S.p.A.",
        "capacity": "4 MW",
        "description_it": "Data center di colocation Aruba IT1 situato ad Arezzo, con 1.500 mq di spazio e capacità di potenza fino a 40 kW per rack. Uno dei primi data center di Aruba in Italia, operativo dal 2000.",
        "country": "IT",
        "city": "Arezzo",
        "confidence": "medium",
        "impact": {
          "capacity_mw": 4,
          "power_draw_mw_est": null,
          "pue": null,
          "water_use_m3_year": null,
          "land_ha": null,
          "co2_t_year_est": null,
          "energy_mix_note_it": "Colocation di piccola/media taglia; prelievo dipendente dall’occupazione rack."
        },
        "updated_at": "2026-09-23"
      }
    },
    {
      "type": "Feature",
      "geometry": {
        "type": "Point",
        "coordinates": [
          9.5878,
          45.6955
        ]
      },
      "properties": {
        "id": "dc_002",
        "name": "Aruba Global Cloud Data Center IT3 - Ponte San Pietro",
        "type": "data_center",
        "subtype": "hyperscale",
        "operator": "Aruba S.p.A.",
        "capacity": "60 MW (campus totale)",
        "description_it": "Campus hyperscale Aruba IT3 a Ponte San Pietro (Bergamo), tra i più grandi in Italia (~200.000 mq). Completamento (Data Center D) con allaccio diretto alla cabina primaria E-Distribuzione «Ponte» contigua; a monte, SE Terna Mozzo 132 kV (autorizzata) rinforza la stessa cabina. L’operatore dichiara copertura rinnovabile.",
        "country": "IT",
        "city": "Ponte San Pietro",
        "status": "operational",
        "site_category": "infrastructure",
        "opened_year": 2021,
        "updated_at": "2026-09-29",
        "confidence": "medium",
        "impact": {
          "capacity_mw": 60,
          "power_draw_mw_est": 15,
          "pue": null,
          "water_use_m3_year": null,
          "land_ha": 20,
          "co2_t_year_est": null,
          "energy_mix_note_it": "Allaccio confirmed: cabina primaria Ponte (E-Distribuzione). Mozzo è rinforzo RTN a monte, non il punto di prelievo del campus.",
          "energy_mix_note_en": "Connection confirmed: Ponte primary cabin (E-Distribuzione). Mozzo is upstream RTN reinforcement, not the campus offtake point."
        },
        "employment": {
          "direct": null,
          "indirect_est": null,
          "contractors_est": null,
          "note_it": "Nessun headcount pubblico stabile per IT3. Pattern hyperscale: pochi tecnici di facility rispetto ai 60 MW di campus; picco occupazionale in cantiere e appalti di manutenzione.",
          "conditions_tags": [
            "high_skill",
            "construction_phase"
          ]
        },
        "community_impact_it": "Consumo elettrico e pressione sulla rete bergamasca; riqualificazione di ex sito industriale. Occupazione diretta tipicamente limitata rispetto alla potenza installata.",
        "labor_risks": [
          "construction_phase"
        ],
        "sources": [
          {
            "title": "Aruba — Global Cloud Data Center IT3",
            "url": "https://www.aruba.it/",
            "accessed_at": "2026-09-16",
            "note": "Scheda campus / capacità dichiarata (~60 MW campus)"
          },
          {
            "title": "MASE — Aruba allaccio cabina AT E-Distribuzione",
            "url": "https://va.mite.gov.it/File/Documento/1017323",
            "accessed_at": "2026-09-29"
          },
          {
            "title": "Comune Mozzo — SE Terna / cabina Ponte",
            "url": "https://www.comune.mozzo.bg.it/novita/news/un-impianto-di-terna-da-oltre-130-chilovolt-mozzo-la-posizione-dellamministrazione",
            "accessed_at": "2026-09-29"
          }
        ],
        "description_en": "Aruba IT3 hyperscale campus at Ponte San Pietro (Bergamo), among Italy’s largest (~200,000 sqm). Completion (Data Center D) with a direct connection to the contiguous E-Distribuzione «Ponte» primary cabin; upstream, the authorised Terna Mozzo 132 kV SE reinforces that cabin. The operator declares renewable coverage."
      }
    },
    {
      "type": "Feature",
      "geometry": {
        "type": "Point",
        "coordinates": [
          9.19,
          45.4642
        ]
      },
      "properties": {
        "id": "dc_003",
        "name": "Google Cloud Region - Milano",
        "type": "data_center",
        "subtype": "hyperscale",
        "operator": "Google (ospitato in data center TIM)",
        "capacity": "N/D",
        "description_it": "Regione cloud di Google a Milano, operativa dal giugno 2022, ospitata nei data center di TIM. Utilizzata da grandi imprese italiane come Intesa Sanpaolo per la loro infrastruttura digitale.",
        "country": "IT",
        "city": "Milano",
        "confidence": "high",
        "status": "operational",
        "site_category": "infrastructure",
        "opened_year": 2022,
        "updated_at": "2026-09-27",
        "sources": [
          {
            "title": "Google Cloud — region europe-west8 (Milano)",
            "url": "https://cloud.google.com/blog/products/identity-security/google-cloud-region-in-milan-italy-now-open",
            "accessed_at": "2026-09-27",
            "note": "Regione cloud ospitata; pin città-level, non campus fisico Google"
          }
        ]
      }
    },
    {
      "type": "Feature",
      "geometry": {
        "type": "Point",
        "coordinates": [
          9.38,
          45.45
        ]
      },
      "properties": {
        "id": "dc_004",
        "name": "Microsoft Azure Italy North - Settala",
        "type": "data_center",
        "subtype": "hyperscale",
        "operator": "Microsoft",
        "capacity": "N/D",
        "description_it": "Regione cloud Microsoft Azure Italy North nella zona metropolitana di Milano. Campus operativo a Settala (unità RDD e Ballard, MIL01/MIL02); altri siti in costruzione: San Bovio / Peschiera Borromeo (dc_032), Bornasco (dc_033) e Noviglio–Santa Corinna (dc_024). L’esercizio elettrico, dichiarato da Microsoft in ottemperanza allo screening VIA (ID VIP 6197), è su tre linee in media tensione di E-Distribuzione: RDD e Ballard dalla cabina primaria di Caleppio di Settala, backup di Ballard dalla sottostazione di Zelo Buon Persico (nominata, senza pin: il punto non è in OpenStreetMap). Il contratto con Enel Energia include una garanzia d’origine rinnovabile per ogni MWh: è un certificato, non il percorso del cavo.",
        "description_en": "Microsoft Azure Italy North cloud region in the Milan metro area. Operational campus at Settala (RDD and Ballard units, MIL01/MIL02); other sites under construction: San Bovio / Peschiera Borromeo (dc_032), Bornasco (dc_033) and Noviglio–Santa Corinna (dc_024). Operating power, as Microsoft stated in the EIA-screening compliance file (ID VIP 6197), is three E-Distribuzione medium-voltage lines: RDD and Ballard from the Caleppio di Settala primary substation, with a Ballard backup from the Zelo Buon Persico substation (named, but no pin: the point is not in OpenStreetMap). The Enel Energia supply contract includes a renewable guarantee of origin for each MWh: a certificate, not the path of the cable.",
        "country": "IT",
        "city": "Settala",
        "confidence": "high",
        "updated_at": "2026-09-29",
        "status": "operational",
        "site_category": "infrastructure",
        "sources": [
          {
            "title": "Microsoft Azure — Italy North",
            "url": "https://azure.microsoft.com/en-us/explore/global-infrastructure/geographies/",
            "accessed_at": "2026-09-27"
          },
          {
            "title": "Microsoft — ottemperanza screening Caleppio di Settala (ID VIP 6197)",
            "url": "https://va.mite.gov.it/File/Documento/770887",
            "accessed_at": "2026-09-28",
            "note": "Linee MT E-Distribuzione da Caleppio; backup Zelo Buon Persico; contratto Enel Energia con garanzia d’origine"
          },
          {
            "title": "Enfinity — primo impianto PPA Microsoft Italia a COD (33,8 MW)",
            "url": "https://enfinity.global/news/press-releases/enfinity-microsoft-ppa-italy/",
            "accessed_at": "2026-09-29",
            "note": "Portfolio fino a 366 MW AC; ubicazione primo sito non divulgata"
          },
          {
            "title": "DCD — Enfinity 33,8 MW under Microsoft PPA",
            "url": "https://www.datacenterdynamics.com/en/news/enfinity-global-brings-338mw-italian-solar-project-online-under-microsoft-ppa/",
            "accessed_at": "2026-09-29"
          }
        ],
        "impact": {
          "capacity_mw": null,
          "power_draw_mw_est": null,
          "pue": null,
          "water_use_m3_year": null,
          "land_ha": null,
          "co2_t_year_est": null,
          "energy_mix_note_it": "Punto di allaccio: cabina primaria E-Distribuzione di Caleppio (132 kV) e, in backup, sottostazione di Zelo Buon Persico. Contratto Enel Energia con garanzia d’origine rinnovabile. Nessuna centrale nominata. Separatamente, Enfinity Global ha un PPA portfolio fino a ~366 MW AC con Microsoft in Italia (primo impianto 33,8 MW a COD gen 2026; siti in Lazio/Emilia-Romagna/Basilicata non nominati pubblicamente): contratto virtuale a supporto del footprint italiano, senza pin impianto → nessun arco powers finché manca la localizzazione.",
          "energy_mix_note_en": "Connection point: E-Distribuzione primary substation at Caleppio (132 kV) and, as backup, the Zelo Buon Persico substation. Enel Energia contract with renewable guarantees of origin. No power plant is named."
        }
      }
    },
    {
      "type": "Feature",
      "geometry": {
        "type": "Point",
        "coordinates": [
          9.09,
          45.52
        ]
      },
      "properties": {
        "id": "dc_005",
        "name": "AWS Europe (Milano) - Rho/Pero",
        "type": "data_center",
        "subtype": "hyperscale",
        "operator": "Amazon Web Services",
        "capacity": "100.000 mq (area totale)",
        "description_it": "Regione AWS Europe (Milano) con tre zone di disponibilità, operativa dal 2020 nell’area Rho/Pero. Programma di interesse strategico nazionale (~1,2 mld) con espansione documentata anche a Zibido San Giacomo (vedi dc_025) e relative opere di rete Terna.",
        "country": "IT",
        "city": "Rho/Pero",
        "confidence": "high",
        "updated_at": "2026-09-29",
        "status": "operational",
        "site_category": "infrastructure",
        "description_en": "AWS Europe (Milan) region with three Availability Zones, operational since 2020 in the Rho/Pero area. Nationally strategic programme (~€1.2bn) with documented expansion also at Zibido San Giacomo (dc_025). No public STMG naming a specific connection substation for Rho/Pero was curated; an inferred connects edge marks the shared Turbigo transmission cluster (not a site offtake).",
        "sources": [
          {
            "title": "AWS — Europe (Milan) Region",
            "url": "https://aws.amazon.com/about-aws/global-infrastructure/regions_az/",
            "accessed_at": "2026-09-29"
          },
          {
            "title": "MIMIT — programmi strategici data center (Amazon)",
            "url": "https://www.mimit.gov.it/it/notizie-stampa/data-center-ok-cdm-a-strategicita-per-due-investimenti-in-lombardia-e-sardegna-per-6-8-mld",
            "accessed_at": "2026-09-29"
          }
        ]
      }
    },
    {
      "type": "Feature",
      "geometry": {
        "type": "Point",
        "coordinates": [
          9.0387,
          45.4755
        ]
      },
      "properties": {
        "id": "dc_006",
        "name": "Equinix ML5 - Settimo Milanese",
        "type": "data_center",
        "subtype": "colocation",
        "operator": "Equinix",
        "capacity": "N/D",
        "description_it": "Data center IBX® Equinix ML5 a Settimo Milanese, vicino a Via Caldera, il punto di interconnessione più connesso di Milano. Offre connessioni virtuali ai principali provider cloud. Parte del campus Equinix Milano che recupera calore dai server per riscaldare abitazioni milanesi (progetto 2026).",
        "country": "IT",
        "city": "Settimo Milanese",
        "confidence": "medium",
        "status": "operational",
        "site_category": "infrastructure",
        "updated_at": "2026-09-27",
        "sources": [
          {
            "title": "Equinix — IBX ML5 Settimo Milanese",
            "url": "https://www.equinix.com/data-centers/europe-colocation/italy-colocation/milan-data-centers/ml5",
            "accessed_at": "2026-09-27"
          }
        ]
      }
    },
    {
      "type": "Feature",
      "geometry": {
        "type": "Point",
        "coordinates": [
          9.1473,
          45.4486
        ]
      },
      "properties": {
        "id": "dc_007",
        "name": "Equinix ML2 - Milano Via Savona",
        "type": "data_center",
        "subtype": "colocation",
        "operator": "Equinix",
        "capacity": "N/D",
        "description_it": "Data center Equinix ML2 in Via Savona 125, Milano. Struttura carrier-neutral che offre opzioni di interconnessione e certificazioni di sicurezza. Uno dei principali hub di scambio dati nel sud Europa.",
        "country": "IT",
        "city": "Milano",
        "confidence": "medium",
        "status": "operational",
        "site_category": "infrastructure",
        "updated_at": "2026-09-27",
        "sources": [
          {
            "title": "Equinix — IBX ML2 Milano",
            "url": "https://www.equinix.com/data-centers/europe-colocation/italy-colocation/milan-data-centers/ml2",
            "accessed_at": "2026-09-27"
          }
        ]
      }
    },
    {
      "type": "Feature",
      "geometry": {
        "type": "Point",
        "coordinates": [
          9.12,
          45.48
        ]
      },
      "properties": {
        "id": "dc_008",
        "name": "Irideos Avalon Campus - Milano",
        "type": "data_center",
        "subtype": "colocation",
        "operator": "Irideos/Retelit",
        "capacity": "28 MW (totale nazionale)",
        "description_it": "Avalon Campus di Irideos in Via Caldera 21, Milano, il più grande hub di interconnessione neutrale in Italia con oltre 2.600 rack su 13.000 mq. Irideos gestisce 16 data center in Italia tra Milano, Roma, Verona e Trento, con 27.000 km di fibra ottica.",
        "country": "IT",
        "city": "Milano",
        "confidence": "medium",
        "status": "operational",
        "site_category": "infrastructure",
        "updated_at": "2026-09-27",
        "sources": [
          {
            "title": "Retelit / Irideos — Avalon Campus",
            "url": "https://www.retelit.it/",
            "accessed_at": "2026-09-27",
            "note": "Hub Caldera; verificare pagina campus aggiornata"
          }
        ]
      }
    },
    {
      "type": "Feature",
      "geometry": {
        "type": "Point",
        "coordinates": [
          9.2,
          45.33
        ]
      },
      "properties": {
        "id": "dc_009",
        "name": "STACK Infrastructure MIL01 - Siziano",
        "type": "data_center",
        "subtype": "hyperscale",
        "operator": "STACK Infrastructure",
        "capacity": "40+ MW (espandibile a 50+ MW)",
        "description_it": "Campus hyperscale STACK Infrastructure a Siziano (PV), ex Supernap / Infrastructure Italia Land 2, con oltre 100.000 mq su ~12 ettari. Allaccio documentato alla SE Terna Lacchiarella (elettrodotto 132 kV e STMG in doppia antenna sulle baie future adiacenti). Scoping/VIA MASE per l’espansione campus in corso.",
        "country": "IT",
        "city": "Siziano",
        "confidence": "high",
        "impact": {
          "capacity_mw": 40,
          "power_draw_mw_est": null,
          "pue": null,
          "water_use_m3_year": null,
          "land_ha": 12,
          "co2_t_year_est": null,
          "energy_mix_note_it": "Domanda dichiarata ~288 MW per l’espansione (sottostazione AT tecnica). Allaccio: Lacchiarella esistente, non Lacchiarella Ovest.",
          "energy_mix_note_en": "Declared demand ~288 MW for the expansion (technical HV substation note). Connection: existing Lacchiarella, not Lacchiarella Ovest."
        },
        "community_impact_it": "Espansione data center nell’area metropolitana milanese: pressione su rete elettrica, suolo e risorse idriche locali; occupazione diretta tipicamente limitata rispetto alla potenza.",
        "updated_at": "2026-09-29",
        "status": "operational",
        "site_category": "infrastructure",
        "sources": [
          {
            "title": "STACK Infrastructure — Milano / Siziano",
            "url": "https://www.stackinfra.com/",
            "accessed_at": "2026-09-27"
          },
          {
            "title": "MASE Info — Stack Campus Siziano",
            "url": "https://va.mite.gov.it/it-IT/Oggetti/Info/11703",
            "accessed_at": "2026-09-29"
          },
          {
            "title": "STACK — descrizione tecnica sottostazione AT / STMG Lacchiarella",
            "url": "https://va.mite.gov.it/File/Documento/1225685",
            "accessed_at": "2026-09-29"
          },
          {
            "title": "MASE — elettrodotto Lacchiarella–Supernap (VIP 6230)",
            "url": "https://va.mite.gov.it/File/Documento/535610",
            "accessed_at": "2026-09-29"
          }
        ],
        "description_en": "STACK Infrastructure hyperscale campus at Siziano (PV), former Supernap / Infrastructure Italia Land 2, with over 100,000 sqm on ~12 ha. Documented connection to Terna’s Lacchiarella SE (132 kV line and STMG in double-antenna on adjacent future bays). MASE scoping/EIA for campus expansion ongoing."
      }
    },
    {
      "type": "Feature",
      "geometry": {
        "type": "Point",
        "coordinates": [
          9.1639,
          45.3813
        ]
      },
      "properties": {
        "id": "dc_010",
        "name": "TIM Noovle Data Center - Rozzano",
        "type": "data_center",
        "subtype": "enterprise",
        "operator": "TIM S.p.A.",
        "capacity": "125 MW (totale rete nazionale TIM)",
        "description_it": "Data center TIM/Noovle a Rozzano (Milano), parte della rete di 17 data center TIM Enterprise in Italia con capacità installata totale di 125 MW. TIM ha annunciato un piano di investimenti da 1 miliardo di euro per espandere la propria infrastruttura data center.",
        "country": "IT",
        "city": "Rozzano",
        "confidence": "medium",
        "status": "operational",
        "site_category": "infrastructure",
        "updated_at": "2026-09-27",
        "sources": [
          {
            "title": "TIM Enterprise — data center",
            "url": "https://www.timenterprise.it/",
            "accessed_at": "2026-09-27",
            "note": "Capacity 125 MW = rete nazionale, non solo Rozzano"
          }
        ]
      }
    },
    {
      "type": "Feature",
      "geometry": {
        "type": "Point",
        "coordinates": [
          12.4975,
          41.6797
        ]
      },
      "properties": {
        "id": "dc_011",
        "name": "TIM Data Center - Pomezia (Roma)",
        "type": "data_center",
        "subtype": "enterprise",
        "operator": "TIM S.p.A. / Trust Technologies",
        "capacity": "Campus ~51.000 mq; fino a ~25 MW citati in cronaca; 3 edifici (PISP, DC1, Enterprise)",
        "description_it": "Campus TIM / Noovle a Pomezia (Via Pontina km 29+100): tre data center (PISP, DC1, Enterprise) su ~51.000 mq. Nodo cloud pubblico TIM. Autorizzazioni regionali/metropolitane 2025–2026 su nuovi impianti di emergenza (gruppi elettrogeni / DRUPS). Allaccio di rete nominato non dettagliato in fonti aperte consultate.",
        "country": "IT",
        "city": "Pomezia",
        "confidence": "medium",
        "status": "operational",
        "site_category": "infrastructure",
        "updated_at": "2026-09-29",
        "description_en": "TIM / Noovle campus at Pomezia (Via Pontina km 29+100): three data centers (PISP, DC1, Enterprise) on ~51,000 m². TIM public-cloud node. Regional/metropolitan 2025–2026 authorisations for new emergency plant (gensets / DRUPS). Named grid connection not detailed in open sources consulted.",
        "impact": {
          "capacity_mw": 25,
          "power_draw_mw_est": null,
          "pue": null,
          "water_use_m3_year": null,
          "land_ha": 5.1,
          "co2_t_year_est": null,
          "energy_mix_note_it": "Dibattito locale concentrato sui gruppi di emergenza; punto di allaccio RTN non nominato nelle fonti usate."
        },
        "community_impact_it": "Pressione acustica e autorizzativa sui generatori di emergenza a Pomezia; campus già operativo.",
        "labor_risks": [
          "shift_work"
        ],
        "employment": {
          "direct": null,
          "indirect_est": null,
          "contractors_est": null,
          "note_it": "Occupazione non dettagliata nelle fonti aperte consultate.",
          "conditions_tags": [
            "shift_work",
            "high_skill"
          ]
        },
        "sources": [
          {
            "title": "Il Caffè — autorizzazione definitiva impianti emergenza campus TIM Pomezia",
            "url": "https://ilcaffe.tv/articolo/253408/pomezia-finalmente-lautorizzazione-definitiva-ai-lavori-per-i-nuovi-impianti-del-campus-data-center-da-51-000-metri-quadri",
            "accessed_at": "2026-09-29",
            "note": "Campus 51.000 mq; tre DC; ~25 MW citati"
          }
        ]
      }
    },
    {
      "type": "Feature",
      "geometry": {
        "type": "Point",
        "coordinates": [
          27.2,
          60.57
        ]
      },
      "properties": {
        "id": "dc_012",
        "name": "Google Data Center - Hamina, Finlandia",
        "type": "data_center",
        "subtype": "hyperscale",
        "operator": "Google",
        "capacity": "140 MW",
        "description_it": "Il più grande data center in Finlandia, costruito nel 2009 con un investimento di 3,5 miliardi di euro. Opera con il 97% di energia carbon-free. Primo progetto di recupero del calore off-site di Google, che fornisce calore alla comunità locale di Hamina.",
        "country": "FI",
        "city": "Hamina",
        "confidence": "high",
        "impact": {
          "capacity_mw": 140,
          "power_draw_mw_est": null,
          "pue": null,
          "water_use_m3_year": null,
          "land_ha": null,
          "co2_t_year_est": null,
          "energy_mix_note_it": "Operatore dichiara mix prevalentemente carbon-free; recupero calore verso la comunità di Hamina."
        },
        "community_impact_it": "Grande domanda elettrica regionale; recupero calore verso teleriscaldamento Hamina (partenariato Haminan Energia). Occupazione locale reale ma bassa rispetto alla potenza: il «lavoro» del cloud qui è facility e cantiere, non migliaia di impiegati IT in sala.",
        "updated_at": "2026-09-27",
        "employment": {
          "direct": 400,
          "indirect_est": null,
          "contractors_est": null,
          "note_it": "Campus Hamina: ~400 persone in ruoli full-time e contractor (tecnici, facility, security, catering) secondo Business Finland (maggio 2024); con le espansioni Google punta a ~500. Occupazione diretta contenuta rispetto a MW e investimento: tipico degli hyperscale.",
          "conditions_tags": [
            "high_skill",
            "shift_work",
            "construction_phase"
          ]
        },
        "labor_risks": [
          "construction_phase"
        ],
        "sources": [
          {
            "title": "Business Finland — espansione Hamina e occupazione campus",
            "url": "https://www.businessfinland.fi/en/whats-new/news/2024/google-announced-an-expansion-of-its-hamina-data-center/",
            "accessed_at": "2026-09-27",
            "note": "~400 FTE+contractor; +100 FTE previsti con espansione"
          }
        ]
      }
    },
    {
      "type": "Feature",
      "geometry": {
        "type": "Point",
        "coordinates": [
          22.1547,
          65.5848
        ]
      },
      "properties": {
        "id": "dc_013",
        "name": "Meta Data Center - Luleå, Svezia",
        "type": "data_center",
        "subtype": "hyperscale",
        "operator": "Meta Platforms",
        "capacity": "N/D (circa 100+ MW stimati)",
        "description_it": "Primo data center di Meta (ex Facebook), aperto nel 2013 a Luleå, nel nord della Svezia, appena sotto il Circolo Polare Artico. Tre strutture per un totale di circa 93.000 mq. Sfrutta il clima naturalmente freddo per ridurre i costi di raffreddamento e l'energia idroelettrica locale.",
        "country": "SE",
        "city": "Luleå",
        "confidence": "high",
        "impact": {
          "capacity_mw": 100,
          "power_draw_mw_est": null,
          "pue": null,
          "water_use_m3_year": null,
          "land_ha": null,
          "co2_t_year_est": null,
          "energy_mix_note_it": "Stima di potenza di campus (~100 MW); clima freddo e idroelettrico nordico riducono fabbisogno di raffreddamento e intensità carbonica."
        },
        "community_impact_it": "Infrastruttura artica ad alto consumo elettrico idroelettrico; Meta dichiara investimenti locali in formazione e comunità. Occupazione diretta ~300 a fronte di un campus multi-edificio: contrasto netto con i siti estrattivi a monte della filiera.",
        "updated_at": "2026-09-27",
        "employment": {
          "direct": 300,
          "indirect_est": null,
          "contractors_est": null,
          "note_it": "Meta dichiara oltre 300 posti a tempo pieno legati al campus di Luleå (scheda sostenibilità Meta). Facility operations e critical facility engineers: organico operativo ridotto rispetto alla capacità di calcolo.",
          "conditions_tags": [
            "high_skill",
            "shift_work"
          ]
        },
        "labor_risks": [],
        "sources": [
          {
            "title": "Meta — Luleå Data Center (scheda sostenibilità)",
            "url": "https://datacenters.atmeta.com/wp-content/uploads/2025/02/Meta_s-Lulea-Data-Center_SV.pdf",
            "accessed_at": "2026-09-27",
            "note": "300+ fully employed (heltidsanställda)"
          }
        ]
      }
    },
    {
      "type": "Feature",
      "geometry": {
        "type": "Point",
        "coordinates": [
          8.6821,
          50.1109
        ]
      },
      "properties": {
        "id": "dc_014",
        "name": "Equinix FR13 - Francoforte",
        "type": "data_center",
        "subtype": "colocation",
        "operator": "Equinix",
        "capacity": "7,75 MW (FR13); fino a 25 MW per struttura",
        "description_it": "Data center Equinix a Francoforte, sede del più grande punto di scambio Internet al mondo (DE-CIX). Equinix gestisce molteplici strutture di colocation a Francoforte, tra cui FR2, FR4, FR10x (16,8 MW) e FR13 (7,75 MW, inaugurato nel 2024).",
        "country": "DE",
        "city": "Francoforte",
        "confidence": "medium",
        "impact": {
          "capacity_mw": 7.75,
          "power_draw_mw_est": null,
          "pue": null,
          "water_use_m3_year": null,
          "land_ha": null,
          "co2_t_year_est": null,
          "energy_mix_note_it": "Colocation in hub DE-CIX; potenza riferita alla struttura FR13."
        },
        "updated_at": "2026-09-23"
      }
    },
    {
      "type": "Feature",
      "geometry": {
        "type": "Point",
        "coordinates": [
          4.9544,
          52.3567
        ]
      },
      "properties": {
        "id": "dc_015",
        "name": "Equinix AM3 - Amsterdam Science Park",
        "type": "data_center",
        "subtype": "colocation",
        "operator": "Equinix",
        "capacity": "N/D",
        "description_it": "Data center Equinix AM3 ad Amsterdam Science Park 610, importante gateway digitale verso l'Europa. Ospita l'Amsterdam Internet Exchange (AMS-IX) e offre opportunità di peering con i principali provider cloud. Equinix gestisce anche AM1, AM2, AM5 e AM7 ad Amsterdam.",
        "country": "NL",
        "city": "Amsterdam",
        "confidence": "medium"
      }
    },
    {
      "type": "Feature",
      "geometry": {
        "type": "Point",
        "coordinates": [
          -6.425,
          53.2867
        ]
      },
      "properties": {
        "id": "dc_016",
        "name": "Microsoft Azure North Europe - Dublino",
        "type": "data_center",
        "subtype": "hyperscale",
        "operator": "Microsoft",
        "capacity": "303.000 sqft (Grange Castle)",
        "description_it": "Microsoft gestisce 17 data center in Irlanda, la maggior parte nell'area di Dublino presso il campus Grange Castle. Alimenta servizi cloud e AI per imprese, governi e organizzazioni in Irlanda, Regno Unito e regioni circostanti. Nuovi data center pianificati nella contea di Kildare.",
        "country": "IE",
        "city": "Dublino",
        "confidence": "medium",
        "employment": {
          "direct": null,
          "indirect_est": null,
          "contractors_est": null,
          "note_it": "Microsoft non pubblica un headcount sito-per-sito per Azure North Europe (Dublino). Ruoli tipici: facility, network, security; forte fase di cantiere nelle espansioni irlandesi. Confronta con i PPA (es. Lenalea): l’energia è nominata, il lavoro sul campus resta opaco.",
          "conditions_tags": [
            "high_skill",
            "construction_phase"
          ]
        },
        "labor_risks": [
          "construction_phase"
        ],
        "community_impact_it": "Cluster data center intorno a Dublino sotto pressione di rete (EirGrid); dibattito pubblico su consumo elettrico vs occupazione locale limitata.",
        "updated_at": "2026-09-27"
      }
    },
    {
      "type": "Feature",
      "geometry": {
        "type": "Point",
        "coordinates": [
          -6.37,
          53.29
        ]
      },
      "properties": {
        "id": "dc_017",
        "name": "Google Data Center - Dublino",
        "type": "data_center",
        "subtype": "hyperscale",
        "operator": "Google",
        "capacity": "30.360 mq",
        "description_it": "Data center Google nel Profile Park di Dublino, struttura a due piani di 30.360 mq. Parte dell'espansione irlandese di Google che include un terzo data center pianificato con investimento stimato di 250 milioni di euro.",
        "country": "IE",
        "city": "Dublino",
        "confidence": "high"
      }
    },
    {
      "type": "Feature",
      "geometry": {
        "type": "Point",
        "coordinates": [
          7.75,
          48.58
        ]
      },
      "properties": {
        "id": "dc_018",
        "name": "OVHcloud SBG5 - Strasburgo",
        "type": "data_center",
        "subtype": "colocation",
        "operator": "OVHcloud",
        "capacity": "500 mq di colocation",
        "description_it": "Data center OVHcloud SBG5 a Strasburgo, parte della rete globale di 46 data center su 4 continenti con 100 Tbps di capacità di rete. Strasburgo è designata come parte della prima regione SecNumCloud di OVHcloud.",
        "country": "FR",
        "city": "Strasburgo",
        "confidence": "medium"
      }
    },
    {
      "type": "Feature",
      "geometry": {
        "type": "Point",
        "coordinates": [
          16.5099,
          59.3716
        ]
      },
      "properties": {
        "id": "dc_019",
        "name": "AWS Europe (Stoccolma) - Eskilstuna",
        "type": "data_center",
        "subtype": "hyperscale",
        "operator": "Amazon Web Services",
        "capacity": "N/D",
        "description_it": "Regione AWS Europe (Stoccolma) con tre zone di disponibilità distribuite tra Eskilstuna, Katrineholm e Västerås. Operativa dalla fine del 2018. AWS utilizza acciaio a basse emissioni di carbonio (SSAB) nella costruzione dei nuovi data center svedesi.",
        "country": "SE",
        "city": "Eskilstuna",
        "confidence": "medium",
        "employment": {
          "direct": null,
          "indirect_est": null,
          "contractors_est": null,
          "note_it": "AWS non pubblica organici per i singoli AZ di Europe (Stockholm). Come per altri hyperscale nordici: pochi operatori a regime, molti più lavoratori in fase di costruzione e nella filiera energetica a monte (PPA eolici).",
          "conditions_tags": [
            "high_skill",
            "construction_phase"
          ]
        },
        "labor_risks": [
          "construction_phase"
        ],
        "community_impact_it": "Espansione AWS in Svezia (Eskilstuna/Katrineholm/Västerås) legata a grandi PPA eolici: il lavoro visibile sul territorio è spesso più nei cantieri rinnovabili che nelle sale server.",
        "updated_at": "2026-09-27"
      }
    },
    {
      "type": "Feature",
      "geometry": {
        "type": "Point",
        "coordinates": [
          11.35943,
          44.52044
        ]
      },
      "properties": {
        "id": "dc_020",
        "name": "CINECA Tecnopolo DAMA — Supercomputer Leonardo",
        "type": "data_center",
        "subtype": "hyperscale",
        "operator": "CINECA / EuroHPC JU",
        "capacity": "~240 PFLOPS (Leonardo); campus HPC/AI in espansione",
        "description_it": "Hub nazionale di calcolo ad alte prestazioni nel Tecnopolo DAMA di Bologna: ospita Leonardo (sistema pre-exascale EuroHPC), cluster AI/quantum (tra cui LISA e sistemi ICSC) e condivide il sito con ECMWF e INFN. Nodo centrale della Data Valley e dell’AI Factory italiana — infrastruttura pubblica dell’IA, non solo cloud commerciale.",
        "country": "IT",
        "city": "Bologna",
        "status": "operational",
        "site_category": "infrastructure",
        "opened_year": 2022,
        "updated_at": "2026-09-27",
        "confidence": "high",
        "impact": {
          "capacity_mw": null,
          "power_draw_mw_est": null,
          "pue": null,
          "water_use_m3_year": null,
          "land_ha": null,
          "co2_t_year_est": null,
          "energy_mix_note_it": "Carico elettrico rilevante per HPC/AI pubblico; mix dipendente dalla rete emiliana e da contratti CINECA (da verificare sito per sito)."
        },
        "employment": {
          "direct": null,
          "indirect_est": null,
          "contractors_est": null,
          "note_it": "Organico CINECA/ICSC e partner scientifici sul campus; profilo diverso dagli hyperscale commerciali (ricerca, operazioni HPC, facility).",
          "conditions_tags": [
            "high_skill"
          ]
        },
        "community_impact_it": "Riconversione dell’ex Manifattura Tabacchi in Data Valley: polo strategico per ricerca, meteo e AI pubblica, con domanda energetica e pressione infrastrutturale sul territorio bolognese.",
        "labor_risks": [],
        "sources": [
          {
            "title": "CINECA — infrastruttura / Leonardo al Tecnopolo",
            "url": "https://www.cineca.it/it/infrastruttura/configurazione-dellinfrastruttura",
            "accessed_at": "2026-09-27"
          },
          {
            "title": "Leonardo Supercomputer — sito ufficiale",
            "url": "https://leonardo-supercomputer.cineca.eu/it/home-it/",
            "accessed_at": "2026-09-27"
          }
        ]
      }
    },
    {
      "type": "Feature",
      "geometry": {
        "type": "Point",
        "coordinates": [
          9.03706,
          45.47154
        ]
      },
      "properties": {
        "id": "dc_021",
        "name": "Data4 Campus MIL01 — Cornaredo",
        "type": "data_center",
        "subtype": "colocation",
        "operator": "Data4 Italia",
        "capacity": "Campus multi-edificio; riserva elettrica dichiarata fino a centinaia di MW",
        "description_it": "Uno dei maggiori campus di colocation in Italia, a Cornaredo (cluster ovest di Milano). Più edifici operativi (MIL01) e fasi di espansione verso Vittuone/MIL02. Hub di interconnessione con POP MIX/TOP-IX e accesso a decine di carrier e cloud pubblici — assente dal curato nonostante sia tra i siti più densi del mercato milanese.",
        "country": "IT",
        "city": "Cornaredo",
        "status": "operational",
        "site_category": "infrastructure",
        "opened_year": null,
        "updated_at": "2026-09-29",
        "confidence": "high",
        "impact": {
          "capacity_mw": 170,
          "power_draw_mw_est": null,
          "pue": null,
          "water_use_m3_year": null,
          "land_ha": 28,
          "co2_t_year_est": null,
          "energy_mix_note_it": "Campus wholesale/colocation ad alta densità sul cluster ovest milanese; domanda elettrica rilevante sulla rete lombarda. PPA Edison Energia (mar 2025): FV 148 MWp in provincia di Viterbo, >500 GWh/10 anni (~10% consumi Data4 Italia); arco powers verso ep_019."
        },
        "community_impact_it": "Pressione cumulativa di suolo, rete e traffico nel corridoio Cornaredo–Settimo Milanese, già saturo di campus data center.",
        "labor_risks": [
          "construction_phase"
        ],
        "sources": [
          {
            "title": "DATA4 — campus Milano / Cornaredo",
            "url": "https://www.data4group.com/en/data-center-in-milan-italy/",
            "accessed_at": "2026-09-27"
          },
          {
            "title": "MASE — SIA Data Center DATA4 Cornaredo / Settimo Milanese",
            "url": "https://va.mite.gov.it/File/Documento/1261929",
            "accessed_at": "2026-09-29",
            "note": "Masterplan / carta vincoli; consultare fascicolo VIA per aggiornamenti sull’allaccio"
          },
          {
            "title": "Data4 × Edison Energia — PPA FV Viterbo (PDF)",
            "url": "https://www.data4group.com/wp-content/uploads/2025/04/PPA-Data4-x-Edison-Italy_Ita_eng.pdf",
            "accessed_at": "2026-09-29"
          }
        ]
      }
    },
    {
      "type": "Feature",
      "geometry": {
        "type": "Point",
        "coordinates": [
          9.31835,
          45.35517
        ]
      },
      "properties": {
        "id": "dc_022",
        "name": "Vantage MXP1 — Melegnano",
        "type": "data_center",
        "subtype": "hyperscale",
        "operator": "Vantage Data Centers",
        "capacity": "~64 MW IT (campus); programma strategico nazionale multi-sito ~8 mld",
        "description_it": "Campus Vantage a Melegnano (sud Milano), primo nodo del programma italiano dichiarato di preminente interesse strategico nazionale (~8 mld con MXP4): Melegnano (MXP1), Settimo Milanese (MXP2, dc_023), Cornaredo (dc_039) e Tavazzano (MXP4, dc_034). Destinato a carichi cloud/AI hyperscale nel mercato milanese. L’allaccio in alta tensione previsto è la nuova stazione Terna 220 kV Melegnano, contigua al campus: il cavo attraversa solo il confine tra le due stazioni. La stazione è in mappa come gn_005 (pin approssimato: non è in OpenStreetMap).",
        "country": "IT",
        "city": "Melegnano",
        "status": "under_construction",
        "site_category": "infrastructure",
        "opened_year": null,
        "updated_at": "2026-09-29",
        "confidence": "high",
        "impact": {
          "capacity_mw": 64,
          "power_draw_mw_est": null,
          "pue": null,
          "water_use_m3_year": null,
          "land_ha": null,
          "co2_t_year_est": null,
          "energy_mix_note_it": "VIA di MXP1: doppia fornitura 220 kV dalla nuova stazione Terna 220 kV Melegnano (gn_005) contigua; in attesa della messa in servizio il prelievo è in media tensione. Decreto Terna EL 488 / STMG 202000961. Nessun PPA nominato."
        },
        "employment": {
          "direct": null,
          "indirect_est": null,
          "contractors_est": null,
          "note_it": "Fase di cantiere dominante; a regime organico facility tipicamente contenuto rispetto ai MW.",
          "conditions_tags": [
            "construction_phase",
            "high_skill"
          ]
        },
        "community_impact_it": "Nuovo polo a sud di Milano: consumo di suolo agricolo/industriale, connessione di rete e dibattiti locali su energia e ambiente.",
        "labor_risks": [
          "construction_phase"
        ],
        "sources": [
          {
            "title": "MIMIT — programmi data center di interesse strategico (Vantage)",
            "url": "https://www.mimit.gov.it/it/notizie-stampa/data-center-ok-cdm-a-strategicita-per-due-investimenti-in-lombardia-e-sardegna-per-6-8-mld",
            "accessed_at": "2026-09-27",
            "note": "Vantage tra i 7 programmi strategici; siti Melegnano, Settimo M., Cornaredo, Tavazzano"
          },
          {
            "title": "MASE — decreto EL 488, nuova SE 220 kV Melegnano",
            "url": "https://www.mase.gov.it/portale/documents/d/guest/dec_el-488_firmato26-8-22-pdf",
            "accessed_at": "2026-09-28",
            "note": "STMG 202000961, 100 MW, entra-esce sulla linea Ricevitrice Sud Milano–Tavazzano"
          },
          {
            "title": "MASE VIA — completamento MXP1 Melegnano",
            "url": "https://va.mite.gov.it/it-IT/Oggetti/Info/10753",
            "accessed_at": "2026-09-28",
            "note": "Stazione Terna contigua; cavo AT limitato al confine tra le due stazioni"
          }
        ]
      }
    },
    {
      "type": "Feature",
      "geometry": {
        "type": "Point",
        "coordinates": [
          9.03842,
          45.47339
        ]
      },
      "properties": {
        "id": "dc_023",
        "name": "Vantage MXP2 — Castelletto / Settimo Milanese",
        "type": "data_center",
        "subtype": "hyperscale",
        "operator": "Vantage Data Centers",
        "capacity": "~32 MW IT (campus Castelletto); programma multi-sito ~8 mld",
        "description_it": "Secondo campus Vantage nel cluster ovest milanese (Castelletto / Settimo Milanese), adiacente al corridoio Data4–Equinix. Parte dello stesso programma di interesse strategico nazionale. Il parere regionale sull’istruttoria Microsoft MIL03 elenca MXP2 tra i data center collegati alla stazione Terna di Baggio, insieme a MIL03 e Equinix ML7/ML8.",
        "country": "IT",
        "city": "Settimo Milanese",
        "status": "under_construction",
        "site_category": "infrastructure",
        "opened_year": null,
        "updated_at": "2026-09-29",
        "confidence": "medium",
        "impact": {
          "capacity_mw": 32,
          "power_draw_mw_est": null,
          "pue": null,
          "water_use_m3_year": null,
          "land_ha": null,
          "co2_t_year_est": null,
          "energy_mix_note_it": "Allaccio nominato in documentazione regionale: SE Terna Baggio (insieme a MIL03 e Equinix ML7/ML8). È il punto di connessione, non la centrale che produce l’elettricità."
        },
        "community_impact_it": "Densificazione ulteriore del corridoio Settimo–Cornaredo: effetto cumulativo su rete, suolo e qualità ambientale locale.",
        "labor_risks": [
          "construction_phase"
        ],
        "sources": [
          {
            "title": "MIMIT — programmi data center di interesse strategico (Vantage)",
            "url": "https://www.mimit.gov.it/it/notizie-stampa/data-center-ok-cdm-a-strategicita-per-due-investimenti-in-lombardia-e-sardegna-per-6-8-mld",
            "accessed_at": "2026-09-27"
          },
          {
            "title": "Regione Lombardia — parere MIL03: DC collegati a SE Baggio (MXP2, ML7/ML8)",
            "url": "https://va.mite.gov.it/File/Documento/1251809",
            "accessed_at": "2026-09-29",
            "note": "Elenca MXP2 (VDC) tra i collegati a Baggio"
          },
          {
            "title": "MIMIT — programmi data center di interesse strategico (Vantage)",
            "url": "https://www.mimit.gov.it/it/notizie-stampa/data-center-ok-cdm-a-strategicita-per-due-investimenti-in-lombardia-e-piemonte-per-8-mld",
            "accessed_at": "2026-09-29"
          }
        ],
        "description_en": "Second Vantage campus in the west-Milan cluster (Castelletto / Settimo Milanese), next to the Data4–Equinix corridor. Part of the same nationally strategic programme. The regional opinion on Microsoft MIL03 lists MXP2 among data centers connected to Terna’s Baggio station, together with MIL03 and Equinix ML7/ML8."
      }
    },
    {
      "type": "Feature",
      "geometry": {
        "type": "Point",
        "coordinates": [
          9.09359,
          45.33921
        ]
      },
      "properties": {
        "id": "dc_024",
        "name": "Microsoft Azure — Noviglio (Santa Corinna)",
        "type": "data_center",
        "subtype": "hyperscale",
        "operator": "Microsoft / Noviglio Datacenters MXP I (Compass / Hines)",
        "capacity": "~100 MW connessione elettrica autorizzata",
        "description_it": "Campus Microsoft a Santa Corinna (Noviglio), sud-ovest di Milano: circa 230.000 mq di area, ~95.000 mq coperti, connessione elettrica autorizzata da 100 MW. Il primo edificio (Building MXP-I) è allacciato con un cavo interrato a 132 kV alla stazione Terna di Lacchiarella, autorizzato dalla Città metropolitana di Milano con determina 2234 del 21 marzo 2022. Avvio operativo a fasi (prima fase settembre 2026). Completa la regione Azure Italy North oltre Settala e gli altri campus in costruzione.",
        "country": "IT",
        "city": "Noviglio",
        "status": "under_construction",
        "site_category": "infrastructure",
        "opened_year": 2026,
        "updated_at": "2026-09-28",
        "confidence": "high",
        "impact": {
          "capacity_mw": 100,
          "power_draw_mw_est": null,
          "pue": null,
          "water_use_m3_year": null,
          "land_ha": 23,
          "co2_t_year_est": null,
          "energy_mix_note_it": "Allaccio: cavo interrato 132 kV dalla stazione Terna di Lacchiarella alla sottostazione del campus (determina Città metropolitana 2234/2022). È il punto di connessione, non la centrale che produce l’elettricità."
        },
        "employment": {
          "direct": null,
          "indirect_est": null,
          "contractors_est": null,
          "note_it": "Picco occupazionale in cantiere; a regime organico facility tipico hyperscale.",
          "conditions_tags": [
            "construction_phase",
            "high_skill"
          ]
        },
        "community_impact_it": "Conflitto locale su rumore, consumi energetici/idrici e compensazioni; caso emblematico del trade-off IA/cloud vs territorio.",
        "labor_risks": [
          "construction_phase",
          "land_use_conflict"
        ],
        "sources": [
          {
            "title": "Atti/cronaca — data center Microsoft Noviglio Santa Corinna",
            "url": "https://www.napoli365.it/data-center-noviglio-milano-cloud-microsoft-inaugura-limpianto-il-22/",
            "accessed_at": "2026-09-27",
            "note": "Dati dimensionali e 100 MW da atti amministrativi riportati in cronaca"
          },
          {
            "title": "SIA — ampliamento data center Noviglio, cavo 132 kV",
            "url": "https://va.mite.gov.it/File/Documento/1186222",
            "accessed_at": "2026-09-28",
            "note": "Determina Città metropolitana di Milano 2234 del 21/03/2022"
          }
        ]
      }
    },
    {
      "type": "Feature",
      "geometry": {
        "type": "Point",
        "coordinates": [
          9.11167,
          45.37337
        ]
      },
      "properties": {
        "id": "dc_025",
        "name": "AWS Europe (Milano) — Zibido San Giacomo",
        "type": "data_center",
        "subtype": "hyperscale",
        "operator": "Amazon Data Services Italy",
        "capacity": "N/D (espansione regione Europe Milan; VIA in corso)",
        "description_it": "Espansione della regione AWS Europe (Milan) a Zibido San Giacomo (Edificio A), oltre ai siti Rho/Pero. VIA nazionale MASE in istruttoria. Il parere del Parco Agricolo Sud Milano sul fascicolo cita una nuova sottostazione utente e un cavidotto AT (~2,7 km) verso la nuova SE 220 kV al confine Lacchiarella–Zibido (nodo in autorizzazione come Lacchiarella Ovest / EL-647). Parte del programma AWS da ~1,2 mld di interesse strategico nazionale.",
        "country": "IT",
        "city": "Zibido San Giacomo",
        "status": "planned",
        "site_category": "infrastructure",
        "opened_year": null,
        "updated_at": "2026-09-29",
        "confidence": "high",
        "impact": {
          "capacity_mw": null,
          "power_draw_mw_est": null,
          "pue": null,
          "water_use_m3_year": null,
          "land_ha": null,
          "co2_t_year_est": null,
          "energy_mix_note_it": "Avviso VIA: gruppi di emergenza (~139 MWt termici), non la potenza IT. Allaccio di rete: nuova SE 220 kV al confine (Lacchiarella Ovest), certainty likely finché manca STMG pubblica con codice.",
          "energy_mix_note_en": "EIA notice: emergency generators (~139 MWt thermal), not IT capacity. Grid connection: new 220 kV SE at the border (Lacchiarella Ovest), certainty likely until a public STMG with a code is available."
        },
        "community_impact_it": "Nuovo polo a sud di Milano con opere di rete associate; consultazioni pubbliche e osservazioni comunali in corso.",
        "labor_risks": [
          "construction_phase",
          "land_use_conflict"
        ],
        "sources": [
          {
            "title": "MASE VIA — AWS Europe (Milan) Edificio A, Zibido San Giacomo",
            "url": "https://va.mite.gov.it/it-IT/Oggetti/Info/11970",
            "accessed_at": "2026-09-27"
          },
          {
            "title": "MIMIT — programmi strategici data center (Amazon)",
            "url": "https://www.mimit.gov.it/it/notizie-stampa/data-center-ok-cdm-a-strategicita-per-due-investimenti-in-lombardia-e-sardegna-per-6-8-mld",
            "accessed_at": "2026-09-27"
          },
          {
            "title": "Parco Agricolo Sud Milano — parere VIA AWS (SE 220 kV)",
            "url": "https://va.mite.gov.it/File/Documento/1374304",
            "accessed_at": "2026-09-29"
          },
          {
            "title": "Comune Zibido — EL-647 Lacchiarella Ovest",
            "url": "https://www.comune.zibidosangiacomo.mi.it/it/news/el-647-nuova-se-lacchiarella-ovest-380-220-kv-e-raccordi-aerei-alla-rtn",
            "accessed_at": "2026-09-29"
          }
        ],
        "description_en": "Expansion of the AWS Europe (Milan) region at Zibido San Giacomo (Building A), beyond the Rho/Pero sites. National MASE EIA under review. The Parco Agricolo Sud Milano opinion on the file cites a new user substation and an HV cable (~2.7 km) to the new 220 kV SE on the Lacchiarella–Zibido border (the node under authorisation as Lacchiarella Ovest / EL-647). Part of AWS’s ~€1.2bn nationally strategic programme."
      }
    },
    {
      "type": "Feature",
      "geometry": {
        "type": "Point",
        "coordinates": [
          9.02217,
          45.44807
        ]
      },
      "properties": {
        "id": "dc_026",
        "name": "Equinix Italia — Cusago / Settimo Milanese (espansione)",
        "type": "data_center",
        "subtype": "colocation",
        "operator": "Equinix",
        "capacity": "Sette nuovi DC previsti; investimento ~4 mld (2026–2033)",
        "description_it": "Programma Equinix a Settimo Milanese / Cornaredo (ambito ex Italtel «Il Castelletto»): ampliamento ML5 (edificio ML5.4) e nuovo ML6, con cantiere previsto dal 4° trimestre 2027 secondo lo SIA. Distinto dal campus hyperscale ML7–ML8 (dc_042) già allacciato a Baggio. Consultare la documentazione VIA per lo stato dell’allaccio.",
        "country": "IT",
        "city": "Cusago",
        "status": "planned",
        "site_category": "infrastructure",
        "opened_year": null,
        "updated_at": "2026-09-29",
        "confidence": "high",
        "impact": {
          "capacity_mw": null,
          "power_draw_mw_est": null,
          "pue": null,
          "water_use_m3_year": null,
          "land_ha": null,
          "co2_t_year_est": null,
          "energy_mix_note_it": "CdM: intero fabbisogno coperto da rinnovabili tramite accordo già sottoscritto (PPA/offtake da nominare quando pubblico)."
        },
        "employment": {
          "direct": 500,
          "indirect_est": null,
          "contractors_est": 1500,
          "note_it": "Stima MIMIT: ~1.500 addetti in realizzazione; oltre 500 occupati diretti e indiretti a regime.",
          "conditions_tags": [
            "construction_phase",
            "high_skill"
          ]
        },
        "community_impact_it": "Ulteriore densificazione del cluster ovest milanese; Occupazione di cantiere rilevante rispetto ai MW a regime.",
        "labor_risks": [
          "construction_phase"
        ],
        "sources": [
          {
            "title": "MIMIT — Equinix per l’Italia / Cavour (CdM)",
            "url": "https://www.mimit.gov.it/it/notizie-stampa/data-center-ok-cdm-a-strategicita-per-due-investimenti-in-lombardia-e-piemonte-per-8-mld",
            "accessed_at": "2026-09-27"
          },
          {
            "title": "MASE — SIA Equinix ML5.4 / ML6 Settimo Milanese (Castelletto)",
            "url": "https://va.mite.gov.it/File/Documento/1320505",
            "accessed_at": "2026-09-29",
            "note": "Due nuovi edifici: ML5 Edificio 2 (ML5.4) e ML6"
          }
        ],
        "description_en": "Equinix programme at Settimo Milanese / Cornaredo (former Italtel «Il Castelletto» area): ML5 expansion (building ML5.4) and new ML6, with construction from Q4 2027 per the EIA. Distinct from the ML7–ML8 hyperscale campus (dc_042) already tied to Baggio. Check the EIA file for connection status."
      }
    },
    {
      "type": "Feature",
      "geometry": {
        "type": "Point",
        "coordinates": [
          9.20975,
          45.37726
        ]
      },
      "properties": {
        "id": "dc_027",
        "name": "EdgeConneX Campus Italia — Opera",
        "type": "data_center",
        "subtype": "hyperscale",
        "operator": "EdgeConneX",
        "capacity": "Quota programma Campus Italia (>300 MW su tre siti); MW IT Opera N/D",
        "description_it": "Campus EdgeConneX a Opera (~60 MW dichiarati in presentazione pubblica), uno dei tre nodi Campus Italia (~3 mld, interesse strategico nazionale) con Pieve Emanuele/Fizzonasco e Bertonico. Presentazione comunale: alimentazione da sottostazione Terna dedicata, senza prelievo dalla rete cittadina. Nome SE / STMG non pubblicati → nessun arco connects finché manca il fascicolo.",
        "country": "IT",
        "city": "Opera",
        "status": "planned",
        "site_category": "infrastructure",
        "opened_year": null,
        "updated_at": "2026-09-29",
        "confidence": "medium",
        "impact": {
          "capacity_mw": 100,
          "power_draw_mw_est": null,
          "pue": null,
          "water_use_m3_year": null,
          "land_ha": null,
          "co2_t_year_est": null,
          "energy_mix_note_it": "Quota indicativa 1/3 del programma multi-campus (>300 MW totali dichiarati); non potenza IT certificata del solo Opera."
        },
        "community_impact_it": "Nuova cintura hyperscale a sud di Milano/Lodigiano: suolo, rete e pressione cumulativa con AWS/Microsoft/Vantage.",
        "labor_risks": [
          "construction_phase",
          "land_use_conflict"
        ],
        "sources": [
          {
            "title": "MIMIT — programmi strategici data center",
            "url": "https://www.mimit.gov.it/it/notizie-stampa/data-center-ok-cdm-a-strategicita-per-due-investimenti-in-lombardia-e-sardegna-per-6-8-mld",
            "accessed_at": "2026-09-27"
          },
          {
            "title": "DDay — sette programmi strategici data center (EdgeConneX)",
            "url": "https://www.dday.it/redazione/58290/data-center-in-italia-il-governo-rivela-altri-due-progetti-da-68-miliardi-ecco-tutti-i-sette-siti-in-programma",
            "accessed_at": "2026-09-27"
          },
          {
            "title": "Il Giorno — presentazione EdgeConneX Opera (SE Terna dedicata)",
            "url": "https://www.ilgiorno.it/milano/cronaca/data-center-opera-k7n5qatn",
            "accessed_at": "2026-09-29"
          }
        ],
        "description_en": "EdgeConneX campus at Opera (~60 MW stated in a public presentation), one of three Campus Italia nodes (~€3bn, nationally strategic) with Pieve Emanuele/Fizzonasco and Bertonico. Municipal presentation: supply from a dedicated Terna substation, not from the town grid. SE name / STMG not published → no connects edge until a filing is available."
      }
    },
    {
      "type": "Feature",
      "geometry": {
        "type": "Point",
        "coordinates": [
          8.295,
          45.188
        ]
      },
      "properties": {
        "id": "dc_028",
        "name": "Cavour Hyperscale Campus — Trino (ex Galileo Ferraris)",
        "type": "data_center",
        "subtype": "hyperscale",
        "operator": "Techbau (BentallGreenOak)",
        "capacity": "300–400 MW (progetto); investimento ~4 mld",
        "description_it": "Riconversione dell’ex centrale termoelettrica Galileo Ferraris di Trino (VC) / Leri Cavour in campus hyperscale (Techbau / BentallGreenOak), 300–400 MW, investimento ~4 mld. Interesse strategico CdM: conferenza di servizi entro fine 2026, autorizzazione unica ~2027, primo lotto ~2028. Sul medesimo nodo: FV Enel ~87 MW (powers likely) e stazione 380 kV (connects likely verso il campus). Previsti anche accumuli elettrochimici 100–120 MW / 200–240 MWh.",
        "country": "IT",
        "city": "Trino",
        "status": "planned",
        "site_category": "infrastructure",
        "opened_year": null,
        "updated_at": "2026-09-29",
        "confidence": "high",
        "impact": {
          "capacity_mw": 350,
          "power_draw_mw_est": null,
          "pue": null,
          "water_use_m3_year": null,
          "land_ha": null,
          "co2_t_year_est": null,
          "energy_mix_note_it": "SE 380 kV sul sito (gn_006) e FV Enel (ep_002): contesto documentato dal comunicato MIMIT. Niente STMG pubblica consultata → connects likely, non confirmed. Niente PPA nominato Enel→Cavour → powers likely."
        },
        "employment": {
          "direct": 325,
          "indirect_est": 1000,
          "contractors_est": 1200,
          "note_it": "Stima MIMIT: ~1.200 medi in cantiere (picchi >2.000); a regime ~300–350 qualificati + indotto ~1.000.",
          "conditions_tags": [
            "construction_phase",
            "high_skill"
          ]
        },
        "community_impact_it": "Riqualificazione brownfield e nuovo carico elettrico enorme in un territorio già segnato dalla storia nucleare/termoelettrica.",
        "labor_risks": [
          "construction_phase"
        ],
        "sources": [
          {
            "title": "MIMIT — Cavour Hyperscale Campus / Equinix (CdM)",
            "url": "https://www.mimit.gov.it/it/notizie-stampa/data-center-ok-cdm-a-strategicita-per-due-investimenti-in-lombardia-e-piemonte-per-8-mld",
            "accessed_at": "2026-09-27"
          },
          {
            "title": "Radio Gold — Cavour Trino, 4 mld e cronoprogramma autorizzativo",
            "url": "https://radiogold.it/news-alto-piemonte/cronaca-alto-piemonte/442160-data-center-trino-investimento-governo/",
            "accessed_at": "2026-09-29"
          },
          {
            "title": "Al Nutisiari — testo comunicato governo su SE 380 kV e FV 87,5 MW",
            "url": "https://alnutisiari.it/index.php/2026/07/24/via-libera-del-governo-a-cavour-hyperscale-campus-il-data-center-che-nascera-a-leri-cavour-che-avra-una-media-di-1200-lavoratori-in-fase-di-costruzione/",
            "accessed_at": "2026-09-29"
          }
        ],
        "description_en": "Conversion of the former Galileo Ferraris thermal plant at Trino (VC) / Leri Cavour into a hyperscale campus (Techbau / BentallGreenOak), 300–400 MW, ~€4bn. National strategic status: services conference by end-2026, single authorisation ~2027, first lot ~2028. On the same node: Enel ~87 MW PV (powers likely) and a 380 kV station (connects likely to the campus). Electrochemical storage 100–120 MW / 200–240 MWh also planned."
      }
    },
    {
      "type": "Feature",
      "geometry": {
        "type": "Point",
        "coordinates": [
          8.43285,
          39.22317
        ]
      },
      "properties": {
        "id": "dc_029",
        "name": "Digital Vault Sulcis — Nuraxi Figus (Gonnesa)",
        "type": "data_center",
        "subtype": "hyperscale",
        "operator": "Energy Vault Sulcis",
        "capacity": "fino a ~30 MW (Edge AI) + accumulo/rinnovabili integrate",
        "description_it": "Digital Vault Sulcis (Energy Vault): Edge AI data center sull’ex miniera Monte Sinni a Nuraxi Figus (Gonnesa), investimento ~1,49 mld, fino a ~30 MW (espansioni citate fino a 50–60 MW). Integra generazione e accumulo rinnovabile sul brownfield Carbosulcis. Interesse strategico CdM (ago 2026); lavori indicativi ~2028, operatività commerciale ~2030. Energy Vault dichiara progressi su connessione di rete, ma lo schema RTN/STMG non è ancora pubblico: nessun arco connects.",
        "country": "IT",
        "city": "Gonnesa",
        "status": "planned",
        "site_category": "infrastructure",
        "opened_year": null,
        "updated_at": "2026-09-29",
        "confidence": "high",
        "impact": {
          "capacity_mw": 30,
          "power_draw_mw_est": null,
          "pue": null,
          "water_use_m3_year": null,
          "land_ha": null,
          "co2_t_year_est": null,
          "energy_mix_note_it": "Modello dichiarato: DC + rinnovabili + storage sullo stesso sito. Connessione di rete «in avanzamento» (dichiarazioni azienda) ma senza fascicolo STMG/VIA consultabile che nomini cabina/stazione → niente connects."
        },
        "employment": {
          "direct": null,
          "indirect_est": 400,
          "contractors_est": null,
          "note_it": "Stima MIMIT: ~400 posti/anno tra diretti e indotto a regime.",
          "conditions_tags": [
            "construction_phase",
            "high_skill"
          ]
        },
        "community_impact_it": "Riconversione di un territorio minerario in crisi (Sulcis): narrazione di transizione giusta da verificare su tempi, occupazione reale e impatto ambientale.",
        "labor_risks": [
          "construction_phase"
        ],
        "sources": [
          {
            "title": "MIMIT — Digital Vault Sulcis / K2 (CdM)",
            "url": "https://www.mimit.gov.it/it/notizie-stampa/data-center-ok-cdm-a-strategicita-per-due-investimenti-in-lombardia-e-sardegna-per-6-8-mld",
            "accessed_at": "2026-09-27"
          },
          {
            "title": "EnergiaMercato — Nuraxi Figus, timeline e connessioni ancora da definire",
            "url": "https://www.energiamercato.it/notizie/enertech/nuraxi-figus-data-center-miniera-del-sulcis",
            "accessed_at": "2026-09-29"
          },
          {
            "title": "Unione Sarda — CdM Digital Vault Sulcis; dichiarazione Energy Vault su grid connection",
            "url": "https://www.unionesarda.it/news-sardegna/sulcis-iglesiente/ok-del-governo-1-5-miliardi-per-il-data-center-ai-nellex-miniera-di-nuraxi-figus-qkqlkea8",
            "accessed_at": "2026-09-29"
          }
        ],
        "description_en": "Digital Vault Sulcis (Energy Vault): Edge AI data center at the former Monte Sinni mine in Nuraxi Figus (Gonnesa), ~€1.49bn, up to ~30 MW (expansions cited to 50–60 MW). Integrates renewable generation and storage on the Carbosulcis brownfield. National strategic status (Aug 2026); indicative works ~2028, commercial operation ~2030. Energy Vault reports grid-connection progress, but the RTN/STMG scheme is not yet public: no connects edge."
      }
    },
    {
      "type": "Feature",
      "geometry": {
        "type": "Point",
        "coordinates": [
          12.48705,
          41.7744
        ]
      },
      "properties": {
        "id": "dc_030",
        "name": "Digital Realty ROM1 — Trigoria (Roma)",
        "type": "data_center",
        "subtype": "colocation",
        "operator": "Digital Realty",
        "capacity": "~3 MW IT in prima fase; campus fino a ~22 ha a pieno sviluppo",
        "description_it": "Primo data center Digital Realty in Italia (ROM1), Via delle Testuggini 98–100, Trigoria (Roma). Cantiere avviato; completamento prima fase previsto 2027 (~3 MW IT in moduli). Campus fino a ~22 ha a pieno sviluppo. Indirizzo e scheda operatore pubblicati; allaccio RTN nominato non trovato in fonti aperte consultate.",
        "country": "IT",
        "city": "Roma",
        "status": "under_construction",
        "site_category": "infrastructure",
        "opened_year": null,
        "updated_at": "2026-09-29",
        "confidence": "high",
        "impact": {
          "capacity_mw": 3,
          "power_draw_mw_est": null,
          "pue": null,
          "water_use_m3_year": null,
          "land_ha": 22,
          "co2_t_year_est": null,
          "energy_mix_note_it": "Operatore dichiara focus su energia green; dettaglio PPA da verificare."
        },
        "community_impact_it": "Nuovo campus a sud di Roma; espansione futura rilevante rispetto alla prima fase da 3 MW.",
        "labor_risks": [
          "construction_phase"
        ],
        "sources": [
          {
            "title": "Digital Realty — espansione Milano e presenza Roma ROM1",
            "url": "https://www.globenewswire.com/news-release/2026/03/24/3261249/0/en/Digital-Realty-Further-Expands-Mediterranean-Presence-with-Strategic-Land-Acquisitions-in-Milan.html",
            "accessed_at": "2026-09-27"
          },
          {
            "title": "Digital Realty — scheda ROM1 Via delle Testuggini",
            "url": "https://www.digitalrealty.com/it/data-centers/emea/rome/rom1",
            "accessed_at": "2026-09-29"
          },
          {
            "title": "DCD — Digital Realty breaks ground on Rome ROM1",
            "url": "https://www.datacenterdynamics.com/en/news/digital-realty-breaks-ground-on-rome-data-center-italy/",
            "accessed_at": "2026-09-29"
          }
        ],
        "description_en": "Digital Realty’s first Italian data center (ROM1), Via delle Testuggini 98–100, Trigoria (Rome). Ground broken; first phase targeted for 2027 (~3 MW IT in modules). Campus up to ~22 ha at full build-out. Operator address published; named RTN connection not found in open sources consulted."
      }
    },
    {
      "type": "Feature",
      "geometry": {
        "type": "Point",
        "coordinates": [
          9.13732,
          45.32157
        ]
      },
      "properties": {
        "id": "dc_031",
        "name": "K2 Strategic Infrastructure — Zibido / Lacchiarella",
        "type": "data_center",
        "subtype": "hyperscale",
        "operator": "K2 Strategic Infrastructure Italy",
        "capacity": "~400 MW; investimento ~5,3 mld",
        "description_it": "Campus hyperscale K2 nei comuni di Zibido San Giacomo e Lacchiarella, interesse strategico nazionale (~5,3 mld, ~400 MW). Cronaca istituzionale collega l’alimentazione alla futura SE Terna Lacchiarella Ovest (EL-647). Distinto dal campus Apto (allaccio confirmed sulla SE Lacchiarella esistente).",
        "country": "IT",
        "city": "Lacchiarella",
        "status": "planned",
        "site_category": "infrastructure",
        "opened_year": null,
        "updated_at": "2026-09-29",
        "confidence": "high",
        "impact": {
          "capacity_mw": 400,
          "power_draw_mw_est": null,
          "pue": null,
          "water_use_m3_year": null,
          "land_ha": null,
          "co2_t_year_est": null,
          "energy_mix_note_it": "Connects likely a Lacchiarella Ovest. Nessuna STMG K2 pubblica consultata.",
          "energy_mix_note_en": "Connects likely to Lacchiarella Ovest. No consulted public K2 STMG."
        },
        "employment": {
          "direct": null,
          "indirect_est": null,
          "contractors_est": 2000,
          "note_it": "Stima riportata: media ~2.000 occupati/anno in quattro anni di cantiere.",
          "conditions_tags": [
            "construction_phase"
          ]
        },
        "community_impact_it": "Concentrazione estrema di MW nel sud Milano insieme ad AWS e altri programmi: rischio saturazione rete e conflitto d’uso del suolo.",
        "labor_risks": [
          "construction_phase",
          "land_use_conflict"
        ],
        "sources": [
          {
            "title": "MIMIT — K2 / Digital Vault Sulcis (CdM)",
            "url": "https://www.mimit.gov.it/it/notizie-stampa/data-center-ok-cdm-a-strategicita-per-due-investimenti-in-lombardia-e-sardegna-per-6-8-mld",
            "accessed_at": "2026-09-27"
          },
          {
            "title": "Il Giorno — Lacchiarella Ovest / campus Lacchiarella–Zibido",
            "url": "https://www.ilgiorno.it/milano/cronaca/avanza-la-nuova-centrale-elettrica-768c3694",
            "accessed_at": "2026-09-29"
          },
          {
            "title": "Comune Zibido — EL-647",
            "url": "https://www.comune.zibidosangiacomo.mi.it/it/news/el-647-nuova-se-lacchiarella-ovest-380-220-kv-e-raccordi-aerei-alla-rtn",
            "accessed_at": "2026-09-29"
          }
        ],
        "description_en": "K2 hyperscale campus in Zibido San Giacomo and Lacchiarella, nationally strategic (~€5.3bn, ~400 MW). Institutional reporting links supply to the future Terna Lacchiarella Ovest SE (EL-647). Distinct from the Apto campus (confirmed connection on the existing Lacchiarella SE)."
      }
    },
    {
      "type": "Feature",
      "geometry": {
        "type": "Point",
        "coordinates": [
          9.30725,
          45.4633
        ]
      },
      "properties": {
        "id": "dc_032",
        "name": "Microsoft Azure — San Bovio (Peschiera Borromeo)",
        "type": "data_center",
        "subtype": "hyperscale",
        "operator": "Microsoft",
        "capacity": "N/D (ex Postalmarket; bonifica/cantiere in corso)",
        "description_it": "Campus Microsoft sull’area dell’ex Postalmarket a San Bovio (Peschiera Borromeo), Via Trieste. Demolizione e bonifica avviate a febbraio 2025; screening ambientale MASE con esito favorevole su acqua, rumore e traffico secondo comunicazioni Microsoft alla comunità. Parte dell’espansione Azure Italy North insieme a Settala (dc_004), Noviglio (dc_024) e Bornasco (dc_033).",
        "country": "IT",
        "city": "Peschiera Borromeo",
        "status": "under_construction",
        "site_category": "infrastructure",
        "opened_year": null,
        "updated_at": "2026-09-27",
        "confidence": "high",
        "impact": {
          "capacity_mw": null,
          "power_draw_mw_est": null,
          "pue": null,
          "water_use_m3_year": null,
          "land_ha": null,
          "co2_t_year_est": null,
          "energy_mix_note_it": "Microsoft dichiara energia da fonti rinnovabili tramite Terna; nessun prelievo da falda potabile locale secondo screening MASE riportato."
        },
        "employment": {
          "direct": null,
          "indirect_est": null,
          "contractors_est": null,
          "note_it": "Fase demolizione/bonifica e cantiere; organico a regime tipico facility hyperscale.",
          "conditions_tags": [
            "construction_phase",
            "high_skill"
          ]
        },
        "community_impact_it": "Riconversione brownfield ex commerciale; dibattito locale su sostenibilità, traffico e opportunità di lavoro; contributi a infrastrutture scolastiche dichiarati da Microsoft.",
        "labor_risks": [
          "construction_phase"
        ],
        "sources": [
          {
            "title": "Microsoft Local — aggiornamento cantiere San Bovio",
            "url": "https://local.microsoft.com/it/blog/san-bovio-datacenter-construction-update/",
            "accessed_at": "2026-09-27"
          }
        ]
      }
    },
    {
      "type": "Feature",
      "geometry": {
        "type": "Point",
        "coordinates": [
          9.20714,
          45.25325
        ]
      },
      "properties": {
        "id": "dc_033",
        "name": "Microsoft Azure — Bornasco",
        "type": "data_center",
        "subtype": "hyperscale",
        "operator": "Microsoft",
        "capacity": "N/D (campus a due edifici; backup generators ~50 MW riportati)",
        "description_it": "Campus Microsoft self-build a Bornasco (PV) — MIL05/MIL06 — a sud di Milano (Via dei Pioppi / Via Rimembranze). Cantiere urbanizzazioni dal 2025; costruzione edifici dati dal 2026. Opere di connessione: doppio elettrodotto 132 kV verso nuova SE Terna Bornasco e cabina Enel Est Pavia (tracciati in valutazione nel SIA).",
        "country": "IT",
        "city": "Bornasco",
        "status": "under_construction",
        "site_category": "infrastructure",
        "opened_year": null,
        "updated_at": "2026-09-29",
        "confidence": "high",
        "impact": {
          "capacity_mw": null,
          "power_draw_mw_est": null,
          "pue": null,
          "water_use_m3_year": null,
          "land_ha": null,
          "co2_t_year_est": null,
          "energy_mix_note_it": "Allaccio likely verso SE Terna Bornasco (e backup Enel Est Pavia). Nessun PPA impianto nominato.",
          "energy_mix_note_en": "Connection likely to Terna Bornasco SE (and Enel Est Pavia backup). No named plant PPA."
        },
        "employment": {
          "direct": null,
          "indirect_est": null,
          "contractors_est": null,
          "note_it": "Cantiere attivo dal 2026; organico a regime da verificare.",
          "conditions_tags": [
            "construction_phase",
            "high_skill"
          ]
        },
        "community_impact_it": "Nuovo polo hyperscale nel Pavese a sud di Milano: pressione su rete e suolo in area già interessata da altri campus (Siziano, Ferrera Erbognone).",
        "labor_risks": [
          "construction_phase"
        ],
        "sources": [
          {
            "title": "Structure Research — Microsoft begins another Milan self-build (Bornasco)",
            "url": "https://www.structureresearch.net/2026/02/11/microsoft-begins-another-milan-self-build/",
            "accessed_at": "2026-09-27"
          },
          {
            "title": "MASE — opere di connessione Bornasco (SIA)",
            "url": "https://va.mite.gov.it/File/Documento/968327",
            "accessed_at": "2026-09-29"
          },
          {
            "title": "Microsoft Local — aggiornamento cantiere Bornasco",
            "url": "https://local.microsoft.com/blog/bornasco-datacenter-construction-update/",
            "accessed_at": "2026-09-29"
          }
        ],
        "description_en": "Microsoft self-build campus at Bornasco (PV) — MIL05/MIL06 — south of Milan (Via dei Pioppi / Via Rimembranze). Site works from 2025; data-building construction from 2026. Connection works: dual 132 kV lines toward the new Terna Bornasco SE and Enel Est Pavia primary cabin (alignments under evaluation in the EIA)."
      }
    },
    {
      "type": "Feature",
      "geometry": {
        "type": "Point",
        "coordinates": [
          9.43677,
          45.33325
        ]
      },
      "properties": {
        "id": "dc_034",
        "name": "Vantage MXP4 — Tavazzano / Montanaso",
        "type": "data_center",
        "subtype": "hyperscale",
        "operator": "Vantage Data Centers",
        "capacity": "N/D; estensione strategicità ~3,79 mld (programma IT totale ~8 mld)",
        "description_it": "Quarto campus italiano Vantage (MXP4) previsto nei comuni di Tavazzano con Villavesco e Montanaso (LO), dentro/accanto al perimetro della centrale termoelettrica TTEP. Il CdM ha esteso la strategicità nazionale (~3,79 mld aggiuntivi). Cronaca locale (incontro tecnico MIMIT/commissario): ubicazione in centrale confermata; progetto edilizio ancora da presentare. Non è un PPA nominato: il legame energetico in mappa è powers likely per co-locazione sullo stesso nodo.",
        "country": "IT",
        "city": "Tavazzano con Villavesco",
        "status": "planned",
        "site_category": "infrastructure",
        "opened_year": null,
        "updated_at": "2026-09-29",
        "confidence": "medium",
        "impact": {
          "capacity_mw": null,
          "power_draw_mw_est": null,
          "pue": null,
          "water_use_m3_year": null,
          "land_ha": null,
          "co2_t_year_est": null,
          "energy_mix_note_it": "Co-locazione con centrale a gas TTEP (ep_018): sinergia territoriale documentata dalla cronaca/incontri tecnici; nessun offtake/PPA nominato → non elevare a confirmed."
        },
        "employment": {
          "direct": null,
          "indirect_est": null,
          "contractors_est": null,
          "note_it": "Prevalentemente fase di pianificazione/autorizzazione; organico cantiere da definire.",
          "conditions_tags": [
            "construction_phase",
            "high_skill"
          ]
        },
        "community_impact_it": "Estensione del cluster Vantage verso il Lodigiano; dibattiti locali su energia, suolo e ruolo della centrale esistente.",
        "labor_risks": [
          "construction_phase",
          "land_use_conflict"
        ],
        "sources": [
          {
            "title": "MIMIT — programmi strategici data center",
            "url": "https://www.mimit.gov.it/it/notizie-stampa/data-center-ok-cdm-a-strategicita-per-due-investimenti-in-lombardia-e-sardegna-per-6-8-mld",
            "accessed_at": "2026-09-27"
          },
          {
            "title": "Il Cittadino — data center Vantage nella centrale di Tavazzano",
            "url": "https://www.ilcittadino.it/stories/premium/centro_lodigiano/il-data-center-della-multinazionale-vantage-sara-nella-centrale-di-tavazzano-o_205632_96/",
            "accessed_at": "2026-09-27",
            "note": "Localizzazione presso TTEP; progetto non ancora depositato in sede comunale secondo la cronaca"
          },
          {
            "title": "Il Cittadino — maxi data center accanto a centrale Tavazzano",
            "url": "https://www.ilcittadino.it/stories/premium/centro_lodigiano/arriva-un-nuovo-maxi-data-center-o_203721_96/",
            "accessed_at": "2026-09-29"
          },
          {
            "title": "MIMIT — programmi strategici data center (Vantage)",
            "url": "https://www.mimit.gov.it/it/notizie-stampa/data-center-ok-cdm-a-strategicita-per-due-investimenti-in-lombardia-e-piemonte-per-8-mld",
            "accessed_at": "2026-09-29"
          }
        ],
        "description_en": "Fourth Italian Vantage campus (MXP4) planned in Tavazzano con Villavesco and Montanaso (LO), inside/beside the TTEP thermal plant perimeter. The government extended national strategic status (~€3.79bn additional). Local reporting (MIMIT/commissioner technical meeting): plant location confirmed; building plans still to be filed. Not a named PPA: the map link is powers likely for same-node co-location."
      }
    },
    {
      "type": "Feature",
      "geometry": {
        "type": "Point",
        "coordinates": [
          9.37402,
          45.49875
        ]
      },
      "properties": {
        "id": "dc_035",
        "name": "MIL05 — Vignate (Infrastructure Italia Land 5)",
        "type": "data_center",
        "subtype": "hyperscale",
        "operator": "Infrastructure Italia Land 5 S.r.l.",
        "capacity": "~94.000 mq (MIL05A+B); 50 GE emergenza ~298 MWt",
        "description_it": "Nuovo data center MIL05 a Vignate (MI), lungo la SP 103 Nuova Cassanese / Via Galileo Galilei. VIA nazionale conclusa con giudizio positivo di compatibilità ambientale (DM 411 del 30/06/2026). Alimentazione prevista con due cavidotti 220 kV e sottostazione dedicata; area netta intervento ~73.000 mq + riserva di espansione (~21.000 mq). Caso chiaro di progetto autorizzato in attesa di realizzazione (termine 5 anni dal decreto).",
        "country": "IT",
        "city": "Vignate",
        "status": "planned",
        "site_category": "infrastructure",
        "opened_year": null,
        "updated_at": "2026-09-27",
        "confidence": "high",
        "impact": {
          "capacity_mw": null,
          "power_draw_mw_est": null,
          "pue": null,
          "water_use_m3_year": null,
          "land_ha": 9.4,
          "co2_t_year_est": null,
          "energy_mix_note_it": "Due cavi interrati 220 kV, ciascuno in grado di portare l’intero carico. Il primo (circa 244 m) parte dal traliccio n. 14 della linea aerea Cassano–Ricevitrice Nord, nel comune di Vignate. Il secondo (circa 628 m) si attesta su una buca giunti della linea interrata in progetto dalla futura stazione Terna di Pioltello verso la cabina di Infrastructure Italia Land 6 a Liscate. Non è un cavo disegnato fino a Pioltello, e quella stazione non ha ancora un punto pubblicabile.",
          "energy_mix_note_en": "Two buried 220 kV cables, each able to carry the full load. The first (about 244 m) leaves pylon 14 of the Cassano–Ricevitrice Nord overhead line, in Vignate. The second (about 628 m) ends at a joint bay on the planned underground line from the future Terna Pioltello station toward the Infrastructure Italia Land 6 primary cabin in Liscate. It is not a cable drawn all the way to Pioltello, and that station does not yet have a publishable point."
        },
        "employment": {
          "direct": null,
          "indirect_est": null,
          "contractors_est": null,
          "note_it": "Autorizzato; cantiere non ancora avviato alla data del decreto VIA.",
          "conditions_tags": [
            "construction_phase",
            "high_skill"
          ]
        },
        "community_impact_it": "Trasformazione di area agricola già prevista a destinazione produttiva/commerciale dal PGT; confine con Parco Agricolo Sud Milano; mitigazioni paesaggistiche (duna verde) negli atti.",
        "labor_risks": [
          "construction_phase",
          "land_use_conflict"
        ],
        "sources": [
          {
            "title": "MASE VIA — MIL05 Vignate (VIP 11494)",
            "url": "https://va.mite.gov.it/it-IT/Oggetti/Info/11494",
            "accessed_at": "2026-09-27"
          },
          {
            "title": "MASE — decreto compatibilità ambientale DM 411/2026 (MIL05)",
            "url": "https://va.mite.gov.it/it-IT/Oggetti/MetadatoDocumento/1406010",
            "accessed_at": "2026-09-27",
            "note": "Giudizio positivo 30/06/2026; realizzazione entro 5 anni"
          }
        ]
      }
    },
    {
      "type": "Feature",
      "geometry": {
        "type": "Point",
        "coordinates": [
          8.86145,
          45.09933
        ]
      },
      "properties": {
        "id": "dc_036",
        "name": "Eni–Khazna AI Data Center Campus — Ferrera Erbognone",
        "type": "data_center",
        "subtype": "hyperscale",
        "operator": "Eni / Khazna Data Centers (JV)",
        "capacity": "fino a 500 MW IT (campus modulare); target partnership IT–UAE fino a 1 GW in Italia",
        "description_it": "Campus AI hyperscale fino a 500 MW IT a Ferrera Erbognone (PV), sullo stesso polo del Green Data Center Eni (HPC). Heads of Terms Eni–Khazna (luglio 2025); JV autorizzata dalla Commissione europea. Alimentazione dichiarata: «Blue Power» Eni (nuova CCGT con CCS verso Ravenna). Non è ancora un PPA eseguito.",
        "country": "IT",
        "city": "Ferrera Erbognone",
        "status": "planned",
        "site_category": "infrastructure",
        "opened_year": null,
        "updated_at": "2026-09-29",
        "confidence": "high",
        "impact": {
          "capacity_mw": 500,
          "power_draw_mw_est": null,
          "pue": null,
          "water_use_m3_year": null,
          "land_ha": null,
          "co2_t_year_est": null,
          "energy_mix_note_it": "Powers likely da Blue Power (HoT). Distinto dalla centrale Enipower già operativa nel comune.",
          "energy_mix_note_en": "Powers likely from Blue Power (HoT). Distinct from the existing Enipower plant in the municipality."
        },
        "employment": {
          "direct": null,
          "indirect_est": null,
          "contractors_est": null,
          "note_it": "Sviluppo e cantieri modulari previsti; primi moduli operativi dichiarati verso fine decennio in fonti secondarie.",
          "conditions_tags": [
            "construction_phase",
            "high_skill"
          ]
        },
        "community_impact_it": "Uno dei più grandi campus AI annunciati in Italia: impatto energetico e territoriale di scala nazionale sul Pavese.",
        "labor_risks": [
          "construction_phase",
          "land_use_conflict"
        ],
        "sources": [
          {
            "title": "Eni — HoT con Khazna per AI Data Center Campus (500 MW)",
            "url": "https://www.eni.com/en-IT/media/press-release/2025/07/pr-khazna-data-centers-eni-partner-develop-i-data-center-campus.html",
            "accessed_at": "2026-09-27"
          },
          {
            "title": "Il Sole 24 Ore — via libera Ue alla JV Eni–Khazna",
            "url": "https://www.ilsole24ore.com/art/data-center-via-libera-ue-joint-venture-eni-khazna-accelerazione-polo-lombardo-AJl2Zcj",
            "accessed_at": "2026-09-27"
          },
          {
            "title": "Eni — HoT Khazna / Blue Power",
            "url": "https://www.eni.com/it-IT/media/comunicati-stampa/2025/07/cs-khazna-data-centers-eni-comunita-insieme-sviluppo-ai-data-center-campus.html",
            "accessed_at": "2026-09-29"
          }
        ],
        "description_en": "AI hyperscale campus up to 500 MW IT at Ferrera Erbognone (PV), on the same hub as Eni’s Green Data Center (HPC). Eni–Khazna Head of Terms (July 2025); JV cleared by the European Commission. Declared supply: Eni «Blue Power» (new CCGT with CCS to Ravenna). Not yet an executed PPA."
      }
    },
    {
      "type": "Feature",
      "geometry": {
        "type": "Point",
        "coordinates": [
          9.19047,
          45.37232
        ]
      },
      "properties": {
        "id": "dc_037",
        "name": "EdgeConneX Campus Italia — Pieve Emanuele / Fizzonasco",
        "type": "data_center",
        "subtype": "hyperscale",
        "operator": "EdgeConneX",
        "capacity": "Quota programma Campus Italia (>300 MW su tre siti); MW IT sito N/D",
        "description_it": "Secondo nodo del programma EdgeConneX Campus Italia (~3 mld, interesse strategico nazionale), nei comuni di Pieve Emanuele / Fizzonasco a sud di Milano. Stesso programma di Opera (dc_027) e Bertonico (dc_038). Coordinate a livello frazione; lotto esatto da raffinare.",
        "country": "IT",
        "city": "Pieve Emanuele",
        "status": "planned",
        "site_category": "infrastructure",
        "opened_year": null,
        "updated_at": "2026-09-27",
        "confidence": "medium",
        "impact": {
          "capacity_mw": 100,
          "power_draw_mw_est": null,
          "pue": null,
          "water_use_m3_year": null,
          "land_ha": null,
          "co2_t_year_est": null,
          "energy_mix_note_it": "Quota indicativa 1/3 del programma multi-campus; non potenza IT certificata del sito."
        },
        "community_impact_it": "Densificazione ulteriore della cintura sud-milanese già satura di progetti hyperscale.",
        "labor_risks": [
          "construction_phase",
          "land_use_conflict"
        ],
        "sources": [
          {
            "title": "MIMIT — programmi strategici data center",
            "url": "https://www.mimit.gov.it/it/notizie-stampa/data-center-ok-cdm-a-strategicita-per-due-investimenti-in-lombardia-e-sardegna-per-6-8-mld",
            "accessed_at": "2026-09-27"
          }
        ]
      }
    },
    {
      "type": "Feature",
      "geometry": {
        "type": "Point",
        "coordinates": [
          9.67466,
          45.24519
        ]
      },
      "properties": {
        "id": "dc_038",
        "name": "EdgeConneX Campus Italia — Bertonico",
        "type": "data_center",
        "subtype": "hyperscale",
        "operator": "EdgeConneX",
        "capacity": "Quota programma Campus Italia (>300 MW su tre siti); MW IT sito N/D",
        "description_it": "Terzo nodo del programma EdgeConneX Campus Italia nel Lodigiano (Bertonico). Stesso programma di Opera (dc_027) e Pieve Emanuele (dc_037). Pin a livello comunale.",
        "country": "IT",
        "city": "Bertonico",
        "status": "planned",
        "site_category": "infrastructure",
        "opened_year": null,
        "updated_at": "2026-09-27",
        "confidence": "medium",
        "impact": {
          "capacity_mw": 100,
          "power_draw_mw_est": null,
          "pue": null,
          "water_use_m3_year": null,
          "land_ha": null,
          "co2_t_year_est": null,
          "energy_mix_note_it": "Quota indicativa 1/3 del programma multi-campus; non potenza IT certificata del sito."
        },
        "community_impact_it": "Estensione della proliferazione data center oltre la cintura milanese, verso il Lodigiano.",
        "labor_risks": [
          "construction_phase",
          "land_use_conflict"
        ],
        "sources": [
          {
            "title": "MIMIT — programmi strategici data center",
            "url": "https://www.mimit.gov.it/it/notizie-stampa/data-center-ok-cdm-a-strategicita-per-due-investimenti-in-lombardia-e-sardegna-per-6-8-mld",
            "accessed_at": "2026-09-27"
          }
        ]
      }
    },
    {
      "type": "Feature",
      "geometry": {
        "type": "Point",
        "coordinates": [
          9.02575,
          45.50169
        ]
      },
      "properties": {
        "id": "dc_039",
        "name": "Vantage — Cornaredo (programma strategico)",
        "type": "data_center",
        "subtype": "hyperscale",
        "operator": "Vantage Data Centers",
        "capacity": "N/D (nodo del programma multi-campus ~8 mld)",
        "description_it": "Nodo Cornaredo del programma Vantage di interesse strategico nazionale (insieme a Melegnano/MXP1, Settimo/MXP2 e Tavazzano/MXP4). Distinto dal campus Data4 MIL01 già operativo nello stesso comune (dc_021). Lotto e potenza IT da raffinare; pin approssimato sul comune.",
        "country": "IT",
        "city": "Cornaredo",
        "status": "planned",
        "site_category": "infrastructure",
        "opened_year": null,
        "updated_at": "2026-09-27",
        "confidence": "medium",
        "impact": {
          "capacity_mw": null,
          "power_draw_mw_est": null,
          "pue": null,
          "water_use_m3_year": null,
          "land_ha": null,
          "co2_t_year_est": null,
          "energy_mix_note_it": "Stesso corridoio ovest-Milano di Data4 ed Equinix; dettaglio MW IT non pubblico."
        },
        "community_impact_it": "Ulteriore densificazione del corridoio Cornaredo–Settimo già saturo di campus colo/hyperscale.",
        "labor_risks": [
          "construction_phase",
          "land_use_conflict"
        ],
        "sources": [
          {
            "title": "MIMIT — programmi strategici data center",
            "url": "https://www.mimit.gov.it/it/notizie-stampa/data-center-ok-cdm-a-strategicita-per-due-investimenti-in-lombardia-e-sardegna-per-6-8-mld",
            "accessed_at": "2026-09-27",
            "note": "Vantage: Melegnano, Settimo Milanese, Cornaredo, Tavazzano"
          }
        ]
      }
    },
    {
      "type": "Feature",
      "geometry": {
        "type": "Point",
        "coordinates": [
          9.0425,
          45.4762
        ]
      },
      "properties": {
        "id": "dc_040",
        "name": "Microsoft Azure — MIL03 (Castelletto / Settimo Milanese)",
        "type": "data_center",
        "subtype": "hyperscale",
        "operator": "Microsoft",
        "capacity": "MIL03; allaccio 132 kV verso SE Baggio",
        "description_it": "Campus Microsoft MIL03 a Settimo Milanese, al margine sud di Castelletto presso via Reiss Romoli. Distinto da Equinix ML5 e da Vantage MXP2 nello stesso corridoio. Il collegamento elettrico previsto è un doppio elettrodotto AT 132 kV interrato (~2,4 km) dalla sottostazione del sito alla stazione Terna di Baggio (via Edison, frazione Seguro). Pin approssimato sul corridoio Via Reiss Romoli indicato in VIA.",
        "description_en": "Microsoft MIL03 campus at Settimo Milanese, on the southern edge of Castelletto near Via Reiss Romoli. Distinct from Equinix ML5 and Vantage MXP2 in the same corridor. The planned electrical link is a dual buried 132 kV line (~2.4 km) from the site substation to Terna’s Baggio station (Via Edison, Seguro). Approximate pin on the Via Reiss Romoli corridor named in the EIA.",
        "country": "IT",
        "city": "Settimo Milanese",
        "status": "under_construction",
        "site_category": "infrastructure",
        "opened_year": null,
        "updated_at": "2026-09-29",
        "confidence": "medium",
        "impact": {
          "capacity_mw": null,
          "power_draw_mw_est": null,
          "pue": null,
          "water_use_m3_year": null,
          "land_ha": null,
          "co2_t_year_est": null,
          "energy_mix_note_it": "Allaccio documentato: due cavi 132 kV interrati verso SE Terna Baggio. È il punto di connessione, non la centrale che produce l’elettricità."
        },
        "employment": {
          "direct": null,
          "indirect_est": null,
          "contractors_est": null,
          "note_it": "Cantiere e istruttoria VIA in corso; organico operativo non dichiarato in fonti aperte.",
          "conditions_tags": [
            "construction_phase"
          ]
        },
        "community_impact_it": "Pressione cumulativa di suolo e rete nel corridoio Castelletto–Seguro insieme a Equinix e Vantage.",
        "labor_risks": [
          "construction_phase"
        ],
        "sources": [
          {
            "title": "MASE — integrazione elettrodotto MIL03 / SE Baggio (ID VIP 9549)",
            "url": "https://va.mite.gov.it/File/Documento/833908",
            "accessed_at": "2026-09-29",
            "note": "Due elettrodotti AT 132 kV interrati ~2,433 km verso SE Baggio"
          },
          {
            "title": "Regione Lombardia — parere istruttoria MIL03 Settimo Milanese",
            "url": "https://va.mite.gov.it/File/Documento/1251809",
            "accessed_at": "2026-09-29",
            "note": "Collegamento alla stazione Terna Baggio a ~1,2 km"
          }
        ]
      }
    },
    {
      "type": "Feature",
      "geometry": {
        "type": "Point",
        "coordinates": [
          9.1355,
          45.3248
        ]
      },
      "properties": {
        "id": "dc_041",
        "name": "Apto — Campus Lacchiarella",
        "type": "data_center",
        "subtype": "hyperscale",
        "operator": "Apto Italia",
        "capacity": "~300 MVA pianificati; investimento dichiarato ~3 mld",
        "description_it": "Campus hyperscale Apto a Lacchiarella (~228.000 mq, fino a cinque edifici). Distinto da K2 (dc_031) nello stesso comune. STMG Terna 202400955 (7 marzo 2024): allaccio con cavo sotterraneo alla stazione esistente 380/132 kV Lacchiarella — non alla futura SE Lacchiarella Ovest. VIA nazionale in corso (ID VIP 13535). Pin approssimato sull’area industriale sud del comune.",
        "description_en": "Apto hyperscale campus at Lacchiarella (~228,000 m², up to five buildings). Distinct from K2 (dc_031) in the same municipality. Terna STMG 202400955 (7 March 2024): underground cable to the existing Lacchiarella 380/132 kV station — not the future Lacchiarella Ovest station. National EIA ongoing (VIP 13535). Approximate pin on the southern industrial area.",
        "country": "IT",
        "city": "Lacchiarella",
        "status": "planned",
        "site_category": "infrastructure",
        "opened_year": null,
        "updated_at": "2026-09-29",
        "confidence": "medium",
        "impact": {
          "capacity_mw": 300,
          "power_draw_mw_est": null,
          "pue": null,
          "water_use_m3_year": null,
          "land_ha": 22.8,
          "co2_t_year_est": null,
          "energy_mix_note_it": "Allaccio nominato: SE Lacchiarella esistente (STMG 202400955). Lacchiarella Ovest resta un progetto Terna distinto."
        },
        "employment": {
          "direct": null,
          "indirect_est": null,
          "contractors_est": null,
          "note_it": "Investimento dichiarato ~3 mld; organico operativo non ancora dettagliato in fonti aperte.",
          "conditions_tags": [
            "construction_phase"
          ]
        },
        "community_impact_it": "Concentrazione di MW a Lacchiarella insieme a K2 e al corridoio AWS Zibido; pressione su rete e suolo agricolo sud Milano.",
        "labor_risks": [
          "construction_phase",
          "land_use_conflict"
        ],
        "sources": [
          {
            "title": "Apto — campus Lacchiarella",
            "url": "https://aptodc.com/apto-announces-plans-for-italys-largest-data-centre-campus/",
            "accessed_at": "2026-09-29"
          },
          {
            "title": "MASE VIA — Data Center Lacchiarella (Apto Italia, ID VIP 13535)",
            "url": "https://va.mite.gov.it/it-IT/Oggetti/Info/11503",
            "accessed_at": "2026-09-29"
          },
          {
            "title": "Apto — controdeduzioni: STMG 202400955 verso SE Lacchiarella",
            "url": "https://va.mite.gov.it/File/Documento/1406478",
            "accessed_at": "2026-09-29",
            "note": "Allaccio cavo sotterraneo alla SE esistente 380/132 kV Lacchiarella"
          }
        ]
      }
    },
    {
      "type": "Feature",
      "geometry": {
        "type": "Point",
        "coordinates": [
          9.03768,
          45.47684
        ]
      },
      "properties": {
        "id": "dc_042",
        "name": "Equinix Hyperscale — ML7 / ML8 (Castelletto)",
        "type": "data_center",
        "subtype": "hyperscale",
        "operator": "Equinix Hyperscale 2 (ML7)",
        "capacity": "Generazione emergenza dichiarata ~125–134 MWt (ML7+ML8); potenza IT non pubblica",
        "description_it": "Campus hyperscale Equinix a Settimo Milanese, località Il Castelletto: due unità indipendenti ML7 e ML8. Alimentate da una stazione AT/MT prossima al sito, collegata alla SE Terna Baggio con elettrodotto in doppio cavo interrato (screening/documentazione ambientale Equinix; parere regionale MIL03 conferma il collegamento a Baggio). ML7 in costruzione dal 2021; ML8 in sviluppo successivo. Distinto da ML5 (IBX) e dal progetto ML5.4/ML6 (dc_026). Pin da OpenStreetMap (Equinix ML7x).",
        "description_en": "Equinix hyperscale campus at Settimo Milanese, Il Castelletto: two independent units ML7 and ML8. Fed from a nearby HV/MV station linked to Terna’s Baggio SE by a dual buried cable (Equinix environmental filings; regional MIL03 opinion confirms the Baggio connection). ML7 under construction since 2021; ML8 later. Distinct from ML5 (IBX) and the ML5.4/ML6 project (dc_026). Pin from OpenStreetMap (Equinix ML7x).",
        "country": "IT",
        "city": "Settimo Milanese",
        "status": "under_construction",
        "site_category": "infrastructure",
        "opened_year": null,
        "updated_at": "2026-09-29",
        "confidence": "high",
        "impact": {
          "capacity_mw": null,
          "power_draw_mw_est": null,
          "pue": null,
          "water_use_m3_year": null,
          "land_ha": null,
          "co2_t_year_est": null,
          "energy_mix_note_it": "Allaccio documentato: doppio cavo interrato verso SE Terna Baggio. Non è un PPA e non indica quale centrale produce l’energia."
        },
        "employment": {
          "direct": null,
          "indirect_est": null,
          "contractors_est": null,
          "note_it": "Cantiere ML7 avviato; ML8 in fasi successive. Organico operativo non dichiarato in fonti aperte.",
          "conditions_tags": [
            "construction_phase",
            "high_skill"
          ]
        },
        "community_impact_it": "Pressione cumulativa a Castelletto insieme a Data4, Vantage MXP2 e Microsoft MIL03; prossimità al Parco Agricolo Sud Milano.",
        "labor_risks": [
          "construction_phase"
        ],
        "sources": [
          {
            "title": "MASE — Info Data Center ML7–ML8 Settimo Milanese (Equinix)",
            "url": "https://va.mite.gov.it/it-IT/Oggetti/Info/11965",
            "accessed_at": "2026-09-29"
          },
          {
            "title": "Equinix — Studio preliminare ambientale ML7–ML8 (allaccio Baggio)",
            "url": "https://va.mite.gov.it/File/Documento/712030",
            "accessed_at": "2026-09-29",
            "note": "Doppio cavo interrato dalla stazione AT/MT del sito alla SE Baggio"
          },
          {
            "title": "Equinix — integrazione ML7–ML8 (descrizione allaccio Baggio)",
            "url": "https://va.mite.gov.it/File/Documento/931063",
            "accessed_at": "2026-09-29"
          },
          {
            "title": "Regione Lombardia — parere MIL03: ML7/ML8 collegati a Baggio",
            "url": "https://va.mite.gov.it/File/Documento/1251809",
            "accessed_at": "2026-09-29"
          },
          {
            "title": "OpenStreetMap — Equinix ML7x (way 1482049979)",
            "url": "https://www.openstreetmap.org/way/1482049979",
            "accessed_at": "2026-09-29"
          }
        ]
      }
    },
    {
      "type": "Feature",
      "geometry": {
        "type": "Point",
        "coordinates": [
          12.63138,
          41.93183
        ]
      },
      "properties": {
        "id": "dc_043",
        "name": "Aruba Hyper Cloud Data Center IT4 — Tecnopolo Tiburtino (Roma)",
        "type": "data_center",
        "subtype": "colocation",
        "operator": "Aruba",
        "capacity": "N/D; ampliamento con gruppi elettrogeni in istruttoria ambientale",
        "description_it": "Campus Aruba Hyper Cloud IT4 in Via Giacomo Peroni 380, Tecnopolo Tiburtino (Roma). Cloud, colocation e connettività per imprese e PA. Procedura MASE di verifica di assoggettabilità a VIA per installazione di gruppi elettrogeni di emergenza (ID VIP 13164). Distinto da Aruba IT1 Arezzo e IT3 Ponte San Pietro.",
        "description_en": "Aruba Hyper Cloud IT4 campus at Via Giacomo Peroni 380, Tecnopolo Tiburtino (Rome). Cloud, colocation and connectivity for business and public administration. MASE EIA-screening procedure for emergency generator sets (VIP 13164). Distinct from Aruba IT1 Arezzo and IT3 Ponte San Pietro.",
        "country": "IT",
        "city": "Roma",
        "status": "operational",
        "site_category": "infrastructure",
        "opened_year": 2020,
        "updated_at": "2026-09-29",
        "confidence": "high",
        "impact": {
          "capacity_mw": null,
          "power_draw_mw_est": null,
          "pue": null,
          "water_use_m3_year": null,
          "land_ha": null,
          "co2_t_year_est": null,
          "energy_mix_note_it": "Allaccio di rete non nominato in fonti aperte consultate; fascicolo VIA riguarda i gruppi di emergenza, non il punto di connessione RTN."
        },
        "employment": {
          "direct": null,
          "indirect_est": null,
          "contractors_est": null,
          "note_it": "Occupazione campus non dettagliata nel fascicolo generatori; tipica di un nodo cloud/colocation metropolitano.",
          "conditions_tags": [
            "high_skill",
            "shift_work"
          ]
        },
        "community_impact_it": "Polo digitale sull’asse Tiburtino; pressione locale soprattutto su rumore/emissioni dei gruppi di emergenza in istruttoria.",
        "labor_risks": [
          "shift_work"
        ],
        "sources": [
          {
            "title": "MASE — Info VIA generatori Aruba Tecnopolo Tiburtino (ID 13164)",
            "url": "https://va.mite.gov.it/it-IT/Oggetti/Info/11308",
            "accessed_at": "2026-09-29"
          },
          {
            "title": "MASE — documento economico/indirizzo Via Peroni 380",
            "url": "https://va.mite.gov.it/File/Documento/1278525",
            "accessed_at": "2026-09-29",
            "note": "Hyper Cloud IT4, Via Giacomo Peroni 380"
          },
          {
            "title": "MASE — scheda edificio / coordinate GIS Tiburtino",
            "url": "https://va.mite.gov.it/File/Documento/1278524",
            "accessed_at": "2026-09-29",
            "note": "Lat 41.93133 Lon 12.631676"
          }
        ]
      }
    }
  ]
}
