{
  "type": "FeatureCollection",
  "features": [
    {
      "type": "Feature",
      "geometry": {
        "type": "Point",
        "coordinates": [
          11.88,
          43.46
        ]
      },
      "properties": {
        "id": "dc_001",
        "name": "Aruba IT1 - Arezzo",
        "type": "data_center",
        "subtype": "colocation",
        "operator": "Aruba S.p.A.",
        "capacity": "4 MW",
        "description_it": "Data center di colocation Aruba IT1 situato ad Arezzo, con 1.500 mq di spazio e capacità di potenza fino a 40 kW per rack. Uno dei primi data center di Aruba in Italia, operativo dal 2000.",
        "country": "IT",
        "city": "Arezzo",
        "confidence": "medium",
        "impact": {
          "capacity_mw": 4,
          "power_draw_mw_est": null,
          "pue": null,
          "water_use_m3_year": null,
          "land_ha": null,
          "co2_t_year_est": null,
          "energy_mix_note_it": "Colocation di piccola/media taglia; prelievo dipendente dall’occupazione rack."
        },
        "updated_at": "2026-09-23"
      }
    },
    {
      "type": "Feature",
      "geometry": {
        "type": "Point",
        "coordinates": [
          9.5878,
          45.6955
        ]
      },
      "properties": {
        "id": "dc_002",
        "name": "Aruba Global Cloud Data Center IT3 - Ponte San Pietro",
        "type": "data_center",
        "subtype": "hyperscale",
        "operator": "Aruba S.p.A.",
        "capacity": "60 MW (campus totale)",
        "description_it": "Campus hyperscale di Aruba a Ponte San Pietro (Bergamo), il più grande data center campus in Italia con 200.000 mq. Alimentato al 100% da energia rinnovabile, con 15 MW di potenza disponibile e capacità totale del campus di 60 MW. Costruito su un ex sito industriale riqualificato.",
        "country": "IT",
        "city": "Ponte San Pietro",
        "status": "operational",
        "site_category": "infrastructure",
        "opened_year": 2021,
        "updated_at": "2026-09-16",
        "confidence": "medium",
        "impact": {
          "capacity_mw": 60,
          "power_draw_mw_est": 15,
          "pue": null,
          "water_use_m3_year": null,
          "land_ha": 20,
          "co2_t_year_est": null,
          "energy_mix_note_it": "Campus hyperscale; mix elettrico dipendente dalla rete lombarda e da PPA/rinnovabili dichiarati dall'operatore (da verificare)."
        },
        "employment": {
          "direct": null,
          "indirect_est": null,
          "contractors_est": null,
          "note_it": "Occupazione diretta tipicamente limitata rispetto alla potenza installata; picco occupazionale in fase di cantiere e facility management.",
          "conditions_tags": [
            "high_skill",
            "construction_phase"
          ]
        },
        "community_impact_it": "Consumo elettrico e pressione sulla rete locale; potenziale competizione con altri usi industriali/residenziali del territorio bergamasco.",
        "labor_risks": [
          "construction_phase"
        ],
        "sources": [
          {
            "title": "Aruba — Global Cloud Data Center IT3",
            "url": "https://www.aruba.it/",
            "accessed_at": "2026-09-16",
            "note": "Scheda campus / capacità dichiarata (~60 MW campus)"
          }
        ]
      }
    },
    {
      "type": "Feature",
      "geometry": {
        "type": "Point",
        "coordinates": [
          9.19,
          45.4642
        ]
      },
      "properties": {
        "id": "dc_003",
        "name": "Google Cloud Region - Milano",
        "type": "data_center",
        "subtype": "hyperscale",
        "operator": "Google (ospitato in data center TIM)",
        "capacity": "N/D",
        "description_it": "Regione cloud di Google a Milano, operativa dal giugno 2022, ospitata nei data center di TIM. Utilizzata da grandi imprese italiane come Intesa Sanpaolo per la loro infrastruttura digitale.",
        "country": "IT",
        "city": "Milano",
        "confidence": "high"
      }
    },
    {
      "type": "Feature",
      "geometry": {
        "type": "Point",
        "coordinates": [
          9.38,
          45.45
        ]
      },
      "properties": {
        "id": "dc_004",
        "name": "Microsoft Azure Italy North - Settala",
        "type": "data_center",
        "subtype": "hyperscale",
        "operator": "Microsoft",
        "capacity": "N/D",
        "description_it": "Regione cloud Microsoft Azure Italy North nella zona metropolitana di Milano, composta da tre data center. Annunciata nel giugno 2023, con strutture operative a Settala e nuovi campus in costruzione a Bornasco e San Bovio (Peschiera Borromeo).",
        "country": "IT",
        "city": "Settala",
        "confidence": "high"
      }
    },
    {
      "type": "Feature",
      "geometry": {
        "type": "Point",
        "coordinates": [
          9.09,
          45.52
        ]
      },
      "properties": {
        "id": "dc_005",
        "name": "AWS Europe (Milano) - Rho/Pero",
        "type": "data_center",
        "subtype": "hyperscale",
        "operator": "Amazon Web Services",
        "capacity": "100.000 mq (area totale)",
        "description_it": "Regione AWS Europe (Milano) con tre zone di disponibilità, operativa dal 2020. Situata nell'area di Rho/Pero vicino a Milano. AWS ha investito 1,2 miliardi di euro per espandere la sua infrastruttura cloud in Italia.",
        "country": "IT",
        "city": "Rho/Pero",
        "confidence": "high"
      }
    },
    {
      "type": "Feature",
      "geometry": {
        "type": "Point",
        "coordinates": [
          9.0387,
          45.4755
        ]
      },
      "properties": {
        "id": "dc_006",
        "name": "Equinix ML5 - Settimo Milanese",
        "type": "data_center",
        "subtype": "colocation",
        "operator": "Equinix",
        "capacity": "N/D",
        "description_it": "Data center IBX® Equinix ML5 a Settimo Milanese, vicino a Via Caldera, il punto di interconnessione più connesso di Milano. Offre connessioni virtuali ai principali provider cloud. Parte del campus Equinix Milano che recupera calore dai server per riscaldare abitazioni milanesi (progetto 2026).",
        "country": "IT",
        "city": "Settimo Milanese",
        "confidence": "medium",
        "status": "unknown",
        "opened_year": null,
        "sources": [
          {
            "title": "OpenStreetMap / Overpass",
            "url": "https://wiki.openstreetmap.org/wiki/Tag:telecom%3Ddata_center",
            "accessed_at": "2026-09-23",
            "note": "osm_id=571018422"
          }
        ]
      }
    },
    {
      "type": "Feature",
      "geometry": {
        "type": "Point",
        "coordinates": [
          9.1473,
          45.4486
        ]
      },
      "properties": {
        "id": "dc_007",
        "name": "Equinix ML2 - Milano Via Savona",
        "type": "data_center",
        "subtype": "colocation",
        "operator": "Equinix",
        "capacity": "N/D",
        "description_it": "Data center Equinix ML2 in Via Savona 125, Milano. Struttura carrier-neutral che offre opzioni di interconnessione e certificazioni di sicurezza. Uno dei principali hub di scambio dati nel sud Europa.",
        "country": "IT",
        "city": "Milano",
        "confidence": "medium"
      }
    },
    {
      "type": "Feature",
      "geometry": {
        "type": "Point",
        "coordinates": [
          9.12,
          45.48
        ]
      },
      "properties": {
        "id": "dc_008",
        "name": "Irideos Avalon Campus - Milano",
        "type": "data_center",
        "subtype": "colocation",
        "operator": "Irideos/Retelit",
        "capacity": "28 MW (totale nazionale)",
        "description_it": "Avalon Campus di Irideos in Via Caldera 21, Milano, il più grande hub di interconnessione neutrale in Italia con oltre 2.600 rack su 13.000 mq. Irideos gestisce 16 data center in Italia tra Milano, Roma, Verona e Trento, con 27.000 km di fibra ottica.",
        "country": "IT",
        "city": "Milano",
        "confidence": "medium"
      }
    },
    {
      "type": "Feature",
      "geometry": {
        "type": "Point",
        "coordinates": [
          9.2,
          45.33
        ]
      },
      "properties": {
        "id": "dc_009",
        "name": "STACK Infrastructure MIL01 - Siziano",
        "type": "data_center",
        "subtype": "hyperscale",
        "operator": "STACK Infrastructure",
        "capacity": "40+ MW (espandibile a 50+ MW)",
        "description_it": "Campus hyperscale STACK Infrastructure a Siziano (Pavia), con oltre 100.000 mq di spazio attivo su 12 ettari. Supporta servizi hyperscale e colocation con molteplici sale dati indipendenti. Milano è uno dei mercati data center in più rapida crescita in Europa.",
        "country": "IT",
        "city": "Siziano",
        "confidence": "high",
        "impact": {
          "capacity_mw": 40,
          "power_draw_mw_est": null,
          "pue": null,
          "water_use_m3_year": null,
          "land_ha": 12,
          "co2_t_year_est": null,
          "energy_mix_note_it": "Campus hyperscale wholesale; domanda elettrica rilevante sulla rete pavese/milanese."
        },
        "community_impact_it": "Espansione data center nell’area metropolitana milanese: pressione su rete elettrica, suolo e risorse idriche locali; occupazione diretta tipicamente limitata rispetto alla potenza.",
        "updated_at": "2026-09-23",
        "status": "unknown",
        "opened_year": null,
        "sources": [
          {
            "title": "OpenStreetMap / Overpass",
            "url": "https://wiki.openstreetmap.org/wiki/Tag:telecom%3Ddata_center",
            "accessed_at": "2026-09-23",
            "note": "osm_id=524879451"
          }
        ]
      }
    },
    {
      "type": "Feature",
      "geometry": {
        "type": "Point",
        "coordinates": [
          9.1639,
          45.3813
        ]
      },
      "properties": {
        "id": "dc_010",
        "name": "TIM Noovle Data Center - Rozzano",
        "type": "data_center",
        "subtype": "enterprise",
        "operator": "TIM S.p.A.",
        "capacity": "125 MW (totale rete nazionale TIM)",
        "description_it": "Data center TIM/Noovle a Rozzano (Milano), parte della rete di 17 data center TIM Enterprise in Italia con capacità installata totale di 125 MW. TIM ha annunciato un piano di investimenti da 1 miliardo di euro per espandere la propria infrastruttura data center.",
        "country": "IT",
        "city": "Rozzano",
        "confidence": "medium"
      }
    },
    {
      "type": "Feature",
      "geometry": {
        "type": "Point",
        "coordinates": [
          12.4975,
          41.6797
        ]
      },
      "properties": {
        "id": "dc_011",
        "name": "TIM Data Center - Pomezia (Roma)",
        "type": "data_center",
        "subtype": "enterprise",
        "operator": "TIM S.p.A. / Trust Technologies",
        "capacity": "N/D",
        "description_it": "Data center TIM Trust Technologies a Pomezia, vicino Roma, in Via Pontina km 29+100. Operativo 24 ore su 24, parte della rete nazionale TIM di data center. TIM sta investendo 130 milioni di euro in un nuovo data center vicino Roma, operativo entro fine 2026.",
        "country": "IT",
        "city": "Pomezia",
        "confidence": "medium"
      }
    },
    {
      "type": "Feature",
      "geometry": {
        "type": "Point",
        "coordinates": [
          27.2,
          60.57
        ]
      },
      "properties": {
        "id": "dc_012",
        "name": "Google Data Center - Hamina, Finlandia",
        "type": "data_center",
        "subtype": "hyperscale",
        "operator": "Google",
        "capacity": "140 MW",
        "description_it": "Il più grande data center in Finlandia, costruito nel 2009 con un investimento di 3,5 miliardi di euro. Opera con il 97% di energia carbon-free. Primo progetto di recupero del calore off-site di Google, che fornisce calore alla comunità locale di Hamina.",
        "country": "FI",
        "city": "Hamina",
        "confidence": "high",
        "impact": {
          "capacity_mw": 140,
          "power_draw_mw_est": null,
          "pue": null,
          "water_use_m3_year": null,
          "land_ha": null,
          "co2_t_year_est": null,
          "energy_mix_note_it": "Operatore dichiara mix prevalentemente carbon-free; recupero calore verso la comunità di Hamina."
        },
        "community_impact_it": "Impatto locale mitigato dal recupero di calore per il teleriscaldamento; comunque grande domanda elettrica regionale.",
        "updated_at": "2026-09-23"
      }
    },
    {
      "type": "Feature",
      "geometry": {
        "type": "Point",
        "coordinates": [
          22.1547,
          65.5848
        ]
      },
      "properties": {
        "id": "dc_013",
        "name": "Meta Data Center - Luleå, Svezia",
        "type": "data_center",
        "subtype": "hyperscale",
        "operator": "Meta Platforms",
        "capacity": "N/D (circa 100+ MW stimati)",
        "description_it": "Primo data center di Meta (ex Facebook), aperto nel 2013 a Luleå, nel nord della Svezia, appena sotto il Circolo Polare Artico. Tre strutture per un totale di circa 93.000 mq. Sfrutta il clima naturalmente freddo per ridurre i costi di raffreddamento e l'energia idroelettrica locale.",
        "country": "SE",
        "city": "Luleå",
        "confidence": "high",
        "impact": {
          "capacity_mw": 100,
          "power_draw_mw_est": null,
          "pue": null,
          "water_use_m3_year": null,
          "land_ha": null,
          "co2_t_year_est": null,
          "energy_mix_note_it": "Stima di potenza di campus (~100 MW); clima freddo e idroelettrico nordico riducono fabbisogno di raffreddamento e intensità carbonica."
        },
        "community_impact_it": "Grande infrastruttura in area artica: bassa intensità carbonica della rete, ma uso rilevante di suolo ed energia rinnovabile locale.",
        "updated_at": "2026-09-23"
      }
    },
    {
      "type": "Feature",
      "geometry": {
        "type": "Point",
        "coordinates": [
          8.6821,
          50.1109
        ]
      },
      "properties": {
        "id": "dc_014",
        "name": "Equinix FR13 - Francoforte",
        "type": "data_center",
        "subtype": "colocation",
        "operator": "Equinix",
        "capacity": "7,75 MW (FR13); fino a 25 MW per struttura",
        "description_it": "Data center Equinix a Francoforte, sede del più grande punto di scambio Internet al mondo (DE-CIX). Equinix gestisce molteplici strutture di colocation a Francoforte, tra cui FR2, FR4, FR10x (16,8 MW) e FR13 (7,75 MW, inaugurato nel 2024).",
        "country": "DE",
        "city": "Francoforte",
        "confidence": "medium",
        "impact": {
          "capacity_mw": 7.75,
          "power_draw_mw_est": null,
          "pue": null,
          "water_use_m3_year": null,
          "land_ha": null,
          "co2_t_year_est": null,
          "energy_mix_note_it": "Colocation in hub DE-CIX; potenza riferita alla struttura FR13."
        },
        "updated_at": "2026-09-23"
      }
    },
    {
      "type": "Feature",
      "geometry": {
        "type": "Point",
        "coordinates": [
          4.9544,
          52.3567
        ]
      },
      "properties": {
        "id": "dc_015",
        "name": "Equinix AM3 - Amsterdam Science Park",
        "type": "data_center",
        "subtype": "colocation",
        "operator": "Equinix",
        "capacity": "N/D",
        "description_it": "Data center Equinix AM3 ad Amsterdam Science Park 610, importante gateway digitale verso l'Europa. Ospita l'Amsterdam Internet Exchange (AMS-IX) e offre opportunità di peering con i principali provider cloud. Equinix gestisce anche AM1, AM2, AM5 e AM7 ad Amsterdam.",
        "country": "NL",
        "city": "Amsterdam",
        "confidence": "medium",
        "status": "unknown",
        "opened_year": null,
        "sources": [
          {
            "title": "OpenStreetMap / Overpass",
            "url": "https://wiki.openstreetmap.org/wiki/Tag:telecom%3Ddata_center",
            "accessed_at": "2026-09-23",
            "note": "osm_id=2853597655"
          }
        ]
      }
    },
    {
      "type": "Feature",
      "geometry": {
        "type": "Point",
        "coordinates": [
          -6.425,
          53.2867
        ]
      },
      "properties": {
        "id": "dc_016",
        "name": "Microsoft Azure North Europe - Dublino",
        "type": "data_center",
        "subtype": "hyperscale",
        "operator": "Microsoft",
        "capacity": "303.000 sqft (Grange Castle)",
        "description_it": "Microsoft gestisce 17 data center in Irlanda, la maggior parte nell'area di Dublino presso il campus Grange Castle. Alimenta servizi cloud e AI per imprese, governi e organizzazioni in Irlanda, Regno Unito e regioni circostanti. Nuovi data center pianificati nella contea di Kildare.",
        "country": "IE",
        "city": "Dublino",
        "confidence": "high"
      }
    },
    {
      "type": "Feature",
      "geometry": {
        "type": "Point",
        "coordinates": [
          -6.37,
          53.29
        ]
      },
      "properties": {
        "id": "dc_017",
        "name": "Google Data Center - Dublino",
        "type": "data_center",
        "subtype": "hyperscale",
        "operator": "Google",
        "capacity": "30.360 mq",
        "description_it": "Data center Google nel Profile Park di Dublino, struttura a due piani di 30.360 mq. Parte dell'espansione irlandese di Google che include un terzo data center pianificato con investimento stimato di 250 milioni di euro.",
        "country": "IE",
        "city": "Dublino",
        "confidence": "high"
      }
    },
    {
      "type": "Feature",
      "geometry": {
        "type": "Point",
        "coordinates": [
          7.75,
          48.58
        ]
      },
      "properties": {
        "id": "dc_018",
        "name": "OVHcloud SBG5 - Strasburgo",
        "type": "data_center",
        "subtype": "colocation",
        "operator": "OVHcloud",
        "capacity": "500 mq di colocation",
        "description_it": "Data center OVHcloud SBG5 a Strasburgo, parte della rete globale di 46 data center su 4 continenti con 100 Tbps di capacità di rete. Strasburgo è designata come parte della prima regione SecNumCloud di OVHcloud.",
        "country": "FR",
        "city": "Strasburgo",
        "confidence": "medium"
      }
    },
    {
      "type": "Feature",
      "geometry": {
        "type": "Point",
        "coordinates": [
          16.5099,
          59.3716
        ]
      },
      "properties": {
        "id": "dc_019",
        "name": "AWS Europe (Stoccolma) - Eskilstuna",
        "type": "data_center",
        "subtype": "hyperscale",
        "operator": "Amazon Web Services",
        "capacity": "N/D",
        "description_it": "Regione AWS Europe (Stoccolma) con tre zone di disponibilità distribuite tra Eskilstuna, Katrineholm e Västerås. Operativa dalla fine del 2018. AWS utilizza acciaio a basse emissioni di carbonio (SSAB) nella costruzione dei nuovi data center svedesi.",
        "country": "SE",
        "city": "Eskilstuna",
        "confidence": "high"
      }
    },
    {
      "type": "Feature",
      "geometry": {
        "type": "Point",
        "coordinates": [
          6.6306129,
          45.9367016
        ]
      },
      "properties": {
        "id": "dc_020",
        "name": "THD Global 1",
        "type": "data_center",
        "subtype": "colocation",
        "operator": "Unknown",
        "description_it": "Record da OpenStreetMap (tag data_center). Da validare con almeno una seconda fonte.",
        "country": "IT",
        "city": "Sallanches",
        "status": "unknown",
        "site_category": "infrastructure",
        "opened_year": null,
        "updated_at": "2026-09-23",
        "confidence": "low",
        "import_source": "osm_overpass",
        "external_id": "osm/node/6102739953",
        "sources": [
          {
            "title": "OpenStreetMap / Overpass",
            "url": "https://wiki.openstreetmap.org/wiki/Tag:telecom%3Ddata_center",
            "accessed_at": "2026-09-23",
            "note": "osm_id=6102739953"
          }
        ]
      }
    },
    {
      "type": "Feature",
      "geometry": {
        "type": "Point",
        "coordinates": [
          10.798655,
          45.14667
        ]
      },
      "properties": {
        "id": "dc_021",
        "name": "Bitviking",
        "type": "data_center",
        "subtype": "colocation",
        "operator": "Unknown",
        "description_it": "Record da OpenStreetMap (tag data_center). Da validare con almeno una seconda fonte.",
        "country": "IT",
        "city": "Mantova",
        "status": "unknown",
        "site_category": "infrastructure",
        "opened_year": null,
        "updated_at": "2026-09-23",
        "confidence": "low",
        "import_source": "osm_overpass",
        "external_id": "osm/node/6835335762",
        "sources": [
          {
            "title": "OpenStreetMap / Overpass",
            "url": "https://wiki.openstreetmap.org/wiki/Tag:telecom%3Ddata_center",
            "accessed_at": "2026-09-23",
            "note": "osm_id=6835335762"
          }
        ]
      }
    },
    {
      "type": "Feature",
      "geometry": {
        "type": "Point",
        "coordinates": [
          8.5641308,
          47.4152573
        ]
      },
      "properties": {
        "id": "dc_022",
        "name": "OIZ",
        "type": "data_center",
        "subtype": "colocation",
        "operator": "Unknown",
        "description_it": "Record da OpenStreetMap (tag data_center). Da validare con almeno una seconda fonte.",
        "country": "IT",
        "city": "n/d",
        "status": "unknown",
        "site_category": "infrastructure",
        "opened_year": null,
        "updated_at": "2026-09-23",
        "confidence": "low",
        "import_source": "osm_overpass",
        "external_id": "osm/node/6953917431",
        "sources": [
          {
            "title": "OpenStreetMap / Overpass",
            "url": "https://wiki.openstreetmap.org/wiki/Tag:telecom%3Ddata_center",
            "accessed_at": "2026-09-23",
            "note": "osm_id=6953917431"
          }
        ]
      }
    },
    {
      "type": "Feature",
      "geometry": {
        "type": "Point",
        "coordinates": [
          10.7851513,
          45.5533101
        ]
      },
      "properties": {
        "id": "dc_023",
        "name": "4ServiceSolutions",
        "type": "data_center",
        "subtype": "colocation",
        "operator": "Unknown",
        "description_it": "Record da OpenStreetMap (tag data_center). Da validare con almeno una seconda fonte.",
        "country": "IT",
        "city": "Affi",
        "status": "unknown",
        "site_category": "infrastructure",
        "opened_year": null,
        "updated_at": "2026-09-23",
        "confidence": "low",
        "import_source": "osm_overpass",
        "external_id": "osm/node/7500843901",
        "sources": [
          {
            "title": "OpenStreetMap / Overpass",
            "url": "https://wiki.openstreetmap.org/wiki/Tag:telecom%3Ddata_center",
            "accessed_at": "2026-09-23",
            "note": "osm_id=7500843901"
          }
        ]
      }
    },
    {
      "type": "Feature",
      "geometry": {
        "type": "Point",
        "coordinates": [
          9.9599167,
          44.1097819
        ]
      },
      "properties": {
        "id": "dc_024",
        "name": "ACI Sede si Sarzana",
        "type": "data_center",
        "subtype": "colocation",
        "operator": "Unknown",
        "description_it": "Record da OpenStreetMap (tag data_center). Da validare con almeno una seconda fonte.",
        "country": "IT",
        "city": "n/d",
        "status": "unknown",
        "site_category": "infrastructure",
        "opened_year": null,
        "updated_at": "2026-09-23",
        "confidence": "low",
        "import_source": "osm_overpass",
        "external_id": "osm/node/9884991527",
        "sources": [
          {
            "title": "OpenStreetMap / Overpass",
            "url": "https://wiki.openstreetmap.org/wiki/Tag:telecom%3Ddata_center",
            "accessed_at": "2026-09-23",
            "note": "osm_id=9884991527"
          }
        ]
      }
    },
    {
      "type": "Feature",
      "geometry": {
        "type": "Point",
        "coordinates": [
          9.0669035,
          45.4803058
        ]
      },
      "properties": {
        "id": "dc_025",
        "name": "Avalon 2",
        "type": "data_center",
        "subtype": "colocation",
        "operator": "Irideos",
        "description_it": "Record da OpenStreetMap (tag data_center). Da validare con almeno una seconda fonte.",
        "country": "IT",
        "city": "Settimo Milanese",
        "status": "unknown",
        "site_category": "infrastructure",
        "opened_year": null,
        "updated_at": "2026-09-23",
        "confidence": "low",
        "import_source": "osm_overpass",
        "external_id": "osm/node/10177608934",
        "sources": [
          {
            "title": "OpenStreetMap / Overpass",
            "url": "https://wiki.openstreetmap.org/wiki/Tag:telecom%3Ddata_center",
            "accessed_at": "2026-09-23",
            "note": "osm_id=10177608934"
          }
        ]
      }
    },
    {
      "type": "Feature",
      "geometry": {
        "type": "Point",
        "coordinates": [
          8.2775224,
          47.0643751
        ]
      },
      "properties": {
        "id": "dc_026",
        "name": "24 hours fiberwork ag",
        "type": "data_center",
        "subtype": "colocation",
        "operator": "Unknown",
        "description_it": "Record da OpenStreetMap (tag data_center). Da validare con almeno una seconda fonte.",
        "country": "CH",
        "city": "Luzern",
        "status": "unknown",
        "site_category": "infrastructure",
        "opened_year": null,
        "updated_at": "2026-09-23",
        "confidence": "low",
        "import_source": "osm_overpass",
        "external_id": "osm/node/10566132363",
        "sources": [
          {
            "title": "OpenStreetMap / Overpass",
            "url": "https://wiki.openstreetmap.org/wiki/Tag:telecom%3Ddata_center",
            "accessed_at": "2026-09-23",
            "note": "osm_id=10566132363"
          }
        ]
      }
    },
    {
      "type": "Feature",
      "geometry": {
        "type": "Point",
        "coordinates": [
          8.3246191,
          47.04169
        ]
      },
      "properties": {
        "id": "dc_027",
        "name": "Rechenzentrum Stollen Luzern",
        "type": "data_center",
        "subtype": "colocation",
        "operator": "EWL AG",
        "description_it": "Record da OpenStreetMap (tag data_center). Da validare con almeno una seconda fonte.",
        "country": "IT",
        "city": "Luzern",
        "status": "unknown",
        "site_category": "infrastructure",
        "opened_year": null,
        "updated_at": "2026-09-23",
        "confidence": "low",
        "import_source": "osm_overpass",
        "external_id": "osm/node/11909918210",
        "sources": [
          {
            "title": "OpenStreetMap / Overpass",
            "url": "https://wiki.openstreetmap.org/wiki/Tag:telecom%3Ddata_center",
            "accessed_at": "2026-09-23",
            "note": "osm_id=11909918210"
          }
        ]
      }
    },
    {
      "type": "Feature",
      "geometry": {
        "type": "Point",
        "coordinates": [
          9.3865357,
          45.4291278
        ]
      },
      "properties": {
        "id": "dc_028",
        "name": "Microsoft",
        "type": "data_center",
        "subtype": "hyperscale",
        "operator": "Microsoft",
        "description_it": "Record da OpenStreetMap classificato come hyperscale (operatore cloud/campus). Da validare con una seconda fonte.",
        "country": "IT",
        "city": "n/d",
        "status": "unknown",
        "site_category": "infrastructure",
        "opened_year": null,
        "updated_at": "2026-09-23",
        "confidence": "low",
        "import_source": "osm_overpass",
        "external_id": "osm/node/12075162382",
        "sources": [
          {
            "title": "OpenStreetMap / Overpass",
            "url": "https://wiki.openstreetmap.org/wiki/Tag:telecom%3Ddata_center",
            "accessed_at": "2026-09-23",
            "note": "osm_id=12075162382"
          }
        ]
      }
    },
    {
      "type": "Feature",
      "geometry": {
        "type": "Point",
        "coordinates": [
          10.6413004,
          44.7105051
        ]
      },
      "properties": {
        "id": "dc_029",
        "name": "iZOOM.it",
        "type": "data_center",
        "subtype": "colocation",
        "operator": "Unknown",
        "description_it": "Record da OpenStreetMap (tag data_center). Da validare con almeno una seconda fonte.",
        "country": "IT",
        "city": "n/d",
        "status": "unknown",
        "site_category": "infrastructure",
        "opened_year": null,
        "updated_at": "2026-09-23",
        "confidence": "low",
        "import_source": "osm_overpass",
        "external_id": "osm/node/12164505455",
        "sources": [
          {
            "title": "OpenStreetMap / Overpass",
            "url": "https://wiki.openstreetmap.org/wiki/Tag:telecom%3Ddata_center",
            "accessed_at": "2026-09-23",
            "note": "osm_id=12164505455"
          }
        ]
      }
    },
    {
      "type": "Feature",
      "geometry": {
        "type": "Point",
        "coordinates": [
          10.6468198,
          44.6937255
        ]
      },
      "properties": {
        "id": "dc_030",
        "name": "Studio Delta Srl",
        "type": "data_center",
        "subtype": "colocation",
        "operator": "Unknown",
        "description_it": "Record da OpenStreetMap (tag data_center). Da validare con almeno una seconda fonte.",
        "country": "IT",
        "city": "n/d",
        "status": "unknown",
        "site_category": "infrastructure",
        "opened_year": null,
        "updated_at": "2026-09-23",
        "confidence": "low",
        "import_source": "osm_overpass",
        "external_id": "osm/node/12314969438",
        "sources": [
          {
            "title": "OpenStreetMap / Overpass",
            "url": "https://wiki.openstreetmap.org/wiki/Tag:telecom%3Ddata_center",
            "accessed_at": "2026-09-23",
            "note": "osm_id=12314969438"
          }
        ]
      }
    },
    {
      "type": "Feature",
      "geometry": {
        "type": "Point",
        "coordinates": [
          8.4953537,
          47.3832522
        ]
      },
      "properties": {
        "id": "dc_031",
        "name": "colozüri.ch",
        "type": "data_center",
        "subtype": "colocation",
        "operator": "NTS Colocation AG",
        "description_it": "Record da OpenStreetMap (tag data_center). Da validare con almeno una seconda fonte.",
        "country": "IT",
        "city": "n/d",
        "status": "unknown",
        "site_category": "infrastructure",
        "opened_year": null,
        "updated_at": "2026-09-23",
        "confidence": "low",
        "import_source": "osm_overpass",
        "external_id": "osm/node/12420868035",
        "sources": [
          {
            "title": "OpenStreetMap / Overpass",
            "url": "https://wiki.openstreetmap.org/wiki/Tag:telecom%3Ddata_center",
            "accessed_at": "2026-09-23",
            "note": "osm_id=12420868035"
          }
        ]
      }
    },
    {
      "type": "Feature",
      "geometry": {
        "type": "Point",
        "coordinates": [
          8.9502082,
          44.426868
        ]
      },
      "properties": {
        "id": "dc_032",
        "name": "Equinix Genoa GN1",
        "type": "data_center",
        "subtype": "colocation",
        "operator": "Equinix",
        "description_it": "Record da OpenStreetMap (tag data_center). Da validare con almeno una seconda fonte.",
        "country": "IT",
        "city": "Genova",
        "status": "unknown",
        "site_category": "infrastructure",
        "opened_year": null,
        "updated_at": "2026-09-23",
        "confidence": "low",
        "import_source": "osm_overpass",
        "external_id": "osm/node/13398669438",
        "sources": [
          {
            "title": "OpenStreetMap / Overpass",
            "url": "https://wiki.openstreetmap.org/wiki/Tag:telecom%3Ddata_center",
            "accessed_at": "2026-09-23",
            "note": "osm_id=13398669438"
          }
        ]
      }
    },
    {
      "type": "Feature",
      "geometry": {
        "type": "Point",
        "coordinates": [
          9.9690688,
          44.2080201
        ]
      },
      "properties": {
        "id": "dc_033",
        "name": "Wi-Fi Communication Aulla",
        "type": "data_center",
        "subtype": "colocation",
        "operator": "Unknown",
        "description_it": "Record da OpenStreetMap (tag data_center). Da validare con almeno una seconda fonte.",
        "country": "IT",
        "city": "Aulla",
        "status": "unknown",
        "site_category": "infrastructure",
        "opened_year": null,
        "updated_at": "2026-09-23",
        "confidence": "low",
        "import_source": "osm_overpass",
        "external_id": "osm/node/13604079390",
        "sources": [
          {
            "title": "OpenStreetMap / Overpass",
            "url": "https://wiki.openstreetmap.org/wiki/Tag:telecom%3Ddata_center",
            "accessed_at": "2026-09-23",
            "note": "osm_id=13604079390"
          }
        ]
      }
    },
    {
      "type": "Feature",
      "geometry": {
        "type": "Point",
        "coordinates": [
          8.7028275,
          45.6269363
        ]
      },
      "properties": {
        "id": "dc_034",
        "name": "Factory Software | AVEVA Select Italia",
        "type": "data_center",
        "subtype": "colocation",
        "operator": "Unknown",
        "description_it": "Record da OpenStreetMap (tag data_center). Da validare con almeno una seconda fonte.",
        "country": "IT",
        "city": "n/d",
        "status": "unknown",
        "site_category": "infrastructure",
        "opened_year": null,
        "updated_at": "2026-09-23",
        "confidence": "low",
        "import_source": "osm_overpass",
        "external_id": "osm/node/14001114873",
        "sources": [
          {
            "title": "OpenStreetMap / Overpass",
            "url": "https://wiki.openstreetmap.org/wiki/Tag:telecom%3Ddata_center",
            "accessed_at": "2026-09-23",
            "note": "osm_id=14001114873"
          }
        ]
      }
    },
    {
      "type": "Feature",
      "geometry": {
        "type": "Point",
        "coordinates": [
          8.4948828,
          47.3775332
        ]
      },
      "properties": {
        "id": "dc_035",
        "name": "Rechenzentrum Albis",
        "type": "data_center",
        "subtype": "colocation",
        "operator": "Organisation und Informatik der Stadt Zürich",
        "description_it": "Record da OpenStreetMap (tag data_center). Da validare con almeno una seconda fonte.",
        "country": "IT",
        "city": "Zürich",
        "status": "unknown",
        "site_category": "infrastructure",
        "opened_year": null,
        "updated_at": "2026-09-23",
        "confidence": "low",
        "import_source": "osm_overpass",
        "external_id": "osm/way/39606866",
        "sources": [
          {
            "title": "OpenStreetMap / Overpass",
            "url": "https://wiki.openstreetmap.org/wiki/Tag:telecom%3Ddata_center",
            "accessed_at": "2026-09-23",
            "note": "osm_id=39606866"
          }
        ]
      }
    },
    {
      "type": "Feature",
      "geometry": {
        "type": "Point",
        "coordinates": [
          8.5586765,
          47.4327074
        ]
      },
      "properties": {
        "id": "dc_036",
        "name": "GLB2",
        "type": "data_center",
        "subtype": "colocation",
        "operator": "green.ch",
        "description_it": "Record da OpenStreetMap (tag data_center). Da validare con almeno una seconda fonte.",
        "country": "IT",
        "city": "n/d",
        "status": "unknown",
        "site_category": "infrastructure",
        "opened_year": null,
        "updated_at": "2026-09-23",
        "confidence": "low",
        "import_source": "osm_overpass",
        "external_id": "osm/way/43916956",
        "sources": [
          {
            "title": "OpenStreetMap / Overpass",
            "url": "https://wiki.openstreetmap.org/wiki/Tag:telecom%3Ddata_center",
            "accessed_at": "2026-09-23",
            "note": "osm_id=43916956"
          }
        ]
      }
    },
    {
      "type": "Feature",
      "geometry": {
        "type": "Point",
        "coordinates": [
          7.0325413,
          43.6269997
        ]
      },
      "properties": {
        "id": "dc_037",
        "name": "B4",
        "type": "data_center",
        "subtype": "colocation",
        "operator": "Air France",
        "description_it": "Record da OpenStreetMap (tag data_center). Da validare con almeno una seconda fonte.",
        "country": "IT",
        "city": "n/d",
        "status": "unknown",
        "site_category": "infrastructure",
        "opened_year": null,
        "updated_at": "2026-09-23",
        "confidence": "low",
        "import_source": "osm_overpass",
        "external_id": "osm/way/49261097",
        "sources": [
          {
            "title": "OpenStreetMap / Overpass",
            "url": "https://wiki.openstreetmap.org/wiki/Tag:telecom%3Ddata_center",
            "accessed_at": "2026-09-23",
            "note": "osm_id=49261097"
          }
        ]
      }
    },
    {
      "type": "Feature",
      "geometry": {
        "type": "Point",
        "coordinates": [
          9.1473322,
          45.3540569
        ]
      },
      "properties": {
        "id": "dc_038",
        "name": "Equinix Milan ML3",
        "type": "data_center",
        "subtype": "colocation",
        "operator": "Equinix",
        "description_it": "Record da OpenStreetMap (tag data_center). Da validare con almeno una seconda fonte.",
        "country": "IT",
        "city": "n/d",
        "status": "unknown",
        "site_category": "infrastructure",
        "opened_year": null,
        "updated_at": "2026-09-23",
        "confidence": "low",
        "import_source": "osm_overpass",
        "external_id": "osm/way/59973122",
        "sources": [
          {
            "title": "OpenStreetMap / Overpass",
            "url": "https://wiki.openstreetmap.org/wiki/Tag:telecom%3Ddata_center",
            "accessed_at": "2026-09-23",
            "note": "osm_id=59973122"
          }
        ]
      }
    },
    {
      "type": "Feature",
      "geometry": {
        "type": "Point",
        "coordinates": [
          8.9826961,
          44.4012623
        ]
      },
      "properties": {
        "id": "dc_039",
        "name": "Quadrivium QGEN01",
        "type": "data_center",
        "subtype": "colocation",
        "operator": "Quadrivium Digital",
        "description_it": "Record da OpenStreetMap (tag data_center). Da validare con almeno una seconda fonte.",
        "country": "IT",
        "city": "n/d",
        "status": "unknown",
        "site_category": "infrastructure",
        "opened_year": null,
        "updated_at": "2026-09-23",
        "confidence": "low",
        "import_source": "osm_overpass",
        "external_id": "osm/way/79191279",
        "sources": [
          {
            "title": "OpenStreetMap / Overpass",
            "url": "https://wiki.openstreetmap.org/wiki/Tag:telecom%3Ddata_center",
            "accessed_at": "2026-09-23",
            "note": "osm_id=79191279"
          }
        ]
      }
    },
    {
      "type": "Feature",
      "geometry": {
        "type": "Point",
        "coordinates": [
          9.1206201,
          45.4481368
        ]
      },
      "properties": {
        "id": "dc_040",
        "name": "Avalon 3",
        "type": "data_center",
        "subtype": "colocation",
        "operator": "Retelit",
        "description_it": "Record da OpenStreetMap (tag data_center). Da validare con almeno una seconda fonte.",
        "country": "IT",
        "city": "n/d",
        "status": "unknown",
        "site_category": "infrastructure",
        "opened_year": null,
        "updated_at": "2026-09-23",
        "confidence": "low",
        "import_source": "osm_overpass",
        "external_id": "osm/way/86005985",
        "sources": [
          {
            "title": "OpenStreetMap / Overpass",
            "url": "https://wiki.openstreetmap.org/wiki/Tag:telecom%3Ddata_center",
            "accessed_at": "2026-09-23",
            "note": "osm_id=86005985"
          }
        ]
      }
    },
    {
      "type": "Feature",
      "geometry": {
        "type": "Point",
        "coordinates": [
          7.0516576,
          43.6268819
        ]
      },
      "properties": {
        "id": "dc_041",
        "name": "TAS Group",
        "type": "data_center",
        "subtype": "colocation",
        "operator": "TAS Group",
        "description_it": "Record da OpenStreetMap (tag data_center). Da validare con almeno una seconda fonte.",
        "country": "IT",
        "city": "n/d",
        "status": "unknown",
        "site_category": "infrastructure",
        "opened_year": null,
        "updated_at": "2026-09-23",
        "confidence": "low",
        "import_source": "osm_overpass",
        "external_id": "osm/way/88505134",
        "sources": [
          {
            "title": "OpenStreetMap / Overpass",
            "url": "https://wiki.openstreetmap.org/wiki/Tag:telecom%3Ddata_center",
            "accessed_at": "2026-09-23",
            "note": "osm_id=88505134"
          }
        ]
      }
    },
    {
      "type": "Feature",
      "geometry": {
        "type": "Point",
        "coordinates": [
          7.0388718,
          43.6233474
        ]
      },
      "properties": {
        "id": "dc_042",
        "name": "CNAF Sophia-Antipolis",
        "type": "data_center",
        "subtype": "colocation",
        "operator": "CNAF",
        "description_it": "Record da OpenStreetMap (tag data_center). Da validare con almeno una seconda fonte.",
        "country": "IT",
        "city": "n/d",
        "status": "unknown",
        "site_category": "infrastructure",
        "opened_year": null,
        "updated_at": "2026-09-23",
        "confidence": "low",
        "import_source": "osm_overpass",
        "external_id": "osm/way/134884282",
        "sources": [
          {
            "title": "OpenStreetMap / Overpass",
            "url": "https://wiki.openstreetmap.org/wiki/Tag:telecom%3Ddata_center",
            "accessed_at": "2026-09-23",
            "note": "osm_id=134884282"
          }
        ]
      }
    },
    {
      "type": "Feature",
      "geometry": {
        "type": "Point",
        "coordinates": [
          6.6234459,
          46.5203426
        ]
      },
      "properties": {
        "id": "dc_043",
        "name": "Swisscom Lausanne-Savoie",
        "type": "data_center",
        "subtype": "colocation",
        "operator": "Swisscom",
        "description_it": "Record da OpenStreetMap (tag data_center). Da validare con almeno una seconda fonte.",
        "country": "IT",
        "city": "n/d",
        "status": "unknown",
        "site_category": "infrastructure",
        "opened_year": null,
        "updated_at": "2026-09-23",
        "confidence": "low",
        "import_source": "osm_overpass",
        "external_id": "osm/way/344735265",
        "sources": [
          {
            "title": "OpenStreetMap / Overpass",
            "url": "https://wiki.openstreetmap.org/wiki/Tag:telecom%3Ddata_center",
            "accessed_at": "2026-09-23",
            "note": "osm_id=344735265"
          }
        ]
      }
    },
    {
      "type": "Feature",
      "geometry": {
        "type": "Point",
        "coordinates": [
          8.5408761,
          47.4485714
        ]
      },
      "properties": {
        "id": "dc_044",
        "name": "NTT Zurich 1 Data Center",
        "type": "data_center",
        "subtype": "colocation",
        "operator": "NTT",
        "description_it": "Record da OpenStreetMap (tag data_center). Da validare con almeno una seconda fonte.",
        "country": "IT",
        "city": "n/d",
        "status": "unknown",
        "site_category": "infrastructure",
        "opened_year": null,
        "updated_at": "2026-09-23",
        "confidence": "low",
        "import_source": "osm_overpass",
        "external_id": "osm/way/370529088",
        "sources": [
          {
            "title": "OpenStreetMap / Overpass",
            "url": "https://wiki.openstreetmap.org/wiki/Tag:telecom%3Ddata_center",
            "accessed_at": "2026-09-23",
            "note": "osm_id=370529088"
          }
        ]
      }
    },
    {
      "type": "Feature",
      "geometry": {
        "type": "Point",
        "coordinates": [
          6.5732895,
          46.5465058
        ]
      },
      "properties": {
        "id": "dc_045",
        "name": "BrainServe",
        "type": "data_center",
        "subtype": "colocation",
        "operator": "Unknown",
        "description_it": "Record da OpenStreetMap (tag data_center). Da validare con almeno una seconda fonte.",
        "country": "IT",
        "city": "Crissier",
        "status": "unknown",
        "site_category": "infrastructure",
        "opened_year": null,
        "updated_at": "2026-09-23",
        "confidence": "low",
        "import_source": "osm_overpass",
        "external_id": "osm/way/372812521",
        "sources": [
          {
            "title": "OpenStreetMap / Overpass",
            "url": "https://wiki.openstreetmap.org/wiki/Tag:telecom%3Ddata_center",
            "accessed_at": "2026-09-23",
            "note": "osm_id=372812521"
          }
        ]
      }
    },
    {
      "type": "Feature",
      "geometry": {
        "type": "Point",
        "coordinates": [
          10.3533473,
          43.6579122
        ]
      },
      "properties": {
        "id": "dc_046",
        "name": "Green Data Center Università di Pisa - Edificio Server",
        "type": "data_center",
        "subtype": "colocation",
        "operator": "Università di Pisa",
        "description_it": "Record da OpenStreetMap (tag data_center). Da validare con almeno una seconda fonte.",
        "country": "IT",
        "city": "n/d",
        "status": "unknown",
        "site_category": "infrastructure",
        "opened_year": null,
        "updated_at": "2026-09-23",
        "confidence": "low",
        "import_source": "osm_overpass",
        "external_id": "osm/way/448297409",
        "sources": [
          {
            "title": "OpenStreetMap / Overpass",
            "url": "https://wiki.openstreetmap.org/wiki/Tag:telecom%3Ddata_center",
            "accessed_at": "2026-09-23",
            "note": "osm_id=448297409"
          }
        ]
      }
    },
    {
      "type": "Feature",
      "geometry": {
        "type": "Point",
        "coordinates": [
          9.0361685,
          45.4712589
        ]
      },
      "properties": {
        "id": "dc_047",
        "name": "Data4 Italia - Campus MIL01 - DC01",
        "type": "data_center",
        "subtype": "colocation",
        "operator": "Data4 Italia",
        "description_it": "Record da OpenStreetMap (tag data_center). Da validare con almeno una seconda fonte.",
        "country": "IT",
        "city": "n/d",
        "status": "unknown",
        "site_category": "infrastructure",
        "opened_year": null,
        "updated_at": "2026-09-23",
        "confidence": "low",
        "import_source": "osm_overpass",
        "external_id": "osm/way/571018421",
        "sources": [
          {
            "title": "OpenStreetMap / Overpass",
            "url": "https://wiki.openstreetmap.org/wiki/Tag:telecom%3Ddata_center",
            "accessed_at": "2026-09-23",
            "note": "osm_id=571018421"
          }
        ]
      }
    },
    {
      "type": "Feature",
      "geometry": {
        "type": "Point",
        "coordinates": [
          7.2791319,
          47.1557696
        ]
      },
      "properties": {
        "id": "dc_048",
        "name": "Datacube Biel",
        "type": "data_center",
        "subtype": "colocation",
        "operator": "Netrics AG",
        "description_it": "Record da OpenStreetMap (tag data_center). Da validare con almeno una seconda fonte.",
        "country": "IT",
        "city": "Biel/Bienne",
        "status": "unknown",
        "site_category": "infrastructure",
        "opened_year": null,
        "updated_at": "2026-09-23",
        "confidence": "low",
        "import_source": "osm_overpass",
        "external_id": "osm/way/699247420",
        "sources": [
          {
            "title": "OpenStreetMap / Overpass",
            "url": "https://wiki.openstreetmap.org/wiki/Tag:telecom%3Ddata_center",
            "accessed_at": "2026-09-23",
            "note": "osm_id=699247420"
          }
        ]
      }
    },
    {
      "type": "Feature",
      "geometry": {
        "type": "Point",
        "coordinates": [
          10.933201,
          44.6578461
        ]
      },
      "properties": {
        "id": "dc_049",
        "name": "Data Center",
        "type": "data_center",
        "subtype": "colocation",
        "operator": "Lepida",
        "description_it": "Record da OpenStreetMap (tag data_center). Da validare con almeno una seconda fonte.",
        "country": "IT",
        "city": "n/d",
        "status": "unknown",
        "site_category": "infrastructure",
        "opened_year": null,
        "updated_at": "2026-09-23",
        "confidence": "low",
        "import_source": "osm_overpass",
        "external_id": "osm/way/919169883",
        "sources": [
          {
            "title": "OpenStreetMap / Overpass",
            "url": "https://wiki.openstreetmap.org/wiki/Tag:telecom%3Ddata_center",
            "accessed_at": "2026-09-23",
            "note": "osm_id=919169883"
          }
        ]
      }
    },
    {
      "type": "Feature",
      "geometry": {
        "type": "Point",
        "coordinates": [
          7.6601511,
          45.0817677
        ]
      },
      "properties": {
        "id": "dc_050",
        "name": "Ced 2",
        "type": "data_center",
        "subtype": "colocation",
        "operator": "Unknown",
        "description_it": "Record da OpenStreetMap (tag data_center). Da validare con almeno una seconda fonte.",
        "country": "IT",
        "city": "n/d",
        "status": "unknown",
        "site_category": "infrastructure",
        "opened_year": null,
        "updated_at": "2026-09-23",
        "confidence": "low",
        "import_source": "osm_overpass",
        "external_id": "osm/way/1125063250",
        "sources": [
          {
            "title": "OpenStreetMap / Overpass",
            "url": "https://wiki.openstreetmap.org/wiki/Tag:telecom%3Ddata_center",
            "accessed_at": "2026-09-23",
            "note": "osm_id=1125063250"
          }
        ]
      }
    },
    {
      "type": "Feature",
      "geometry": {
        "type": "Point",
        "coordinates": [
          7.5510176,
          45.0625527
        ]
      },
      "properties": {
        "id": "dc_051",
        "name": "Noovle DC Rivoli",
        "type": "data_center",
        "subtype": "colocation",
        "operator": "Noovle S.p.A",
        "description_it": "Record da OpenStreetMap (tag data_center). Da validare con almeno una seconda fonte.",
        "country": "IT",
        "city": "Rivoli",
        "status": "unknown",
        "site_category": "infrastructure",
        "opened_year": null,
        "updated_at": "2026-09-23",
        "confidence": "low",
        "import_source": "osm_overpass",
        "external_id": "osm/way/1419931331",
        "sources": [
          {
            "title": "OpenStreetMap / Overpass",
            "url": "https://wiki.openstreetmap.org/wiki/Tag:telecom%3Ddata_center",
            "accessed_at": "2026-09-23",
            "note": "osm_id=1419931331"
          }
        ]
      }
    },
    {
      "type": "Feature",
      "geometry": {
        "type": "Point",
        "coordinates": [
          7.7423176,
          45.1463221
        ]
      },
      "properties": {
        "id": "dc_052",
        "name": "DC Noovle Cebrosa",
        "type": "data_center",
        "subtype": "colocation",
        "operator": "Noovle S.p.A.",
        "description_it": "Record da OpenStreetMap (tag data_center). Da validare con almeno una seconda fonte.",
        "country": "IT",
        "city": "n/d",
        "status": "unknown",
        "site_category": "infrastructure",
        "opened_year": null,
        "updated_at": "2026-09-23",
        "confidence": "low",
        "import_source": "osm_overpass",
        "external_id": "osm/way/1433345058",
        "sources": [
          {
            "title": "OpenStreetMap / Overpass",
            "url": "https://wiki.openstreetmap.org/wiki/Tag:telecom%3Ddata_center",
            "accessed_at": "2026-09-23",
            "note": "osm_id=1433345058"
          }
        ]
      }
    },
    {
      "type": "Feature",
      "geometry": {
        "type": "Point",
        "coordinates": [
          7.0755376,
          43.6046082
        ]
      },
      "properties": {
        "id": "dc_053",
        "name": "Euclyde DC1",
        "type": "data_center",
        "subtype": "colocation",
        "operator": "Euclyde",
        "description_it": "Record da OpenStreetMap (tag data_center). Da validare con almeno una seconda fonte.",
        "country": "IT",
        "city": "n/d",
        "status": "unknown",
        "site_category": "infrastructure",
        "opened_year": null,
        "updated_at": "2026-09-23",
        "confidence": "low",
        "import_source": "osm_overpass",
        "external_id": "osm/relation/1074421",
        "sources": [
          {
            "title": "OpenStreetMap / Overpass",
            "url": "https://wiki.openstreetmap.org/wiki/Tag:telecom%3Ddata_center",
            "accessed_at": "2026-09-23",
            "note": "osm_id=1074421"
          }
        ]
      }
    },
    {
      "type": "Feature",
      "geometry": {
        "type": "Point",
        "coordinates": [
          7.7247649,
          44.9758505
        ]
      },
      "properties": {
        "id": "dc_054",
        "name": "Datacenter TIM-Google",
        "type": "data_center",
        "subtype": "hyperscale",
        "operator": "TIM - Google",
        "description_it": "Record da OpenStreetMap classificato come hyperscale (operatore cloud/campus). Da validare con una seconda fonte.",
        "country": "IT",
        "city": "n/d",
        "status": "unknown",
        "site_category": "infrastructure",
        "opened_year": null,
        "updated_at": "2026-09-23",
        "confidence": "low",
        "import_source": "osm_overpass",
        "external_id": "osm/relation/14662947",
        "sources": [
          {
            "title": "OpenStreetMap / Overpass",
            "url": "https://wiki.openstreetmap.org/wiki/Tag:telecom%3Ddata_center",
            "accessed_at": "2026-09-23",
            "note": "osm_id=14662947"
          }
        ]
      }
    },
    {
      "type": "Feature",
      "geometry": {
        "type": "Point",
        "coordinates": [
          11.3602024,
          44.5200976
        ]
      },
      "properties": {
        "id": "dc_055",
        "name": "ECMWF - Centro Meteo Europeo",
        "type": "data_center",
        "subtype": "colocation",
        "operator": "ECMWF",
        "description_it": "Record da OpenStreetMap (tag data_center). Da validare con almeno una seconda fonte.",
        "country": "IT",
        "city": "n/d",
        "status": "unknown",
        "site_category": "infrastructure",
        "opened_year": null,
        "updated_at": "2026-09-23",
        "confidence": "low",
        "import_source": "osm_overpass",
        "external_id": "osm/node/10206899831",
        "sources": [
          {
            "title": "OpenStreetMap / Overpass",
            "url": "https://wiki.openstreetmap.org/wiki/Tag:telecom%3Ddata_center",
            "accessed_at": "2026-09-23",
            "note": "osm_id=10206899831"
          }
        ]
      }
    },
    {
      "type": "Feature",
      "geometry": {
        "type": "Point",
        "coordinates": [
          11.2597819,
          44.4863295
        ]
      },
      "properties": {
        "id": "dc_056",
        "name": "Leonardo (supercomputer)",
        "type": "data_center",
        "subtype": "colocation",
        "operator": "CINECA",
        "description_it": "Record da OpenStreetMap (tag data_center). Da validare con almeno una seconda fonte.",
        "country": "IT",
        "city": "n/d",
        "status": "unknown",
        "site_category": "infrastructure",
        "opened_year": null,
        "updated_at": "2026-09-23",
        "confidence": "low",
        "import_source": "osm_overpass",
        "external_id": "osm/node/10648561696",
        "sources": [
          {
            "title": "OpenStreetMap / Overpass",
            "url": "https://wiki.openstreetmap.org/wiki/Tag:telecom%3Ddata_center",
            "accessed_at": "2026-09-23",
            "note": "osm_id=10648561696"
          }
        ]
      }
    },
    {
      "type": "Feature",
      "geometry": {
        "type": "Point",
        "coordinates": [
          12.1124729,
          43.5548424
        ]
      },
      "properties": {
        "id": "dc_057",
        "name": "WinEuropa",
        "type": "data_center",
        "subtype": "colocation",
        "operator": "Unknown",
        "description_it": "Record da OpenStreetMap (tag data_center). Da validare con almeno una seconda fonte.",
        "country": "IT",
        "city": "Sansepolcro",
        "status": "unknown",
        "site_category": "infrastructure",
        "opened_year": null,
        "updated_at": "2026-09-23",
        "confidence": "low",
        "import_source": "osm_overpass",
        "external_id": "osm/node/11977700812",
        "sources": [
          {
            "title": "OpenStreetMap / Overpass",
            "url": "https://wiki.openstreetmap.org/wiki/Tag:telecom%3Ddata_center",
            "accessed_at": "2026-09-23",
            "note": "osm_id=11977700812"
          }
        ]
      }
    },
    {
      "type": "Feature",
      "geometry": {
        "type": "Point",
        "coordinates": [
          11.4064771,
          44.4997626
        ]
      },
      "properties": {
        "id": "dc_058",
        "name": "Noovle",
        "type": "data_center",
        "subtype": "colocation",
        "operator": "TIM",
        "description_it": "Record da OpenStreetMap (tag data_center). Da validare con almeno una seconda fonte.",
        "country": "IT",
        "city": "n/d",
        "status": "unknown",
        "site_category": "infrastructure",
        "opened_year": null,
        "updated_at": "2026-09-23",
        "confidence": "low",
        "import_source": "osm_overpass",
        "external_id": "osm/node/12886503841",
        "sources": [
          {
            "title": "OpenStreetMap / Overpass",
            "url": "https://wiki.openstreetmap.org/wiki/Tag:telecom%3Ddata_center",
            "accessed_at": "2026-09-23",
            "note": "osm_id=12886503841"
          }
        ]
      }
    },
    {
      "type": "Feature",
      "geometry": {
        "type": "Point",
        "coordinates": [
          13.6637065,
          45.9567769
        ]
      },
      "properties": {
        "id": "dc_059",
        "name": "Arctur",
        "type": "data_center",
        "subtype": "colocation",
        "operator": "Unknown",
        "description_it": "Record da OpenStreetMap (tag data_center). Da validare con almeno una seconda fonte.",
        "country": "IT",
        "city": "n/d",
        "status": "unknown",
        "site_category": "infrastructure",
        "opened_year": null,
        "updated_at": "2026-09-23",
        "confidence": "low",
        "import_source": "osm_overpass",
        "external_id": "osm/node/13395304893",
        "sources": [
          {
            "title": "OpenStreetMap / Overpass",
            "url": "https://wiki.openstreetmap.org/wiki/Tag:telecom%3Ddata_center",
            "accessed_at": "2026-09-23",
            "note": "osm_id=13395304893"
          }
        ]
      }
    },
    {
      "type": "Feature",
      "geometry": {
        "type": "Point",
        "coordinates": [
          14.4667942,
          45.328761
        ]
      },
      "properties": {
        "id": "dc_060",
        "name": "Podatkovni centar HR-ZOO RI",
        "type": "data_center",
        "subtype": "colocation",
        "operator": "Sveučilišni računski centar",
        "description_it": "Record da OpenStreetMap (tag data_center). Da validare con almeno una seconda fonte.",
        "country": "IT",
        "city": "n/d",
        "status": "unknown",
        "site_category": "infrastructure",
        "opened_year": null,
        "updated_at": "2026-09-23",
        "confidence": "low",
        "import_source": "osm_overpass",
        "external_id": "osm/node/13809856865",
        "sources": [
          {
            "title": "OpenStreetMap / Overpass",
            "url": "https://wiki.openstreetmap.org/wiki/Tag:telecom%3Ddata_center",
            "accessed_at": "2026-09-23",
            "note": "osm_id=13809856865"
          }
        ]
      }
    },
    {
      "type": "Feature",
      "geometry": {
        "type": "Point",
        "coordinates": [
          11.0860885,
          46.299497
        ]
      },
      "properties": {
        "id": "dc_061",
        "name": "Intacture",
        "type": "data_center",
        "subtype": "colocation",
        "operator": "TRENTINO DATAMINE S.r.l.",
        "description_it": "Record da OpenStreetMap (tag data_center). Da validare con almeno una seconda fonte.",
        "country": "IT",
        "city": "n/d",
        "status": "unknown",
        "site_category": "infrastructure",
        "opened_year": null,
        "updated_at": "2026-09-23",
        "confidence": "low",
        "import_source": "osm_overpass",
        "external_id": "osm/node/13977247791",
        "sources": [
          {
            "title": "OpenStreetMap / Overpass",
            "url": "https://wiki.openstreetmap.org/wiki/Tag:telecom%3Ddata_center",
            "accessed_at": "2026-09-23",
            "note": "osm_id=13977247791"
          }
        ]
      }
    },
    {
      "type": "Feature",
      "geometry": {
        "type": "Point",
        "coordinates": [
          11.1150805,
          46.08465
        ]
      },
      "properties": {
        "id": "dc_062",
        "name": "Centrale TIM Trento Nord",
        "type": "data_center",
        "subtype": "colocation",
        "operator": "TIM",
        "description_it": "Record da OpenStreetMap (tag data_center). Da validare con almeno una seconda fonte.",
        "country": "IT",
        "city": "n/d",
        "status": "unknown",
        "site_category": "infrastructure",
        "opened_year": null,
        "updated_at": "2026-09-23",
        "confidence": "low",
        "import_source": "osm_overpass",
        "external_id": "osm/way/53189075",
        "sources": [
          {
            "title": "OpenStreetMap / Overpass",
            "url": "https://wiki.openstreetmap.org/wiki/Tag:telecom%3Ddata_center",
            "accessed_at": "2026-09-23",
            "note": "osm_id=53189075"
          }
        ]
      }
    },
    {
      "type": "Feature",
      "geometry": {
        "type": "Point",
        "coordinates": [
          11.5749385,
          45.6423587
        ]
      },
      "properties": {
        "id": "dc_063",
        "name": "Set",
        "type": "data_center",
        "subtype": "colocation",
        "operator": "Unknown",
        "description_it": "Record da OpenStreetMap (tag data_center). Da validare con almeno una seconda fonte.",
        "country": "IT",
        "city": "Dueville",
        "status": "unknown",
        "site_category": "infrastructure",
        "opened_year": null,
        "updated_at": "2026-09-23",
        "confidence": "low",
        "import_source": "osm_overpass",
        "external_id": "osm/way/466483564",
        "sources": [
          {
            "title": "OpenStreetMap / Overpass",
            "url": "https://wiki.openstreetmap.org/wiki/Tag:telecom%3Ddata_center",
            "accessed_at": "2026-09-23",
            "note": "osm_id=466483564"
          }
        ]
      }
    },
    {
      "type": "Feature",
      "geometry": {
        "type": "Point",
        "coordinates": [
          11.39081,
          44.509523
        ]
      },
      "properties": {
        "id": "dc_064",
        "name": "Data center Unipol Pilastro",
        "type": "data_center",
        "subtype": "colocation",
        "operator": "Unipol",
        "description_it": "Record da OpenStreetMap (tag data_center). Da validare con almeno una seconda fonte.",
        "country": "IT",
        "city": "n/d",
        "status": "unknown",
        "site_category": "infrastructure",
        "opened_year": null,
        "updated_at": "2026-09-23",
        "confidence": "low",
        "import_source": "osm_overpass",
        "external_id": "osm/way/1349180249",
        "sources": [
          {
            "title": "OpenStreetMap / Overpass",
            "url": "https://wiki.openstreetmap.org/wiki/Tag:telecom%3Ddata_center",
            "accessed_at": "2026-09-23",
            "note": "osm_id=1349180249"
          }
        ]
      }
    },
    {
      "type": "Feature",
      "geometry": {
        "type": "Point",
        "coordinates": [
          14.3514309,
          41.0738326
        ]
      },
      "properties": {
        "id": "dc_065",
        "name": "Archivio di Stato di Caserta",
        "type": "data_center",
        "subtype": "colocation",
        "operator": "Ministero dei Beni e delle Attività Culturali",
        "description_it": "Record da OpenStreetMap (tag data_center). Da validare con almeno una seconda fonte.",
        "country": "IT",
        "city": "n/d",
        "status": "unknown",
        "site_category": "infrastructure",
        "opened_year": null,
        "updated_at": "2026-09-23",
        "confidence": "low",
        "import_source": "osm_overpass",
        "external_id": "osm/node/5516773584",
        "sources": [
          {
            "title": "OpenStreetMap / Overpass",
            "url": "https://wiki.openstreetmap.org/wiki/Tag:telecom%3Ddata_center",
            "accessed_at": "2026-09-23",
            "note": "osm_id=5516773584"
          }
        ]
      }
    },
    {
      "type": "Feature",
      "geometry": {
        "type": "Point",
        "coordinates": [
          12.4696421,
          41.8326891
        ]
      },
      "properties": {
        "id": "dc_066",
        "name": "Data center Roma Capitale",
        "type": "data_center",
        "subtype": "colocation",
        "operator": "Roma Capitale",
        "description_it": "Record da OpenStreetMap (tag data_center). Da validare con almeno una seconda fonte.",
        "country": "IT",
        "city": "Roma",
        "status": "unknown",
        "site_category": "infrastructure",
        "opened_year": null,
        "updated_at": "2026-09-23",
        "confidence": "low",
        "import_source": "osm_overpass",
        "external_id": "osm/node/6697593261",
        "sources": [
          {
            "title": "OpenStreetMap / Overpass",
            "url": "https://wiki.openstreetmap.org/wiki/Tag:telecom%3Ddata_center",
            "accessed_at": "2026-09-23",
            "note": "osm_id=6697593261"
          }
        ]
      }
    },
    {
      "type": "Feature",
      "geometry": {
        "type": "Point",
        "coordinates": [
          13.7879854,
          43.1968639
        ]
      },
      "properties": {
        "id": "dc_067",
        "name": "Studio BETA SRLS",
        "type": "data_center",
        "subtype": "colocation",
        "operator": "Unknown",
        "description_it": "Record da OpenStreetMap (tag data_center). Da validare con almeno una seconda fonte.",
        "country": "IT",
        "city": "Porto San Giorgio",
        "status": "unknown",
        "site_category": "infrastructure",
        "opened_year": null,
        "updated_at": "2026-09-23",
        "confidence": "low",
        "import_source": "osm_overpass",
        "external_id": "osm/node/10852549720",
        "sources": [
          {
            "title": "OpenStreetMap / Overpass",
            "url": "https://wiki.openstreetmap.org/wiki/Tag:telecom%3Ddata_center",
            "accessed_at": "2026-09-23",
            "note": "osm_id=10852549720"
          }
        ]
      }
    },
    {
      "type": "Feature",
      "geometry": {
        "type": "Point",
        "coordinates": [
          14.7715649,
          41.1219805
        ]
      },
      "properties": {
        "id": "dc_068",
        "name": "Arpac",
        "type": "data_center",
        "subtype": "colocation",
        "operator": "Arpac",
        "description_it": "Record da OpenStreetMap (tag data_center). Da validare con almeno una seconda fonte.",
        "country": "IT",
        "city": "n/d",
        "status": "unknown",
        "site_category": "infrastructure",
        "opened_year": null,
        "updated_at": "2026-09-23",
        "confidence": "low",
        "import_source": "osm_overpass",
        "external_id": "osm/node/11005419206",
        "sources": [
          {
            "title": "OpenStreetMap / Overpass",
            "url": "https://wiki.openstreetmap.org/wiki/Tag:telecom%3Ddata_center",
            "accessed_at": "2026-09-23",
            "note": "osm_id=11005419206"
          }
        ]
      }
    },
    {
      "type": "Feature",
      "geometry": {
        "type": "Point",
        "coordinates": [
          11.3285512,
          43.3227158
        ]
      },
      "properties": {
        "id": "dc_069",
        "name": "E. D. Accounting Siena",
        "type": "data_center",
        "subtype": "colocation",
        "operator": "Unknown",
        "description_it": "Record da OpenStreetMap (tag data_center). Da validare con almeno una seconda fonte.",
        "country": "IT",
        "city": "Siena",
        "status": "unknown",
        "site_category": "infrastructure",
        "opened_year": null,
        "updated_at": "2026-09-23",
        "confidence": "low",
        "import_source": "osm_overpass",
        "external_id": "osm/node/11822939313",
        "sources": [
          {
            "title": "OpenStreetMap / Overpass",
            "url": "https://wiki.openstreetmap.org/wiki/Tag:telecom%3Ddata_center",
            "accessed_at": "2026-09-23",
            "note": "osm_id=11822939313"
          }
        ]
      }
    },
    {
      "type": "Feature",
      "geometry": {
        "type": "Point",
        "coordinates": [
          15.3886045,
          40.0199368
        ]
      },
      "properties": {
        "id": "dc_070",
        "name": "InfreschiLab",
        "type": "data_center",
        "subtype": "colocation",
        "operator": "Andrea",
        "description_it": "Record da OpenStreetMap (tag data_center). Da validare con almeno una seconda fonte.",
        "country": "IT",
        "city": "n/d",
        "status": "unknown",
        "site_category": "infrastructure",
        "opened_year": null,
        "updated_at": "2026-09-23",
        "confidence": "low",
        "import_source": "osm_overpass",
        "external_id": "osm/node/11936920287",
        "sources": [
          {
            "title": "OpenStreetMap / Overpass",
            "url": "https://wiki.openstreetmap.org/wiki/Tag:telecom%3Ddata_center",
            "accessed_at": "2026-09-23",
            "note": "osm_id=11936920287"
          }
        ]
      }
    },
    {
      "type": "Feature",
      "geometry": {
        "type": "Point",
        "coordinates": [
          11.8501611,
          43.4768301
        ]
      },
      "properties": {
        "id": "dc_071",
        "name": "Data Center Aruba IT2",
        "type": "data_center",
        "subtype": "colocation",
        "operator": "Aruba s.p.a.",
        "description_it": "Record da OpenStreetMap (tag data_center). Da validare con almeno una seconda fonte.",
        "country": "IT",
        "city": "Arezzo",
        "status": "unknown",
        "site_category": "infrastructure",
        "opened_year": null,
        "updated_at": "2026-09-23",
        "confidence": "low",
        "import_source": "osm_overpass",
        "external_id": "osm/way/45840658",
        "sources": [
          {
            "title": "OpenStreetMap / Overpass",
            "url": "https://wiki.openstreetmap.org/wiki/Tag:telecom%3Ddata_center",
            "accessed_at": "2026-09-23",
            "note": "osm_id=45840658"
          }
        ]
      }
    },
    {
      "type": "Feature",
      "geometry": {
        "type": "Point",
        "coordinates": [
          11.8380784,
          43.4596066
        ]
      },
      "properties": {
        "id": "dc_072",
        "name": "Data Center Aruba IT1",
        "type": "data_center",
        "subtype": "colocation",
        "operator": "Aruba s.p.a.",
        "description_it": "Record da OpenStreetMap (tag data_center). Da validare con almeno una seconda fonte.",
        "country": "IT",
        "city": "n/d",
        "status": "unknown",
        "site_category": "infrastructure",
        "opened_year": null,
        "updated_at": "2026-09-23",
        "confidence": "low",
        "import_source": "osm_overpass",
        "external_id": "osm/way/182828550",
        "sources": [
          {
            "title": "OpenStreetMap / Overpass",
            "url": "https://wiki.openstreetmap.org/wiki/Tag:telecom%3Ddata_center",
            "accessed_at": "2026-09-23",
            "note": "osm_id=182828550"
          }
        ]
      }
    },
    {
      "type": "Feature",
      "geometry": {
        "type": "Point",
        "coordinates": [
          14.3214597,
          41.0665144
        ]
      },
      "properties": {
        "id": "dc_073",
        "name": "Data Felix DF01",
        "type": "data_center",
        "subtype": "colocation",
        "operator": "Unknown",
        "description_it": "Record da OpenStreetMap (tag data_center). Da validare con almeno una seconda fonte.",
        "country": "IT",
        "city": "Caserta",
        "status": "unknown",
        "site_category": "infrastructure",
        "opened_year": null,
        "updated_at": "2026-09-23",
        "confidence": "low",
        "import_source": "osm_overpass",
        "external_id": "osm/way/1274052719",
        "sources": [
          {
            "title": "OpenStreetMap / Overpass",
            "url": "https://wiki.openstreetmap.org/wiki/Tag:telecom%3Ddata_center",
            "accessed_at": "2026-09-23",
            "note": "osm_id=1274052719"
          }
        ]
      }
    },
    {
      "type": "Feature",
      "geometry": {
        "type": "Point",
        "coordinates": [
          12.3444541,
          41.7645405
        ]
      },
      "properties": {
        "id": "dc_074",
        "name": "TIER IV",
        "type": "data_center",
        "subtype": "colocation",
        "operator": "TIM",
        "description_it": "Record da OpenStreetMap (tag data_center). Da validare con almeno una seconda fonte.",
        "country": "IT",
        "city": "Roma",
        "status": "unknown",
        "site_category": "infrastructure",
        "opened_year": null,
        "updated_at": "2026-09-23",
        "confidence": "low",
        "import_source": "osm_overpass",
        "external_id": "osm/relation/7129758",
        "sources": [
          {
            "title": "OpenStreetMap / Overpass",
            "url": "https://wiki.openstreetmap.org/wiki/Tag:telecom%3Ddata_center",
            "accessed_at": "2026-09-23",
            "note": "osm_id=7129758"
          }
        ]
      }
    },
    {
      "type": "Feature",
      "geometry": {
        "type": "Point",
        "coordinates": [
          10.160728,
          36.69821
        ]
      },
      "properties": {
        "id": "dc_075",
        "name": "الهيكل الخاص الهدى لتقديم الدروس الخصوصية",
        "type": "data_center",
        "subtype": "colocation",
        "operator": "Unknown",
        "description_it": "Record da OpenStreetMap (tag data_center). Da validare con almeno una seconda fonte.",
        "country": "IT",
        "city": "n/d",
        "status": "unknown",
        "site_category": "infrastructure",
        "opened_year": null,
        "updated_at": "2026-09-23",
        "confidence": "low",
        "import_source": "osm_overpass",
        "external_id": "osm/node/11114729904",
        "sources": [
          {
            "title": "OpenStreetMap / Overpass",
            "url": "https://wiki.openstreetmap.org/wiki/Tag:telecom%3Ddata_center",
            "accessed_at": "2026-09-23",
            "note": "osm_id=11114729904"
          }
        ]
      }
    },
    {
      "type": "Feature",
      "geometry": {
        "type": "Point",
        "coordinates": [
          5.8965479,
          52.1680853
        ]
      },
      "properties": {
        "id": "dc_076",
        "name": "Cellnex",
        "type": "data_center",
        "subtype": "colocation",
        "operator": "Unknown",
        "description_it": "Record da OpenStreetMap (tag data_center). Da validare con almeno una seconda fonte.",
        "country": "DE",
        "city": "n/d",
        "status": "unknown",
        "site_category": "infrastructure",
        "opened_year": null,
        "updated_at": "2026-09-23",
        "confidence": "low",
        "import_source": "osm_overpass",
        "external_id": "osm/node/599587508",
        "sources": [
          {
            "title": "OpenStreetMap / Overpass",
            "url": "https://wiki.openstreetmap.org/wiki/Tag:telecom%3Ddata_center",
            "accessed_at": "2026-09-23",
            "note": "osm_id=599587508"
          }
        ]
      }
    },
    {
      "type": "Feature",
      "geometry": {
        "type": "Point",
        "coordinates": [
          4.9379392,
          52.3030586
        ]
      },
      "properties": {
        "id": "dc_077",
        "name": "Equinix AM7",
        "type": "data_center",
        "subtype": "colocation",
        "operator": "Equinix",
        "description_it": "Record da OpenStreetMap (tag data_center). Da validare con almeno una seconda fonte.",
        "country": "NL",
        "city": "Amsterdam",
        "status": "unknown",
        "site_category": "infrastructure",
        "opened_year": null,
        "updated_at": "2026-09-23",
        "confidence": "low",
        "import_source": "osm_overpass",
        "external_id": "osm/node/717740190",
        "sources": [
          {
            "title": "OpenStreetMap / Overpass",
            "url": "https://wiki.openstreetmap.org/wiki/Tag:telecom%3Ddata_center",
            "accessed_at": "2026-09-23",
            "note": "osm_id=717740190"
          }
        ]
      }
    },
    {
      "type": "Feature",
      "geometry": {
        "type": "Point",
        "coordinates": [
          4.2108105,
          52.0012171
        ]
      },
      "properties": {
        "id": "dc_078",
        "name": "WorldStream",
        "type": "data_center",
        "subtype": "colocation",
        "operator": "Unknown",
        "description_it": "Record da OpenStreetMap (tag data_center). Da validare con almeno una seconda fonte.",
        "country": "NL",
        "city": "Naaldwijk",
        "status": "unknown",
        "site_category": "infrastructure",
        "opened_year": null,
        "updated_at": "2026-09-23",
        "confidence": "low",
        "import_source": "osm_overpass",
        "external_id": "osm/node/2625645063",
        "sources": [
          {
            "title": "OpenStreetMap / Overpass",
            "url": "https://wiki.openstreetmap.org/wiki/Tag:telecom%3Ddata_center",
            "accessed_at": "2026-09-23",
            "note": "osm_id=2625645063"
          }
        ]
      }
    },
    {
      "type": "Feature",
      "geometry": {
        "type": "Point",
        "coordinates": [
          4.6647354,
          52.391724
        ]
      },
      "properties": {
        "id": "dc_079",
        "name": "LeaseWeb AMS-01",
        "type": "data_center",
        "subtype": "colocation",
        "operator": "LeaseWeb",
        "description_it": "Record da OpenStreetMap (tag data_center). Da validare con almeno una seconda fonte.",
        "country": "NL",
        "city": "Haarlem",
        "status": "unknown",
        "site_category": "infrastructure",
        "opened_year": null,
        "updated_at": "2026-09-23",
        "confidence": "low",
        "import_source": "osm_overpass",
        "external_id": "osm/node/2719885481",
        "sources": [
          {
            "title": "OpenStreetMap / Overpass",
            "url": "https://wiki.openstreetmap.org/wiki/Tag:telecom%3Ddata_center",
            "accessed_at": "2026-09-23",
            "note": "osm_id=2719885481"
          }
        ]
      }
    },
    {
      "type": "Feature",
      "geometry": {
        "type": "Point",
        "coordinates": [
          5.9340361,
          51.9870045
        ]
      },
      "properties": {
        "id": "dc_080",
        "name": "Eurofiber data center Arnhem 1",
        "type": "data_center",
        "subtype": "colocation",
        "operator": "Eurofiber Cloud Infra",
        "description_it": "Record da OpenStreetMap (tag data_center). Da validare con almeno una seconda fonte.",
        "country": "DE",
        "city": "Arnhem",
        "status": "unknown",
        "site_category": "infrastructure",
        "opened_year": null,
        "updated_at": "2026-09-23",
        "confidence": "low",
        "import_source": "osm_overpass",
        "external_id": "osm/node/2727100158",
        "sources": [
          {
            "title": "OpenStreetMap / Overpass",
            "url": "https://wiki.openstreetmap.org/wiki/Tag:telecom%3Ddata_center",
            "accessed_at": "2026-09-23",
            "note": "osm_id=2727100158"
          }
        ]
      }
    },
    {
      "type": "Feature",
      "geometry": {
        "type": "Point",
        "coordinates": [
          5.3874531,
          51.4416563
        ]
      },
      "properties": {
        "id": "dc_081",
        "name": "Interconnect Eindhoven",
        "type": "data_center",
        "subtype": "colocation",
        "operator": "Unknown",
        "description_it": "Record da OpenStreetMap (tag data_center). Da validare con almeno una seconda fonte.",
        "country": "NL",
        "city": "Eindhoven",
        "status": "unknown",
        "site_category": "infrastructure",
        "opened_year": null,
        "updated_at": "2026-09-23",
        "confidence": "low",
        "import_source": "osm_overpass",
        "external_id": "osm/node/2730020684",
        "sources": [
          {
            "title": "OpenStreetMap / Overpass",
            "url": "https://wiki.openstreetmap.org/wiki/Tag:telecom%3Ddata_center",
            "accessed_at": "2026-09-23",
            "note": "osm_id=2730020684"
          }
        ]
      }
    },
    {
      "type": "Feature",
      "geometry": {
        "type": "Point",
        "coordinates": [
          4.6870717,
          52.2903777
        ]
      },
      "properties": {
        "id": "dc_082",
        "name": "Eurofiber Data Center Amsterdam",
        "type": "data_center",
        "subtype": "colocation",
        "operator": "Eurofiber",
        "description_it": "Record da OpenStreetMap (tag data_center). Da validare con almeno una seconda fonte.",
        "country": "NL",
        "city": "Hoofddorp",
        "status": "unknown",
        "site_category": "infrastructure",
        "opened_year": null,
        "updated_at": "2026-09-23",
        "confidence": "low",
        "import_source": "osm_overpass",
        "external_id": "osm/node/2733775996",
        "sources": [
          {
            "title": "OpenStreetMap / Overpass",
            "url": "https://wiki.openstreetmap.org/wiki/Tag:telecom%3Ddata_center",
            "accessed_at": "2026-09-23",
            "note": "osm_id=2733775996"
          }
        ]
      }
    },
    {
      "type": "Feature",
      "geometry": {
        "type": "Point",
        "coordinates": [
          4.8511461,
          52.3964216
        ]
      },
      "properties": {
        "id": "dc_083",
        "name": "Databarn Amsterdam",
        "type": "data_center",
        "subtype": "colocation",
        "operator": "Databarn Amsterdam B.V.",
        "description_it": "Record da OpenStreetMap (tag data_center). Da validare con almeno una seconda fonte.",
        "country": "NL",
        "city": "Amsterdam",
        "status": "unknown",
        "site_category": "infrastructure",
        "opened_year": null,
        "updated_at": "2026-09-23",
        "confidence": "low",
        "import_source": "osm_overpass",
        "external_id": "osm/node/2738247230",
        "sources": [
          {
            "title": "OpenStreetMap / Overpass",
            "url": "https://wiki.openstreetmap.org/wiki/Tag:telecom%3Ddata_center",
            "accessed_at": "2026-09-23",
            "note": "osm_id=2738247230"
          }
        ]
      }
    },
    {
      "type": "Feature",
      "geometry": {
        "type": "Point",
        "coordinates": [
          4.7709138,
          52.2841493
        ]
      },
      "properties": {
        "id": "dc_084",
        "name": "Digital Realty AMS3",
        "type": "data_center",
        "subtype": "colocation",
        "operator": "Digital Realty",
        "description_it": "Record da OpenStreetMap (tag data_center). Da validare con almeno una seconda fonte.",
        "country": "NL",
        "city": "Schiphol-Rijk",
        "status": "unknown",
        "site_category": "infrastructure",
        "opened_year": null,
        "updated_at": "2026-09-23",
        "confidence": "low",
        "import_source": "osm_overpass",
        "external_id": "osm/node/2745065082",
        "sources": [
          {
            "title": "OpenStreetMap / Overpass",
            "url": "https://wiki.openstreetmap.org/wiki/Tag:telecom%3Ddata_center",
            "accessed_at": "2026-09-23",
            "note": "osm_id=2745065082"
          }
        ]
      }
    },
    {
      "type": "Feature",
      "geometry": {
        "type": "Point",
        "coordinates": [
          4.7542777,
          52.2800662
        ]
      },
      "properties": {
        "id": "dc_085",
        "name": "Digital Realty AMS5",
        "type": "data_center",
        "subtype": "colocation",
        "operator": "Digital Realty",
        "description_it": "Record da OpenStreetMap (tag data_center). Da validare con almeno una seconda fonte.",
        "country": "NL",
        "city": "Schiphol-Rijk",
        "status": "unknown",
        "site_category": "infrastructure",
        "opened_year": null,
        "updated_at": "2026-09-23",
        "confidence": "low",
        "import_source": "osm_overpass",
        "external_id": "osm/node/2745065224",
        "sources": [
          {
            "title": "OpenStreetMap / Overpass",
            "url": "https://wiki.openstreetmap.org/wiki/Tag:telecom%3Ddata_center",
            "accessed_at": "2026-09-23",
            "note": "osm_id=2745065224"
          }
        ]
      }
    },
    {
      "type": "Feature",
      "geometry": {
        "type": "Point",
        "coordinates": [
          6.8495562,
          52.2369864
        ]
      },
      "properties": {
        "id": "dc_086",
        "name": "Equinix Enschede",
        "type": "data_center",
        "subtype": "colocation",
        "operator": "Equinix",
        "description_it": "Record da OpenStreetMap (tag data_center). Da validare con almeno una seconda fonte.",
        "country": "DE",
        "city": "Enschede",
        "status": "unknown",
        "site_category": "infrastructure",
        "opened_year": null,
        "updated_at": "2026-09-23",
        "confidence": "low",
        "import_source": "osm_overpass",
        "external_id": "osm/node/2749411762",
        "sources": [
          {
            "title": "OpenStreetMap / Overpass",
            "url": "https://wiki.openstreetmap.org/wiki/Tag:telecom%3Ddata_center",
            "accessed_at": "2026-09-23",
            "note": "osm_id=2749411762"
          }
        ]
      }
    },
    {
      "type": "Feature",
      "geometry": {
        "type": "Point",
        "coordinates": [
          5.624974,
          52.0307085
        ]
      },
      "properties": {
        "id": "dc_087",
        "name": "BIT-1 Datacenter",
        "type": "data_center",
        "subtype": "colocation",
        "operator": "Unknown",
        "description_it": "Record da OpenStreetMap (tag data_center). Da validare con almeno una seconda fonte.",
        "country": "DE",
        "city": "Ede",
        "status": "unknown",
        "site_category": "infrastructure",
        "opened_year": null,
        "updated_at": "2026-09-23",
        "confidence": "low",
        "import_source": "osm_overpass",
        "external_id": "osm/node/2761385262",
        "sources": [
          {
            "title": "OpenStreetMap / Overpass",
            "url": "https://wiki.openstreetmap.org/wiki/Tag:telecom%3Ddata_center",
            "accessed_at": "2026-09-23",
            "note": "osm_id=2761385262"
          }
        ]
      }
    },
    {
      "type": "Feature",
      "geometry": {
        "type": "Point",
        "coordinates": [
          4.7733584,
          52.2597959
        ]
      },
      "properties": {
        "id": "dc_088",
        "name": "NorthC Datacenter Aalsmeer",
        "type": "data_center",
        "subtype": "colocation",
        "operator": "NorthC",
        "description_it": "Record da OpenStreetMap (tag data_center). Da validare con almeno una seconda fonte.",
        "country": "NL",
        "city": "Aalsmeer",
        "status": "unknown",
        "site_category": "infrastructure",
        "opened_year": null,
        "updated_at": "2026-09-23",
        "confidence": "low",
        "import_source": "osm_overpass",
        "external_id": "osm/node/2765259404",
        "sources": [
          {
            "title": "OpenStreetMap / Overpass",
            "url": "https://wiki.openstreetmap.org/wiki/Tag:telecom%3Ddata_center",
            "accessed_at": "2026-09-23",
            "note": "osm_id=2765259404"
          }
        ]
      }
    },
    {
      "type": "Feature",
      "geometry": {
        "type": "Point",
        "coordinates": [
          6.864589,
          53.1668487
        ]
      },
      "properties": {
        "id": "dc_089",
        "name": "Datacenter Groningen",
        "type": "data_center",
        "subtype": "colocation",
        "operator": "Unknown",
        "description_it": "Record da OpenStreetMap (tag data_center). Da validare con almeno una seconda fonte.",
        "country": "DE",
        "city": "Zuidbroek",
        "status": "unknown",
        "site_category": "infrastructure",
        "opened_year": null,
        "updated_at": "2026-09-23",
        "confidence": "low",
        "import_source": "osm_overpass",
        "external_id": "osm/node/2775436927",
        "sources": [
          {
            "title": "OpenStreetMap / Overpass",
            "url": "https://wiki.openstreetmap.org/wiki/Tag:telecom%3Ddata_center",
            "accessed_at": "2026-09-23",
            "note": "osm_id=2775436927"
          }
        ]
      }
    },
    {
      "type": "Feature",
      "geometry": {
        "type": "Point",
        "coordinates": [
          4.8288651,
          52.34401
        ]
      },
      "properties": {
        "id": "dc_090",
        "name": "Global Switch Amsterdam",
        "type": "data_center",
        "subtype": "colocation",
        "operator": "Global Switch",
        "description_it": "Record da OpenStreetMap (tag data_center). Da validare con almeno una seconda fonte.",
        "country": "NL",
        "city": "Amsterdam",
        "status": "unknown",
        "site_category": "infrastructure",
        "opened_year": null,
        "updated_at": "2026-09-23",
        "confidence": "low",
        "import_source": "osm_overpass",
        "external_id": "osm/node/2808423607",
        "sources": [
          {
            "title": "OpenStreetMap / Overpass",
            "url": "https://wiki.openstreetmap.org/wiki/Tag:telecom%3Ddata_center",
            "accessed_at": "2026-09-23",
            "note": "osm_id=2808423607"
          }
        ]
      }
    },
    {
      "type": "Feature",
      "geometry": {
        "type": "Point",
        "coordinates": [
          4.9259511,
          52.3281443
        ]
      },
      "properties": {
        "id": "dc_091",
        "name": "Colt Amsterdam Van der Madeweg",
        "type": "data_center",
        "subtype": "colocation",
        "operator": "Unknown",
        "description_it": "Record da OpenStreetMap (tag data_center). Da validare con almeno una seconda fonte.",
        "country": "NL",
        "city": "Amsterdam-Duivendrecht",
        "status": "unknown",
        "site_category": "infrastructure",
        "opened_year": null,
        "updated_at": "2026-09-23",
        "confidence": "low",
        "import_source": "osm_overpass",
        "external_id": "osm/node/2827483282",
        "sources": [
          {
            "title": "OpenStreetMap / Overpass",
            "url": "https://wiki.openstreetmap.org/wiki/Tag:telecom%3Ddata_center",
            "accessed_at": "2026-09-23",
            "note": "osm_id=2827483282"
          }
        ]
      }
    },
    {
      "type": "Feature",
      "geometry": {
        "type": "Point",
        "coordinates": [
          5.7022789,
          52.5392047
        ]
      },
      "properties": {
        "id": "dc_092",
        "name": "Solcon Droten",
        "type": "data_center",
        "subtype": "colocation",
        "operator": "Unknown",
        "description_it": "Record da OpenStreetMap (tag data_center). Da validare con almeno una seconda fonte.",
        "country": "DE",
        "city": "Dronten",
        "status": "unknown",
        "site_category": "infrastructure",
        "opened_year": null,
        "updated_at": "2026-09-23",
        "confidence": "low",
        "import_source": "osm_overpass",
        "external_id": "osm/node/2837886894",
        "sources": [
          {
            "title": "OpenStreetMap / Overpass",
            "url": "https://wiki.openstreetmap.org/wiki/Tag:telecom%3Ddata_center",
            "accessed_at": "2026-09-23",
            "note": "osm_id=2837886894"
          }
        ]
      }
    },
    {
      "type": "Feature",
      "geometry": {
        "type": "Point",
        "coordinates": [
          5.7050729,
          52.5437235
        ]
      },
      "properties": {
        "id": "dc_093",
        "name": "Kolo NL1 Dronten",
        "type": "data_center",
        "subtype": "colocation",
        "operator": "Kolo",
        "description_it": "Record da OpenStreetMap (tag data_center). Da validare con almeno una seconda fonte.",
        "country": "DE",
        "city": "Dronten",
        "status": "unknown",
        "site_category": "infrastructure",
        "opened_year": null,
        "updated_at": "2026-09-23",
        "confidence": "low",
        "import_source": "osm_overpass",
        "external_id": "osm/node/2837888139",
        "sources": [
          {
            "title": "OpenStreetMap / Overpass",
            "url": "https://wiki.openstreetmap.org/wiki/Tag:telecom%3Ddata_center",
            "accessed_at": "2026-09-23",
            "note": "osm_id=2837888139"
          }
        ]
      }
    },
    {
      "type": "Feature",
      "geometry": {
        "type": "Point",
        "coordinates": [
          4.9188641,
          52.3337319
        ]
      },
      "properties": {
        "id": "dc_094",
        "name": "Digital Realty",
        "type": "data_center",
        "subtype": "colocation",
        "operator": "Digital Realty",
        "description_it": "Record da OpenStreetMap (tag data_center). Da validare con almeno una seconda fonte.",
        "country": "NL",
        "city": "Amsterdam",
        "status": "unknown",
        "site_category": "infrastructure",
        "opened_year": null,
        "updated_at": "2026-09-23",
        "confidence": "low",
        "import_source": "osm_overpass",
        "external_id": "osm/node/2840442643",
        "sources": [
          {
            "title": "OpenStreetMap / Overpass",
            "url": "https://wiki.openstreetmap.org/wiki/Tag:telecom%3Ddata_center",
            "accessed_at": "2026-09-23",
            "note": "osm_id=2840442643"
          }
        ]
      }
    },
    {
      "type": "Feature",
      "geometry": {
        "type": "Point",
        "coordinates": [
          4.9549587,
          52.3002909
        ]
      },
      "properties": {
        "id": "dc_095",
        "name": "KPN Amsterdam",
        "type": "data_center",
        "subtype": "colocation",
        "operator": "KPN",
        "description_it": "Record da OpenStreetMap (tag data_center). Da validare con almeno una seconda fonte.",
        "country": "NL",
        "city": "Amsterdam",
        "status": "unknown",
        "site_category": "infrastructure",
        "opened_year": null,
        "updated_at": "2026-09-23",
        "confidence": "low",
        "import_source": "osm_overpass",
        "external_id": "osm/node/2862652419",
        "sources": [
          {
            "title": "OpenStreetMap / Overpass",
            "url": "https://wiki.openstreetmap.org/wiki/Tag:telecom%3Ddata_center",
            "accessed_at": "2026-09-23",
            "note": "osm_id=2862652419"
          }
        ]
      }
    },
    {
      "type": "Feature",
      "geometry": {
        "type": "Point",
        "coordinates": [
          4.9487005,
          52.2963137
        ]
      },
      "properties": {
        "id": "dc_096",
        "name": "NorthC Amsterdam 2",
        "type": "data_center",
        "subtype": "colocation",
        "operator": "NorthC",
        "description_it": "Record da OpenStreetMap (tag data_center). Da validare con almeno una seconda fonte.",
        "country": "NL",
        "city": "Amsterdam",
        "status": "unknown",
        "site_category": "infrastructure",
        "opened_year": null,
        "updated_at": "2026-09-23",
        "confidence": "low",
        "import_source": "osm_overpass",
        "external_id": "osm/node/2862656047",
        "sources": [
          {
            "title": "OpenStreetMap / Overpass",
            "url": "https://wiki.openstreetmap.org/wiki/Tag:telecom%3Ddata_center",
            "accessed_at": "2026-09-23",
            "note": "osm_id=2862656047"
          }
        ]
      }
    },
    {
      "type": "Feature",
      "geometry": {
        "type": "Point",
        "coordinates": [
          4.9360116,
          52.3095225
        ]
      },
      "properties": {
        "id": "dc_097",
        "name": "Datacenter.com AMS1",
        "type": "data_center",
        "subtype": "colocation",
        "operator": "Unknown",
        "description_it": "Record da OpenStreetMap (tag data_center). Da validare con almeno una seconda fonte.",
        "country": "NL",
        "city": "Amsterdam",
        "status": "unknown",
        "site_category": "infrastructure",
        "opened_year": null,
        "updated_at": "2026-09-23",
        "confidence": "low",
        "import_source": "osm_overpass",
        "external_id": "osm/node/2862978534",
        "sources": [
          {
            "title": "OpenStreetMap / Overpass",
            "url": "https://wiki.openstreetmap.org/wiki/Tag:telecom%3Ddata_center",
            "accessed_at": "2026-09-23",
            "note": "osm_id=2862978534"
          }
        ]
      }
    },
    {
      "type": "Feature",
      "geometry": {
        "type": "Point",
        "coordinates": [
          4.7427993,
          52.6319674
        ]
      },
      "properties": {
        "id": "dc_098",
        "name": "KPN Telefoon Centrale",
        "type": "data_center",
        "subtype": "colocation",
        "operator": "KPN",
        "description_it": "Record da OpenStreetMap (tag data_center). Da validare con almeno una seconda fonte.",
        "country": "NL",
        "city": "Alkmaar",
        "status": "unknown",
        "site_category": "infrastructure",
        "opened_year": null,
        "updated_at": "2026-09-23",
        "confidence": "low",
        "import_source": "osm_overpass",
        "external_id": "osm/node/2876408856",
        "sources": [
          {
            "title": "OpenStreetMap / Overpass",
            "url": "https://wiki.openstreetmap.org/wiki/Tag:telecom%3Ddata_center",
            "accessed_at": "2026-09-23",
            "note": "osm_id=2876408856"
          }
        ]
      }
    },
    {
      "type": "Feature",
      "geometry": {
        "type": "Point",
        "coordinates": [
          6.1588627,
          51.3783974
        ]
      },
      "properties": {
        "id": "dc_099",
        "name": "Systemec Venlo DC19",
        "type": "data_center",
        "subtype": "colocation",
        "operator": "Systemec",
        "description_it": "Record da OpenStreetMap (tag data_center). Da validare con almeno una seconda fonte.",
        "country": "DE",
        "city": "Venlo",
        "status": "unknown",
        "site_category": "infrastructure",
        "opened_year": null,
        "updated_at": "2026-09-23",
        "confidence": "low",
        "import_source": "osm_overpass",
        "external_id": "osm/node/2906464440",
        "sources": [
          {
            "title": "OpenStreetMap / Overpass",
            "url": "https://wiki.openstreetmap.org/wiki/Tag:telecom%3Ddata_center",
            "accessed_at": "2026-09-23",
            "note": "osm_id=2906464440"
          }
        ]
      }
    },
    {
      "type": "Feature",
      "geometry": {
        "type": "Point",
        "coordinates": [
          5.7041285,
          51.5263372
        ]
      },
      "properties": {
        "id": "dc_100",
        "name": "Datacenter Gemert",
        "type": "data_center",
        "subtype": "colocation",
        "operator": "Unknown",
        "description_it": "Record da OpenStreetMap (tag data_center). Da validare con almeno una seconda fonte.",
        "country": "DE",
        "city": "De Mortel",
        "status": "unknown",
        "site_category": "infrastructure",
        "opened_year": null,
        "updated_at": "2026-09-23",
        "confidence": "low",
        "import_source": "osm_overpass",
        "external_id": "osm/node/3014822814",
        "sources": [
          {
            "title": "OpenStreetMap / Overpass",
            "url": "https://wiki.openstreetmap.org/wiki/Tag:telecom%3Ddata_center",
            "accessed_at": "2026-09-23",
            "note": "osm_id=3014822814"
          }
        ]
      }
    },
    {
      "type": "Feature",
      "geometry": {
        "type": "Point",
        "coordinates": [
          5.764996,
          53.2047771
        ]
      },
      "properties": {
        "id": "dc_101",
        "name": "DataCenter Fryslân",
        "type": "data_center",
        "subtype": "colocation",
        "operator": "Unknown",
        "description_it": "Record da OpenStreetMap (tag data_center). Da validare con almeno una seconda fonte.",
        "country": "DE",
        "city": "Leeuwarden",
        "status": "unknown",
        "site_category": "infrastructure",
        "opened_year": null,
        "updated_at": "2026-09-23",
        "confidence": "low",
        "import_source": "osm_overpass",
        "external_id": "osm/node/3067037986",
        "sources": [
          {
            "title": "OpenStreetMap / Overpass",
            "url": "https://wiki.openstreetmap.org/wiki/Tag:telecom%3Ddata_center",
            "accessed_at": "2026-09-23",
            "note": "osm_id=3067037986"
          }
        ]
      }
    },
    {
      "type": "Feature",
      "geometry": {
        "type": "Point",
        "coordinates": [
          5.4587666,
          51.4078491
        ]
      },
      "properties": {
        "id": "dc_102",
        "name": "NorthC Datacenter Eindhoven",
        "type": "data_center",
        "subtype": "colocation",
        "operator": "Unknown",
        "description_it": "Record da OpenStreetMap (tag data_center). Da validare con almeno una seconda fonte.",
        "country": "NL",
        "city": "Eindhoven",
        "status": "unknown",
        "site_category": "infrastructure",
        "opened_year": null,
        "updated_at": "2026-09-23",
        "confidence": "low",
        "import_source": "osm_overpass",
        "external_id": "osm/node/3918634315",
        "sources": [
          {
            "title": "OpenStreetMap / Overpass",
            "url": "https://wiki.openstreetmap.org/wiki/Tag:telecom%3Ddata_center",
            "accessed_at": "2026-09-23",
            "note": "osm_id=3918634315"
          }
        ]
      }
    },
    {
      "type": "Feature",
      "geometry": {
        "type": "Point",
        "coordinates": [
          4.3782416,
          51.9876517
        ]
      },
      "properties": {
        "id": "dc_103",
        "name": "NorthC Datacenter Delft",
        "type": "data_center",
        "subtype": "colocation",
        "operator": "NorthC",
        "description_it": "Record da OpenStreetMap (tag data_center). Da validare con almeno una seconda fonte.",
        "country": "NL",
        "city": "Delft",
        "status": "unknown",
        "site_category": "infrastructure",
        "opened_year": null,
        "updated_at": "2026-09-23",
        "confidence": "low",
        "import_source": "osm_overpass",
        "external_id": "osm/node/4177046902",
        "sources": [
          {
            "title": "OpenStreetMap / Overpass",
            "url": "https://wiki.openstreetmap.org/wiki/Tag:telecom%3Ddata_center",
            "accessed_at": "2026-09-23",
            "note": "osm_id=4177046902"
          }
        ]
      }
    },
    {
      "type": "Feature",
      "geometry": {
        "type": "Point",
        "coordinates": [
          4.6774483,
          52.2901456
        ]
      },
      "properties": {
        "id": "dc_104",
        "name": "Digital Realty AMS15",
        "type": "data_center",
        "subtype": "colocation",
        "operator": "Digital Realty",
        "description_it": "Record da OpenStreetMap (tag data_center). Da validare con almeno una seconda fonte.",
        "country": "NL",
        "city": "Hoofddorp",
        "status": "unknown",
        "site_category": "infrastructure",
        "opened_year": null,
        "updated_at": "2026-09-23",
        "confidence": "low",
        "import_source": "osm_overpass",
        "external_id": "osm/node/4353923475",
        "sources": [
          {
            "title": "OpenStreetMap / Overpass",
            "url": "https://wiki.openstreetmap.org/wiki/Tag:telecom%3Ddata_center",
            "accessed_at": "2026-09-23",
            "note": "osm_id=4353923475"
          }
        ]
      }
    },
    {
      "type": "Feature",
      "geometry": {
        "type": "Point",
        "coordinates": [
          5.0385502,
          51.6956611
        ]
      },
      "properties": {
        "id": "dc_105",
        "name": "Eurofiber Data center Brabant",
        "type": "data_center",
        "subtype": "colocation",
        "operator": "Eurofiber",
        "description_it": "Record da OpenStreetMap (tag data_center). Da validare con almeno una seconda fonte.",
        "country": "NL",
        "city": "Waalwijk",
        "status": "unknown",
        "site_category": "infrastructure",
        "opened_year": null,
        "updated_at": "2026-09-23",
        "confidence": "low",
        "import_source": "osm_overpass",
        "external_id": "osm/node/4514285726",
        "sources": [
          {
            "title": "OpenStreetMap / Overpass",
            "url": "https://wiki.openstreetmap.org/wiki/Tag:telecom%3Ddata_center",
            "accessed_at": "2026-09-23",
            "note": "osm_id=4514285726"
          }
        ]
      }
    },
    {
      "type": "Feature",
      "geometry": {
        "type": "Point",
        "coordinates": [
          4.7433978,
          52.2765358
        ]
      },
      "properties": {
        "id": "dc_106",
        "name": "Digital Realty AMS8",
        "type": "data_center",
        "subtype": "colocation",
        "operator": "Digital Realty",
        "description_it": "Record da OpenStreetMap (tag data_center). Da validare con almeno una seconda fonte.",
        "country": "NL",
        "city": "Rozenburg",
        "status": "unknown",
        "site_category": "infrastructure",
        "opened_year": null,
        "updated_at": "2026-09-23",
        "confidence": "low",
        "import_source": "osm_overpass",
        "external_id": "osm/node/4530651158",
        "sources": [
          {
            "title": "OpenStreetMap / Overpass",
            "url": "https://wiki.openstreetmap.org/wiki/Tag:telecom%3Ddata_center",
            "accessed_at": "2026-09-23",
            "note": "osm_id=4530651158"
          }
        ]
      }
    },
    {
      "type": "Feature",
      "geometry": {
        "type": "Point",
        "coordinates": [
          4.9610888,
          52.3542735
        ]
      },
      "properties": {
        "id": "dc_107",
        "name": "Equinix AM4",
        "type": "data_center",
        "subtype": "colocation",
        "operator": "Equinix",
        "description_it": "Record da OpenStreetMap (tag data_center). Da validare con almeno una seconda fonte.",
        "country": "NL",
        "city": "Amsterdam",
        "status": "unknown",
        "site_category": "infrastructure",
        "opened_year": null,
        "updated_at": "2026-09-23",
        "confidence": "low",
        "import_source": "osm_overpass",
        "external_id": "osm/node/4753473817",
        "sources": [
          {
            "title": "OpenStreetMap / Overpass",
            "url": "https://wiki.openstreetmap.org/wiki/Tag:telecom%3Ddata_center",
            "accessed_at": "2026-09-23",
            "note": "osm_id=4753473817"
          }
        ]
      }
    },
    {
      "type": "Feature",
      "geometry": {
        "type": "Point",
        "coordinates": [
          3.0399115,
          50.6485978
        ]
      },
      "properties": {
        "id": "dc_108",
        "name": "TDF ProxiCenter Lille Lambersart",
        "type": "data_center",
        "subtype": "colocation",
        "operator": "Unknown",
        "description_it": "Record da OpenStreetMap (tag data_center). Da validare con almeno una seconda fonte.",
        "country": "FR",
        "city": "Lambersart",
        "status": "unknown",
        "site_category": "infrastructure",
        "opened_year": null,
        "updated_at": "2026-09-23",
        "confidence": "low",
        "import_source": "osm_overpass",
        "external_id": "osm/node/6110614473",
        "sources": [
          {
            "title": "OpenStreetMap / Overpass",
            "url": "https://wiki.openstreetmap.org/wiki/Tag:telecom%3Ddata_center",
            "accessed_at": "2026-09-23",
            "note": "osm_id=6110614473"
          }
        ]
      }
    },
    {
      "type": "Feature",
      "geometry": {
        "type": "Point",
        "coordinates": [
          6.8172593,
          51.2667997
        ]
      },
      "properties": {
        "id": "dc_109",
        "name": "Wiit AG DUS",
        "type": "data_center",
        "subtype": "colocation",
        "operator": "Wiit AG",
        "description_it": "Record da OpenStreetMap (tag data_center). Da validare con almeno una seconda fonte.",
        "country": "DE",
        "city": "Düsseldorf",
        "status": "unknown",
        "site_category": "infrastructure",
        "opened_year": null,
        "updated_at": "2026-09-23",
        "confidence": "low",
        "import_source": "osm_overpass",
        "external_id": "osm/node/6172732200",
        "sources": [
          {
            "title": "OpenStreetMap / Overpass",
            "url": "https://wiki.openstreetmap.org/wiki/Tag:telecom%3Ddata_center",
            "accessed_at": "2026-09-23",
            "note": "osm_id=6172732200"
          }
        ]
      }
    },
    {
      "type": "Feature",
      "geometry": {
        "type": "Point",
        "coordinates": [
          4.4500355,
          50.8846232
        ]
      },
      "properties": {
        "id": "dc_110",
        "name": "Colt Telecom",
        "type": "data_center",
        "subtype": "colocation",
        "operator": "Unknown",
        "description_it": "Record da OpenStreetMap (tag data_center). Da validare con almeno una seconda fonte.",
        "country": "FR",
        "city": "n/d",
        "status": "unknown",
        "site_category": "infrastructure",
        "opened_year": null,
        "updated_at": "2026-09-23",
        "confidence": "low",
        "import_source": "osm_overpass",
        "external_id": "osm/node/6215733985",
        "sources": [
          {
            "title": "OpenStreetMap / Overpass",
            "url": "https://wiki.openstreetmap.org/wiki/Tag:telecom%3Ddata_center",
            "accessed_at": "2026-09-23",
            "note": "osm_id=6215733985"
          }
        ]
      }
    },
    {
      "type": "Feature",
      "geometry": {
        "type": "Point",
        "coordinates": [
          4.7034029,
          52.3830373
        ]
      },
      "properties": {
        "id": "dc_111",
        "name": "CyrusOne Amsterdam I",
        "type": "data_center",
        "subtype": "hyperscale",
        "operator": "CyrusOne",
        "description_it": "Record da OpenStreetMap classificato come hyperscale (operatore cloud/campus). Da validare con una seconda fonte.",
        "country": "NL",
        "city": "Halfweg",
        "status": "unknown",
        "site_category": "infrastructure",
        "opened_year": null,
        "updated_at": "2026-09-23",
        "confidence": "low",
        "import_source": "osm_overpass",
        "external_id": "osm/node/7080092091",
        "sources": [
          {
            "title": "OpenStreetMap / Overpass",
            "url": "https://wiki.openstreetmap.org/wiki/Tag:telecom%3Ddata_center",
            "accessed_at": "2026-09-23",
            "note": "osm_id=7080092091"
          }
        ]
      }
    },
    {
      "type": "Feature",
      "geometry": {
        "type": "Point",
        "coordinates": [
          3.5431852,
          50.3454868
        ]
      },
      "properties": {
        "id": "dc_112",
        "name": "Techcréa Solutions",
        "type": "data_center",
        "subtype": "colocation",
        "operator": "Techcréa Solutions - First Heberg",
        "description_it": "Record da OpenStreetMap (tag data_center). Da validare con almeno una seconda fonte.",
        "country": "FR",
        "city": "n/d",
        "status": "unknown",
        "site_category": "infrastructure",
        "opened_year": null,
        "updated_at": "2026-09-23",
        "confidence": "low",
        "import_source": "osm_overpass",
        "external_id": "osm/node/8048285522",
        "sources": [
          {
            "title": "OpenStreetMap / Overpass",
            "url": "https://wiki.openstreetmap.org/wiki/Tag:telecom%3Ddata_center",
            "accessed_at": "2026-09-23",
            "note": "osm_id=8048285522"
          }
        ]
      }
    },
    {
      "type": "Feature",
      "geometry": {
        "type": "Point",
        "coordinates": [
          3.6102522,
          50.5281516
        ]
      },
      "properties": {
        "id": "dc_113",
        "name": "Microsoft Data Center",
        "type": "data_center",
        "subtype": "hyperscale",
        "operator": "Microsoft",
        "description_it": "Record da OpenStreetMap classificato come hyperscale (operatore cloud/campus). Da validare con una seconda fonte.",
        "country": "FR",
        "city": "n/d",
        "status": "unknown",
        "site_category": "infrastructure",
        "opened_year": null,
        "updated_at": "2026-09-23",
        "confidence": "low",
        "import_source": "osm_overpass",
        "external_id": "osm/node/8583885761",
        "sources": [
          {
            "title": "OpenStreetMap / Overpass",
            "url": "https://wiki.openstreetmap.org/wiki/Tag:telecom%3Ddata_center",
            "accessed_at": "2026-09-23",
            "note": "osm_id=8583885761"
          }
        ]
      }
    },
    {
      "type": "Feature",
      "geometry": {
        "type": "Point",
        "coordinates": [
          3.0778549,
          50.6273024
        ]
      },
      "properties": {
        "id": "dc_114",
        "name": "Lille Boitelle",
        "type": "data_center",
        "subtype": "colocation",
        "operator": "Orange",
        "description_it": "Record da OpenStreetMap (tag data_center). Da validare con almeno una seconda fonte.",
        "country": "FR",
        "city": "n/d",
        "status": "unknown",
        "site_category": "infrastructure",
        "opened_year": null,
        "updated_at": "2026-09-23",
        "confidence": "low",
        "import_source": "osm_overpass",
        "external_id": "osm/node/8930909348",
        "sources": [
          {
            "title": "OpenStreetMap / Overpass",
            "url": "https://wiki.openstreetmap.org/wiki/Tag:telecom%3Ddata_center",
            "accessed_at": "2026-09-23",
            "note": "osm_id=8930909348"
          }
        ]
      }
    },
    {
      "type": "Feature",
      "geometry": {
        "type": "Point",
        "coordinates": [
          4.4138297,
          51.9303858
        ]
      },
      "properties": {
        "id": "dc_115",
        "name": "databyte",
        "type": "data_center",
        "subtype": "colocation",
        "operator": "Unknown",
        "description_it": "Record da OpenStreetMap (tag data_center). Da validare con almeno una seconda fonte.",
        "country": "NL",
        "city": "n/d",
        "status": "unknown",
        "site_category": "infrastructure",
        "opened_year": null,
        "updated_at": "2026-09-23",
        "confidence": "low",
        "import_source": "osm_overpass",
        "external_id": "osm/node/9117956197",
        "sources": [
          {
            "title": "OpenStreetMap / Overpass",
            "url": "https://wiki.openstreetmap.org/wiki/Tag:telecom%3Ddata_center",
            "accessed_at": "2026-09-23",
            "note": "osm_id=9117956197"
          }
        ]
      }
    },
    {
      "type": "Feature",
      "geometry": {
        "type": "Point",
        "coordinates": [
          6.8667225,
          51.187765
        ]
      },
      "properties": {
        "id": "dc_116",
        "name": "Digital Reality DUS2",
        "type": "data_center",
        "subtype": "colocation",
        "operator": "Digital Realty",
        "description_it": "Record da OpenStreetMap (tag data_center). Da validare con almeno una seconda fonte.",
        "country": "FR",
        "city": "Düsseldorf",
        "status": "unknown",
        "site_category": "infrastructure",
        "opened_year": null,
        "updated_at": "2026-09-23",
        "confidence": "low",
        "import_source": "osm_overpass",
        "external_id": "osm/node/9258436545",
        "sources": [
          {
            "title": "OpenStreetMap / Overpass",
            "url": "https://wiki.openstreetmap.org/wiki/Tag:telecom%3Ddata_center",
            "accessed_at": "2026-09-23",
            "note": "osm_id=9258436545"
          }
        ]
      }
    },
    {
      "type": "Feature",
      "geometry": {
        "type": "Point",
        "coordinates": [
          5.3531355,
          51.6916708
        ]
      },
      "properties": {
        "id": "dc_117",
        "name": "Interconnect Den Bosch",
        "type": "data_center",
        "subtype": "colocation",
        "operator": "Interconnect",
        "description_it": "Record da OpenStreetMap (tag data_center). Da validare con almeno una seconda fonte.",
        "country": "NL",
        "city": "'s-Hertogenbosch",
        "status": "unknown",
        "site_category": "infrastructure",
        "opened_year": null,
        "updated_at": "2026-09-23",
        "confidence": "low",
        "import_source": "osm_overpass",
        "external_id": "osm/node/9779775293",
        "sources": [
          {
            "title": "OpenStreetMap / Overpass",
            "url": "https://wiki.openstreetmap.org/wiki/Tag:telecom%3Ddata_center",
            "accessed_at": "2026-09-23",
            "note": "osm_id=9779775293"
          }
        ]
      }
    },
    {
      "type": "Feature",
      "geometry": {
        "type": "Point",
        "coordinates": [
          4.2504118,
          50.7068026
        ]
      },
      "properties": {
        "id": "dc_118",
        "name": "FoxNetwork",
        "type": "data_center",
        "subtype": "colocation",
        "operator": "Louis Beke",
        "description_it": "Record da OpenStreetMap (tag data_center). Da validare con almeno una seconda fonte.",
        "country": "FR",
        "city": "n/d",
        "status": "unknown",
        "site_category": "infrastructure",
        "opened_year": null,
        "updated_at": "2026-09-23",
        "confidence": "low",
        "import_source": "osm_overpass",
        "external_id": "osm/node/10607054827",
        "sources": [
          {
            "title": "OpenStreetMap / Overpass",
            "url": "https://wiki.openstreetmap.org/wiki/Tag:telecom%3Ddata_center",
            "accessed_at": "2026-09-23",
            "note": "osm_id=10607054827"
          }
        ]
      }
    },
    {
      "type": "Feature",
      "geometry": {
        "type": "Point",
        "coordinates": [
          4.787339,
          52.2928738
        ]
      },
      "properties": {
        "id": "dc_119",
        "name": "NorthC Datacenter Oude Meer",
        "type": "data_center",
        "subtype": "colocation",
        "operator": "NorthC",
        "description_it": "Record da OpenStreetMap (tag data_center). Da validare con almeno una seconda fonte.",
        "country": "NL",
        "city": "Oude Meer",
        "status": "unknown",
        "site_category": "infrastructure",
        "opened_year": null,
        "updated_at": "2026-09-23",
        "confidence": "low",
        "import_source": "osm_overpass",
        "external_id": "osm/node/11386475042",
        "sources": [
          {
            "title": "OpenStreetMap / Overpass",
            "url": "https://wiki.openstreetmap.org/wiki/Tag:telecom%3Ddata_center",
            "accessed_at": "2026-09-23",
            "note": "osm_id=11386475042"
          }
        ]
      }
    },
    {
      "type": "Feature",
      "geometry": {
        "type": "Point",
        "coordinates": [
          5.4063534,
          51.4759482
        ]
      },
      "properties": {
        "id": "dc_120",
        "name": "NorthC Datacenter Eindhoven 2",
        "type": "data_center",
        "subtype": "colocation",
        "operator": "Unknown",
        "description_it": "Record da OpenStreetMap (tag data_center). Da validare con almeno una seconda fonte.",
        "country": "NL",
        "city": "Eindhoven",
        "status": "unknown",
        "site_category": "infrastructure",
        "opened_year": null,
        "updated_at": "2026-09-23",
        "confidence": "low",
        "import_source": "osm_overpass",
        "external_id": "osm/node/11426879977",
        "sources": [
          {
            "title": "OpenStreetMap / Overpass",
            "url": "https://wiki.openstreetmap.org/wiki/Tag:telecom%3Ddata_center",
            "accessed_at": "2026-09-23",
            "note": "osm_id=11426879977"
          }
        ]
      }
    },
    {
      "type": "Feature",
      "geometry": {
        "type": "Point",
        "coordinates": [
          4.503209,
          50.8736118
        ]
      },
      "properties": {
        "id": "dc_121",
        "name": "Digital Realty Brussels BRU4 Datacenter",
        "type": "data_center",
        "subtype": "colocation",
        "operator": "Digital Realty",
        "description_it": "Record da OpenStreetMap (tag data_center). Da validare con almeno una seconda fonte.",
        "country": "FR",
        "city": "n/d",
        "status": "unknown",
        "site_category": "infrastructure",
        "opened_year": null,
        "updated_at": "2026-09-23",
        "confidence": "low",
        "import_source": "osm_overpass",
        "external_id": "osm/node/12214044389",
        "sources": [
          {
            "title": "OpenStreetMap / Overpass",
            "url": "https://wiki.openstreetmap.org/wiki/Tag:telecom%3Ddata_center",
            "accessed_at": "2026-09-23",
            "note": "osm_id=12214044389"
          }
        ]
      }
    },
    {
      "type": "Feature",
      "geometry": {
        "type": "Point",
        "coordinates": [
          3.7678917,
          50.986992
        ]
      },
      "properties": {
        "id": "dc_122",
        "name": "Interoute",
        "type": "data_center",
        "subtype": "colocation",
        "operator": "Unknown",
        "description_it": "Record da OpenStreetMap (tag data_center). Da validare con almeno una seconda fonte.",
        "country": "FR",
        "city": "n/d",
        "status": "unknown",
        "site_category": "infrastructure",
        "opened_year": null,
        "updated_at": "2026-09-23",
        "confidence": "low",
        "import_source": "osm_overpass",
        "external_id": "osm/node/12458675570",
        "sources": [
          {
            "title": "OpenStreetMap / Overpass",
            "url": "https://wiki.openstreetmap.org/wiki/Tag:telecom%3Ddata_center",
            "accessed_at": "2026-09-23",
            "note": "osm_id=12458675570"
          }
        ]
      }
    },
    {
      "type": "Feature",
      "geometry": {
        "type": "Point",
        "coordinates": [
          4.9331725,
          52.3372041
        ]
      },
      "properties": {
        "id": "dc_123",
        "name": "Equinix AM6",
        "type": "data_center",
        "subtype": "colocation",
        "operator": "Equinix",
        "description_it": "Record da OpenStreetMap (tag data_center). Da validare con almeno una seconda fonte.",
        "country": "NL",
        "city": "Amsterdam",
        "status": "unknown",
        "site_category": "infrastructure",
        "opened_year": null,
        "updated_at": "2026-09-23",
        "confidence": "low",
        "import_source": "osm_overpass",
        "external_id": "osm/node/12569285672",
        "sources": [
          {
            "title": "OpenStreetMap / Overpass",
            "url": "https://wiki.openstreetmap.org/wiki/Tag:telecom%3Ddata_center",
            "accessed_at": "2026-09-23",
            "note": "osm_id=12569285672"
          }
        ]
      }
    },
    {
      "type": "Feature",
      "geometry": {
        "type": "Point",
        "coordinates": [
          4.4804266,
          51.0169611
        ]
      },
      "properties": {
        "id": "dc_124",
        "name": "DC Mechelen",
        "type": "data_center",
        "subtype": "colocation",
        "operator": "Datacenter United",
        "description_it": "Record da OpenStreetMap (tag data_center). Da validare con almeno una seconda fonte.",
        "country": "FR",
        "city": "n/d",
        "status": "unknown",
        "site_category": "infrastructure",
        "opened_year": null,
        "updated_at": "2026-09-23",
        "confidence": "low",
        "import_source": "osm_overpass",
        "external_id": "osm/node/12633325927",
        "sources": [
          {
            "title": "OpenStreetMap / Overpass",
            "url": "https://wiki.openstreetmap.org/wiki/Tag:telecom%3Ddata_center",
            "accessed_at": "2026-09-23",
            "note": "osm_id=12633325927"
          }
        ]
      }
    },
    {
      "type": "Feature",
      "geometry": {
        "type": "Point",
        "coordinates": [
          4.3993907,
          51.2640809
        ]
      },
      "properties": {
        "id": "dc_125",
        "name": "DC Flanders",
        "type": "data_center",
        "subtype": "colocation",
        "operator": "Datacenter United",
        "description_it": "Record da OpenStreetMap (tag data_center). Da validare con almeno una seconda fonte.",
        "country": "NL",
        "city": "n/d",
        "status": "unknown",
        "site_category": "infrastructure",
        "opened_year": null,
        "updated_at": "2026-09-23",
        "confidence": "low",
        "import_source": "osm_overpass",
        "external_id": "osm/node/12637347290",
        "sources": [
          {
            "title": "OpenStreetMap / Overpass",
            "url": "https://wiki.openstreetmap.org/wiki/Tag:telecom%3Ddata_center",
            "accessed_at": "2026-09-23",
            "note": "osm_id=12637347290"
          }
        ]
      }
    },
    {
      "type": "Feature",
      "geometry": {
        "type": "Point",
        "coordinates": [
          4.4316182,
          51.9233099
        ]
      },
      "properties": {
        "id": "dc_126",
        "name": "Smart DC",
        "type": "data_center",
        "subtype": "colocation",
        "operator": "Unknown",
        "description_it": "Record da OpenStreetMap (tag data_center). Da validare con almeno una seconda fonte.",
        "country": "NL",
        "city": "Rotterdam",
        "status": "unknown",
        "site_category": "infrastructure",
        "opened_year": null,
        "updated_at": "2026-09-23",
        "confidence": "low",
        "import_source": "osm_overpass",
        "external_id": "osm/node/12673711984",
        "sources": [
          {
            "title": "OpenStreetMap / Overpass",
            "url": "https://wiki.openstreetmap.org/wiki/Tag:telecom%3Ddata_center",
            "accessed_at": "2026-09-23",
            "note": "osm_id=12673711984"
          }
        ]
      }
    },
    {
      "type": "Feature",
      "geometry": {
        "type": "Point",
        "coordinates": [
          6.2001568,
          52.717803
        ]
      },
      "properties": {
        "id": "dc_127",
        "name": "Kolo NL2 Meppel",
        "type": "data_center",
        "subtype": "colocation",
        "operator": "Kolo",
        "description_it": "Record da OpenStreetMap (tag data_center). Da validare con almeno una seconda fonte.",
        "country": "DE",
        "city": "Meppel",
        "status": "unknown",
        "site_category": "infrastructure",
        "opened_year": null,
        "updated_at": "2026-09-23",
        "confidence": "low",
        "import_source": "osm_overpass",
        "external_id": "osm/node/13278797608",
        "sources": [
          {
            "title": "OpenStreetMap / Overpass",
            "url": "https://wiki.openstreetmap.org/wiki/Tag:telecom%3Ddata_center",
            "accessed_at": "2026-09-23",
            "note": "osm_id=13278797608"
          }
        ]
      }
    },
    {
      "type": "Feature",
      "geometry": {
        "type": "Point",
        "coordinates": [
          4.3939608,
          50.8798027
        ]
      },
      "properties": {
        "id": "dc_128",
        "name": "DC Evere",
        "type": "data_center",
        "subtype": "colocation",
        "operator": "Datacenter United",
        "description_it": "Record da OpenStreetMap (tag data_center). Da validare con almeno una seconda fonte.",
        "country": "FR",
        "city": "n/d",
        "status": "unknown",
        "site_category": "infrastructure",
        "opened_year": null,
        "updated_at": "2026-09-23",
        "confidence": "low",
        "import_source": "osm_overpass",
        "external_id": "osm/node/13320005875",
        "sources": [
          {
            "title": "OpenStreetMap / Overpass",
            "url": "https://wiki.openstreetmap.org/wiki/Tag:telecom%3Ddata_center",
            "accessed_at": "2026-09-23",
            "note": "osm_id=13320005875"
          }
        ]
      }
    },
    {
      "type": "Feature",
      "geometry": {
        "type": "Point",
        "coordinates": [
          4.447824,
          51.9529987
        ]
      },
      "properties": {
        "id": "dc_129",
        "name": "NorthC Rotterdam Zestienhoven 1&2",
        "type": "data_center",
        "subtype": "colocation",
        "operator": "NorthC",
        "description_it": "Record da OpenStreetMap (tag data_center). Da validare con almeno una seconda fonte.",
        "country": "NL",
        "city": "Rotterdam",
        "status": "unknown",
        "site_category": "infrastructure",
        "opened_year": null,
        "updated_at": "2026-09-23",
        "confidence": "low",
        "import_source": "osm_overpass",
        "external_id": "osm/node/13574615961",
        "sources": [
          {
            "title": "OpenStreetMap / Overpass",
            "url": "https://wiki.openstreetmap.org/wiki/Tag:telecom%3Ddata_center",
            "accessed_at": "2026-09-23",
            "note": "osm_id=13574615961"
          }
        ]
      }
    },
    {
      "type": "Feature",
      "geometry": {
        "type": "Point",
        "coordinates": [
          5.1047843,
          52.0183545
        ]
      },
      "properties": {
        "id": "dc_130",
        "name": "NorthC Nieuwegein",
        "type": "data_center",
        "subtype": "colocation",
        "operator": "NorthC",
        "description_it": "Record da OpenStreetMap (tag data_center). Da validare con almeno una seconda fonte.",
        "country": "NL",
        "city": "Nieuwegein",
        "status": "unknown",
        "site_category": "infrastructure",
        "opened_year": null,
        "updated_at": "2026-09-23",
        "confidence": "low",
        "import_source": "osm_overpass",
        "external_id": "osm/node/13574644223",
        "sources": [
          {
            "title": "OpenStreetMap / Overpass",
            "url": "https://wiki.openstreetmap.org/wiki/Tag:telecom%3Ddata_center",
            "accessed_at": "2026-09-23",
            "note": "osm_id=13574644223"
          }
        ]
      }
    },
    {
      "type": "Feature",
      "geometry": {
        "type": "Point",
        "coordinates": [
          4.4144685,
          51.2631453
        ]
      },
      "properties": {
        "id": "dc_131",
        "name": "DC Antwerp",
        "type": "data_center",
        "subtype": "colocation",
        "operator": "Datacenter United",
        "description_it": "Record da OpenStreetMap (tag data_center). Da validare con almeno una seconda fonte.",
        "country": "NL",
        "city": "n/d",
        "status": "unknown",
        "site_category": "infrastructure",
        "opened_year": null,
        "updated_at": "2026-09-23",
        "confidence": "low",
        "import_source": "osm_overpass",
        "external_id": "osm/node/13614915734",
        "sources": [
          {
            "title": "OpenStreetMap / Overpass",
            "url": "https://wiki.openstreetmap.org/wiki/Tag:telecom%3Ddata_center",
            "accessed_at": "2026-09-23",
            "note": "osm_id=13614915734"
          }
        ]
      }
    },
    {
      "type": "Feature",
      "geometry": {
        "type": "Point",
        "coordinates": [
          5.971892,
          50.8917748
        ]
      },
      "properties": {
        "id": "dc_132",
        "name": "Smartdc Heerlen",
        "type": "data_center",
        "subtype": "colocation",
        "operator": "Smartdc",
        "description_it": "Record da OpenStreetMap (tag data_center). Da validare con almeno una seconda fonte.",
        "country": "FR",
        "city": "Heerlen",
        "status": "unknown",
        "site_category": "infrastructure",
        "opened_year": null,
        "updated_at": "2026-09-23",
        "confidence": "low",
        "import_source": "osm_overpass",
        "external_id": "osm/node/14125021341",
        "sources": [
          {
            "title": "OpenStreetMap / Overpass",
            "url": "https://wiki.openstreetmap.org/wiki/Tag:telecom%3Ddata_center",
            "accessed_at": "2026-09-23",
            "note": "osm_id=14125021341"
          }
        ]
      }
    },
    {
      "type": "Feature",
      "geometry": {
        "type": "Point",
        "coordinates": [
          4.4761099,
          50.8705973
        ]
      },
      "properties": {
        "id": "dc_133",
        "name": "Digital Realty Brussels BRU1",
        "type": "data_center",
        "subtype": "colocation",
        "operator": "Digital Realty",
        "description_it": "Record da OpenStreetMap (tag data_center). Da validare con almeno una seconda fonte.",
        "country": "FR",
        "city": "Zaventem",
        "status": "unknown",
        "site_category": "infrastructure",
        "opened_year": null,
        "updated_at": "2026-09-23",
        "confidence": "low",
        "import_source": "osm_overpass",
        "external_id": "osm/way/29448766",
        "sources": [
          {
            "title": "OpenStreetMap / Overpass",
            "url": "https://wiki.openstreetmap.org/wiki/Tag:telecom%3Ddata_center",
            "accessed_at": "2026-09-23",
            "note": "osm_id=29448766"
          }
        ]
      }
    },
    {
      "type": "Feature",
      "geometry": {
        "type": "Point",
        "coordinates": [
          4.4230602,
          50.9116267
        ]
      },
      "properties": {
        "id": "dc_134",
        "name": "DC Machelen",
        "type": "data_center",
        "subtype": "colocation",
        "operator": "Datacenter United",
        "description_it": "Record da OpenStreetMap (tag data_center). Da validare con almeno una seconda fonte.",
        "country": "FR",
        "city": "n/d",
        "status": "unknown",
        "site_category": "infrastructure",
        "opened_year": null,
        "updated_at": "2026-09-23",
        "confidence": "low",
        "import_source": "osm_overpass",
        "external_id": "osm/way/35130174",
        "sources": [
          {
            "title": "OpenStreetMap / Overpass",
            "url": "https://wiki.openstreetmap.org/wiki/Tag:telecom%3Ddata_center",
            "accessed_at": "2026-09-23",
            "note": "osm_id=35130174"
          }
        ]
      }
    },
    {
      "type": "Feature",
      "geometry": {
        "type": "Point",
        "coordinates": [
          3.0883822,
          50.6228611
        ]
      },
      "properties": {
        "id": "dc_135",
        "name": "Datacenter SNCF RESARAIL",
        "type": "data_center",
        "subtype": "colocation",
        "operator": "SNCF",
        "description_it": "Record da OpenStreetMap (tag data_center). Da validare con almeno una seconda fonte.",
        "country": "FR",
        "city": "n/d",
        "status": "unknown",
        "site_category": "infrastructure",
        "opened_year": null,
        "updated_at": "2026-09-23",
        "confidence": "low",
        "import_source": "osm_overpass",
        "external_id": "osm/way/37697561",
        "sources": [
          {
            "title": "OpenStreetMap / Overpass",
            "url": "https://wiki.openstreetmap.org/wiki/Tag:telecom%3Ddata_center",
            "accessed_at": "2026-09-23",
            "note": "osm_id=37697561"
          }
        ]
      }
    },
    {
      "type": "Feature",
      "geometry": {
        "type": "Point",
        "coordinates": [
          3.2001207,
          50.6926966
        ]
      },
      "properties": {
        "id": "dc_136",
        "name": "OVHcloud Roubaix - RBX1",
        "type": "data_center",
        "subtype": "colocation",
        "operator": "OVHcloud",
        "description_it": "Record da OpenStreetMap (tag data_center). Da validare con almeno una seconda fonte.",
        "country": "FR",
        "city": "n/d",
        "status": "unknown",
        "site_category": "infrastructure",
        "opened_year": null,
        "updated_at": "2026-09-23",
        "confidence": "low",
        "import_source": "osm_overpass",
        "external_id": "osm/way/38354559",
        "sources": [
          {
            "title": "OpenStreetMap / Overpass",
            "url": "https://wiki.openstreetmap.org/wiki/Tag:telecom%3Ddata_center",
            "accessed_at": "2026-09-23",
            "note": "osm_id=38354559"
          }
        ]
      }
    },
    {
      "type": "Feature",
      "geometry": {
        "type": "Point",
        "coordinates": [
          3.1036122,
          50.6147187
        ]
      },
      "properties": {
        "id": "dc_137",
        "name": "Comarch Data Center",
        "type": "data_center",
        "subtype": "colocation",
        "operator": "Comarch ICT",
        "description_it": "Record da OpenStreetMap (tag data_center). Da validare con almeno una seconda fonte.",
        "country": "FR",
        "city": "n/d",
        "status": "unknown",
        "site_category": "infrastructure",
        "opened_year": null,
        "updated_at": "2026-09-23",
        "confidence": "low",
        "import_source": "osm_overpass",
        "external_id": "osm/way/80330028",
        "sources": [
          {
            "title": "OpenStreetMap / Overpass",
            "url": "https://wiki.openstreetmap.org/wiki/Tag:telecom%3Ddata_center",
            "accessed_at": "2026-09-23",
            "note": "osm_id=80330028"
          }
        ]
      }
    },
    {
      "type": "Feature",
      "geometry": {
        "type": "Point",
        "coordinates": [
          3.0222936,
          50.6167873
        ]
      },
      "properties": {
        "id": "dc_138",
        "name": "Oxya Datacenter",
        "type": "data_center",
        "subtype": "colocation",
        "operator": "Unknown",
        "description_it": "Record da OpenStreetMap (tag data_center). Da validare con almeno una seconda fonte.",
        "country": "FR",
        "city": "n/d",
        "status": "unknown",
        "site_category": "infrastructure",
        "opened_year": null,
        "updated_at": "2026-09-23",
        "confidence": "low",
        "import_source": "osm_overpass",
        "external_id": "osm/way/81727062",
        "sources": [
          {
            "title": "OpenStreetMap / Overpass",
            "url": "https://wiki.openstreetmap.org/wiki/Tag:telecom%3Ddata_center",
            "accessed_at": "2026-09-23",
            "note": "osm_id=81727062"
          }
        ]
      }
    },
    {
      "type": "Feature",
      "geometry": {
        "type": "Point",
        "coordinates": [
          3.0904063,
          50.637671
        ]
      },
      "properties": {
        "id": "dc_139",
        "name": "Cogent Lille",
        "type": "data_center",
        "subtype": "colocation",
        "operator": "Cogent",
        "description_it": "Record da OpenStreetMap (tag data_center). Da validare con almeno una seconda fonte.",
        "country": "FR",
        "city": "n/d",
        "status": "unknown",
        "site_category": "infrastructure",
        "opened_year": null,
        "updated_at": "2026-09-23",
        "confidence": "low",
        "import_source": "osm_overpass",
        "external_id": "osm/way/84942310",
        "sources": [
          {
            "title": "OpenStreetMap / Overpass",
            "url": "https://wiki.openstreetmap.org/wiki/Tag:telecom%3Ddata_center",
            "accessed_at": "2026-09-23",
            "note": "osm_id=84942310"
          }
        ]
      }
    },
    {
      "type": "Feature",
      "geometry": {
        "type": "Point",
        "coordinates": [
          4.4968534,
          51.0181592
        ]
      },
      "properties": {
        "id": "dc_140",
        "name": "Alphacloud Datacenter",
        "type": "data_center",
        "subtype": "colocation",
        "operator": "Infrabel NV",
        "description_it": "Record da OpenStreetMap (tag data_center). Da validare con almeno una seconda fonte.",
        "country": "FR",
        "city": "n/d",
        "status": "unknown",
        "site_category": "infrastructure",
        "opened_year": null,
        "updated_at": "2026-09-23",
        "confidence": "low",
        "import_source": "osm_overpass",
        "external_id": "osm/way/85508743",
        "sources": [
          {
            "title": "OpenStreetMap / Overpass",
            "url": "https://wiki.openstreetmap.org/wiki/Tag:telecom%3Ddata_center",
            "accessed_at": "2026-09-23",
            "note": "osm_id=85508743"
          }
        ]
      }
    },
    {
      "type": "Feature",
      "geometry": {
        "type": "Point",
        "coordinates": [
          5.030272,
          52.7774634
        ]
      },
      "properties": {
        "id": "dc_141",
        "name": "Microsoft Datacenter",
        "type": "data_center",
        "subtype": "hyperscale",
        "operator": "Microsoft",
        "description_it": "Record da OpenStreetMap classificato come hyperscale (operatore cloud/campus). Da validare con una seconda fonte.",
        "country": "NL",
        "city": "n/d",
        "status": "unknown",
        "site_category": "infrastructure",
        "opened_year": null,
        "updated_at": "2026-09-23",
        "confidence": "low",
        "import_source": "osm_overpass",
        "external_id": "osm/way/90326566",
        "sources": [
          {
            "title": "OpenStreetMap / Overpass",
            "url": "https://wiki.openstreetmap.org/wiki/Tag:telecom%3Ddata_center",
            "accessed_at": "2026-09-23",
            "note": "osm_id=90326566"
          }
        ]
      }
    },
    {
      "type": "Feature",
      "geometry": {
        "type": "Point",
        "coordinates": [
          3.8644622,
          50.4676714
        ]
      },
      "properties": {
        "id": "dc_142",
        "name": "Google Data Center",
        "type": "data_center",
        "subtype": "hyperscale",
        "operator": "Google",
        "description_it": "Record da OpenStreetMap classificato come hyperscale (operatore cloud/campus). Da validare con una seconda fonte.",
        "country": "FR",
        "city": "n/d",
        "status": "unknown",
        "site_category": "infrastructure",
        "opened_year": null,
        "updated_at": "2026-09-23",
        "confidence": "low",
        "import_source": "osm_overpass",
        "external_id": "osm/way/106054206",
        "sources": [
          {
            "title": "OpenStreetMap / Overpass",
            "url": "https://wiki.openstreetmap.org/wiki/Tag:telecom%3Ddata_center",
            "accessed_at": "2026-09-23",
            "note": "osm_id=106054206"
          }
        ]
      }
    },
    {
      "type": "Feature",
      "geometry": {
        "type": "Point",
        "coordinates": [
          6.0567845,
          50.7901741
        ]
      },
      "properties": {
        "id": "dc_143",
        "name": "Euregiocenter",
        "type": "data_center",
        "subtype": "colocation",
        "operator": "Unknown",
        "description_it": "Record da OpenStreetMap (tag data_center). Da validare con almeno una seconda fonte.",
        "country": "DE",
        "city": "Aachen",
        "status": "unknown",
        "site_category": "infrastructure",
        "opened_year": null,
        "updated_at": "2026-09-23",
        "confidence": "low",
        "import_source": "osm_overpass",
        "external_id": "osm/way/111627511",
        "sources": [
          {
            "title": "OpenStreetMap / Overpass",
            "url": "https://wiki.openstreetmap.org/wiki/Tag:telecom%3Ddata_center",
            "accessed_at": "2026-09-23",
            "note": "osm_id=111627511"
          }
        ]
      }
    },
    {
      "type": "Feature",
      "geometry": {
        "type": "Point",
        "coordinates": [
          3.0307579,
          50.5651944
        ]
      },
      "properties": {
        "id": "dc_144",
        "name": "Datacenter IBM",
        "type": "data_center",
        "subtype": "colocation",
        "operator": "IBM",
        "description_it": "Record da OpenStreetMap (tag data_center). Da validare con almeno una seconda fonte.",
        "country": "FR",
        "city": "Seclin",
        "status": "unknown",
        "site_category": "infrastructure",
        "opened_year": null,
        "updated_at": "2026-09-23",
        "confidence": "low",
        "import_source": "osm_overpass",
        "external_id": "osm/way/125557451",
        "sources": [
          {
            "title": "OpenStreetMap / Overpass",
            "url": "https://wiki.openstreetmap.org/wiki/Tag:telecom%3Ddata_center",
            "accessed_at": "2026-09-23",
            "note": "osm_id=125557451"
          }
        ]
      }
    },
    {
      "type": "Feature",
      "geometry": {
        "type": "Point",
        "coordinates": [
          3.0402855,
          50.566913
        ]
      },
      "properties": {
        "id": "dc_145",
        "name": "Worldline Dassault",
        "type": "data_center",
        "subtype": "colocation",
        "operator": "Worldline",
        "description_it": "Record da OpenStreetMap (tag data_center). Da validare con almeno una seconda fonte.",
        "country": "FR",
        "city": "n/d",
        "status": "unknown",
        "site_category": "infrastructure",
        "opened_year": null,
        "updated_at": "2026-09-23",
        "confidence": "low",
        "import_source": "osm_overpass",
        "external_id": "osm/way/125563590",
        "sources": [
          {
            "title": "OpenStreetMap / Overpass",
            "url": "https://wiki.openstreetmap.org/wiki/Tag:telecom%3Ddata_center",
            "accessed_at": "2026-09-23",
            "note": "osm_id=125563590"
          }
        ]
      }
    },
    {
      "type": "Feature",
      "geometry": {
        "type": "Point",
        "coordinates": [
          3.017136,
          50.6776255
        ]
      },
      "properties": {
        "id": "dc_146",
        "name": "SM4",
        "type": "data_center",
        "subtype": "colocation",
        "operator": "Euro Information",
        "description_it": "Record da OpenStreetMap (tag data_center). Da validare con almeno una seconda fonte.",
        "country": "FR",
        "city": "n/d",
        "status": "unknown",
        "site_category": "infrastructure",
        "opened_year": null,
        "updated_at": "2026-09-23",
        "confidence": "low",
        "import_source": "osm_overpass",
        "external_id": "osm/way/126666046",
        "sources": [
          {
            "title": "OpenStreetMap / Overpass",
            "url": "https://wiki.openstreetmap.org/wiki/Tag:telecom%3Ddata_center",
            "accessed_at": "2026-09-23",
            "note": "osm_id=126666046"
          }
        ]
      }
    },
    {
      "type": "Feature",
      "geometry": {
        "type": "Point",
        "coordinates": [
          3.2361754,
          51.1666577
        ]
      },
      "properties": {
        "id": "dc_147",
        "name": "Datacenter Oostkamp",
        "type": "data_center",
        "subtype": "colocation",
        "operator": "Data Center United",
        "description_it": "Record da OpenStreetMap (tag data_center). Da validare con almeno una seconda fonte.",
        "country": "FR",
        "city": "Oostkamp",
        "status": "unknown",
        "site_category": "infrastructure",
        "opened_year": null,
        "updated_at": "2026-09-23",
        "confidence": "low",
        "import_source": "osm_overpass",
        "external_id": "osm/way/139586790",
        "sources": [
          {
            "title": "OpenStreetMap / Overpass",
            "url": "https://wiki.openstreetmap.org/wiki/Tag:telecom%3Ddata_center",
            "accessed_at": "2026-09-23",
            "note": "osm_id=139586790"
          }
        ]
      }
    },
    {
      "type": "Feature",
      "geometry": {
        "type": "Point",
        "coordinates": [
          3.7122626,
          51.0237295
        ]
      },
      "properties": {
        "id": "dc_148",
        "name": "S10",
        "type": "data_center",
        "subtype": "colocation",
        "operator": "Unknown",
        "description_it": "Record da OpenStreetMap (tag data_center). Da validare con almeno una seconda fonte.",
        "country": "FR",
        "city": "n/d",
        "status": "unknown",
        "site_category": "infrastructure",
        "opened_year": null,
        "updated_at": "2026-09-23",
        "confidence": "low",
        "import_source": "osm_overpass",
        "external_id": "osm/way/146194151",
        "sources": [
          {
            "title": "OpenStreetMap / Overpass",
            "url": "https://wiki.openstreetmap.org/wiki/Tag:telecom%3Ddata_center",
            "accessed_at": "2026-09-23",
            "note": "osm_id=146194151"
          }
        ]
      }
    },
    {
      "type": "Feature",
      "geometry": {
        "type": "Point",
        "coordinates": [
          3.2287644,
          50.7521783
        ]
      },
      "properties": {
        "id": "dc_149",
        "name": "DC Moeskroen",
        "type": "data_center",
        "subtype": "colocation",
        "operator": "Datacenter United",
        "description_it": "Record da OpenStreetMap (tag data_center). Da validare con almeno una seconda fonte.",
        "country": "FR",
        "city": "n/d",
        "status": "unknown",
        "site_category": "infrastructure",
        "opened_year": null,
        "updated_at": "2026-09-23",
        "confidence": "low",
        "import_source": "osm_overpass",
        "external_id": "osm/way/148845282",
        "sources": [
          {
            "title": "OpenStreetMap / Overpass",
            "url": "https://wiki.openstreetmap.org/wiki/Tag:telecom%3Ddata_center",
            "accessed_at": "2026-09-23",
            "note": "osm_id=148845282"
          }
        ]
      }
    },
    {
      "type": "Feature",
      "geometry": {
        "type": "Point",
        "coordinates": [
          4.3834852,
          50.8147964
        ]
      },
      "properties": {
        "id": "dc_150",
        "name": "O",
        "type": "data_center",
        "subtype": "colocation",
        "operator": "Unknown",
        "description_it": "Record da OpenStreetMap (tag data_center). Da validare con almeno una seconda fonte.",
        "country": "FR",
        "city": "n/d",
        "status": "unknown",
        "site_category": "infrastructure",
        "opened_year": null,
        "updated_at": "2026-09-23",
        "confidence": "low",
        "import_source": "osm_overpass",
        "external_id": "osm/way/150278436",
        "sources": [
          {
            "title": "OpenStreetMap / Overpass",
            "url": "https://wiki.openstreetmap.org/wiki/Tag:telecom%3Ddata_center",
            "accessed_at": "2026-09-23",
            "note": "osm_id=150278436"
          }
        ]
      }
    },
    {
      "type": "Feature",
      "geometry": {
        "type": "Point",
        "coordinates": [
          6.8069689,
          51.2198442
        ]
      },
      "properties": {
        "id": "dc_151",
        "name": "Equinix DU1",
        "type": "data_center",
        "subtype": "colocation",
        "operator": "Equinix",
        "description_it": "Record da OpenStreetMap (tag data_center). Da validare con almeno una seconda fonte.",
        "country": "DE",
        "city": "Düsseldorf",
        "status": "unknown",
        "site_category": "infrastructure",
        "opened_year": null,
        "updated_at": "2026-09-23",
        "confidence": "low",
        "import_source": "osm_overpass",
        "external_id": "osm/way/150652357",
        "sources": [
          {
            "title": "OpenStreetMap / Overpass",
            "url": "https://wiki.openstreetmap.org/wiki/Tag:telecom%3Ddata_center",
            "accessed_at": "2026-09-23",
            "note": "osm_id=150652357"
          }
        ]
      }
    },
    {
      "type": "Feature",
      "geometry": {
        "type": "Point",
        "coordinates": [
          6.1313927,
          50.7772688
        ]
      },
      "properties": {
        "id": "dc_152",
        "name": "EURaix",
        "type": "data_center",
        "subtype": "colocation",
        "operator": "regioIT;synaix",
        "description_it": "Record da OpenStreetMap (tag data_center). Da validare con almeno una seconda fonte.",
        "country": "FR",
        "city": "Aachen",
        "status": "unknown",
        "site_category": "infrastructure",
        "opened_year": null,
        "updated_at": "2026-09-23",
        "confidence": "low",
        "import_source": "osm_overpass",
        "external_id": "osm/way/164533894",
        "sources": [
          {
            "title": "OpenStreetMap / Overpass",
            "url": "https://wiki.openstreetmap.org/wiki/Tag:telecom%3Ddata_center",
            "accessed_at": "2026-09-23",
            "note": "osm_id=164533894"
          }
        ]
      }
    },
    {
      "type": "Feature",
      "geometry": {
        "type": "Point",
        "coordinates": [
          6.1132292,
          50.7964281
        ]
      },
      "properties": {
        "id": "dc_153",
        "name": "EURaix Evolution",
        "type": "data_center",
        "subtype": "colocation",
        "operator": "regioIT",
        "description_it": "Record da OpenStreetMap (tag data_center). Da validare con almeno una seconda fonte.",
        "country": "FR",
        "city": "n/d",
        "status": "unknown",
        "site_category": "infrastructure",
        "opened_year": null,
        "updated_at": "2026-09-23",
        "confidence": "low",
        "import_source": "osm_overpass",
        "external_id": "osm/way/192776581",
        "sources": [
          {
            "title": "OpenStreetMap / Overpass",
            "url": "https://wiki.openstreetmap.org/wiki/Tag:telecom%3Ddata_center",
            "accessed_at": "2026-09-23",
            "note": "osm_id=192776581"
          }
        ]
      }
    },
    {
      "type": "Feature",
      "geometry": {
        "type": "Point",
        "coordinates": [
          6.0010851,
          52.2471963
        ]
      },
      "properties": {
        "id": "dc_154",
        "name": "Kolo NL3 Apeldoorn",
        "type": "data_center",
        "subtype": "colocation",
        "operator": "Kolo",
        "description_it": "Record da OpenStreetMap (tag data_center). Da validare con almeno una seconda fonte.",
        "country": "DE",
        "city": "Apeldoorn",
        "status": "unknown",
        "site_category": "infrastructure",
        "opened_year": null,
        "updated_at": "2026-09-23",
        "confidence": "low",
        "import_source": "osm_overpass",
        "external_id": "osm/way/262712514",
        "sources": [
          {
            "title": "OpenStreetMap / Overpass",
            "url": "https://wiki.openstreetmap.org/wiki/Tag:telecom%3Ddata_center",
            "accessed_at": "2026-09-23",
            "note": "osm_id=262712514"
          }
        ]
      }
    },
    {
      "type": "Feature",
      "geometry": {
        "type": "Point",
        "coordinates": [
          5.2684487,
          52.3644733
        ]
      },
      "properties": {
        "id": "dc_155",
        "name": "NorthC Almere",
        "type": "data_center",
        "subtype": "colocation",
        "operator": "NorthC",
        "description_it": "Record da OpenStreetMap (tag data_center). Da validare con almeno una seconda fonte.",
        "country": "NL",
        "city": "n/d",
        "status": "unknown",
        "site_category": "infrastructure",
        "opened_year": null,
        "updated_at": "2026-09-23",
        "confidence": "low",
        "import_source": "osm_overpass",
        "external_id": "osm/way/263802879",
        "sources": [
          {
            "title": "OpenStreetMap / Overpass",
            "url": "https://wiki.openstreetmap.org/wiki/Tag:telecom%3Ddata_center",
            "accessed_at": "2026-09-23",
            "note": "osm_id=263802879"
          }
        ]
      }
    },
    {
      "type": "Feature",
      "geometry": {
        "type": "Point",
        "coordinates": [
          5.0380432,
          52.7659608
        ]
      },
      "properties": {
        "id": "dc_156",
        "name": "AMS05",
        "type": "data_center",
        "subtype": "hyperscale",
        "operator": "Microsoft",
        "description_it": "Record da OpenStreetMap classificato come hyperscale (operatore cloud/campus). Da validare con una seconda fonte.",
        "country": "NL",
        "city": "Middenmeer",
        "status": "unknown",
        "site_category": "infrastructure",
        "opened_year": null,
        "updated_at": "2026-09-23",
        "confidence": "low",
        "import_source": "osm_overpass",
        "external_id": "osm/way/270720089",
        "sources": [
          {
            "title": "OpenStreetMap / Overpass",
            "url": "https://wiki.openstreetmap.org/wiki/Tag:telecom%3Ddata_center",
            "accessed_at": "2026-09-23",
            "note": "osm_id=270720089"
          }
        ]
      }
    },
    {
      "type": "Feature",
      "geometry": {
        "type": "Point",
        "coordinates": [
          4.6791145,
          51.8459157
        ]
      },
      "properties": {
        "id": "dc_157",
        "name": "Eurofiber data center Rotterdam 1",
        "type": "data_center",
        "subtype": "colocation",
        "operator": "Eurofiber",
        "description_it": "Record da OpenStreetMap (tag data_center). Da validare con almeno una seconda fonte.",
        "country": "NL",
        "city": "Alblasserdam",
        "status": "unknown",
        "site_category": "infrastructure",
        "opened_year": null,
        "updated_at": "2026-09-23",
        "confidence": "low",
        "import_source": "osm_overpass",
        "external_id": "osm/way/280129257",
        "sources": [
          {
            "title": "OpenStreetMap / Overpass",
            "url": "https://wiki.openstreetmap.org/wiki/Tag:telecom%3Ddata_center",
            "accessed_at": "2026-09-23",
            "note": "osm_id=280129257"
          }
        ]
      }
    },
    {
      "type": "Feature",
      "geometry": {
        "type": "Point",
        "coordinates": [
          7.0201052,
          50.9759462
        ]
      },
      "properties": {
        "id": "dc_158",
        "name": "Surfplanet GmbH",
        "type": "data_center",
        "subtype": "colocation",
        "operator": "Surfplanet GmbH",
        "description_it": "Record da OpenStreetMap (tag data_center). Da validare con almeno una seconda fonte.",
        "country": "FR",
        "city": "Köln",
        "status": "unknown",
        "site_category": "infrastructure",
        "opened_year": null,
        "updated_at": "2026-09-23",
        "confidence": "low",
        "import_source": "osm_overpass",
        "external_id": "osm/way/350345599",
        "sources": [
          {
            "title": "OpenStreetMap / Overpass",
            "url": "https://wiki.openstreetmap.org/wiki/Tag:telecom%3Ddata_center",
            "accessed_at": "2026-09-23",
            "note": "osm_id=350345599"
          }
        ]
      }
    },
    {
      "type": "Feature",
      "geometry": {
        "type": "Point",
        "coordinates": [
          3.6833851,
          51.0270888
        ]
      },
      "properties": {
        "id": "dc_159",
        "name": "Datacenter Gent",
        "type": "data_center",
        "subtype": "colocation",
        "operator": "Datacenter United",
        "description_it": "Record da OpenStreetMap (tag data_center). Da validare con almeno una seconda fonte.",
        "country": "FR",
        "city": "n/d",
        "status": "unknown",
        "site_category": "infrastructure",
        "opened_year": null,
        "updated_at": "2026-09-23",
        "confidence": "low",
        "import_source": "osm_overpass",
        "external_id": "osm/way/368995283",
        "sources": [
          {
            "title": "OpenStreetMap / Overpass",
            "url": "https://wiki.openstreetmap.org/wiki/Tag:telecom%3Ddata_center",
            "accessed_at": "2026-09-23",
            "note": "osm_id=368995283"
          }
        ]
      }
    },
    {
      "type": "Feature",
      "geometry": {
        "type": "Point",
        "coordinates": [
          4.3469995,
          51.2110778
        ]
      },
      "properties": {
        "id": "dc_160",
        "name": "Datacenter Burcht",
        "type": "data_center",
        "subtype": "colocation",
        "operator": "Datacenter United / DCstar nv",
        "description_it": "Record da OpenStreetMap (tag data_center). Da validare con almeno una seconda fonte.",
        "country": "NL",
        "city": "n/d",
        "status": "unknown",
        "site_category": "infrastructure",
        "opened_year": null,
        "updated_at": "2026-09-23",
        "confidence": "low",
        "import_source": "osm_overpass",
        "external_id": "osm/way/389875923",
        "sources": [
          {
            "title": "OpenStreetMap / Overpass",
            "url": "https://wiki.openstreetmap.org/wiki/Tag:telecom%3Ddata_center",
            "accessed_at": "2026-09-23",
            "note": "osm_id=389875923"
          }
        ]
      }
    },
    {
      "type": "Feature",
      "geometry": {
        "type": "Point",
        "coordinates": [
          6.8581118,
          53.4375007
        ]
      },
      "properties": {
        "id": "dc_161",
        "name": "QTS Eemshaven Netherlands Data Center",
        "type": "data_center",
        "subtype": "colocation",
        "operator": "Quality Technology Services",
        "description_it": "Record da OpenStreetMap (tag data_center). Da validare con almeno una seconda fonte.",
        "country": "DE",
        "city": "Eemshaven",
        "status": "unknown",
        "site_category": "infrastructure",
        "opened_year": null,
        "updated_at": "2026-09-23",
        "confidence": "low",
        "import_source": "osm_overpass",
        "external_id": "osm/way/455499803",
        "sources": [
          {
            "title": "OpenStreetMap / Overpass",
            "url": "https://wiki.openstreetmap.org/wiki/Tag:telecom%3Ddata_center",
            "accessed_at": "2026-09-23",
            "note": "osm_id=455499803"
          }
        ]
      }
    },
    {
      "type": "Feature",
      "geometry": {
        "type": "Point",
        "coordinates": [
          4.4854128,
          51.0360523
        ]
      },
      "properties": {
        "id": "dc_162",
        "name": "Telenet servergebouw",
        "type": "data_center",
        "subtype": "colocation",
        "operator": "Telenet Group NV",
        "description_it": "Record da OpenStreetMap (tag data_center). Da validare con almeno una seconda fonte.",
        "country": "FR",
        "city": "n/d",
        "status": "unknown",
        "site_category": "infrastructure",
        "opened_year": null,
        "updated_at": "2026-09-23",
        "confidence": "low",
        "import_source": "osm_overpass",
        "external_id": "osm/way/517078437",
        "sources": [
          {
            "title": "OpenStreetMap / Overpass",
            "url": "https://wiki.openstreetmap.org/wiki/Tag:telecom%3Ddata_center",
            "accessed_at": "2026-09-23",
            "note": "osm_id=517078437"
          }
        ]
      }
    },
    {
      "type": "Feature",
      "geometry": {
        "type": "Point",
        "coordinates": [
          6.4514777,
          51.1942495
        ]
      },
      "properties": {
        "id": "dc_163",
        "name": "Rechenzentrum Hartmann GmbH & Co. KG",
        "type": "data_center",
        "subtype": "colocation",
        "operator": "Unknown",
        "description_it": "Record da OpenStreetMap (tag data_center). Da validare con almeno una seconda fonte.",
        "country": "FR",
        "city": "n/d",
        "status": "unknown",
        "site_category": "infrastructure",
        "opened_year": null,
        "updated_at": "2026-09-23",
        "confidence": "low",
        "import_source": "osm_overpass",
        "external_id": "osm/way/543967654",
        "sources": [
          {
            "title": "OpenStreetMap / Overpass",
            "url": "https://wiki.openstreetmap.org/wiki/Tag:telecom%3Ddata_center",
            "accessed_at": "2026-09-23",
            "note": "osm_id=543967654"
          }
        ]
      }
    },
    {
      "type": "Feature",
      "geometry": {
        "type": "Point",
        "coordinates": [
          5.0368965,
          52.7614475
        ]
      },
      "properties": {
        "id": "dc_164",
        "name": "AMS07",
        "type": "data_center",
        "subtype": "hyperscale",
        "operator": "Microsoft",
        "description_it": "Record da OpenStreetMap classificato come hyperscale (operatore cloud/campus). Da validare con una seconda fonte.",
        "country": "NL",
        "city": "n/d",
        "status": "unknown",
        "site_category": "infrastructure",
        "opened_year": null,
        "updated_at": "2026-09-23",
        "confidence": "low",
        "import_source": "osm_overpass",
        "external_id": "osm/way/583963691",
        "sources": [
          {
            "title": "OpenStreetMap / Overpass",
            "url": "https://wiki.openstreetmap.org/wiki/Tag:telecom%3Ddata_center",
            "accessed_at": "2026-09-23",
            "note": "osm_id=583963691"
          }
        ]
      }
    },
    {
      "type": "Feature",
      "geometry": {
        "type": "Point",
        "coordinates": [
          6.5273147,
          53.2446695
        ]
      },
      "properties": {
        "id": "dc_165",
        "name": "Bytesnet d'ROOT",
        "type": "data_center",
        "subtype": "colocation",
        "operator": "Bytesnet",
        "description_it": "Record da OpenStreetMap (tag data_center). Da validare con almeno una seconda fonte.",
        "country": "DE",
        "city": "n/d",
        "status": "unknown",
        "site_category": "infrastructure",
        "opened_year": null,
        "updated_at": "2026-09-23",
        "confidence": "low",
        "import_source": "osm_overpass",
        "external_id": "osm/way/588634808",
        "sources": [
          {
            "title": "OpenStreetMap / Overpass",
            "url": "https://wiki.openstreetmap.org/wiki/Tag:telecom%3Ddata_center",
            "accessed_at": "2026-09-23",
            "note": "osm_id=588634808"
          }
        ]
      }
    },
    {
      "type": "Feature",
      "geometry": {
        "type": "Point",
        "coordinates": [
          3.5220762,
          50.3782966
        ]
      },
      "properties": {
        "id": "dc_166",
        "name": "CIV Anzin",
        "type": "data_center",
        "subtype": "colocation",
        "operator": "Unknown",
        "description_it": "Record da OpenStreetMap (tag data_center). Da validare con almeno una seconda fonte.",
        "country": "FR",
        "city": "Anzin",
        "status": "unknown",
        "site_category": "infrastructure",
        "opened_year": null,
        "updated_at": "2026-09-23",
        "confidence": "low",
        "import_source": "osm_overpass",
        "external_id": "osm/way/600607931",
        "sources": [
          {
            "title": "OpenStreetMap / Overpass",
            "url": "https://wiki.openstreetmap.org/wiki/Tag:telecom%3Ddata_center",
            "accessed_at": "2026-09-23",
            "note": "osm_id=600607931"
          }
        ]
      }
    },
    {
      "type": "Feature",
      "geometry": {
        "type": "Point",
        "coordinates": [
          7.418276,
          51.5350346
        ]
      },
      "properties": {
        "id": "dc_167",
        "name": "RZ5 Dortmund-Huckarde",
        "type": "data_center",
        "subtype": "colocation",
        "operator": "DOKOM Gesellschaft für Telekommunikation mbH",
        "description_it": "Record da OpenStreetMap (tag data_center). Da validare con almeno una seconda fonte.",
        "country": "DE",
        "city": "Dortmund",
        "status": "unknown",
        "site_category": "infrastructure",
        "opened_year": null,
        "updated_at": "2026-09-23",
        "confidence": "low",
        "import_source": "osm_overpass",
        "external_id": "osm/way/660060853",
        "sources": [
          {
            "title": "OpenStreetMap / Overpass",
            "url": "https://wiki.openstreetmap.org/wiki/Tag:telecom%3Ddata_center",
            "accessed_at": "2026-09-23",
            "note": "osm_id=660060853"
          }
        ]
      }
    },
    {
      "type": "Feature",
      "geometry": {
        "type": "Point",
        "coordinates": [
          3.136475,
          50.5840927
        ]
      },
      "properties": {
        "id": "dc_168",
        "name": "CIV Sainghin-en-Mélantois",
        "type": "data_center",
        "subtype": "colocation",
        "operator": "Unknown",
        "description_it": "Record da OpenStreetMap (tag data_center). Da validare con almeno una seconda fonte.",
        "country": "FR",
        "city": "Sainghin-en-Mélantois",
        "status": "unknown",
        "site_category": "infrastructure",
        "opened_year": null,
        "updated_at": "2026-09-23",
        "confidence": "low",
        "import_source": "osm_overpass",
        "external_id": "osm/way/667259766",
        "sources": [
          {
            "title": "OpenStreetMap / Overpass",
            "url": "https://wiki.openstreetmap.org/wiki/Tag:telecom%3Ddata_center",
            "accessed_at": "2026-09-23",
            "note": "osm_id=667259766"
          }
        ]
      }
    },
    {
      "type": "Feature",
      "geometry": {
        "type": "Point",
        "coordinates": [
          4.3049817,
          51.5874676
        ]
      },
      "properties": {
        "id": "dc_169",
        "name": "Eurofiber data center NL South-West 2",
        "type": "data_center",
        "subtype": "colocation",
        "operator": "Eurofiber",
        "description_it": "Record da OpenStreetMap (tag data_center). Da validare con almeno una seconda fonte.",
        "country": "NL",
        "city": "Steenbergen",
        "status": "unknown",
        "site_category": "infrastructure",
        "opened_year": null,
        "updated_at": "2026-09-23",
        "confidence": "low",
        "import_source": "osm_overpass",
        "external_id": "osm/way/700952519",
        "sources": [
          {
            "title": "OpenStreetMap / Overpass",
            "url": "https://wiki.openstreetmap.org/wiki/Tag:telecom%3Ddata_center",
            "accessed_at": "2026-09-23",
            "note": "osm_id=700952519"
          }
        ]
      }
    },
    {
      "type": "Feature",
      "geometry": {
        "type": "Point",
        "coordinates": [
          6.1426449,
          52.4885081
        ]
      },
      "properties": {
        "id": "dc_170",
        "name": "Equinix Zwolle ZW1",
        "type": "data_center",
        "subtype": "colocation",
        "operator": "Equinix",
        "description_it": "Record da OpenStreetMap (tag data_center). Da validare con almeno una seconda fonte.",
        "country": "DE",
        "city": "Zwolle",
        "status": "unknown",
        "site_category": "infrastructure",
        "opened_year": null,
        "updated_at": "2026-09-23",
        "confidence": "low",
        "import_source": "osm_overpass",
        "external_id": "osm/way/700957200",
        "sources": [
          {
            "title": "OpenStreetMap / Overpass",
            "url": "https://wiki.openstreetmap.org/wiki/Tag:telecom%3Ddata_center",
            "accessed_at": "2026-09-23",
            "note": "osm_id=700957200"
          }
        ]
      }
    },
    {
      "type": "Feature",
      "geometry": {
        "type": "Point",
        "coordinates": [
          4.037555,
          50.9134559
        ]
      },
      "properties": {
        "id": "dc_171",
        "name": "LCL Datacenter (DataCloud)",
        "type": "data_center",
        "subtype": "colocation",
        "operator": "Unknown",
        "description_it": "Record da OpenStreetMap (tag data_center). Da validare con almeno una seconda fonte.",
        "country": "FR",
        "city": "Erembodegem",
        "status": "unknown",
        "site_category": "infrastructure",
        "opened_year": null,
        "updated_at": "2026-09-23",
        "confidence": "low",
        "import_source": "osm_overpass",
        "external_id": "osm/way/741838106",
        "sources": [
          {
            "title": "OpenStreetMap / Overpass",
            "url": "https://wiki.openstreetmap.org/wiki/Tag:telecom%3Ddata_center",
            "accessed_at": "2026-09-23",
            "note": "osm_id=741838106"
          }
        ]
      }
    },
    {
      "type": "Feature",
      "geometry": {
        "type": "Point",
        "coordinates": [
          5.304837,
          50.9317954
        ]
      },
      "properties": {
        "id": "dc_172",
        "name": "DC Hasselt 1",
        "type": "data_center",
        "subtype": "colocation",
        "operator": "Datacenter United",
        "description_it": "Record da OpenStreetMap (tag data_center). Da validare con almeno una seconda fonte.",
        "country": "FR",
        "city": "n/d",
        "status": "unknown",
        "site_category": "infrastructure",
        "opened_year": null,
        "updated_at": "2026-09-23",
        "confidence": "low",
        "import_source": "osm_overpass",
        "external_id": "osm/way/746200227",
        "sources": [
          {
            "title": "OpenStreetMap / Overpass",
            "url": "https://wiki.openstreetmap.org/wiki/Tag:telecom%3Ddata_center",
            "accessed_at": "2026-09-23",
            "note": "osm_id=746200227"
          }
        ]
      }
    },
    {
      "type": "Feature",
      "geometry": {
        "type": "Point",
        "coordinates": [
          3.157916,
          50.6990539
        ]
      },
      "properties": {
        "id": "dc_173",
        "name": "Lille Etix #1",
        "type": "data_center",
        "subtype": "colocation",
        "operator": "Unknown",
        "description_it": "Record da OpenStreetMap (tag data_center). Da validare con almeno una seconda fonte.",
        "country": "FR",
        "city": "Roubaix",
        "status": "unknown",
        "site_category": "infrastructure",
        "opened_year": null,
        "updated_at": "2026-09-23",
        "confidence": "low",
        "import_source": "osm_overpass",
        "external_id": "osm/way/757483478",
        "sources": [
          {
            "title": "OpenStreetMap / Overpass",
            "url": "https://wiki.openstreetmap.org/wiki/Tag:telecom%3Ddata_center",
            "accessed_at": "2026-09-23",
            "note": "osm_id=757483478"
          }
        ]
      }
    },
    {
      "type": "Feature",
      "geometry": {
        "type": "Point",
        "coordinates": [
          6.1350006,
          50.7835392
        ]
      },
      "properties": {
        "id": "dc_174",
        "name": "hex/AC",
        "type": "data_center",
        "subtype": "colocation",
        "operator": "Unknown",
        "description_it": "Record da OpenStreetMap (tag data_center). Da validare con almeno una seconda fonte.",
        "country": "FR",
        "city": "n/d",
        "status": "unknown",
        "site_category": "infrastructure",
        "opened_year": null,
        "updated_at": "2026-09-23",
        "confidence": "low",
        "import_source": "osm_overpass",
        "external_id": "osm/way/769203416",
        "sources": [
          {
            "title": "OpenStreetMap / Overpass",
            "url": "https://wiki.openstreetmap.org/wiki/Tag:telecom%3Ddata_center",
            "accessed_at": "2026-09-23",
            "note": "osm_id=769203416"
          }
        ]
      }
    },
    {
      "type": "Feature",
      "geometry": {
        "type": "Point",
        "coordinates": [
          4.4117186,
          50.8576103
        ]
      },
      "properties": {
        "id": "dc_175",
        "name": "Colt Evere",
        "type": "data_center",
        "subtype": "colocation",
        "operator": "Colt Technology Services nv",
        "description_it": "Record da OpenStreetMap (tag data_center). Da validare con almeno una seconda fonte.",
        "country": "FR",
        "city": "n/d",
        "status": "unknown",
        "site_category": "infrastructure",
        "opened_year": null,
        "updated_at": "2026-09-23",
        "confidence": "low",
        "import_source": "osm_overpass",
        "external_id": "osm/way/769969773",
        "sources": [
          {
            "title": "OpenStreetMap / Overpass",
            "url": "https://wiki.openstreetmap.org/wiki/Tag:telecom%3Ddata_center",
            "accessed_at": "2026-09-23",
            "note": "osm_id=769969773"
          }
        ]
      }
    },
    {
      "type": "Feature",
      "geometry": {
        "type": "Point",
        "coordinates": [
          4.3353936,
          52.0382754
        ]
      },
      "properties": {
        "id": "dc_176",
        "name": "Overheidsdatacenter Rijswijk",
        "type": "data_center",
        "subtype": "colocation",
        "operator": "SSC-ICT",
        "description_it": "Record da OpenStreetMap (tag data_center). Da validare con almeno una seconda fonte.",
        "country": "NL",
        "city": "n/d",
        "status": "unknown",
        "site_category": "infrastructure",
        "opened_year": null,
        "updated_at": "2026-09-23",
        "confidence": "low",
        "import_source": "osm_overpass",
        "external_id": "osm/way/809428256",
        "sources": [
          {
            "title": "OpenStreetMap / Overpass",
            "url": "https://wiki.openstreetmap.org/wiki/Tag:telecom%3Ddata_center",
            "accessed_at": "2026-09-23",
            "note": "osm_id=809428256"
          }
        ]
      }
    },
    {
      "type": "Feature",
      "geometry": {
        "type": "Point",
        "coordinates": [
          5.3636415,
          50.9383124
        ]
      },
      "properties": {
        "id": "dc_177",
        "name": "DC Hasselt 2",
        "type": "data_center",
        "subtype": "colocation",
        "operator": "Datacenter United",
        "description_it": "Record da OpenStreetMap (tag data_center). Da validare con almeno una seconda fonte.",
        "country": "FR",
        "city": "n/d",
        "status": "unknown",
        "site_category": "infrastructure",
        "opened_year": null,
        "updated_at": "2026-09-23",
        "confidence": "low",
        "import_source": "osm_overpass",
        "external_id": "osm/way/822844088",
        "sources": [
          {
            "title": "OpenStreetMap / Overpass",
            "url": "https://wiki.openstreetmap.org/wiki/Tag:telecom%3Ddata_center",
            "accessed_at": "2026-09-23",
            "note": "osm_id=822844088"
          }
        ]
      }
    },
    {
      "type": "Feature",
      "geometry": {
        "type": "Point",
        "coordinates": [
          6.9387992,
          51.1912163
        ]
      },
      "properties": {
        "id": "dc_178",
        "name": "Datacenter One GmbH",
        "type": "data_center",
        "subtype": "colocation",
        "operator": "AtlasEdge",
        "description_it": "Record da OpenStreetMap (tag data_center). Da validare con almeno una seconda fonte.",
        "country": "FR",
        "city": "Hilden",
        "status": "unknown",
        "site_category": "infrastructure",
        "opened_year": null,
        "updated_at": "2026-09-23",
        "confidence": "low",
        "import_source": "osm_overpass",
        "external_id": "osm/way/881232573",
        "sources": [
          {
            "title": "OpenStreetMap / Overpass",
            "url": "https://wiki.openstreetmap.org/wiki/Tag:telecom%3Ddata_center",
            "accessed_at": "2026-09-23",
            "note": "osm_id=881232573"
          }
        ]
      }
    },
    {
      "type": "Feature",
      "geometry": {
        "type": "Point",
        "coordinates": [
          4.8388868,
          52.3971464
        ]
      },
      "properties": {
        "id": "dc_179",
        "name": "Equinix AM8",
        "type": "data_center",
        "subtype": "colocation",
        "operator": "Equinix",
        "description_it": "Record da OpenStreetMap (tag data_center). Da validare con almeno una seconda fonte.",
        "country": "NL",
        "city": "Amsterdam",
        "status": "unknown",
        "site_category": "infrastructure",
        "opened_year": null,
        "updated_at": "2026-09-23",
        "confidence": "low",
        "import_source": "osm_overpass",
        "external_id": "osm/way/891596749",
        "sources": [
          {
            "title": "OpenStreetMap / Overpass",
            "url": "https://wiki.openstreetmap.org/wiki/Tag:telecom%3Ddata_center",
            "accessed_at": "2026-09-23",
            "note": "osm_id=891596749"
          }
        ]
      }
    },
    {
      "type": "Feature",
      "geometry": {
        "type": "Point",
        "coordinates": [
          5.2617368,
          50.5806237
        ]
      },
      "properties": {
        "id": "dc_180",
        "name": "Wallonie Data Center (WDC)",
        "type": "data_center",
        "subtype": "colocation",
        "operator": "Unknown",
        "description_it": "Record da OpenStreetMap (tag data_center). Da validare con almeno una seconda fonte.",
        "country": "FR",
        "city": "n/d",
        "status": "unknown",
        "site_category": "infrastructure",
        "opened_year": null,
        "updated_at": "2026-09-23",
        "confidence": "low",
        "import_source": "osm_overpass",
        "external_id": "osm/way/913668923",
        "sources": [
          {
            "title": "OpenStreetMap / Overpass",
            "url": "https://wiki.openstreetmap.org/wiki/Tag:telecom%3Ddata_center",
            "accessed_at": "2026-09-23",
            "note": "osm_id=913668923"
          }
        ]
      }
    },
    {
      "type": "Feature",
      "geometry": {
        "type": "Point",
        "coordinates": [
          6.8619157,
          53.4235227
        ]
      },
      "properties": {
        "id": "dc_181",
        "name": "Google Datacenter Eemshaven",
        "type": "data_center",
        "subtype": "hyperscale",
        "operator": "Google",
        "description_it": "Record da OpenStreetMap classificato come hyperscale (operatore cloud/campus). Da validare con una seconda fonte.",
        "country": "DE",
        "city": "n/d",
        "status": "unknown",
        "site_category": "infrastructure",
        "opened_year": null,
        "updated_at": "2026-09-23",
        "confidence": "low",
        "import_source": "osm_overpass",
        "external_id": "osm/way/956325143",
        "sources": [
          {
            "title": "OpenStreetMap / Overpass",
            "url": "https://wiki.openstreetmap.org/wiki/Tag:telecom%3Ddata_center",
            "accessed_at": "2026-09-23",
            "note": "osm_id=956325143"
          }
        ]
      }
    },
    {
      "type": "Feature",
      "geometry": {
        "type": "Point",
        "coordinates": [
          7.0201524,
          51.058582
        ]
      },
      "properties": {
        "id": "dc_182",
        "name": "Datacenter One",
        "type": "data_center",
        "subtype": "colocation",
        "operator": "Datacenter One NRW GmbH",
        "description_it": "Record da OpenStreetMap (tag data_center). Da validare con almeno una seconda fonte.",
        "country": "FR",
        "city": "Leverkusen",
        "status": "unknown",
        "site_category": "infrastructure",
        "opened_year": null,
        "updated_at": "2026-09-23",
        "confidence": "low",
        "import_source": "osm_overpass",
        "external_id": "osm/way/1005216757",
        "sources": [
          {
            "title": "OpenStreetMap / Overpass",
            "url": "https://wiki.openstreetmap.org/wiki/Tag:telecom%3Ddata_center",
            "accessed_at": "2026-09-23",
            "note": "osm_id=1005216757"
          }
        ]
      }
    },
    {
      "type": "Feature",
      "geometry": {
        "type": "Point",
        "coordinates": [
          6.4738988,
          53.2072953
        ]
      },
      "properties": {
        "id": "dc_183",
        "name": "NorthC Data center Groningen",
        "type": "data_center",
        "subtype": "colocation",
        "operator": "Unknown",
        "description_it": "Record da OpenStreetMap (tag data_center). Da validare con almeno una seconda fonte.",
        "country": "DE",
        "city": "n/d",
        "status": "unknown",
        "site_category": "infrastructure",
        "opened_year": null,
        "updated_at": "2026-09-23",
        "confidence": "low",
        "import_source": "osm_overpass",
        "external_id": "osm/way/1081886104",
        "sources": [
          {
            "title": "OpenStreetMap / Overpass",
            "url": "https://wiki.openstreetmap.org/wiki/Tag:telecom%3Ddata_center",
            "accessed_at": "2026-09-23",
            "note": "osm_id=1081886104"
          }
        ]
      }
    },
    {
      "type": "Feature",
      "geometry": {
        "type": "Point",
        "coordinates": [
          5.0298505,
          52.7918902
        ]
      },
      "properties": {
        "id": "dc_184",
        "name": "Google Datacenter Middenmeer",
        "type": "data_center",
        "subtype": "hyperscale",
        "operator": "Google",
        "description_it": "Record da OpenStreetMap classificato come hyperscale (operatore cloud/campus). Da validare con una seconda fonte.",
        "country": "NL",
        "city": "n/d",
        "status": "unknown",
        "site_category": "infrastructure",
        "opened_year": null,
        "updated_at": "2026-09-23",
        "confidence": "low",
        "import_source": "osm_overpass",
        "external_id": "osm/way/1138948050",
        "sources": [
          {
            "title": "OpenStreetMap / Overpass",
            "url": "https://wiki.openstreetmap.org/wiki/Tag:telecom%3Ddata_center",
            "accessed_at": "2026-09-23",
            "note": "osm_id=1138948050"
          }
        ]
      }
    },
    {
      "type": "Feature",
      "geometry": {
        "type": "Point",
        "coordinates": [
          4.4493181,
          51.875186
        ]
      },
      "properties": {
        "id": "dc_185",
        "name": "NorthC Datacenter Rotterdam Waalhaven",
        "type": "data_center",
        "subtype": "colocation",
        "operator": "NorthC",
        "description_it": "Record da OpenStreetMap (tag data_center). Da validare con almeno una seconda fonte.",
        "country": "NL",
        "city": "Rotterdam",
        "status": "unknown",
        "site_category": "infrastructure",
        "opened_year": null,
        "updated_at": "2026-09-23",
        "confidence": "low",
        "import_source": "osm_overpass",
        "external_id": "osm/way/1205462692",
        "sources": [
          {
            "title": "OpenStreetMap / Overpass",
            "url": "https://wiki.openstreetmap.org/wiki/Tag:telecom%3Ddata_center",
            "accessed_at": "2026-09-23",
            "note": "osm_id=1205462692"
          }
        ]
      }
    },
    {
      "type": "Feature",
      "geometry": {
        "type": "Point",
        "coordinates": [
          4.9735975,
          52.3315093
        ]
      },
      "properties": {
        "id": "dc_186",
        "name": "Switch Datacenters AMS4",
        "type": "data_center",
        "subtype": "colocation",
        "operator": "Switch Datacenters",
        "description_it": "Record da OpenStreetMap (tag data_center). Da validare con almeno una seconda fonte.",
        "country": "NL",
        "city": "n/d",
        "status": "unknown",
        "site_category": "infrastructure",
        "opened_year": null,
        "updated_at": "2026-09-23",
        "confidence": "low",
        "import_source": "osm_overpass",
        "external_id": "osm/way/1235869010",
        "sources": [
          {
            "title": "OpenStreetMap / Overpass",
            "url": "https://wiki.openstreetmap.org/wiki/Tag:telecom%3Ddata_center",
            "accessed_at": "2026-09-23",
            "note": "osm_id=1235869010"
          }
        ]
      }
    },
    {
      "type": "Feature",
      "geometry": {
        "type": "Point",
        "coordinates": [
          3.8634856,
          50.4615584
        ]
      },
      "properties": {
        "id": "dc_187",
        "name": "GBL5",
        "type": "data_center",
        "subtype": "colocation",
        "operator": "Unknown",
        "description_it": "Record da OpenStreetMap (tag data_center). Da validare con almeno una seconda fonte.",
        "country": "FR",
        "city": "n/d",
        "status": "unknown",
        "site_category": "infrastructure",
        "opened_year": null,
        "updated_at": "2026-09-23",
        "confidence": "low",
        "import_source": "osm_overpass",
        "external_id": "osm/way/1274071734",
        "sources": [
          {
            "title": "OpenStreetMap / Overpass",
            "url": "https://wiki.openstreetmap.org/wiki/Tag:telecom%3Ddata_center",
            "accessed_at": "2026-09-23",
            "note": "osm_id=1274071734"
          }
        ]
      }
    },
    {
      "type": "Feature",
      "geometry": {
        "type": "Point",
        "coordinates": [
          3.8843796,
          51.4930861
        ]
      },
      "properties": {
        "id": "dc_188",
        "name": "DELTA Fiber",
        "type": "data_center",
        "subtype": "colocation",
        "operator": "Unknown",
        "description_it": "Record da OpenStreetMap (tag data_center). Da validare con almeno una seconda fonte.",
        "country": "NL",
        "city": "n/d",
        "status": "unknown",
        "site_category": "infrastructure",
        "opened_year": null,
        "updated_at": "2026-09-23",
        "confidence": "low",
        "import_source": "osm_overpass",
        "external_id": "osm/way/1309108236",
        "sources": [
          {
            "title": "OpenStreetMap / Overpass",
            "url": "https://wiki.openstreetmap.org/wiki/Tag:telecom%3Ddata_center",
            "accessed_at": "2026-09-23",
            "note": "osm_id=1309108236"
          }
        ]
      }
    },
    {
      "type": "Feature",
      "geometry": {
        "type": "Point",
        "coordinates": [
          4.378441,
          51.1436275
        ]
      },
      "properties": {
        "id": "dc_189",
        "name": "Datacenter Base-Telenet",
        "type": "data_center",
        "subtype": "colocation",
        "operator": "Telenet Group NV",
        "description_it": "Record da OpenStreetMap (tag data_center). Da validare con almeno una seconda fonte.",
        "country": "FR",
        "city": "n/d",
        "status": "unknown",
        "site_category": "infrastructure",
        "opened_year": null,
        "updated_at": "2026-09-23",
        "confidence": "low",
        "import_source": "osm_overpass",
        "external_id": "osm/way/1341803989",
        "sources": [
          {
            "title": "OpenStreetMap / Overpass",
            "url": "https://wiki.openstreetmap.org/wiki/Tag:telecom%3Ddata_center",
            "accessed_at": "2026-09-23",
            "note": "osm_id=1341803989"
          }
        ]
      }
    },
    {
      "type": "Feature",
      "geometry": {
        "type": "Point",
        "coordinates": [
          4.7169352,
          52.38466
        ]
      },
      "properties": {
        "id": "dc_190",
        "name": "Cogent Halfweg",
        "type": "data_center",
        "subtype": "colocation",
        "operator": "Cogent",
        "description_it": "Record da OpenStreetMap (tag data_center). Da validare con almeno una seconda fonte.",
        "country": "NL",
        "city": "Halfweg",
        "status": "unknown",
        "site_category": "infrastructure",
        "opened_year": null,
        "updated_at": "2026-09-23",
        "confidence": "low",
        "import_source": "osm_overpass",
        "external_id": "osm/way/1346509166",
        "sources": [
          {
            "title": "OpenStreetMap / Overpass",
            "url": "https://wiki.openstreetmap.org/wiki/Tag:telecom%3Ddata_center",
            "accessed_at": "2026-09-23",
            "note": "osm_id=1346509166"
          }
        ]
      }
    },
    {
      "type": "Feature",
      "geometry": {
        "type": "Point",
        "coordinates": [
          4.6692506,
          52.3878721
        ]
      },
      "properties": {
        "id": "dc_191",
        "name": "KPN Haarlem",
        "type": "data_center",
        "subtype": "colocation",
        "operator": "Unknown",
        "description_it": "Record da OpenStreetMap (tag data_center). Da validare con almeno una seconda fonte.",
        "country": "NL",
        "city": "n/d",
        "status": "unknown",
        "site_category": "infrastructure",
        "opened_year": null,
        "updated_at": "2026-09-23",
        "confidence": "low",
        "import_source": "osm_overpass",
        "external_id": "osm/way/1346509227",
        "sources": [
          {
            "title": "OpenStreetMap / Overpass",
            "url": "https://wiki.openstreetmap.org/wiki/Tag:telecom%3Ddata_center",
            "accessed_at": "2026-09-23",
            "note": "osm_id=1346509227"
          }
        ]
      }
    },
    {
      "type": "Feature",
      "geometry": {
        "type": "Point",
        "coordinates": [
          4.2889266,
          50.881954
        ]
      },
      "properties": {
        "id": "dc_192",
        "name": "Nexus Datacenter",
        "type": "data_center",
        "subtype": "colocation",
        "operator": "VUB;UZ Brussel",
        "description_it": "Record da OpenStreetMap (tag data_center). Da validare con almeno una seconda fonte.",
        "country": "FR",
        "city": "n/d",
        "status": "unknown",
        "site_category": "infrastructure",
        "opened_year": null,
        "updated_at": "2026-09-23",
        "confidence": "low",
        "import_source": "osm_overpass",
        "external_id": "osm/way/1364742301",
        "sources": [
          {
            "title": "OpenStreetMap / Overpass",
            "url": "https://wiki.openstreetmap.org/wiki/Tag:telecom%3Ddata_center",
            "accessed_at": "2026-09-23",
            "note": "osm_id=1364742301"
          }
        ]
      }
    },
    {
      "type": "Feature",
      "geometry": {
        "type": "Point",
        "coordinates": [
          4.743901,
          52.2845046
        ]
      },
      "properties": {
        "id": "dc_193",
        "name": "NTT Amsterdam 1 Data Center",
        "type": "data_center",
        "subtype": "colocation",
        "operator": "NTT Data",
        "description_it": "Record da OpenStreetMap (tag data_center). Da validare con almeno una seconda fonte.",
        "country": "NL",
        "city": "n/d",
        "status": "unknown",
        "site_category": "infrastructure",
        "opened_year": null,
        "updated_at": "2026-09-23",
        "confidence": "low",
        "import_source": "osm_overpass",
        "external_id": "osm/way/1460732226",
        "sources": [
          {
            "title": "OpenStreetMap / Overpass",
            "url": "https://wiki.openstreetmap.org/wiki/Tag:telecom%3Ddata_center",
            "accessed_at": "2026-09-23",
            "note": "osm_id=1460732226"
          }
        ]
      }
    },
    {
      "type": "Feature",
      "geometry": {
        "type": "Point",
        "coordinates": [
          4.8925688,
          52.0824688
        ]
      },
      "properties": {
        "id": "dc_194",
        "name": "Switch Datacenters AMS2",
        "type": "data_center",
        "subtype": "colocation",
        "operator": "Switch",
        "description_it": "Record da OpenStreetMap (tag data_center). Da validare con almeno una seconda fonte.",
        "country": "NL",
        "city": "n/d",
        "status": "unknown",
        "site_category": "infrastructure",
        "opened_year": null,
        "updated_at": "2026-09-23",
        "confidence": "low",
        "import_source": "osm_overpass",
        "external_id": "osm/way/1517230843",
        "sources": [
          {
            "title": "OpenStreetMap / Overpass",
            "url": "https://wiki.openstreetmap.org/wiki/Tag:telecom%3Ddata_center",
            "accessed_at": "2026-09-23",
            "note": "osm_id=1517230843"
          }
        ]
      }
    },
    {
      "type": "Feature",
      "geometry": {
        "type": "Point",
        "coordinates": [
          4.5742864,
          50.4376473
        ]
      },
      "properties": {
        "id": "dc_195",
        "name": "Google Datacenter",
        "type": "data_center",
        "subtype": "hyperscale",
        "operator": "Google",
        "description_it": "Record da OpenStreetMap classificato come hyperscale (operatore cloud/campus). Da validare con una seconda fonte.",
        "country": "FR",
        "city": "n/d",
        "status": "unknown",
        "site_category": "infrastructure",
        "opened_year": null,
        "updated_at": "2026-09-23",
        "confidence": "low",
        "import_source": "osm_overpass",
        "external_id": "osm/way/1540030566",
        "sources": [
          {
            "title": "OpenStreetMap / Overpass",
            "url": "https://wiki.openstreetmap.org/wiki/Tag:telecom%3Ddata_center",
            "accessed_at": "2026-09-23",
            "note": "osm_id=1540030566"
          }
        ]
      }
    },
    {
      "type": "Feature",
      "geometry": {
        "type": "Point",
        "coordinates": [
          5.1439845,
          52.1232374
        ]
      },
      "properties": {
        "id": "dc_196",
        "name": "Eurofiber data center Utrecht 1",
        "type": "data_center",
        "subtype": "colocation",
        "operator": "Eurofiber",
        "description_it": "Record da OpenStreetMap (tag data_center). Da validare con almeno una seconda fonte.",
        "country": "NL",
        "city": "n/d",
        "status": "unknown",
        "site_category": "infrastructure",
        "opened_year": null,
        "updated_at": "2026-09-23",
        "confidence": "low",
        "import_source": "osm_overpass",
        "external_id": "osm/relation/3945245",
        "sources": [
          {
            "title": "OpenStreetMap / Overpass",
            "url": "https://wiki.openstreetmap.org/wiki/Tag:telecom%3Ddata_center",
            "accessed_at": "2026-09-23",
            "note": "osm_id=3945245"
          }
        ]
      }
    },
    {
      "type": "Feature",
      "geometry": {
        "type": "Point",
        "coordinates": [
          4.7175553,
          50.5031616
        ]
      },
      "properties": {
        "id": "dc_197",
        "name": "LCL Wallonia One",
        "type": "data_center",
        "subtype": "colocation",
        "operator": "LCL",
        "description_it": "Record da OpenStreetMap (tag data_center). Da validare con almeno una seconda fonte.",
        "country": "FR",
        "city": "n/d",
        "status": "unknown",
        "site_category": "infrastructure",
        "opened_year": null,
        "updated_at": "2026-09-23",
        "confidence": "low",
        "import_source": "osm_overpass",
        "external_id": "osm/relation/8012396",
        "sources": [
          {
            "title": "OpenStreetMap / Overpass",
            "url": "https://wiki.openstreetmap.org/wiki/Tag:telecom%3Ddata_center",
            "accessed_at": "2026-09-23",
            "note": "osm_id=8012396"
          }
        ]
      }
    },
    {
      "type": "Feature",
      "geometry": {
        "type": "Point",
        "coordinates": [
          -9.0597574,
          53.2806944
        ]
      },
      "properties": {
        "id": "dc_198",
        "name": "ISS Data Centre South (DCS)",
        "type": "data_center",
        "subtype": "colocation",
        "operator": "Unknown",
        "description_it": "Record da OpenStreetMap (tag data_center). Da validare con almeno una seconda fonte.",
        "country": "IE",
        "city": "n/d",
        "status": "unknown",
        "site_category": "infrastructure",
        "opened_year": null,
        "updated_at": "2026-09-23",
        "confidence": "low",
        "import_source": "osm_overpass",
        "external_id": "osm/node/6696027683",
        "sources": [
          {
            "title": "OpenStreetMap / Overpass",
            "url": "https://wiki.openstreetmap.org/wiki/Tag:telecom%3Ddata_center",
            "accessed_at": "2026-09-23",
            "note": "osm_id=6696027683"
          }
        ]
      }
    },
    {
      "type": "Feature",
      "geometry": {
        "type": "Point",
        "coordinates": [
          -6.2164411,
          53.4001437
        ]
      },
      "properties": {
        "id": "dc_199",
        "name": "Digital Realty DUB11",
        "type": "data_center",
        "subtype": "colocation",
        "operator": "Digital Realty",
        "description_it": "Record da OpenStreetMap (tag data_center). Da validare con almeno una seconda fonte.",
        "country": "GB",
        "city": "n/d",
        "status": "unknown",
        "site_category": "infrastructure",
        "opened_year": null,
        "updated_at": "2026-09-23",
        "confidence": "low",
        "import_source": "osm_overpass",
        "external_id": "osm/node/12760190386",
        "sources": [
          {
            "title": "OpenStreetMap / Overpass",
            "url": "https://wiki.openstreetmap.org/wiki/Tag:telecom%3Ddata_center",
            "accessed_at": "2026-09-23",
            "note": "osm_id=12760190386"
          }
        ]
      }
    },
    {
      "type": "Feature",
      "geometry": {
        "type": "Point",
        "coordinates": [
          -5.9202218,
          54.6047075
        ]
      },
      "properties": {
        "id": "dc_200",
        "name": "Microsoft Ireland",
        "type": "data_center",
        "subtype": "hyperscale",
        "operator": "Microsoft",
        "description_it": "Record da OpenStreetMap classificato come hyperscale (operatore cloud/campus). Da validare con una seconda fonte.",
        "country": "GB",
        "city": "Belfast",
        "status": "unknown",
        "site_category": "infrastructure",
        "opened_year": null,
        "updated_at": "2026-09-23",
        "confidence": "low",
        "import_source": "osm_overpass",
        "external_id": "osm/node/13179027944",
        "sources": [
          {
            "title": "OpenStreetMap / Overpass",
            "url": "https://wiki.openstreetmap.org/wiki/Tag:telecom%3Ddata_center",
            "accessed_at": "2026-09-23",
            "note": "osm_id=13179027944"
          }
        ]
      }
    },
    {
      "type": "Feature",
      "geometry": {
        "type": "Point",
        "coordinates": [
          -6.3705403,
          53.4122701
        ]
      },
      "properties": {
        "id": "dc_201",
        "name": "Digital Realty DUB10",
        "type": "data_center",
        "subtype": "colocation",
        "operator": "Digital Realty",
        "description_it": "Record da OpenStreetMap (tag data_center). Da validare con almeno una seconda fonte.",
        "country": "GB",
        "city": "n/d",
        "status": "unknown",
        "site_category": "infrastructure",
        "opened_year": null,
        "updated_at": "2026-09-23",
        "confidence": "low",
        "import_source": "osm_overpass",
        "external_id": "osm/way/4421159",
        "sources": [
          {
            "title": "OpenStreetMap / Overpass",
            "url": "https://wiki.openstreetmap.org/wiki/Tag:telecom%3Ddata_center",
            "accessed_at": "2026-09-23",
            "note": "osm_id=4421159"
          }
        ]
      }
    },
    {
      "type": "Feature",
      "geometry": {
        "type": "Point",
        "coordinates": [
          -6.3514762,
          53.4119853
        ]
      },
      "properties": {
        "id": "dc_202",
        "name": "Equinix DB4",
        "type": "data_center",
        "subtype": "colocation",
        "operator": "Equinix",
        "description_it": "Record da OpenStreetMap (tag data_center). Da validare con almeno una seconda fonte.",
        "country": "GB",
        "city": "n/d",
        "status": "unknown",
        "site_category": "infrastructure",
        "opened_year": null,
        "updated_at": "2026-09-23",
        "confidence": "low",
        "import_source": "osm_overpass",
        "external_id": "osm/way/23750729",
        "sources": [
          {
            "title": "OpenStreetMap / Overpass",
            "url": "https://wiki.openstreetmap.org/wiki/Tag:telecom%3Ddata_center",
            "accessed_at": "2026-09-23",
            "note": "osm_id=23750729"
          }
        ]
      }
    },
    {
      "type": "Feature",
      "geometry": {
        "type": "Point",
        "coordinates": [
          -6.3625898,
          53.4039295
        ]
      },
      "properties": {
        "id": "dc_203",
        "name": "Amazon Web Services",
        "type": "data_center",
        "subtype": "hyperscale",
        "operator": "Amazon Web Services",
        "description_it": "Record da OpenStreetMap classificato come hyperscale (operatore cloud/campus). Da validare con una seconda fonte.",
        "country": "GB",
        "city": "n/d",
        "status": "unknown",
        "site_category": "infrastructure",
        "opened_year": null,
        "updated_at": "2026-09-23",
        "confidence": "low",
        "import_source": "osm_overpass",
        "external_id": "osm/way/28352291",
        "sources": [
          {
            "title": "OpenStreetMap / Overpass",
            "url": "https://wiki.openstreetmap.org/wiki/Tag:telecom%3Ddata_center",
            "accessed_at": "2026-09-23",
            "note": "osm_id=28352291"
          }
        ]
      }
    },
    {
      "type": "Feature",
      "geometry": {
        "type": "Point",
        "coordinates": [
          -8.175627,
          51.9535089
        ]
      },
      "properties": {
        "id": "dc_204",
        "name": "Elfordstown Earthstation",
        "type": "data_center",
        "subtype": "colocation",
        "operator": "National Space Centre Ltd",
        "description_it": "Record da OpenStreetMap (tag data_center). Da validare con almeno una seconda fonte.",
        "country": "GB",
        "city": "n/d",
        "status": "unknown",
        "site_category": "infrastructure",
        "opened_year": null,
        "updated_at": "2026-09-23",
        "confidence": "low",
        "import_source": "osm_overpass",
        "external_id": "osm/way/34291029",
        "sources": [
          {
            "title": "OpenStreetMap / Overpass",
            "url": "https://wiki.openstreetmap.org/wiki/Tag:telecom%3Ddata_center",
            "accessed_at": "2026-09-23",
            "note": "osm_id=34291029"
          }
        ]
      }
    },
    {
      "type": "Feature",
      "geometry": {
        "type": "Point",
        "coordinates": [
          -6.3498864,
          53.2938415
        ]
      },
      "properties": {
        "id": "dc_205",
        "name": "Amazon Web Services",
        "type": "data_center",
        "subtype": "hyperscale",
        "operator": "Amazon Web Services",
        "description_it": "Record da OpenStreetMap classificato come hyperscale (operatore cloud/campus). Da validare con una seconda fonte.",
        "country": "GB",
        "city": "n/d",
        "status": "unknown",
        "site_category": "infrastructure",
        "opened_year": null,
        "updated_at": "2026-09-23",
        "confidence": "low",
        "import_source": "osm_overpass",
        "external_id": "osm/way/37596447",
        "sources": [
          {
            "title": "OpenStreetMap / Overpass",
            "url": "https://wiki.openstreetmap.org/wiki/Tag:telecom%3Ddata_center",
            "accessed_at": "2026-09-23",
            "note": "osm_id=37596447"
          }
        ]
      }
    },
    {
      "type": "Feature",
      "geometry": {
        "type": "Point",
        "coordinates": [
          -6.4152207,
          53.2916197
        ]
      },
      "properties": {
        "id": "dc_206",
        "name": "Equinix Dublin DB1",
        "type": "data_center",
        "subtype": "colocation",
        "operator": "Equinix",
        "description_it": "Record da OpenStreetMap (tag data_center). Da validare con almeno una seconda fonte.",
        "country": "GB",
        "city": "n/d",
        "status": "unknown",
        "site_category": "infrastructure",
        "opened_year": null,
        "updated_at": "2026-09-23",
        "confidence": "low",
        "import_source": "osm_overpass",
        "external_id": "osm/way/37682016",
        "sources": [
          {
            "title": "OpenStreetMap / Overpass",
            "url": "https://wiki.openstreetmap.org/wiki/Tag:telecom%3Ddata_center",
            "accessed_at": "2026-09-23",
            "note": "osm_id=37682016"
          }
        ]
      }
    },
    {
      "type": "Feature",
      "geometry": {
        "type": "Point",
        "coordinates": [
          -6.3668755,
          53.2950652
        ]
      },
      "properties": {
        "id": "dc_207",
        "name": "Amazon Web Services",
        "type": "data_center",
        "subtype": "hyperscale",
        "operator": "Amazon Web Services",
        "description_it": "Record da OpenStreetMap classificato come hyperscale (operatore cloud/campus). Da validare con una seconda fonte.",
        "country": "GB",
        "city": "n/d",
        "status": "unknown",
        "site_category": "infrastructure",
        "opened_year": null,
        "updated_at": "2026-09-23",
        "confidence": "low",
        "import_source": "osm_overpass",
        "external_id": "osm/way/37682585",
        "sources": [
          {
            "title": "OpenStreetMap / Overpass",
            "url": "https://wiki.openstreetmap.org/wiki/Tag:telecom%3Ddata_center",
            "accessed_at": "2026-09-23",
            "note": "osm_id=37682585"
          }
        ]
      }
    },
    {
      "type": "Feature",
      "geometry": {
        "type": "Point",
        "coordinates": [
          -6.222629,
          53.4073447
        ]
      },
      "properties": {
        "id": "dc_208",
        "name": "Verizon Data Centre",
        "type": "data_center",
        "subtype": "colocation",
        "operator": "Verizon",
        "description_it": "Record da OpenStreetMap (tag data_center). Da validare con almeno una seconda fonte.",
        "country": "GB",
        "city": "n/d",
        "status": "unknown",
        "site_category": "infrastructure",
        "opened_year": null,
        "updated_at": "2026-09-23",
        "confidence": "low",
        "import_source": "osm_overpass",
        "external_id": "osm/way/68337058",
        "sources": [
          {
            "title": "OpenStreetMap / Overpass",
            "url": "https://wiki.openstreetmap.org/wiki/Tag:telecom%3Ddata_center",
            "accessed_at": "2026-09-23",
            "note": "osm_id=68337058"
          }
        ]
      }
    },
    {
      "type": "Feature",
      "geometry": {
        "type": "Point",
        "coordinates": [
          -8.5124741,
          51.9036267
        ]
      },
      "properties": {
        "id": "dc_209",
        "name": "Cork Internet Exchange (CIX)",
        "type": "data_center",
        "subtype": "colocation",
        "operator": "Cork Internet Exchange (CIX)",
        "description_it": "Record da OpenStreetMap (tag data_center). Da validare con almeno una seconda fonte.",
        "country": "GB",
        "city": "Cork",
        "status": "unknown",
        "site_category": "infrastructure",
        "opened_year": null,
        "updated_at": "2026-09-23",
        "confidence": "low",
        "import_source": "osm_overpass",
        "external_id": "osm/way/68996550",
        "sources": [
          {
            "title": "OpenStreetMap / Overpass",
            "url": "https://wiki.openstreetmap.org/wiki/Tag:telecom%3Ddata_center",
            "accessed_at": "2026-09-23",
            "note": "osm_id=68996550"
          }
        ]
      }
    },
    {
      "type": "Feature",
      "geometry": {
        "type": "Point",
        "coordinates": [
          -6.4409835,
          53.3184863
        ]
      },
      "properties": {
        "id": "dc_210",
        "name": "Equinix DB2",
        "type": "data_center",
        "subtype": "colocation",
        "operator": "Equinix",
        "description_it": "Record da OpenStreetMap (tag data_center). Da validare con almeno una seconda fonte.",
        "country": "GB",
        "city": "n/d",
        "status": "unknown",
        "site_category": "infrastructure",
        "opened_year": null,
        "updated_at": "2026-09-23",
        "confidence": "low",
        "import_source": "osm_overpass",
        "external_id": "osm/way/256107907",
        "sources": [
          {
            "title": "OpenStreetMap / Overpass",
            "url": "https://wiki.openstreetmap.org/wiki/Tag:telecom%3Ddata_center",
            "accessed_at": "2026-09-23",
            "note": "osm_id=256107907"
          }
        ]
      }
    },
    {
      "type": "Feature",
      "geometry": {
        "type": "Point",
        "coordinates": [
          -6.4474455,
          53.3136478
        ]
      },
      "properties": {
        "id": "dc_211",
        "name": "Google",
        "type": "data_center",
        "subtype": "hyperscale",
        "operator": "Google",
        "description_it": "Record da OpenStreetMap classificato come hyperscale (operatore cloud/campus). Da validare con una seconda fonte.",
        "country": "GB",
        "city": "n/d",
        "status": "unknown",
        "site_category": "infrastructure",
        "opened_year": null,
        "updated_at": "2026-09-23",
        "confidence": "low",
        "import_source": "osm_overpass",
        "external_id": "osm/way/262199046",
        "sources": [
          {
            "title": "OpenStreetMap / Overpass",
            "url": "https://wiki.openstreetmap.org/wiki/Tag:telecom%3Ddata_center",
            "accessed_at": "2026-09-23",
            "note": "osm_id=262199046"
          }
        ]
      }
    },
    {
      "type": "Feature",
      "geometry": {
        "type": "Point",
        "coordinates": [
          -6.4542603,
          53.3248342
        ]
      },
      "properties": {
        "id": "dc_212",
        "name": "Microsoft DUB03 / DUB04",
        "type": "data_center",
        "subtype": "hyperscale",
        "operator": "Microsoft",
        "description_it": "Record da OpenStreetMap classificato come hyperscale (operatore cloud/campus). Da validare con una seconda fonte.",
        "country": "GB",
        "city": "n/d",
        "status": "unknown",
        "site_category": "infrastructure",
        "opened_year": null,
        "updated_at": "2026-09-23",
        "confidence": "low",
        "import_source": "osm_overpass",
        "external_id": "osm/way/438036943",
        "sources": [
          {
            "title": "OpenStreetMap / Overpass",
            "url": "https://wiki.openstreetmap.org/wiki/Tag:telecom%3Ddata_center",
            "accessed_at": "2026-09-23",
            "note": "osm_id=438036943"
          }
        ]
      }
    },
    {
      "type": "Feature",
      "geometry": {
        "type": "Point",
        "coordinates": [
          -6.4330792,
          53.4169311
        ]
      },
      "properties": {
        "id": "dc_213",
        "name": "Meta Clonee 1 Data Center",
        "type": "data_center",
        "subtype": "hyperscale",
        "operator": "Meta",
        "description_it": "Record da OpenStreetMap classificato come hyperscale (operatore cloud/campus). Da validare con una seconda fonte.",
        "country": "GB",
        "city": "n/d",
        "status": "unknown",
        "site_category": "infrastructure",
        "opened_year": null,
        "updated_at": "2026-09-23",
        "confidence": "low",
        "import_source": "osm_overpass",
        "external_id": "osm/way/518701317",
        "sources": [
          {
            "title": "OpenStreetMap / Overpass",
            "url": "https://wiki.openstreetmap.org/wiki/Tag:telecom%3Ddata_center",
            "accessed_at": "2026-09-23",
            "note": "osm_id=518701317"
          }
        ]
      }
    },
    {
      "type": "Feature",
      "geometry": {
        "type": "Point",
        "coordinates": [
          -6.4430316,
          53.3296278
        ]
      },
      "properties": {
        "id": "dc_214",
        "name": "Digital Realty Dublin DUB3",
        "type": "data_center",
        "subtype": "colocation",
        "operator": "Digital Realty",
        "description_it": "Record da OpenStreetMap (tag data_center). Da validare con almeno una seconda fonte.",
        "country": "GB",
        "city": "n/d",
        "status": "unknown",
        "site_category": "infrastructure",
        "opened_year": null,
        "updated_at": "2026-09-23",
        "confidence": "low",
        "import_source": "osm_overpass",
        "external_id": "osm/way/538103967",
        "sources": [
          {
            "title": "OpenStreetMap / Overpass",
            "url": "https://wiki.openstreetmap.org/wiki/Tag:telecom%3Ddata_center",
            "accessed_at": "2026-09-23",
            "note": "osm_id=538103967"
          }
        ]
      }
    },
    {
      "type": "Feature",
      "geometry": {
        "type": "Point",
        "coordinates": [
          -6.4435377,
          53.3230743
        ]
      },
      "properties": {
        "id": "dc_215",
        "name": "Microsoft DUB07",
        "type": "data_center",
        "subtype": "hyperscale",
        "operator": "Microsoft",
        "description_it": "Record da OpenStreetMap classificato come hyperscale (operatore cloud/campus). Da validare con una seconda fonte.",
        "country": "GB",
        "city": "n/d",
        "status": "unknown",
        "site_category": "infrastructure",
        "opened_year": null,
        "updated_at": "2026-09-23",
        "confidence": "low",
        "import_source": "osm_overpass",
        "external_id": "osm/way/538906747",
        "sources": [
          {
            "title": "OpenStreetMap / Overpass",
            "url": "https://wiki.openstreetmap.org/wiki/Tag:telecom%3Ddata_center",
            "accessed_at": "2026-09-23",
            "note": "osm_id=538906747"
          }
        ]
      }
    },
    {
      "type": "Feature",
      "geometry": {
        "type": "Point",
        "coordinates": [
          -6.4256899,
          53.419823
        ]
      },
      "properties": {
        "id": "dc_216",
        "name": "Meta Clonee 3 Data Center",
        "type": "data_center",
        "subtype": "hyperscale",
        "operator": "Meta",
        "description_it": "Record da OpenStreetMap classificato come hyperscale (operatore cloud/campus). Da validare con una seconda fonte.",
        "country": "GB",
        "city": "n/d",
        "status": "unknown",
        "site_category": "infrastructure",
        "opened_year": null,
        "updated_at": "2026-09-23",
        "confidence": "low",
        "import_source": "osm_overpass",
        "external_id": "osm/way/683115027",
        "sources": [
          {
            "title": "OpenStreetMap / Overpass",
            "url": "https://wiki.openstreetmap.org/wiki/Tag:telecom%3Ddata_center",
            "accessed_at": "2026-09-23",
            "note": "osm_id=683115027"
          }
        ]
      }
    },
    {
      "type": "Feature",
      "geometry": {
        "type": "Point",
        "coordinates": [
          -6.3624157,
          53.3311196
        ]
      },
      "properties": {
        "id": "dc_217",
        "name": "Digital Realty DUB2",
        "type": "data_center",
        "subtype": "colocation",
        "operator": "Digital Realty",
        "description_it": "Record da OpenStreetMap (tag data_center). Da validare con almeno una seconda fonte.",
        "country": "GB",
        "city": "n/d",
        "status": "unknown",
        "site_category": "infrastructure",
        "opened_year": null,
        "updated_at": "2026-09-23",
        "confidence": "low",
        "import_source": "osm_overpass",
        "external_id": "osm/way/714007220",
        "sources": [
          {
            "title": "OpenStreetMap / Overpass",
            "url": "https://wiki.openstreetmap.org/wiki/Tag:telecom%3Ddata_center",
            "accessed_at": "2026-09-23",
            "note": "osm_id=714007220"
          }
        ]
      }
    },
    {
      "type": "Feature",
      "geometry": {
        "type": "Point",
        "coordinates": [
          -6.6854646,
          55.1534408
        ]
      },
      "properties": {
        "id": "dc_218",
        "name": "Prescient Coleraine",
        "type": "data_center",
        "subtype": "colocation",
        "operator": "Prescient Data Centres Limited",
        "description_it": "Record da OpenStreetMap (tag data_center). Da validare con almeno una seconda fonte.",
        "country": "GB",
        "city": "Coleraine",
        "status": "unknown",
        "site_category": "infrastructure",
        "opened_year": null,
        "updated_at": "2026-09-23",
        "confidence": "low",
        "import_source": "osm_overpass",
        "external_id": "osm/way/813089664",
        "sources": [
          {
            "title": "OpenStreetMap / Overpass",
            "url": "https://wiki.openstreetmap.org/wiki/Tag:telecom%3Ddata_center",
            "accessed_at": "2026-09-23",
            "note": "osm_id=813089664"
          }
        ]
      }
    },
    {
      "type": "Feature",
      "geometry": {
        "type": "Point",
        "coordinates": [
          -6.4457988,
          53.4181476
        ]
      },
      "properties": {
        "id": "dc_219",
        "name": "Meta Clonee 5 Data Center",
        "type": "data_center",
        "subtype": "hyperscale",
        "operator": "Meta",
        "description_it": "Record da OpenStreetMap classificato come hyperscale (operatore cloud/campus). Da validare con una seconda fonte.",
        "country": "GB",
        "city": "n/d",
        "status": "unknown",
        "site_category": "infrastructure",
        "opened_year": null,
        "updated_at": "2026-09-23",
        "confidence": "low",
        "import_source": "osm_overpass",
        "external_id": "osm/way/819286957",
        "sources": [
          {
            "title": "OpenStreetMap / Overpass",
            "url": "https://wiki.openstreetmap.org/wiki/Tag:telecom%3Ddata_center",
            "accessed_at": "2026-09-23",
            "note": "osm_id=819286957"
          }
        ]
      }
    },
    {
      "type": "Feature",
      "geometry": {
        "type": "Point",
        "coordinates": [
          -6.4562186,
          53.3166566
        ]
      },
      "properties": {
        "id": "dc_220",
        "name": "CyrusOne DUB1",
        "type": "data_center",
        "subtype": "hyperscale",
        "operator": "CyrusOne",
        "description_it": "Record da OpenStreetMap classificato come hyperscale (operatore cloud/campus). Da validare con una seconda fonte.",
        "country": "GB",
        "city": "n/d",
        "status": "unknown",
        "site_category": "infrastructure",
        "opened_year": null,
        "updated_at": "2026-09-23",
        "confidence": "low",
        "import_source": "osm_overpass",
        "external_id": "osm/way/868909749",
        "sources": [
          {
            "title": "OpenStreetMap / Overpass",
            "url": "https://wiki.openstreetmap.org/wiki/Tag:telecom%3Ddata_center",
            "accessed_at": "2026-09-23",
            "note": "osm_id=868909749"
          }
        ]
      }
    },
    {
      "type": "Feature",
      "geometry": {
        "type": "Point",
        "coordinates": [
          -6.3821708,
          53.4137576
        ]
      },
      "properties": {
        "id": "dc_221",
        "name": "Amazon Web Services",
        "type": "data_center",
        "subtype": "hyperscale",
        "operator": "Amazon Web Services",
        "description_it": "Record da OpenStreetMap classificato come hyperscale (operatore cloud/campus). Da validare con una seconda fonte.",
        "country": "GB",
        "city": "n/d",
        "status": "unknown",
        "site_category": "infrastructure",
        "opened_year": null,
        "updated_at": "2026-09-23",
        "confidence": "low",
        "import_source": "osm_overpass",
        "external_id": "osm/way/926894444",
        "sources": [
          {
            "title": "OpenStreetMap / Overpass",
            "url": "https://wiki.openstreetmap.org/wiki/Tag:telecom%3Ddata_center",
            "accessed_at": "2026-09-23",
            "note": "osm_id=926894444"
          }
        ]
      }
    },
    {
      "type": "Feature",
      "geometry": {
        "type": "Point",
        "coordinates": [
          -6.4536777,
          53.329686
        ]
      },
      "properties": {
        "id": "dc_222",
        "name": "EdgeConneX",
        "type": "data_center",
        "subtype": "colocation",
        "operator": "EdgeConneX",
        "description_it": "Record da OpenStreetMap (tag data_center). Da validare con almeno una seconda fonte.",
        "country": "GB",
        "city": "n/d",
        "status": "unknown",
        "site_category": "infrastructure",
        "opened_year": null,
        "updated_at": "2026-09-23",
        "confidence": "low",
        "import_source": "osm_overpass",
        "external_id": "osm/way/1004745825",
        "sources": [
          {
            "title": "OpenStreetMap / Overpass",
            "url": "https://wiki.openstreetmap.org/wiki/Tag:telecom%3Ddata_center",
            "accessed_at": "2026-09-23",
            "note": "osm_id=1004745825"
          }
        ]
      }
    },
    {
      "type": "Feature",
      "geometry": {
        "type": "Point",
        "coordinates": [
          -6.3826786,
          53.7041784
        ]
      },
      "properties": {
        "id": "dc_223",
        "name": "Amazon Web Services",
        "type": "data_center",
        "subtype": "hyperscale",
        "operator": "Amazon Web Services",
        "description_it": "Record da OpenStreetMap classificato come hyperscale (operatore cloud/campus). Da validare con una seconda fonte.",
        "country": "GB",
        "city": "n/d",
        "status": "unknown",
        "site_category": "infrastructure",
        "opened_year": null,
        "updated_at": "2026-09-23",
        "confidence": "low",
        "import_source": "osm_overpass",
        "external_id": "osm/way/1123268889",
        "sources": [
          {
            "title": "OpenStreetMap / Overpass",
            "url": "https://wiki.openstreetmap.org/wiki/Tag:telecom%3Ddata_center",
            "accessed_at": "2026-09-23",
            "note": "osm_id=1123268889"
          }
        ]
      }
    },
    {
      "type": "Feature",
      "geometry": {
        "type": "Point",
        "coordinates": [
          30.5778095,
          59.9117919
        ]
      },
      "properties": {
        "id": "dc_224",
        "name": "Дата-центр \"Вконтакте\"",
        "type": "data_center",
        "subtype": "colocation",
        "operator": "Unknown",
        "description_it": "Record da OpenStreetMap (tag data_center). Da validare con almeno una seconda fonte.",
        "country": "FI",
        "city": "n/d",
        "status": "unknown",
        "site_category": "infrastructure",
        "opened_year": null,
        "updated_at": "2026-09-23",
        "confidence": "low",
        "import_source": "osm_overpass",
        "external_id": "osm/node/1825748032",
        "sources": [
          {
            "title": "OpenStreetMap / Overpass",
            "url": "https://wiki.openstreetmap.org/wiki/Tag:telecom%3Ddata_center",
            "accessed_at": "2026-09-23",
            "note": "osm_id=1825748032"
          }
        ]
      }
    },
    {
      "type": "Feature",
      "geometry": {
        "type": "Point",
        "coordinates": [
          30.3294225,
          59.886598
        ]
      },
      "properties": {
        "id": "dc_225",
        "name": "Selectel Tsvetochnaya 1",
        "type": "data_center",
        "subtype": "colocation",
        "operator": "Selectel",
        "description_it": "Record da OpenStreetMap (tag data_center). Da validare con almeno una seconda fonte.",
        "country": "FI",
        "city": "n/d",
        "status": "unknown",
        "site_category": "infrastructure",
        "opened_year": null,
        "updated_at": "2026-09-23",
        "confidence": "low",
        "import_source": "osm_overpass",
        "external_id": "osm/node/2639510695",
        "sources": [
          {
            "title": "OpenStreetMap / Overpass",
            "url": "https://wiki.openstreetmap.org/wiki/Tag:telecom%3Ddata_center",
            "accessed_at": "2026-09-23",
            "note": "osm_id=2639510695"
          }
        ]
      }
    },
    {
      "type": "Feature",
      "geometry": {
        "type": "Point",
        "coordinates": [
          30.339517,
          59.9651794
        ]
      },
      "properties": {
        "id": "dc_226",
        "name": "Дата-центр Миран-1",
        "type": "data_center",
        "subtype": "colocation",
        "operator": "Unknown",
        "description_it": "Record da OpenStreetMap (tag data_center). Da validare con almeno una seconda fonte.",
        "country": "FI",
        "city": "n/d",
        "status": "unknown",
        "site_category": "infrastructure",
        "opened_year": null,
        "updated_at": "2026-09-23",
        "confidence": "low",
        "import_source": "osm_overpass",
        "external_id": "osm/node/2901990872",
        "sources": [
          {
            "title": "OpenStreetMap / Overpass",
            "url": "https://wiki.openstreetmap.org/wiki/Tag:telecom%3Ddata_center",
            "accessed_at": "2026-09-23",
            "note": "osm_id=2901990872"
          }
        ]
      }
    },
    {
      "type": "Feature",
      "geometry": {
        "type": "Point",
        "coordinates": [
          13.1561776,
          55.7230316
        ]
      },
      "properties": {
        "id": "dc_227",
        "name": "Datacenter Lund, Alfa Laval",
        "type": "data_center",
        "subtype": "colocation",
        "operator": "Unknown",
        "description_it": "Record da OpenStreetMap (tag data_center). Da validare con almeno una seconda fonte.",
        "country": "SE",
        "city": "n/d",
        "status": "unknown",
        "site_category": "infrastructure",
        "opened_year": null,
        "updated_at": "2026-09-23",
        "confidence": "low",
        "import_source": "osm_overpass",
        "external_id": "osm/node/6175660085",
        "sources": [
          {
            "title": "OpenStreetMap / Overpass",
            "url": "https://wiki.openstreetmap.org/wiki/Tag:telecom%3Ddata_center",
            "accessed_at": "2026-09-23",
            "note": "osm_id=6175660085"
          }
        ]
      }
    },
    {
      "type": "Feature",
      "geometry": {
        "type": "Point",
        "coordinates": [
          5.5983501,
          58.8601113
        ]
      },
      "properties": {
        "id": "dc_228",
        "name": "Maan Group",
        "type": "data_center",
        "subtype": "colocation",
        "operator": "Privat",
        "description_it": "Record da OpenStreetMap (tag data_center). Da validare con almeno una seconda fonte.",
        "country": "NO",
        "city": "n/d",
        "status": "unknown",
        "site_category": "infrastructure",
        "opened_year": null,
        "updated_at": "2026-09-23",
        "confidence": "low",
        "import_source": "osm_overpass",
        "external_id": "osm/node/7405586142",
        "sources": [
          {
            "title": "OpenStreetMap / Overpass",
            "url": "https://wiki.openstreetmap.org/wiki/Tag:telecom%3Ddata_center",
            "accessed_at": "2026-09-23",
            "note": "osm_id=7405586142"
          }
        ]
      }
    },
    {
      "type": "Feature",
      "geometry": {
        "type": "Point",
        "coordinates": [
          23.7757098,
          61.4978961
        ]
      },
      "properties": {
        "id": "dc_229",
        "name": "The Deck",
        "type": "data_center",
        "subtype": "colocation",
        "operator": "Ficolo",
        "description_it": "Record da OpenStreetMap (tag data_center). Da validare con almeno una seconda fonte.",
        "country": "SE",
        "city": "n/d",
        "status": "unknown",
        "site_category": "infrastructure",
        "opened_year": null,
        "updated_at": "2026-09-23",
        "confidence": "low",
        "import_source": "osm_overpass",
        "external_id": "osm/node/8945351837",
        "sources": [
          {
            "title": "OpenStreetMap / Overpass",
            "url": "https://wiki.openstreetmap.org/wiki/Tag:telecom%3Ddata_center",
            "accessed_at": "2026-09-23",
            "note": "osm_id=8945351837"
          }
        ]
      }
    },
    {
      "type": "Feature",
      "geometry": {
        "type": "Point",
        "coordinates": [
          12.0168006,
          57.7310133
        ]
      },
      "properties": {
        "id": "dc_230",
        "name": "Bunkerberget",
        "type": "data_center",
        "subtype": "colocation",
        "operator": "Bahnhof",
        "description_it": "Record da OpenStreetMap (tag data_center). Da validare con almeno una seconda fonte.",
        "country": "SE",
        "city": "Göteborg",
        "status": "unknown",
        "site_category": "infrastructure",
        "opened_year": null,
        "updated_at": "2026-09-23",
        "confidence": "low",
        "import_source": "osm_overpass",
        "external_id": "osm/node/8963538640",
        "sources": [
          {
            "title": "OpenStreetMap / Overpass",
            "url": "https://wiki.openstreetmap.org/wiki/Tag:telecom%3Ddata_center",
            "accessed_at": "2026-09-23",
            "note": "osm_id=8963538640"
          }
        ]
      }
    },
    {
      "type": "Feature",
      "geometry": {
        "type": "Point",
        "coordinates": [
          27.659297,
          62.8941753
        ]
      },
      "properties": {
        "id": "dc_231",
        "name": "Easylinehost Finland Oy",
        "type": "data_center",
        "subtype": "colocation",
        "operator": "Unknown",
        "description_it": "Record da OpenStreetMap (tag data_center). Da validare con almeno una seconda fonte.",
        "country": "FI",
        "city": "Kuopio",
        "status": "unknown",
        "site_category": "infrastructure",
        "opened_year": null,
        "updated_at": "2026-09-23",
        "confidence": "low",
        "import_source": "osm_overpass",
        "external_id": "osm/node/9626439921",
        "sources": [
          {
            "title": "OpenStreetMap / Overpass",
            "url": "https://wiki.openstreetmap.org/wiki/Tag:telecom%3Ddata_center",
            "accessed_at": "2026-09-23",
            "note": "osm_id=9626439921"
          }
        ]
      }
    },
    {
      "type": "Feature",
      "geometry": {
        "type": "Point",
        "coordinates": [
          23.7571952,
          61.3153159
        ]
      },
      "properties": {
        "id": "dc_232",
        "name": "Tietokettu",
        "type": "data_center",
        "subtype": "colocation",
        "operator": "Tietokettu",
        "description_it": "Record da OpenStreetMap (tag data_center). Da validare con almeno una seconda fonte.",
        "country": "SE",
        "city": "Lempäälä",
        "status": "unknown",
        "site_category": "infrastructure",
        "opened_year": null,
        "updated_at": "2026-09-23",
        "confidence": "low",
        "import_source": "osm_overpass",
        "external_id": "osm/node/9709502908",
        "sources": [
          {
            "title": "OpenStreetMap / Overpass",
            "url": "https://wiki.openstreetmap.org/wiki/Tag:telecom%3Ddata_center",
            "accessed_at": "2026-09-23",
            "note": "osm_id=9709502908"
          }
        ]
      }
    },
    {
      "type": "Feature",
      "geometry": {
        "type": "Point",
        "coordinates": [
          27.6965056,
          64.2316353
        ]
      },
      "properties": {
        "id": "dc_233",
        "name": "CSC – IT Center for Science",
        "type": "data_center",
        "subtype": "colocation",
        "operator": "CSC",
        "description_it": "Record da OpenStreetMap (tag data_center). Da validare con almeno una seconda fonte.",
        "country": "FI",
        "city": "n/d",
        "status": "unknown",
        "site_category": "infrastructure",
        "opened_year": null,
        "updated_at": "2026-09-23",
        "confidence": "low",
        "import_source": "osm_overpass",
        "external_id": "osm/node/10648255815",
        "sources": [
          {
            "title": "OpenStreetMap / Overpass",
            "url": "https://wiki.openstreetmap.org/wiki/Tag:telecom%3Ddata_center",
            "accessed_at": "2026-09-23",
            "note": "osm_id=10648255815"
          }
        ]
      }
    },
    {
      "type": "Feature",
      "geometry": {
        "type": "Point",
        "coordinates": [
          30.3282306,
          59.9788698
        ]
      },
      "properties": {
        "id": "dc_234",
        "name": "DataCenter Three Seven",
        "type": "data_center",
        "subtype": "colocation",
        "operator": "Unknown",
        "description_it": "Record da OpenStreetMap (tag data_center). Da validare con almeno una seconda fonte.",
        "country": "FI",
        "city": "n/d",
        "status": "unknown",
        "site_category": "infrastructure",
        "opened_year": null,
        "updated_at": "2026-09-23",
        "confidence": "low",
        "import_source": "osm_overpass",
        "external_id": "osm/node/11368507133",
        "sources": [
          {
            "title": "OpenStreetMap / Overpass",
            "url": "https://wiki.openstreetmap.org/wiki/Tag:telecom%3Ddata_center",
            "accessed_at": "2026-09-23",
            "note": "osm_id=11368507133"
          }
        ]
      }
    },
    {
      "type": "Feature",
      "geometry": {
        "type": "Point",
        "coordinates": [
          8.773977,
          55.3453845
        ]
      },
      "properties": {
        "id": "dc_235",
        "name": "Ribe Hostingcenter",
        "type": "data_center",
        "subtype": "colocation",
        "operator": "Ribe Mediehus",
        "description_it": "Record da OpenStreetMap (tag data_center). Da validare con almeno una seconda fonte.",
        "country": "DE",
        "city": "n/d",
        "status": "unknown",
        "site_category": "infrastructure",
        "opened_year": null,
        "updated_at": "2026-09-23",
        "confidence": "low",
        "import_source": "osm_overpass",
        "external_id": "osm/node/11654525058",
        "sources": [
          {
            "title": "OpenStreetMap / Overpass",
            "url": "https://wiki.openstreetmap.org/wiki/Tag:telecom%3Ddata_center",
            "accessed_at": "2026-09-23",
            "note": "osm_id=11654525058"
          }
        ]
      }
    },
    {
      "type": "Feature",
      "geometry": {
        "type": "Point",
        "coordinates": [
          18.0854733,
          59.3123499
        ]
      },
      "properties": {
        "id": "dc_236",
        "name": "Bahnhof Pionen",
        "type": "data_center",
        "subtype": "colocation",
        "operator": "Unknown",
        "description_it": "Record da OpenStreetMap (tag data_center). Da validare con almeno una seconda fonte.",
        "country": "SE",
        "city": "n/d",
        "status": "unknown",
        "site_category": "infrastructure",
        "opened_year": null,
        "updated_at": "2026-09-23",
        "confidence": "low",
        "import_source": "osm_overpass",
        "external_id": "osm/node/12079908266",
        "sources": [
          {
            "title": "OpenStreetMap / Overpass",
            "url": "https://wiki.openstreetmap.org/wiki/Tag:telecom%3Ddata_center",
            "accessed_at": "2026-09-23",
            "note": "osm_id=12079908266"
          }
        ]
      }
    },
    {
      "type": "Feature",
      "geometry": {
        "type": "Point",
        "coordinates": [
          13.0378068,
          55.5983861
        ]
      },
      "properties": {
        "id": "dc_237",
        "name": "31173 Service DC Malmö",
        "type": "data_center",
        "subtype": "colocation",
        "operator": "31173 Services AB",
        "description_it": "Record da OpenStreetMap (tag data_center). Da validare con almeno una seconda fonte.",
        "country": "SE",
        "city": "n/d",
        "status": "unknown",
        "site_category": "infrastructure",
        "opened_year": null,
        "updated_at": "2026-09-23",
        "confidence": "low",
        "import_source": "osm_overpass",
        "external_id": "osm/node/12150334502",
        "sources": [
          {
            "title": "OpenStreetMap / Overpass",
            "url": "https://wiki.openstreetmap.org/wiki/Tag:telecom%3Ddata_center",
            "accessed_at": "2026-09-23",
            "note": "osm_id=12150334502"
          }
        ]
      }
    },
    {
      "type": "Feature",
      "geometry": {
        "type": "Point",
        "coordinates": [
          9.6893635,
          62.5943994
        ]
      },
      "properties": {
        "id": "dc_238",
        "name": "VisBook AS",
        "type": "data_center",
        "subtype": "colocation",
        "operator": "Unknown",
        "description_it": "Record da OpenStreetMap (tag data_center). Da validare con almeno una seconda fonte.",
        "country": "NO",
        "city": "n/d",
        "status": "unknown",
        "site_category": "infrastructure",
        "opened_year": null,
        "updated_at": "2026-09-23",
        "confidence": "low",
        "import_source": "osm_overpass",
        "external_id": "osm/node/12158409495",
        "sources": [
          {
            "title": "OpenStreetMap / Overpass",
            "url": "https://wiki.openstreetmap.org/wiki/Tag:telecom%3Ddata_center",
            "accessed_at": "2026-09-23",
            "note": "osm_id=12158409495"
          }
        ]
      }
    },
    {
      "type": "Feature",
      "geometry": {
        "type": "Point",
        "coordinates": [
          23.7562129,
          61.4939686
        ]
      },
      "properties": {
        "id": "dc_239",
        "name": "Elisa",
        "type": "data_center",
        "subtype": "colocation",
        "operator": "Unknown",
        "description_it": "Record da OpenStreetMap (tag data_center). Da validare con almeno una seconda fonte.",
        "country": "SE",
        "city": "Tampere",
        "status": "unknown",
        "site_category": "infrastructure",
        "opened_year": null,
        "updated_at": "2026-09-23",
        "confidence": "low",
        "import_source": "osm_overpass",
        "external_id": "osm/node/12167701341",
        "sources": [
          {
            "title": "OpenStreetMap / Overpass",
            "url": "https://wiki.openstreetmap.org/wiki/Tag:telecom%3Ddata_center",
            "accessed_at": "2026-09-23",
            "note": "osm_id=12167701341"
          }
        ]
      }
    },
    {
      "type": "Feature",
      "geometry": {
        "type": "Point",
        "coordinates": [
          30.2839696,
          60.0323564
        ]
      },
      "properties": {
        "id": "dc_240",
        "name": "Linxdatacenter",
        "type": "data_center",
        "subtype": "colocation",
        "operator": "Unknown",
        "description_it": "Record da OpenStreetMap (tag data_center). Da validare con almeno una seconda fonte.",
        "country": "FI",
        "city": "n/d",
        "status": "unknown",
        "site_category": "infrastructure",
        "opened_year": null,
        "updated_at": "2026-09-23",
        "confidence": "low",
        "import_source": "osm_overpass",
        "external_id": "osm/node/13416882703",
        "sources": [
          {
            "title": "OpenStreetMap / Overpass",
            "url": "https://wiki.openstreetmap.org/wiki/Tag:telecom%3Ddata_center",
            "accessed_at": "2026-09-23",
            "note": "osm_id=13416882703"
          }
        ]
      }
    },
    {
      "type": "Feature",
      "geometry": {
        "type": "Point",
        "coordinates": [
          24.9684122,
          60.1849597
        ]
      },
      "properties": {
        "id": "dc_241",
        "name": "Equinix Helsinki HE3",
        "type": "data_center",
        "subtype": "colocation",
        "operator": "Equinix",
        "description_it": "Record da OpenStreetMap (tag data_center). Da validare con almeno una seconda fonte.",
        "country": "FI",
        "city": "Helsinki",
        "status": "unknown",
        "site_category": "infrastructure",
        "opened_year": null,
        "updated_at": "2026-09-23",
        "confidence": "low",
        "import_source": "osm_overpass",
        "external_id": "osm/node/13416957557",
        "sources": [
          {
            "title": "OpenStreetMap / Overpass",
            "url": "https://wiki.openstreetmap.org/wiki/Tag:telecom%3Ddata_center",
            "accessed_at": "2026-09-23",
            "note": "osm_id=13416957557"
          }
        ]
      }
    },
    {
      "type": "Feature",
      "geometry": {
        "type": "Point",
        "coordinates": [
          24.8381432,
          60.2839056
        ]
      },
      "properties": {
        "id": "dc_242",
        "name": "Equinix Helsinki HE4",
        "type": "data_center",
        "subtype": "colocation",
        "operator": "Equinix",
        "description_it": "Record da OpenStreetMap (tag data_center). Da validare con almeno una seconda fonte.",
        "country": "FI",
        "city": "Vantaa",
        "status": "unknown",
        "site_category": "infrastructure",
        "opened_year": null,
        "updated_at": "2026-09-23",
        "confidence": "low",
        "import_source": "osm_overpass",
        "external_id": "osm/node/13416964613",
        "sources": [
          {
            "title": "OpenStreetMap / Overpass",
            "url": "https://wiki.openstreetmap.org/wiki/Tag:telecom%3Ddata_center",
            "accessed_at": "2026-09-23",
            "note": "osm_id=13416964613"
          }
        ]
      }
    },
    {
      "type": "Feature",
      "geometry": {
        "type": "Point",
        "coordinates": [
          12.4937965,
          56.9148192
        ]
      },
      "properties": {
        "id": "dc_243",
        "name": "Glesys",
        "type": "data_center",
        "subtype": "colocation",
        "operator": "Glesys AB",
        "description_it": "Record da OpenStreetMap (tag data_center). Da validare con almeno una seconda fonte.",
        "country": "SE",
        "city": "n/d",
        "status": "unknown",
        "site_category": "infrastructure",
        "opened_year": null,
        "updated_at": "2026-09-23",
        "confidence": "low",
        "import_source": "osm_overpass",
        "external_id": "osm/node/13996258080",
        "sources": [
          {
            "title": "OpenStreetMap / Overpass",
            "url": "https://wiki.openstreetmap.org/wiki/Tag:telecom%3Ddata_center",
            "accessed_at": "2026-09-23",
            "note": "osm_id=13996258080"
          }
        ]
      }
    },
    {
      "type": "Feature",
      "geometry": {
        "type": "Point",
        "coordinates": [
          18.016814,
          59.2895561
        ]
      },
      "properties": {
        "id": "dc_244",
        "name": "Glesys",
        "type": "data_center",
        "subtype": "colocation",
        "operator": "Glesys AB",
        "description_it": "Record da OpenStreetMap (tag data_center). Da validare con almeno una seconda fonte.",
        "country": "SE",
        "city": "n/d",
        "status": "unknown",
        "site_category": "infrastructure",
        "opened_year": null,
        "updated_at": "2026-09-23",
        "confidence": "low",
        "import_source": "osm_overpass",
        "external_id": "osm/node/13996265466",
        "sources": [
          {
            "title": "OpenStreetMap / Overpass",
            "url": "https://wiki.openstreetmap.org/wiki/Tag:telecom%3Ddata_center",
            "accessed_at": "2026-09-23",
            "note": "osm_id=13996265466"
          }
        ]
      }
    },
    {
      "type": "Feature",
      "geometry": {
        "type": "Point",
        "coordinates": [
          22.1323413,
          65.6121004
        ]
      },
      "properties": {
        "id": "dc_245",
        "name": "ICE Datacenter",
        "type": "data_center",
        "subtype": "colocation",
        "operator": "RISE",
        "description_it": "Record da OpenStreetMap (tag data_center). Da validare con almeno una seconda fonte.",
        "country": "SE",
        "city": "Luleå",
        "status": "unknown",
        "site_category": "infrastructure",
        "opened_year": null,
        "updated_at": "2026-09-23",
        "confidence": "low",
        "import_source": "osm_overpass",
        "external_id": "osm/node/14102567399",
        "sources": [
          {
            "title": "OpenStreetMap / Overpass",
            "url": "https://wiki.openstreetmap.org/wiki/Tag:telecom%3Ddata_center",
            "accessed_at": "2026-09-23",
            "note": "osm_id=14102567399"
          }
        ]
      }
    },
    {
      "type": "Feature",
      "geometry": {
        "type": "Point",
        "coordinates": [
          10.1557782,
          56.1175792
        ]
      },
      "properties": {
        "id": "dc_246",
        "name": "Kolo DK4 Viby J.",
        "type": "data_center",
        "subtype": "colocation",
        "operator": "Kolo",
        "description_it": "Record da OpenStreetMap (tag data_center). Da validare con almeno una seconda fonte.",
        "country": "DK",
        "city": "n/d",
        "status": "unknown",
        "site_category": "infrastructure",
        "opened_year": null,
        "updated_at": "2026-09-23",
        "confidence": "low",
        "import_source": "osm_overpass",
        "external_id": "osm/node/14124891841",
        "sources": [
          {
            "title": "OpenStreetMap / Overpass",
            "url": "https://wiki.openstreetmap.org/wiki/Tag:telecom%3Ddata_center",
            "accessed_at": "2026-09-23",
            "note": "osm_id=14124891841"
          }
        ]
      }
    },
    {
      "type": "Feature",
      "geometry": {
        "type": "Point",
        "coordinates": [
          12.535328,
          55.7052259
        ]
      },
      "properties": {
        "id": "dc_247",
        "name": "Kolo DK5 Copenhagen",
        "type": "data_center",
        "subtype": "colocation",
        "operator": "Kolo",
        "description_it": "Record da OpenStreetMap (tag data_center). Da validare con almeno una seconda fonte.",
        "country": "SE",
        "city": "n/d",
        "status": "unknown",
        "site_category": "infrastructure",
        "opened_year": null,
        "updated_at": "2026-09-23",
        "confidence": "low",
        "import_source": "osm_overpass",
        "external_id": "osm/node/14125189898",
        "sources": [
          {
            "title": "OpenStreetMap / Overpass",
            "url": "https://wiki.openstreetmap.org/wiki/Tag:telecom%3Ddata_center",
            "accessed_at": "2026-09-23",
            "note": "osm_id=14125189898"
          }
        ]
      }
    },
    {
      "type": "Feature",
      "geometry": {
        "type": "Point",
        "coordinates": [
          30.35639,
          59.9149489
        ]
      },
      "properties": {
        "id": "dc_248",
        "name": "РетнНет",
        "type": "data_center",
        "subtype": "colocation",
        "operator": "Unknown",
        "description_it": "Record da OpenStreetMap (tag data_center). Da validare con almeno una seconda fonte.",
        "country": "FI",
        "city": "n/d",
        "status": "unknown",
        "site_category": "infrastructure",
        "opened_year": null,
        "updated_at": "2026-09-23",
        "confidence": "low",
        "import_source": "osm_overpass",
        "external_id": "osm/node/14159539782",
        "sources": [
          {
            "title": "OpenStreetMap / Overpass",
            "url": "https://wiki.openstreetmap.org/wiki/Tag:telecom%3Ddata_center",
            "accessed_at": "2026-09-23",
            "note": "osm_id=14159539782"
          }
        ]
      }
    },
    {
      "type": "Feature",
      "geometry": {
        "type": "Point",
        "coordinates": [
          24.985589,
          60.2213724
        ]
      },
      "properties": {
        "id": "dc_249",
        "name": "Equinix Data Center HE5",
        "type": "data_center",
        "subtype": "colocation",
        "operator": "Equinix",
        "description_it": "Record da OpenStreetMap (tag data_center). Da validare con almeno una seconda fonte.",
        "country": "FI",
        "city": "Helsinki",
        "status": "unknown",
        "site_category": "infrastructure",
        "opened_year": null,
        "updated_at": "2026-09-23",
        "confidence": "low",
        "import_source": "osm_overpass",
        "external_id": "osm/way/13780142",
        "sources": [
          {
            "title": "OpenStreetMap / Overpass",
            "url": "https://wiki.openstreetmap.org/wiki/Tag:telecom%3Ddata_center",
            "accessed_at": "2026-09-23",
            "note": "osm_id=13780142"
          }
        ]
      }
    },
    {
      "type": "Feature",
      "geometry": {
        "type": "Point",
        "coordinates": [
          12.3773691,
          55.7276398
        ]
      },
      "properties": {
        "id": "dc_250",
        "name": "Digital Realty Copenhagen CPH1",
        "type": "data_center",
        "subtype": "colocation",
        "operator": "Digital Realty",
        "description_it": "Record da OpenStreetMap (tag data_center). Da validare con almeno una seconda fonte.",
        "country": "SE",
        "city": "n/d",
        "status": "unknown",
        "site_category": "infrastructure",
        "opened_year": null,
        "updated_at": "2026-09-23",
        "confidence": "low",
        "import_source": "osm_overpass",
        "external_id": "osm/way/25629568",
        "sources": [
          {
            "title": "OpenStreetMap / Overpass",
            "url": "https://wiki.openstreetmap.org/wiki/Tag:telecom%3Ddata_center",
            "accessed_at": "2026-09-23",
            "note": "osm_id=25629568"
          }
        ]
      }
    },
    {
      "type": "Feature",
      "geometry": {
        "type": "Point",
        "coordinates": [
          12.3677805,
          55.6677258
        ]
      },
      "properties": {
        "id": "dc_251",
        "name": "Adeo Datacenter ApS",
        "type": "data_center",
        "subtype": "colocation",
        "operator": "Adeo Datacenter ApS",
        "description_it": "Record da OpenStreetMap (tag data_center). Da validare con almeno una seconda fonte.",
        "country": "SE",
        "city": "n/d",
        "status": "unknown",
        "site_category": "infrastructure",
        "opened_year": null,
        "updated_at": "2026-09-23",
        "confidence": "low",
        "import_source": "osm_overpass",
        "external_id": "osm/way/25802546",
        "sources": [
          {
            "title": "OpenStreetMap / Overpass",
            "url": "https://wiki.openstreetmap.org/wiki/Tag:telecom%3Ddata_center",
            "accessed_at": "2026-09-23",
            "note": "osm_id=25802546"
          }
        ]
      }
    },
    {
      "type": "Feature",
      "geometry": {
        "type": "Point",
        "coordinates": [
          25.1011556,
          60.3034332
        ]
      },
      "properties": {
        "id": "dc_252",
        "name": "Verne Global HELSINKI",
        "type": "data_center",
        "subtype": "colocation",
        "operator": "Verne Global",
        "description_it": "Record da OpenStreetMap (tag data_center). Da validare con almeno una seconda fonte.",
        "country": "FI",
        "city": "Vantaa",
        "status": "unknown",
        "site_category": "infrastructure",
        "opened_year": null,
        "updated_at": "2026-09-23",
        "confidence": "low",
        "import_source": "osm_overpass",
        "external_id": "osm/way/26933574",
        "sources": [
          {
            "title": "OpenStreetMap / Overpass",
            "url": "https://wiki.openstreetmap.org/wiki/Tag:telecom%3Ddata_center",
            "accessed_at": "2026-09-23",
            "note": "osm_id=26933574"
          }
        ]
      }
    },
    {
      "type": "Feature",
      "geometry": {
        "type": "Point",
        "coordinates": [
          10.80956,
          59.9248238
        ]
      },
      "properties": {
        "id": "dc_253",
        "name": "Stack Infrastructure OSLO1A",
        "type": "data_center",
        "subtype": "hyperscale",
        "operator": "Stack Infrastructure",
        "description_it": "Record da OpenStreetMap classificato come hyperscale (operatore cloud/campus). Da validare con una seconda fonte.",
        "country": "SE",
        "city": "n/d",
        "status": "unknown",
        "site_category": "infrastructure",
        "opened_year": null,
        "updated_at": "2026-09-23",
        "confidence": "low",
        "import_source": "osm_overpass",
        "external_id": "osm/way/30724580",
        "sources": [
          {
            "title": "OpenStreetMap / Overpass",
            "url": "https://wiki.openstreetmap.org/wiki/Tag:telecom%3Ddata_center",
            "accessed_at": "2026-09-23",
            "note": "osm_id=30724580"
          }
        ]
      }
    },
    {
      "type": "Feature",
      "geometry": {
        "type": "Point",
        "coordinates": [
          30.3991831,
          59.8983752
        ]
      },
      "properties": {
        "id": "dc_254",
        "name": "IMAQLIQ Data Center",
        "type": "data_center",
        "subtype": "colocation",
        "operator": "Unknown",
        "description_it": "Record da OpenStreetMap (tag data_center). Da validare con almeno una seconda fonte.",
        "country": "FI",
        "city": "Санкт-Петербург",
        "status": "unknown",
        "site_category": "infrastructure",
        "opened_year": null,
        "updated_at": "2026-09-23",
        "confidence": "low",
        "import_source": "osm_overpass",
        "external_id": "osm/way/38023264",
        "sources": [
          {
            "title": "OpenStreetMap / Overpass",
            "url": "https://wiki.openstreetmap.org/wiki/Tag:telecom%3Ddata_center",
            "accessed_at": "2026-09-23",
            "note": "osm_id=38023264"
          }
        ]
      }
    },
    {
      "type": "Feature",
      "geometry": {
        "type": "Point",
        "coordinates": [
          10.8354705,
          59.9386955
        ]
      },
      "properties": {
        "id": "dc_255",
        "name": "Bulk Data Centers Oslo Internet Exchange",
        "type": "data_center",
        "subtype": "colocation",
        "operator": "Unknown",
        "description_it": "Record da OpenStreetMap (tag data_center). Da validare con almeno una seconda fonte.",
        "country": "SE",
        "city": "n/d",
        "status": "unknown",
        "site_category": "infrastructure",
        "opened_year": null,
        "updated_at": "2026-09-23",
        "confidence": "low",
        "import_source": "osm_overpass",
        "external_id": "osm/way/80871917",
        "sources": [
          {
            "title": "OpenStreetMap / Overpass",
            "url": "https://wiki.openstreetmap.org/wiki/Tag:telecom%3Ddata_center",
            "accessed_at": "2026-09-23",
            "note": "osm_id=80871917"
          }
        ]
      }
    },
    {
      "type": "Feature",
      "geometry": {
        "type": "Point",
        "coordinates": [
          24.7785305,
          60.2031241
        ]
      },
      "properties": {
        "id": "dc_256",
        "name": "Equinix Data Center HE6",
        "type": "data_center",
        "subtype": "colocation",
        "operator": "Equinix",
        "description_it": "Record da OpenStreetMap (tag data_center). Da validare con almeno una seconda fonte.",
        "country": "FI",
        "city": "Espoo",
        "status": "unknown",
        "site_category": "infrastructure",
        "opened_year": null,
        "updated_at": "2026-09-23",
        "confidence": "low",
        "import_source": "osm_overpass",
        "external_id": "osm/way/96258618",
        "sources": [
          {
            "title": "OpenStreetMap / Overpass",
            "url": "https://wiki.openstreetmap.org/wiki/Tag:telecom%3Ddata_center",
            "accessed_at": "2026-09-23",
            "note": "osm_id=96258618"
          }
        ]
      }
    },
    {
      "type": "Feature",
      "geometry": {
        "type": "Point",
        "coordinates": [
          30.9327013,
          59.8343917
        ]
      },
      "properties": {
        "id": "dc_257",
        "name": "ЦОД \"Дубровка-1\"",
        "type": "data_center",
        "subtype": "colocation",
        "operator": "Selectel",
        "description_it": "Record da OpenStreetMap (tag data_center). Da validare con almeno una seconda fonte.",
        "country": "FI",
        "city": "n/d",
        "status": "unknown",
        "site_category": "infrastructure",
        "opened_year": null,
        "updated_at": "2026-09-23",
        "confidence": "low",
        "import_source": "osm_overpass",
        "external_id": "osm/way/168582094",
        "sources": [
          {
            "title": "OpenStreetMap / Overpass",
            "url": "https://wiki.openstreetmap.org/wiki/Tag:telecom%3Ddata_center",
            "accessed_at": "2026-09-23",
            "note": "osm_id=168582094"
          }
        ]
      }
    },
    {
      "type": "Feature",
      "geometry": {
        "type": "Point",
        "coordinates": [
          22.1162984,
          65.6165423
        ]
      },
      "properties": {
        "id": "dc_258",
        "name": "Metas datacenter i Luleå",
        "type": "data_center",
        "subtype": "hyperscale",
        "operator": "Meta",
        "description_it": "Record da OpenStreetMap classificato come hyperscale (operatore cloud/campus). Da validare con una seconda fonte.",
        "country": "SE",
        "city": "n/d",
        "status": "unknown",
        "site_category": "infrastructure",
        "opened_year": null,
        "updated_at": "2026-09-23",
        "confidence": "low",
        "import_source": "osm_overpass",
        "external_id": "osm/way/260883600",
        "sources": [
          {
            "title": "OpenStreetMap / Overpass",
            "url": "https://wiki.openstreetmap.org/wiki/Tag:telecom%3Ddata_center",
            "accessed_at": "2026-09-23",
            "note": "osm_id=260883600"
          }
        ]
      }
    },
    {
      "type": "Feature",
      "geometry": {
        "type": "Point",
        "coordinates": [
          21.4227844,
          65.3364566
        ]
      },
      "properties": {
        "id": "dc_259",
        "name": "Kolo SE3 Piteå",
        "type": "data_center",
        "subtype": "colocation",
        "operator": "Kolo",
        "description_it": "Record da OpenStreetMap (tag data_center). Da validare con almeno una seconda fonte.",
        "country": "SE",
        "city": "n/d",
        "status": "unknown",
        "site_category": "infrastructure",
        "opened_year": null,
        "updated_at": "2026-09-23",
        "confidence": "low",
        "import_source": "osm_overpass",
        "external_id": "osm/way/322518504",
        "sources": [
          {
            "title": "OpenStreetMap / Overpass",
            "url": "https://wiki.openstreetmap.org/wiki/Tag:telecom%3Ddata_center",
            "accessed_at": "2026-09-23",
            "note": "osm_id=322518504"
          }
        ]
      }
    },
    {
      "type": "Feature",
      "geometry": {
        "type": "Point",
        "coordinates": [
          27.1120349,
          60.5383277
        ]
      },
      "properties": {
        "id": "dc_260",
        "name": "LPP",
        "type": "data_center",
        "subtype": "hyperscale",
        "operator": "Google",
        "description_it": "Record da OpenStreetMap classificato come hyperscale (operatore cloud/campus). Da validare con una seconda fonte.",
        "country": "FI",
        "city": "Hamina",
        "status": "unknown",
        "site_category": "infrastructure",
        "opened_year": null,
        "updated_at": "2026-09-23",
        "confidence": "low",
        "import_source": "osm_overpass",
        "external_id": "osm/way/323686447",
        "sources": [
          {
            "title": "OpenStreetMap / Overpass",
            "url": "https://wiki.openstreetmap.org/wiki/Tag:telecom%3Ddata_center",
            "accessed_at": "2026-09-23",
            "note": "osm_id=323686447"
          }
        ]
      }
    },
    {
      "type": "Feature",
      "geometry": {
        "type": "Point",
        "coordinates": [
          9.6531741,
          55.5579737
        ]
      },
      "properties": {
        "id": "dc_261",
        "name": "Google Data Center Fredericia",
        "type": "data_center",
        "subtype": "hyperscale",
        "operator": "Google",
        "description_it": "Record da OpenStreetMap classificato come hyperscale (operatore cloud/campus). Da validare con una seconda fonte.",
        "country": "DK",
        "city": "n/d",
        "status": "unknown",
        "site_category": "infrastructure",
        "opened_year": null,
        "updated_at": "2026-09-23",
        "confidence": "low",
        "import_source": "osm_overpass",
        "external_id": "osm/way/436766762",
        "sources": [
          {
            "title": "OpenStreetMap / Overpass",
            "url": "https://wiki.openstreetmap.org/wiki/Tag:telecom%3Ddata_center",
            "accessed_at": "2026-09-23",
            "note": "osm_id=436766762"
          }
        ]
      }
    },
    {
      "type": "Feature",
      "geometry": {
        "type": "Point",
        "coordinates": [
          25.0312234,
          60.3422472
        ]
      },
      "properties": {
        "id": "dc_262",
        "name": "Hetzner data center - HEL1",
        "type": "data_center",
        "subtype": "colocation",
        "operator": "Hetzner Finland Oy",
        "description_it": "Record da OpenStreetMap (tag data_center). Da validare con almeno una seconda fonte.",
        "country": "FI",
        "city": "n/d",
        "status": "unknown",
        "site_category": "infrastructure",
        "opened_year": null,
        "updated_at": "2026-09-23",
        "confidence": "low",
        "import_source": "osm_overpass",
        "external_id": "osm/way/459879213",
        "sources": [
          {
            "title": "OpenStreetMap / Overpass",
            "url": "https://wiki.openstreetmap.org/wiki/Tag:telecom%3Ddata_center",
            "accessed_at": "2026-09-23",
            "note": "osm_id=459879213"
          }
        ]
      }
    },
    {
      "type": "Feature",
      "geometry": {
        "type": "Point",
        "coordinates": [
          10.5007399,
          57.3186485
        ]
      },
      "properties": {
        "id": "dc_263",
        "name": "Prime Data Centers - Saeby Campus AAL01",
        "type": "data_center",
        "subtype": "colocation",
        "operator": "Prime Data Centers",
        "description_it": "Record da OpenStreetMap (tag data_center). Da validare con almeno una seconda fonte.",
        "country": "SE",
        "city": "n/d",
        "status": "unknown",
        "site_category": "infrastructure",
        "opened_year": null,
        "updated_at": "2026-09-23",
        "confidence": "low",
        "import_source": "osm_overpass",
        "external_id": "osm/way/618756435",
        "sources": [
          {
            "title": "OpenStreetMap / Overpass",
            "url": "https://wiki.openstreetmap.org/wiki/Tag:telecom%3Ddata_center",
            "accessed_at": "2026-09-23",
            "note": "osm_id=618756435"
          }
        ]
      }
    },
    {
      "type": "Feature",
      "geometry": {
        "type": "Point",
        "coordinates": [
          24.8777166,
          60.2159146
        ]
      },
      "properties": {
        "id": "dc_264",
        "name": "Telia HDC",
        "type": "data_center",
        "subtype": "colocation",
        "operator": "Telia Finland Oyj",
        "description_it": "Record da OpenStreetMap (tag data_center). Da validare con almeno una seconda fonte.",
        "country": "FI",
        "city": "Helsinki",
        "status": "unknown",
        "site_category": "infrastructure",
        "opened_year": null,
        "updated_at": "2026-09-23",
        "confidence": "low",
        "import_source": "osm_overpass",
        "external_id": "osm/way/640329703",
        "sources": [
          {
            "title": "OpenStreetMap / Overpass",
            "url": "https://wiki.openstreetmap.org/wiki/Tag:telecom%3Ddata_center",
            "accessed_at": "2026-09-23",
            "note": "osm_id=640329703"
          }
        ]
      }
    },
    {
      "type": "Feature",
      "geometry": {
        "type": "Point",
        "coordinates": [
          10.4850495,
          55.3667289
        ]
      },
      "properties": {
        "id": "dc_265",
        "name": "Meta Odense Data center",
        "type": "data_center",
        "subtype": "hyperscale",
        "operator": "Meta",
        "description_it": "Record da OpenStreetMap classificato come hyperscale (operatore cloud/campus). Da validare con una seconda fonte.",
        "country": "DE",
        "city": "n/d",
        "status": "unknown",
        "site_category": "infrastructure",
        "opened_year": null,
        "updated_at": "2026-09-23",
        "confidence": "low",
        "import_source": "osm_overpass",
        "external_id": "osm/way/648731568",
        "sources": [
          {
            "title": "OpenStreetMap / Overpass",
            "url": "https://wiki.openstreetmap.org/wiki/Tag:telecom%3Ddata_center",
            "accessed_at": "2026-09-23",
            "note": "osm_id=648731568"
          }
        ]
      }
    },
    {
      "type": "Feature",
      "geometry": {
        "type": "Point",
        "coordinates": [
          18.1054187,
          59.263483
        ]
      },
      "properties": {
        "id": "dc_266",
        "name": "Equinix Stockholm SK2",
        "type": "data_center",
        "subtype": "colocation",
        "operator": "Equinix",
        "description_it": "Record da OpenStreetMap (tag data_center). Da validare con almeno una seconda fonte.",
        "country": "SE",
        "city": "Sköndal",
        "status": "unknown",
        "site_category": "infrastructure",
        "opened_year": null,
        "updated_at": "2026-09-23",
        "confidence": "low",
        "import_source": "osm_overpass",
        "external_id": "osm/way/701087312",
        "sources": [
          {
            "title": "OpenStreetMap / Overpass",
            "url": "https://wiki.openstreetmap.org/wiki/Tag:telecom%3Ddata_center",
            "accessed_at": "2026-09-23",
            "note": "osm_id=701087312"
          }
        ]
      }
    },
    {
      "type": "Feature",
      "geometry": {
        "type": "Point",
        "coordinates": [
          16.5806648,
          59.6495077
        ]
      },
      "properties": {
        "id": "dc_267",
        "name": "AWS eu-north-1 Availability Zone V",
        "type": "data_center",
        "subtype": "hyperscale",
        "operator": "Amazon Web Services",
        "description_it": "Record da OpenStreetMap classificato come hyperscale (operatore cloud/campus). Da validare con una seconda fonte.",
        "country": "SE",
        "city": "n/d",
        "status": "unknown",
        "site_category": "infrastructure",
        "opened_year": null,
        "updated_at": "2026-09-23",
        "confidence": "low",
        "import_source": "osm_overpass",
        "external_id": "osm/way/721853421",
        "sources": [
          {
            "title": "OpenStreetMap / Overpass",
            "url": "https://wiki.openstreetmap.org/wiki/Tag:telecom%3Ddata_center",
            "accessed_at": "2026-09-23",
            "note": "osm_id=721853421"
          }
        ]
      }
    },
    {
      "type": "Feature",
      "geometry": {
        "type": "Point",
        "coordinates": [
          15.6096897,
          60.6105558
        ]
      },
      "properties": {
        "id": "dc_268",
        "name": "EcoDataCenter",
        "type": "data_center",
        "subtype": "colocation",
        "operator": "Unknown",
        "description_it": "Record da OpenStreetMap (tag data_center). Da validare con almeno una seconda fonte.",
        "country": "SE",
        "city": "n/d",
        "status": "unknown",
        "site_category": "infrastructure",
        "opened_year": null,
        "updated_at": "2026-09-23",
        "confidence": "low",
        "import_source": "osm_overpass",
        "external_id": "osm/way/726566209",
        "sources": [
          {
            "title": "OpenStreetMap / Overpass",
            "url": "https://wiki.openstreetmap.org/wiki/Tag:telecom%3Ddata_center",
            "accessed_at": "2026-09-23",
            "note": "osm_id=726566209"
          }
        ]
      }
    },
    {
      "type": "Feature",
      "geometry": {
        "type": "Point",
        "coordinates": [
          12.4169427,
          55.6935145
        ]
      },
      "properties": {
        "id": "dc_269",
        "name": "EIA1",
        "type": "data_center",
        "subtype": "colocation",
        "operator": "Aeven",
        "description_it": "Record da OpenStreetMap (tag data_center). Da validare con almeno una seconda fonte.",
        "country": "SE",
        "city": "n/d",
        "status": "unknown",
        "site_category": "infrastructure",
        "opened_year": null,
        "updated_at": "2026-09-23",
        "confidence": "low",
        "import_source": "osm_overpass",
        "external_id": "osm/way/759128175",
        "sources": [
          {
            "title": "OpenStreetMap / Overpass",
            "url": "https://wiki.openstreetmap.org/wiki/Tag:telecom%3Ddata_center",
            "accessed_at": "2026-09-23",
            "note": "osm_id=759128175"
          }
        ]
      }
    },
    {
      "type": "Feature",
      "geometry": {
        "type": "Point",
        "coordinates": [
          8.4964645,
          55.5090275
        ]
      },
      "properties": {
        "id": "dc_270",
        "name": "Bulk Infrastructure DK01 Campus",
        "type": "data_center",
        "subtype": "colocation",
        "operator": "Bulk Infrastructure",
        "description_it": "Record da OpenStreetMap (tag data_center). Da validare con almeno una seconda fonte.",
        "country": "DK",
        "city": "n/d",
        "status": "unknown",
        "site_category": "infrastructure",
        "opened_year": null,
        "updated_at": "2026-09-23",
        "confidence": "low",
        "import_source": "osm_overpass",
        "external_id": "osm/way/809891622",
        "sources": [
          {
            "title": "OpenStreetMap / Overpass",
            "url": "https://wiki.openstreetmap.org/wiki/Tag:telecom%3Ddata_center",
            "accessed_at": "2026-09-23",
            "note": "osm_id=809891622"
          }
        ]
      }
    },
    {
      "type": "Feature",
      "geometry": {
        "type": "Point",
        "coordinates": [
          25.2639589,
          60.6289278
        ]
      },
      "properties": {
        "id": "dc_271",
        "name": "Global DC OY",
        "type": "data_center",
        "subtype": "colocation",
        "operator": "Yandex",
        "description_it": "Record da OpenStreetMap (tag data_center). Da validare con almeno una seconda fonte.",
        "country": "FI",
        "city": "n/d",
        "status": "unknown",
        "site_category": "infrastructure",
        "opened_year": null,
        "updated_at": "2026-09-23",
        "confidence": "low",
        "import_source": "osm_overpass",
        "external_id": "osm/way/846760920",
        "sources": [
          {
            "title": "OpenStreetMap / Overpass",
            "url": "https://wiki.openstreetmap.org/wiki/Tag:telecom%3Ddata_center",
            "accessed_at": "2026-09-23",
            "note": "osm_id=846760920"
          }
        ]
      }
    },
    {
      "type": "Feature",
      "geometry": {
        "type": "Point",
        "coordinates": [
          12.2770442,
          65.9765638
        ]
      },
      "properties": {
        "id": "dc_272",
        "name": "Signal",
        "type": "data_center",
        "subtype": "colocation",
        "operator": "Unknown",
        "description_it": "Record da OpenStreetMap (tag data_center). Da validare con almeno una seconda fonte.",
        "country": "SE",
        "city": "n/d",
        "status": "unknown",
        "site_category": "infrastructure",
        "opened_year": null,
        "updated_at": "2026-09-23",
        "confidence": "low",
        "import_source": "osm_overpass",
        "external_id": "osm/way/869898955",
        "sources": [
          {
            "title": "OpenStreetMap / Overpass",
            "url": "https://wiki.openstreetmap.org/wiki/Tag:telecom%3Ddata_center",
            "accessed_at": "2026-09-23",
            "note": "osm_id=869898955"
          }
        ]
      }
    },
    {
      "type": "Feature",
      "geometry": {
        "type": "Point",
        "coordinates": [
          16.2351743,
          58.9964164
        ]
      },
      "properties": {
        "id": "dc_273",
        "name": "AWS eu-north-1 Availability Zone K",
        "type": "data_center",
        "subtype": "hyperscale",
        "operator": "Amazon Web Services",
        "description_it": "Record da OpenStreetMap classificato come hyperscale (operatore cloud/campus). Da validare con una seconda fonte.",
        "country": "SE",
        "city": "n/d",
        "status": "unknown",
        "site_category": "infrastructure",
        "opened_year": null,
        "updated_at": "2026-09-23",
        "confidence": "low",
        "import_source": "osm_overpass",
        "external_id": "osm/way/889389633",
        "sources": [
          {
            "title": "OpenStreetMap / Overpass",
            "url": "https://wiki.openstreetmap.org/wiki/Tag:telecom%3Ddata_center",
            "accessed_at": "2026-09-23",
            "note": "osm_id=889389633"
          }
        ]
      }
    },
    {
      "type": "Feature",
      "geometry": {
        "type": "Point",
        "coordinates": [
          10.9924386,
          59.7588857
        ]
      },
      "properties": {
        "id": "dc_274",
        "name": "Green Mountain Ytre Enebakk",
        "type": "data_center",
        "subtype": "colocation",
        "operator": "Unknown",
        "description_it": "Record da OpenStreetMap (tag data_center). Da validare con almeno una seconda fonte.",
        "country": "SE",
        "city": "n/d",
        "status": "unknown",
        "site_category": "infrastructure",
        "opened_year": null,
        "updated_at": "2026-09-23",
        "confidence": "low",
        "import_source": "osm_overpass",
        "external_id": "osm/way/935092287",
        "sources": [
          {
            "title": "OpenStreetMap / Overpass",
            "url": "https://wiki.openstreetmap.org/wiki/Tag:telecom%3Ddata_center",
            "accessed_at": "2026-09-23",
            "note": "osm_id=935092287"
          }
        ]
      }
    },
    {
      "type": "Feature",
      "geometry": {
        "type": "Point",
        "coordinates": [
          16.6917998,
          59.3583796
        ]
      },
      "properties": {
        "id": "dc_275",
        "name": "AWS eu-north-1 Availability Zone E",
        "type": "data_center",
        "subtype": "hyperscale",
        "operator": "Amazon Web Services",
        "description_it": "Record da OpenStreetMap classificato come hyperscale (operatore cloud/campus). Da validare con una seconda fonte.",
        "country": "SE",
        "city": "n/d",
        "status": "unknown",
        "site_category": "infrastructure",
        "opened_year": null,
        "updated_at": "2026-09-23",
        "confidence": "low",
        "import_source": "osm_overpass",
        "external_id": "osm/way/944875055",
        "sources": [
          {
            "title": "OpenStreetMap / Overpass",
            "url": "https://wiki.openstreetmap.org/wiki/Tag:telecom%3Ddata_center",
            "accessed_at": "2026-09-23",
            "note": "osm_id=944875055"
          }
        ]
      }
    },
    {
      "type": "Feature",
      "geometry": {
        "type": "Point",
        "coordinates": [
          16.740775,
          60.6354865
        ]
      },
      "properties": {
        "id": "dc_276",
        "name": "Microsoft",
        "type": "data_center",
        "subtype": "hyperscale",
        "operator": "Microsoft",
        "description_it": "Record da OpenStreetMap classificato come hyperscale (operatore cloud/campus). Da validare con una seconda fonte.",
        "country": "SE",
        "city": "n/d",
        "status": "unknown",
        "site_category": "infrastructure",
        "opened_year": null,
        "updated_at": "2026-09-23",
        "confidence": "low",
        "import_source": "osm_overpass",
        "external_id": "osm/way/990586250",
        "sources": [
          {
            "title": "OpenStreetMap / Overpass",
            "url": "https://wiki.openstreetmap.org/wiki/Tag:telecom%3Ddata_center",
            "accessed_at": "2026-09-23",
            "note": "osm_id=990586250"
          }
        ]
      }
    },
    {
      "type": "Feature",
      "geometry": {
        "type": "Point",
        "coordinates": [
          17.1344227,
          60.6286436
        ]
      },
      "properties": {
        "id": "dc_277",
        "name": "Microsoft",
        "type": "data_center",
        "subtype": "hyperscale",
        "operator": "Microsoft",
        "description_it": "Record da OpenStreetMap classificato come hyperscale (operatore cloud/campus). Da validare con una seconda fonte.",
        "country": "SE",
        "city": "n/d",
        "status": "unknown",
        "site_category": "infrastructure",
        "opened_year": null,
        "updated_at": "2026-09-23",
        "confidence": "low",
        "import_source": "osm_overpass",
        "external_id": "osm/way/1152538065",
        "sources": [
          {
            "title": "OpenStreetMap / Overpass",
            "url": "https://wiki.openstreetmap.org/wiki/Tag:telecom%3Ddata_center",
            "accessed_at": "2026-09-23",
            "note": "osm_id=1152538065"
          }
        ]
      }
    },
    {
      "type": "Feature",
      "geometry": {
        "type": "Point",
        "coordinates": [
          21.89145,
          61.5001295
        ]
      },
      "properties": {
        "id": "dc_278",
        "name": "Ficolo The Rock",
        "type": "data_center",
        "subtype": "colocation",
        "operator": "Ficolo",
        "description_it": "Record da OpenStreetMap (tag data_center). Da validare con almeno una seconda fonte.",
        "country": "SE",
        "city": "Ulvila",
        "status": "unknown",
        "site_category": "infrastructure",
        "opened_year": null,
        "updated_at": "2026-09-23",
        "confidence": "low",
        "import_source": "osm_overpass",
        "external_id": "osm/way/1189230940",
        "sources": [
          {
            "title": "OpenStreetMap / Overpass",
            "url": "https://wiki.openstreetmap.org/wiki/Tag:telecom%3Ddata_center",
            "accessed_at": "2026-09-23",
            "note": "osm_id=1189230940"
          }
        ]
      }
    },
    {
      "type": "Feature",
      "geometry": {
        "type": "Point",
        "coordinates": [
          12.0993291,
          55.5811774
        ]
      },
      "properties": {
        "id": "dc_279",
        "name": "CPH01",
        "type": "data_center",
        "subtype": "hyperscale",
        "operator": "Microsoft",
        "description_it": "Record da OpenStreetMap classificato come hyperscale (operatore cloud/campus). Da validare con una seconda fonte.",
        "country": "SE",
        "city": "n/d",
        "status": "unknown",
        "site_category": "infrastructure",
        "opened_year": null,
        "updated_at": "2026-09-23",
        "confidence": "low",
        "import_source": "osm_overpass",
        "external_id": "osm/way/1216992892",
        "sources": [
          {
            "title": "OpenStreetMap / Overpass",
            "url": "https://wiki.openstreetmap.org/wiki/Tag:telecom%3Ddata_center",
            "accessed_at": "2026-09-23",
            "note": "osm_id=1216992892"
          }
        ]
      }
    },
    {
      "type": "Feature",
      "geometry": {
        "type": "Point",
        "coordinates": [
          17.0090772,
          60.6008829
        ]
      },
      "properties": {
        "id": "dc_280",
        "name": "Microsoft",
        "type": "data_center",
        "subtype": "hyperscale",
        "operator": "Microsoft",
        "description_it": "Record da OpenStreetMap classificato come hyperscale (operatore cloud/campus). Da validare con una seconda fonte.",
        "country": "SE",
        "city": "n/d",
        "status": "unknown",
        "site_category": "infrastructure",
        "opened_year": null,
        "updated_at": "2026-09-23",
        "confidence": "low",
        "import_source": "osm_overpass",
        "external_id": "osm/way/1225367739",
        "sources": [
          {
            "title": "OpenStreetMap / Overpass",
            "url": "https://wiki.openstreetmap.org/wiki/Tag:telecom%3Ddata_center",
            "accessed_at": "2026-09-23",
            "note": "osm_id=1225367739"
          }
        ]
      }
    },
    {
      "type": "Feature",
      "geometry": {
        "type": "Point",
        "coordinates": [
          12.2592177,
          55.643701
        ]
      },
      "properties": {
        "id": "dc_281",
        "name": "CPH07",
        "type": "data_center",
        "subtype": "hyperscale",
        "operator": "Microsoft",
        "description_it": "Record da OpenStreetMap classificato come hyperscale (operatore cloud/campus). Da validare con una seconda fonte.",
        "country": "SE",
        "city": "n/d",
        "status": "unknown",
        "site_category": "infrastructure",
        "opened_year": null,
        "updated_at": "2026-09-23",
        "confidence": "low",
        "import_source": "osm_overpass",
        "external_id": "osm/way/1355695031",
        "sources": [
          {
            "title": "OpenStreetMap / Overpass",
            "url": "https://wiki.openstreetmap.org/wiki/Tag:telecom%3Ddata_center",
            "accessed_at": "2026-09-23",
            "note": "osm_id=1355695031"
          }
        ]
      }
    },
    {
      "type": "Feature",
      "geometry": {
        "type": "Point",
        "coordinates": [
          7.1087727,
          62.8624722
        ]
      },
      "properties": {
        "id": "dc_282",
        "name": "Troll Housing",
        "type": "data_center",
        "subtype": "colocation",
        "operator": "Troll Housing AS",
        "description_it": "Record da OpenStreetMap (tag data_center). Da validare con almeno una seconda fonte.",
        "country": "NO",
        "city": "Elnesvågen",
        "status": "unknown",
        "site_category": "infrastructure",
        "opened_year": null,
        "updated_at": "2026-09-23",
        "confidence": "low",
        "import_source": "osm_overpass",
        "external_id": "osm/way/1551029155",
        "sources": [
          {
            "title": "OpenStreetMap / Overpass",
            "url": "https://wiki.openstreetmap.org/wiki/Tag:telecom%3Ddata_center",
            "accessed_at": "2026-09-23",
            "note": "osm_id=1551029155"
          }
        ]
      }
    },
    {
      "type": "Feature",
      "geometry": {
        "type": "Point",
        "coordinates": [
          17.9166017,
          59.4221567
        ]
      },
      "properties": {
        "id": "dc_283",
        "name": "Digital Realty Stockholm STO1-STO5",
        "type": "data_center",
        "subtype": "colocation",
        "operator": "Digital Realty",
        "description_it": "Record da OpenStreetMap (tag data_center). Da validare con almeno una seconda fonte.",
        "country": "SE",
        "city": "n/d",
        "status": "unknown",
        "site_category": "infrastructure",
        "opened_year": null,
        "updated_at": "2026-09-23",
        "confidence": "low",
        "import_source": "osm_overpass",
        "external_id": "osm/relation/6125296",
        "sources": [
          {
            "title": "OpenStreetMap / Overpass",
            "url": "https://wiki.openstreetmap.org/wiki/Tag:telecom%3Ddata_center",
            "accessed_at": "2026-09-23",
            "note": "osm_id=6125296"
          }
        ]
      }
    },
    {
      "type": "Feature",
      "geometry": {
        "type": "Point",
        "coordinates": [
          11.0046451,
          59.6327351
        ]
      },
      "properties": {
        "id": "dc_284",
        "name": "STACK Infrastructure OSL04",
        "type": "data_center",
        "subtype": "hyperscale",
        "operator": "Stack Infrastructure",
        "description_it": "Record da OpenStreetMap classificato come hyperscale (operatore cloud/campus). Da validare con una seconda fonte.",
        "country": "SE",
        "city": "n/d",
        "status": "unknown",
        "site_category": "infrastructure",
        "opened_year": null,
        "updated_at": "2026-09-23",
        "confidence": "low",
        "import_source": "osm_overpass",
        "external_id": "osm/relation/14367602",
        "sources": [
          {
            "title": "OpenStreetMap / Overpass",
            "url": "https://wiki.openstreetmap.org/wiki/Tag:telecom%3Ddata_center",
            "accessed_at": "2026-09-23",
            "note": "osm_id=14367602"
          }
        ]
      }
    },
    {
      "type": "Feature",
      "geometry": {
        "type": "Point",
        "coordinates": [
          30.3725654,
          59.9728641
        ]
      },
      "properties": {
        "id": "dc_285",
        "name": "ЦОД Ростелеком",
        "type": "data_center",
        "subtype": "colocation",
        "operator": "Rostelecom",
        "description_it": "Record da OpenStreetMap (tag data_center). Da validare con almeno una seconda fonte.",
        "country": "FI",
        "city": "n/d",
        "status": "unknown",
        "site_category": "infrastructure",
        "opened_year": null,
        "updated_at": "2026-09-23",
        "confidence": "low",
        "import_source": "osm_overpass",
        "external_id": "osm/relation/16256441",
        "sources": [
          {
            "title": "OpenStreetMap / Overpass",
            "url": "https://wiki.openstreetmap.org/wiki/Tag:telecom%3Ddata_center",
            "accessed_at": "2026-09-23",
            "note": "osm_id=16256441"
          }
        ]
      }
    },
    {
      "type": "Feature",
      "geometry": {
        "type": "Point",
        "coordinates": [
          8.4334306,
          49.0960368
        ]
      },
      "properties": {
        "id": "dc_286",
        "name": "ForHLR II",
        "type": "data_center",
        "subtype": "colocation",
        "operator": "Steinbuch Centre for Computing",
        "description_it": "Record da OpenStreetMap (tag data_center). Da validare con almeno una seconda fonte.",
        "country": "FR",
        "city": "n/d",
        "status": "unknown",
        "site_category": "infrastructure",
        "opened_year": null,
        "updated_at": "2026-09-23",
        "confidence": "low",
        "import_source": "osm_overpass",
        "external_id": "osm/node/2042844290",
        "sources": [
          {
            "title": "OpenStreetMap / Overpass",
            "url": "https://wiki.openstreetmap.org/wiki/Tag:telecom%3Ddata_center",
            "accessed_at": "2026-09-23",
            "note": "osm_id=2042844290"
          }
        ]
      }
    },
    {
      "type": "Feature",
      "geometry": {
        "type": "Point",
        "coordinates": [
          6.0111466,
          49.2233907
        ]
      },
      "properties": {
        "id": "dc_287",
        "name": "Association ReptiGo",
        "type": "data_center",
        "subtype": "colocation",
        "operator": "Unknown",
        "description_it": "Record da OpenStreetMap (tag data_center). Da validare con almeno una seconda fonte.",
        "country": "FR",
        "city": "n/d",
        "status": "unknown",
        "site_category": "infrastructure",
        "opened_year": null,
        "updated_at": "2026-09-23",
        "confidence": "low",
        "import_source": "osm_overpass",
        "external_id": "osm/node/2161096396",
        "sources": [
          {
            "title": "OpenStreetMap / Overpass",
            "url": "https://wiki.openstreetmap.org/wiki/Tag:telecom%3Ddata_center",
            "accessed_at": "2026-09-23",
            "note": "osm_id=2161096396"
          }
        ]
      }
    },
    {
      "type": "Feature",
      "geometry": {
        "type": "Point",
        "coordinates": [
          9.9439876,
          51.5479407
        ]
      },
      "properties": {
        "id": "dc_288",
        "name": "GWDG - Außenstelle",
        "type": "data_center",
        "subtype": "colocation",
        "operator": "Unknown",
        "description_it": "Record da OpenStreetMap (tag data_center). Da validare con almeno una seconda fonte.",
        "country": "DE",
        "city": "Göttingen",
        "status": "unknown",
        "site_category": "infrastructure",
        "opened_year": null,
        "updated_at": "2026-09-23",
        "confidence": "low",
        "import_source": "osm_overpass",
        "external_id": "osm/node/2912338694",
        "sources": [
          {
            "title": "OpenStreetMap / Overpass",
            "url": "https://wiki.openstreetmap.org/wiki/Tag:telecom%3Ddata_center",
            "accessed_at": "2026-09-23",
            "note": "osm_id=2912338694"
          }
        ]
      }
    },
    {
      "type": "Feature",
      "geometry": {
        "type": "Point",
        "coordinates": [
          14.5302597,
          50.0601386
        ]
      },
      "properties": {
        "id": "dc_289",
        "name": "VSHosting s.r.o",
        "type": "data_center",
        "subtype": "colocation",
        "operator": "Unknown",
        "description_it": "Record da OpenStreetMap (tag data_center). Da validare con almeno una seconda fonte.",
        "country": "DE",
        "city": "n/d",
        "status": "unknown",
        "site_category": "infrastructure",
        "opened_year": null,
        "updated_at": "2026-09-23",
        "confidence": "low",
        "import_source": "osm_overpass",
        "external_id": "osm/node/3761896088",
        "sources": [
          {
            "title": "OpenStreetMap / Overpass",
            "url": "https://wiki.openstreetmap.org/wiki/Tag:telecom%3Ddata_center",
            "accessed_at": "2026-09-23",
            "note": "osm_id=3761896088"
          }
        ]
      }
    },
    {
      "type": "Feature",
      "geometry": {
        "type": "Point",
        "coordinates": [
          8.5856592,
          50.1261254
        ]
      },
      "properties": {
        "id": "dc_290",
        "name": "Informationstechnikzentrum Bund (ITZBund)",
        "type": "data_center",
        "subtype": "colocation",
        "operator": "Unknown",
        "description_it": "Record da OpenStreetMap (tag data_center). Da validare con almeno una seconda fonte.",
        "country": "FR",
        "city": "Frankfurt am Main",
        "status": "unknown",
        "site_category": "infrastructure",
        "opened_year": null,
        "updated_at": "2026-09-23",
        "confidence": "low",
        "import_source": "osm_overpass",
        "external_id": "osm/node/4019998661",
        "sources": [
          {
            "title": "OpenStreetMap / Overpass",
            "url": "https://wiki.openstreetmap.org/wiki/Tag:telecom%3Ddata_center",
            "accessed_at": "2026-09-23",
            "note": "osm_id=4019998661"
          }
        ]
      }
    },
    {
      "type": "Feature",
      "geometry": {
        "type": "Point",
        "coordinates": [
          8.4398031,
          49.019584
        ]
      },
      "properties": {
        "id": "dc_291",
        "name": "TelemaxX IPC2",
        "type": "data_center",
        "subtype": "colocation",
        "operator": "TelemaxX Telekommunikation GmbH",
        "description_it": "Record da OpenStreetMap (tag data_center). Da validare con almeno una seconda fonte.",
        "country": "DE",
        "city": "Karlsruhe",
        "status": "unknown",
        "site_category": "infrastructure",
        "opened_year": null,
        "updated_at": "2026-09-23",
        "confidence": "low",
        "import_source": "osm_overpass",
        "external_id": "osm/node/4231017085",
        "sources": [
          {
            "title": "OpenStreetMap / Overpass",
            "url": "https://wiki.openstreetmap.org/wiki/Tag:telecom%3Ddata_center",
            "accessed_at": "2026-09-23",
            "note": "osm_id=4231017085"
          }
        ]
      }
    },
    {
      "type": "Feature",
      "geometry": {
        "type": "Point",
        "coordinates": [
          11.1766281,
          49.3896407
        ]
      },
      "properties": {
        "id": "dc_292",
        "name": "NorthC Nürnberg 1",
        "type": "data_center",
        "subtype": "colocation",
        "operator": "NorthC",
        "description_it": "Record da OpenStreetMap (tag data_center). Da validare con almeno una seconda fonte.",
        "country": "DE",
        "city": "Nürnberg",
        "status": "unknown",
        "site_category": "infrastructure",
        "opened_year": null,
        "updated_at": "2026-09-23",
        "confidence": "low",
        "import_source": "osm_overpass",
        "external_id": "osm/node/4242731538",
        "sources": [
          {
            "title": "OpenStreetMap / Overpass",
            "url": "https://wiki.openstreetmap.org/wiki/Tag:telecom%3Ddata_center",
            "accessed_at": "2026-09-23",
            "note": "osm_id=4242731538"
          }
        ]
      }
    },
    {
      "type": "Feature",
      "geometry": {
        "type": "Point",
        "coordinates": [
          8.7905596,
          53.0938935
        ]
      },
      "properties": {
        "id": "dc_293",
        "name": "ColocationIX",
        "type": "data_center",
        "subtype": "colocation",
        "operator": "Unknown",
        "description_it": "Record da OpenStreetMap (tag data_center). Da validare con almeno una seconda fonte.",
        "country": "DE",
        "city": "n/d",
        "status": "unknown",
        "site_category": "infrastructure",
        "opened_year": null,
        "updated_at": "2026-09-23",
        "confidence": "low",
        "import_source": "osm_overpass",
        "external_id": "osm/node/5262515319",
        "sources": [
          {
            "title": "OpenStreetMap / Overpass",
            "url": "https://wiki.openstreetmap.org/wiki/Tag:telecom%3Ddata_center",
            "accessed_at": "2026-09-23",
            "note": "osm_id=5262515319"
          }
        ]
      }
    },
    {
      "type": "Feature",
      "geometry": {
        "type": "Point",
        "coordinates": [
          12.1066375,
          54.0773947
        ]
      },
      "properties": {
        "id": "dc_294",
        "name": "IT- und Medienzentrum",
        "type": "data_center",
        "subtype": "colocation",
        "operator": "Universität Rostock",
        "description_it": "Record da OpenStreetMap (tag data_center). Da validare con almeno una seconda fonte.",
        "country": "DE",
        "city": "n/d",
        "status": "unknown",
        "site_category": "infrastructure",
        "opened_year": null,
        "updated_at": "2026-09-23",
        "confidence": "low",
        "import_source": "osm_overpass",
        "external_id": "osm/node/5807803485",
        "sources": [
          {
            "title": "OpenStreetMap / Overpass",
            "url": "https://wiki.openstreetmap.org/wiki/Tag:telecom%3Ddata_center",
            "accessed_at": "2026-09-23",
            "note": "osm_id=5807803485"
          }
        ]
      }
    },
    {
      "type": "Feature",
      "geometry": {
        "type": "Point",
        "coordinates": [
          7.6102911,
          51.9746919
        ]
      },
      "properties": {
        "id": "dc_295",
        "name": "Rechenzentrum Citeq",
        "type": "data_center",
        "subtype": "colocation",
        "operator": "Stadt Münster",
        "description_it": "Record da OpenStreetMap (tag data_center). Da validare con almeno una seconda fonte.",
        "country": "DE",
        "city": "n/d",
        "status": "unknown",
        "site_category": "infrastructure",
        "opened_year": null,
        "updated_at": "2026-09-23",
        "confidence": "low",
        "import_source": "osm_overpass",
        "external_id": "osm/node/5812546640",
        "sources": [
          {
            "title": "OpenStreetMap / Overpass",
            "url": "https://wiki.openstreetmap.org/wiki/Tag:telecom%3Ddata_center",
            "accessed_at": "2026-09-23",
            "note": "osm_id=5812546640"
          }
        ]
      }
    },
    {
      "type": "Feature",
      "geometry": {
        "type": "Point",
        "coordinates": [
          6.1135335,
          49.5843233
        ]
      },
      "properties": {
        "id": "dc_296",
        "name": "European Business Reliance Centre (EBRC)",
        "type": "data_center",
        "subtype": "colocation",
        "operator": "Unknown",
        "description_it": "Record da OpenStreetMap (tag data_center). Da validare con almeno una seconda fonte.",
        "country": "FR",
        "city": "n/d",
        "status": "unknown",
        "site_category": "infrastructure",
        "opened_year": null,
        "updated_at": "2026-09-23",
        "confidence": "low",
        "import_source": "osm_overpass",
        "external_id": "osm/node/5866595614",
        "sources": [
          {
            "title": "OpenStreetMap / Overpass",
            "url": "https://wiki.openstreetmap.org/wiki/Tag:telecom%3Ddata_center",
            "accessed_at": "2026-09-23",
            "note": "osm_id=5866595614"
          }
        ]
      }
    },
    {
      "type": "Feature",
      "geometry": {
        "type": "Point",
        "coordinates": [
          8.7206854,
          47.5008588
        ]
      },
      "properties": {
        "id": "dc_297",
        "name": "Rechenzentrum Paulstrasse 12",
        "type": "data_center",
        "subtype": "colocation",
        "operator": "AXA Winterthur",
        "description_it": "Record da OpenStreetMap (tag data_center). Da validare con almeno una seconda fonte.",
        "country": "FR",
        "city": "n/d",
        "status": "unknown",
        "site_category": "infrastructure",
        "opened_year": null,
        "updated_at": "2026-09-23",
        "confidence": "low",
        "import_source": "osm_overpass",
        "external_id": "osm/node/6041696788",
        "sources": [
          {
            "title": "OpenStreetMap / Overpass",
            "url": "https://wiki.openstreetmap.org/wiki/Tag:telecom%3Ddata_center",
            "accessed_at": "2026-09-23",
            "note": "osm_id=6041696788"
          }
        ]
      }
    },
    {
      "type": "Feature",
      "geometry": {
        "type": "Point",
        "coordinates": [
          7.7821507,
          48.5686359
        ]
      },
      "properties": {
        "id": "dc_298",
        "name": "SFR Netcenter Strasbourg",
        "type": "data_center",
        "subtype": "colocation",
        "operator": "SFR",
        "description_it": "Record da OpenStreetMap (tag data_center). Da validare con almeno una seconda fonte.",
        "country": "FR",
        "city": "Strasbourg",
        "status": "unknown",
        "site_category": "infrastructure",
        "opened_year": null,
        "updated_at": "2026-09-23",
        "confidence": "low",
        "import_source": "osm_overpass",
        "external_id": "osm/node/6102460998",
        "sources": [
          {
            "title": "OpenStreetMap / Overpass",
            "url": "https://wiki.openstreetmap.org/wiki/Tag:telecom%3Ddata_center",
            "accessed_at": "2026-09-23",
            "note": "osm_id=6102460998"
          }
        ]
      }
    },
    {
      "type": "Feature",
      "geometry": {
        "type": "Point",
        "coordinates": [
          9.9937299,
          53.7000316
        ]
      },
      "properties": {
        "id": "dc_299",
        "name": "Rechenzentrum Akquinet",
        "type": "data_center",
        "subtype": "colocation",
        "operator": "Unknown",
        "description_it": "Record da OpenStreetMap (tag data_center). Da validare con almeno una seconda fonte.",
        "country": "DE",
        "city": "n/d",
        "status": "unknown",
        "site_category": "infrastructure",
        "opened_year": null,
        "updated_at": "2026-09-23",
        "confidence": "low",
        "import_source": "osm_overpass",
        "external_id": "osm/node/6412799049",
        "sources": [
          {
            "title": "OpenStreetMap / Overpass",
            "url": "https://wiki.openstreetmap.org/wiki/Tag:telecom%3Ddata_center",
            "accessed_at": "2026-09-23",
            "note": "osm_id=6412799049"
          }
        ]
      }
    },
    {
      "type": "Feature",
      "geometry": {
        "type": "Point",
        "coordinates": [
          15.3381728,
          47.4491379
        ]
      },
      "properties": {
        "id": "dc_300",
        "name": "earthDATAsafe",
        "type": "data_center",
        "subtype": "colocation",
        "operator": "Kapsch BusinessCom AG",
        "description_it": "Record da OpenStreetMap (tag data_center). Da validare con almeno una seconda fonte.",
        "country": "IT",
        "city": "Kapfenberg",
        "status": "unknown",
        "site_category": "infrastructure",
        "opened_year": null,
        "updated_at": "2026-09-23",
        "confidence": "low",
        "import_source": "osm_overpass",
        "external_id": "osm/node/6578896177",
        "sources": [
          {
            "title": "OpenStreetMap / Overpass",
            "url": "https://wiki.openstreetmap.org/wiki/Tag:telecom%3Ddata_center",
            "accessed_at": "2026-09-23",
            "note": "osm_id=6578896177"
          }
        ]
      }
    },
    {
      "type": "Feature",
      "geometry": {
        "type": "Point",
        "coordinates": [
          11.8966926,
          50.3176249
        ]
      },
      "properties": {
        "id": "dc_301",
        "name": "noris network AG Rechenzentrum Hof",
        "type": "data_center",
        "subtype": "colocation",
        "operator": "noris network AG",
        "description_it": "Record da OpenStreetMap (tag data_center). Da validare con almeno una seconda fonte.",
        "country": "DE",
        "city": "Hof",
        "status": "unknown",
        "site_category": "infrastructure",
        "opened_year": null,
        "updated_at": "2026-09-23",
        "confidence": "low",
        "import_source": "osm_overpass",
        "external_id": "osm/node/6596777359",
        "sources": [
          {
            "title": "OpenStreetMap / Overpass",
            "url": "https://wiki.openstreetmap.org/wiki/Tag:telecom%3Ddata_center",
            "accessed_at": "2026-09-23",
            "note": "osm_id=6596777359"
          }
        ]
      }
    },
    {
      "type": "Feature",
      "geometry": {
        "type": "Point",
        "coordinates": [
          7.0450634,
          49.25724
        ]
      },
      "properties": {
        "id": "dc_302",
        "name": "Rechenzentrum",
        "type": "data_center",
        "subtype": "colocation",
        "operator": "Hochschul-IT-Zentrum",
        "description_it": "Record da OpenStreetMap (tag data_center). Da validare con almeno una seconda fonte.",
        "country": "FR",
        "city": "n/d",
        "status": "unknown",
        "site_category": "infrastructure",
        "opened_year": null,
        "updated_at": "2026-09-23",
        "confidence": "low",
        "import_source": "osm_overpass",
        "external_id": "osm/node/6680163795",
        "sources": [
          {
            "title": "OpenStreetMap / Overpass",
            "url": "https://wiki.openstreetmap.org/wiki/Tag:telecom%3Ddata_center",
            "accessed_at": "2026-09-23",
            "note": "osm_id=6680163795"
          }
        ]
      }
    },
    {
      "type": "Feature",
      "geometry": {
        "type": "Point",
        "coordinates": [
          7.0396224,
          49.2249548
        ]
      },
      "properties": {
        "id": "dc_303",
        "name": "Open Skies One",
        "type": "data_center",
        "subtype": "colocation",
        "operator": "prego. services GmbH",
        "description_it": "Record da OpenStreetMap (tag data_center). Da validare con almeno una seconda fonte.",
        "country": "DE",
        "city": "Saarbrücken",
        "status": "unknown",
        "site_category": "infrastructure",
        "opened_year": null,
        "updated_at": "2026-09-23",
        "confidence": "low",
        "import_source": "osm_overpass",
        "external_id": "osm/node/7747327592",
        "sources": [
          {
            "title": "OpenStreetMap / Overpass",
            "url": "https://wiki.openstreetmap.org/wiki/Tag:telecom%3Ddata_center",
            "accessed_at": "2026-09-23",
            "note": "osm_id=7747327592"
          }
        ]
      }
    },
    {
      "type": "Feature",
      "geometry": {
        "type": "Point",
        "coordinates": [
          7.6750722,
          47.522966
        ]
      },
      "properties": {
        "id": "dc_304",
        "name": "Colobâle",
        "type": "data_center",
        "subtype": "colocation",
        "operator": "Colobâle AG",
        "description_it": "Record da OpenStreetMap (tag data_center). Da validare con almeno una seconda fonte.",
        "country": "FR",
        "city": "n/d",
        "status": "unknown",
        "site_category": "infrastructure",
        "opened_year": null,
        "updated_at": "2026-09-23",
        "confidence": "low",
        "import_source": "osm_overpass",
        "external_id": "osm/node/8465878157",
        "sources": [
          {
            "title": "OpenStreetMap / Overpass",
            "url": "https://wiki.openstreetmap.org/wiki/Tag:telecom%3Ddata_center",
            "accessed_at": "2026-09-23",
            "note": "osm_id=8465878157"
          }
        ]
      }
    },
    {
      "type": "Feature",
      "geometry": {
        "type": "Point",
        "coordinates": [
          6.1302895,
          48.6532272
        ]
      },
      "properties": {
        "id": "dc_305",
        "name": "Datacenter MGEN",
        "type": "data_center",
        "subtype": "colocation",
        "operator": "MGEN",
        "description_it": "Record da OpenStreetMap (tag data_center). Da validare con almeno una seconda fonte.",
        "country": "FR",
        "city": "n/d",
        "status": "unknown",
        "site_category": "infrastructure",
        "opened_year": null,
        "updated_at": "2026-09-23",
        "confidence": "low",
        "import_source": "osm_overpass",
        "external_id": "osm/node/9045173270",
        "sources": [
          {
            "title": "OpenStreetMap / Overpass",
            "url": "https://wiki.openstreetmap.org/wiki/Tag:telecom%3Ddata_center",
            "accessed_at": "2026-09-23",
            "note": "osm_id=9045173270"
          }
        ]
      }
    },
    {
      "type": "Feature",
      "geometry": {
        "type": "Point",
        "coordinates": [
          9.1707248,
          48.7088377
        ]
      },
      "properties": {
        "id": "dc_306",
        "name": "Nepustil RZ4",
        "type": "data_center",
        "subtype": "colocation",
        "operator": "Unknown",
        "description_it": "Record da OpenStreetMap (tag data_center). Da validare con almeno una seconda fonte.",
        "country": "FR",
        "city": "n/d",
        "status": "unknown",
        "site_category": "infrastructure",
        "opened_year": null,
        "updated_at": "2026-09-23",
        "confidence": "low",
        "import_source": "osm_overpass",
        "external_id": "osm/node/9773275153",
        "sources": [
          {
            "title": "OpenStreetMap / Overpass",
            "url": "https://wiki.openstreetmap.org/wiki/Tag:telecom%3Ddata_center",
            "accessed_at": "2026-09-23",
            "note": "osm_id=9773275153"
          }
        ]
      }
    },
    {
      "type": "Feature",
      "geometry": {
        "type": "Point",
        "coordinates": [
          14.1320134,
          48.9166121
        ]
      },
      "properties": {
        "id": "dc_307",
        "name": "forpsi DC CZ1",
        "type": "data_center",
        "subtype": "colocation",
        "operator": "forpsi",
        "description_it": "Record da OpenStreetMap (tag data_center). Da validare con almeno una seconda fonte.",
        "country": "DE",
        "city": "n/d",
        "status": "unknown",
        "site_category": "infrastructure",
        "opened_year": null,
        "updated_at": "2026-09-23",
        "confidence": "low",
        "import_source": "osm_overpass",
        "external_id": "osm/node/9956577119",
        "sources": [
          {
            "title": "OpenStreetMap / Overpass",
            "url": "https://wiki.openstreetmap.org/wiki/Tag:telecom%3Ddata_center",
            "accessed_at": "2026-09-23",
            "note": "osm_id=9956577119"
          }
        ]
      }
    },
    {
      "type": "Feature",
      "geometry": {
        "type": "Point",
        "coordinates": [
          13.3693009,
          52.5020344
        ]
      },
      "properties": {
        "id": "dc_308",
        "name": "IPB Internet Provider in Berlin GmbH",
        "type": "data_center",
        "subtype": "colocation",
        "operator": "Unknown",
        "description_it": "Record da OpenStreetMap (tag data_center). Da validare con almeno una seconda fonte.",
        "country": "DE",
        "city": "Berlin",
        "status": "unknown",
        "site_category": "infrastructure",
        "opened_year": null,
        "updated_at": "2026-09-23",
        "confidence": "low",
        "import_source": "osm_overpass",
        "external_id": "osm/node/10147406397",
        "sources": [
          {
            "title": "OpenStreetMap / Overpass",
            "url": "https://wiki.openstreetmap.org/wiki/Tag:telecom%3Ddata_center",
            "accessed_at": "2026-09-23",
            "note": "osm_id=10147406397"
          }
        ]
      }
    },
    {
      "type": "Feature",
      "geometry": {
        "type": "Point",
        "coordinates": [
          8.8875518,
          47.5619646
        ]
      },
      "properties": {
        "id": "dc_309",
        "name": "Datacenter Thurgau",
        "type": "data_center",
        "subtype": "colocation",
        "operator": "EKT AG",
        "description_it": "Record da OpenStreetMap (tag data_center). Da validare con almeno una seconda fonte.",
        "country": "FR",
        "city": "n/d",
        "status": "unknown",
        "site_category": "infrastructure",
        "opened_year": null,
        "updated_at": "2026-09-23",
        "confidence": "low",
        "import_source": "osm_overpass",
        "external_id": "osm/node/10688935368",
        "sources": [
          {
            "title": "OpenStreetMap / Overpass",
            "url": "https://wiki.openstreetmap.org/wiki/Tag:telecom%3Ddata_center",
            "accessed_at": "2026-09-23",
            "note": "osm_id=10688935368"
          }
        ]
      }
    },
    {
      "type": "Feature",
      "geometry": {
        "type": "Point",
        "coordinates": [
          13.3738355,
          52.4326183
        ]
      },
      "properties": {
        "id": "dc_310",
        "name": "CarrierColo Berlin K",
        "type": "data_center",
        "subtype": "colocation",
        "operator": "IPB",
        "description_it": "Record da OpenStreetMap (tag data_center). Da validare con almeno una seconda fonte.",
        "country": "DE",
        "city": "Berlin",
        "status": "unknown",
        "site_category": "infrastructure",
        "opened_year": null,
        "updated_at": "2026-09-23",
        "confidence": "low",
        "import_source": "osm_overpass",
        "external_id": "osm/node/11014689116",
        "sources": [
          {
            "title": "OpenStreetMap / Overpass",
            "url": "https://wiki.openstreetmap.org/wiki/Tag:telecom%3Ddata_center",
            "accessed_at": "2026-09-23",
            "note": "osm_id=11014689116"
          }
        ]
      }
    },
    {
      "type": "Feature",
      "geometry": {
        "type": "Point",
        "coordinates": [
          8.8884707,
          47.5712752
        ]
      },
      "properties": {
        "id": "dc_311",
        "name": "RZ CAMPUS",
        "type": "data_center",
        "subtype": "colocation",
        "operator": "Bund",
        "description_it": "Record da OpenStreetMap (tag data_center). Da validare con almeno una seconda fonte.",
        "country": "FR",
        "city": "n/d",
        "status": "unknown",
        "site_category": "infrastructure",
        "opened_year": null,
        "updated_at": "2026-09-23",
        "confidence": "low",
        "import_source": "osm_overpass",
        "external_id": "osm/node/11097428175",
        "sources": [
          {
            "title": "OpenStreetMap / Overpass",
            "url": "https://wiki.openstreetmap.org/wiki/Tag:telecom%3Ddata_center",
            "accessed_at": "2026-09-23",
            "note": "osm_id=11097428175"
          }
        ]
      }
    },
    {
      "type": "Feature",
      "geometry": {
        "type": "Point",
        "coordinates": [
          14.4638926,
          50.0696342
        ]
      },
      "properties": {
        "id": "dc_312",
        "name": "MasterDC Praha",
        "type": "data_center",
        "subtype": "colocation",
        "operator": "Unknown",
        "description_it": "Record da OpenStreetMap (tag data_center). Da validare con almeno una seconda fonte.",
        "country": "DE",
        "city": "n/d",
        "status": "unknown",
        "site_category": "infrastructure",
        "opened_year": null,
        "updated_at": "2026-09-23",
        "confidence": "low",
        "import_source": "osm_overpass",
        "external_id": "osm/node/11436652398",
        "sources": [
          {
            "title": "OpenStreetMap / Overpass",
            "url": "https://wiki.openstreetmap.org/wiki/Tag:telecom%3Ddata_center",
            "accessed_at": "2026-09-23",
            "note": "osm_id=11436652398"
          }
        ]
      }
    },
    {
      "type": "Feature",
      "geometry": {
        "type": "Point",
        "coordinates": [
          14.3437322,
          50.1016089
        ]
      },
      "properties": {
        "id": "dc_313",
        "name": "DC6.cz",
        "type": "data_center",
        "subtype": "colocation",
        "operator": "Unknown",
        "description_it": "Record da OpenStreetMap (tag data_center). Da validare con almeno una seconda fonte.",
        "country": "DE",
        "city": "n/d",
        "status": "unknown",
        "site_category": "infrastructure",
        "opened_year": null,
        "updated_at": "2026-09-23",
        "confidence": "low",
        "import_source": "osm_overpass",
        "external_id": "osm/node/11436652399",
        "sources": [
          {
            "title": "OpenStreetMap / Overpass",
            "url": "https://wiki.openstreetmap.org/wiki/Tag:telecom%3Ddata_center",
            "accessed_at": "2026-09-23",
            "note": "osm_id=11436652399"
          }
        ]
      }
    },
    {
      "type": "Feature",
      "geometry": {
        "type": "Point",
        "coordinates": [
          14.6566891,
          50.1379911
        ]
      },
      "properties": {
        "id": "dc_314",
        "name": "Datové centrum Zeleneč",
        "type": "data_center",
        "subtype": "colocation",
        "operator": "Unknown",
        "description_it": "Record da OpenStreetMap (tag data_center). Da validare con almeno una seconda fonte.",
        "country": "DE",
        "city": "n/d",
        "status": "unknown",
        "site_category": "infrastructure",
        "opened_year": null,
        "updated_at": "2026-09-23",
        "confidence": "low",
        "import_source": "osm_overpass",
        "external_id": "osm/node/11570619130",
        "sources": [
          {
            "title": "OpenStreetMap / Overpass",
            "url": "https://wiki.openstreetmap.org/wiki/Tag:telecom%3Ddata_center",
            "accessed_at": "2026-09-23",
            "note": "osm_id=11570619130"
          }
        ]
      }
    },
    {
      "type": "Feature",
      "geometry": {
        "type": "Point",
        "coordinates": [
          11.5819783,
          50.9320923
        ]
      },
      "properties": {
        "id": "dc_315",
        "name": "Universitätsrechenzentrum",
        "type": "data_center",
        "subtype": "colocation",
        "operator": "Friedrich-Schiller-Universität Jena",
        "description_it": "Record da OpenStreetMap (tag data_center). Da validare con almeno una seconda fonte.",
        "country": "DE",
        "city": "n/d",
        "status": "unknown",
        "site_category": "infrastructure",
        "opened_year": null,
        "updated_at": "2026-09-23",
        "confidence": "low",
        "import_source": "osm_overpass",
        "external_id": "osm/node/11698484259",
        "sources": [
          {
            "title": "OpenStreetMap / Overpass",
            "url": "https://wiki.openstreetmap.org/wiki/Tag:telecom%3Ddata_center",
            "accessed_at": "2026-09-23",
            "note": "osm_id=11698484259"
          }
        ]
      }
    },
    {
      "type": "Feature",
      "geometry": {
        "type": "Point",
        "coordinates": [
          8.6397882,
          50.195252
        ]
      },
      "properties": {
        "id": "dc_316",
        "name": "Iron Mountain FRA-2",
        "type": "data_center",
        "subtype": "colocation",
        "operator": "Iron Mountain, Inc.",
        "description_it": "Record da OpenStreetMap (tag data_center). Da validare con almeno una seconda fonte.",
        "country": "FR",
        "city": "Frankfurt am Main",
        "status": "unknown",
        "site_category": "infrastructure",
        "opened_year": null,
        "updated_at": "2026-09-23",
        "confidence": "low",
        "import_source": "osm_overpass",
        "external_id": "osm/node/11748636180",
        "sources": [
          {
            "title": "OpenStreetMap / Overpass",
            "url": "https://wiki.openstreetmap.org/wiki/Tag:telecom%3Ddata_center",
            "accessed_at": "2026-09-23",
            "note": "osm_id=11748636180"
          }
        ]
      }
    },
    {
      "type": "Feature",
      "geometry": {
        "type": "Point",
        "coordinates": [
          7.5248643,
          47.7523015
        ]
      },
      "properties": {
        "id": "dc_317",
        "name": "Microsoft",
        "type": "data_center",
        "subtype": "hyperscale",
        "operator": "Microsoft",
        "description_it": "Record da OpenStreetMap classificato come hyperscale (operatore cloud/campus). Da validare con una seconda fonte.",
        "country": "FR",
        "city": "n/d",
        "status": "unknown",
        "site_category": "infrastructure",
        "opened_year": null,
        "updated_at": "2026-09-23",
        "confidence": "low",
        "import_source": "osm_overpass",
        "external_id": "osm/node/11942572541",
        "sources": [
          {
            "title": "OpenStreetMap / Overpass",
            "url": "https://wiki.openstreetmap.org/wiki/Tag:telecom%3Ddata_center",
            "accessed_at": "2026-09-23",
            "note": "osm_id=11942572541"
          }
        ]
      }
    },
    {
      "type": "Feature",
      "geometry": {
        "type": "Point",
        "coordinates": [
          14.474814,
          50.0779578
        ]
      },
      "properties": {
        "id": "dc_318",
        "name": "T-Mobile",
        "type": "data_center",
        "subtype": "colocation",
        "operator": "Unknown",
        "description_it": "Record da OpenStreetMap (tag data_center). Da validare con almeno una seconda fonte.",
        "country": "DE",
        "city": "n/d",
        "status": "unknown",
        "site_category": "infrastructure",
        "opened_year": null,
        "updated_at": "2026-09-23",
        "confidence": "low",
        "import_source": "osm_overpass",
        "external_id": "osm/node/12015570907",
        "sources": [
          {
            "title": "OpenStreetMap / Overpass",
            "url": "https://wiki.openstreetmap.org/wiki/Tag:telecom%3Ddata_center",
            "accessed_at": "2026-09-23",
            "note": "osm_id=12015570907"
          }
        ]
      }
    },
    {
      "type": "Feature",
      "geometry": {
        "type": "Point",
        "coordinates": [
          10.2712655,
          53.6786512
        ]
      },
      "properties": {
        "id": "dc_319",
        "name": "Rechenzentrum AtlasEdge HAM002",
        "type": "data_center",
        "subtype": "colocation",
        "operator": "AtlasEdge",
        "description_it": "Record da OpenStreetMap (tag data_center). Da validare con almeno una seconda fonte.",
        "country": "DE",
        "city": "n/d",
        "status": "unknown",
        "site_category": "infrastructure",
        "opened_year": null,
        "updated_at": "2026-09-23",
        "confidence": "low",
        "import_source": "osm_overpass",
        "external_id": "osm/node/12042899692",
        "sources": [
          {
            "title": "OpenStreetMap / Overpass",
            "url": "https://wiki.openstreetmap.org/wiki/Tag:telecom%3Ddata_center",
            "accessed_at": "2026-09-23",
            "note": "osm_id=12042899692"
          }
        ]
      }
    },
    {
      "type": "Feature",
      "geometry": {
        "type": "Point",
        "coordinates": [
          8.6311406,
          49.8832929
        ]
      },
      "properties": {
        "id": "dc_320",
        "name": "NIC",
        "type": "data_center",
        "subtype": "colocation",
        "operator": "Deutsche Telekom AG",
        "description_it": "Record da OpenStreetMap (tag data_center). Da validare con almeno una seconda fonte.",
        "country": "FR",
        "city": "n/d",
        "status": "unknown",
        "site_category": "infrastructure",
        "opened_year": null,
        "updated_at": "2026-09-23",
        "confidence": "low",
        "import_source": "osm_overpass",
        "external_id": "osm/node/12068854679",
        "sources": [
          {
            "title": "OpenStreetMap / Overpass",
            "url": "https://wiki.openstreetmap.org/wiki/Tag:telecom%3Ddata_center",
            "accessed_at": "2026-09-23",
            "note": "osm_id=12068854679"
          }
        ]
      }
    },
    {
      "type": "Feature",
      "geometry": {
        "type": "Point",
        "coordinates": [
          10.5417274,
          52.2765022
        ]
      },
      "properties": {
        "id": "dc_321",
        "name": "Gauß-IT-Zentrum",
        "type": "data_center",
        "subtype": "colocation",
        "operator": "TU Braunschweig",
        "description_it": "Record da OpenStreetMap (tag data_center). Da validare con almeno una seconda fonte.",
        "country": "DE",
        "city": "n/d",
        "status": "unknown",
        "site_category": "infrastructure",
        "opened_year": null,
        "updated_at": "2026-09-23",
        "confidence": "low",
        "import_source": "osm_overpass",
        "external_id": "osm/node/12219427002",
        "sources": [
          {
            "title": "OpenStreetMap / Overpass",
            "url": "https://wiki.openstreetmap.org/wiki/Tag:telecom%3Ddata_center",
            "accessed_at": "2026-09-23",
            "note": "osm_id=12219427002"
          }
        ]
      }
    },
    {
      "type": "Feature",
      "geometry": {
        "type": "Point",
        "coordinates": [
          14.5333449,
          50.0819985
        ]
      },
      "properties": {
        "id": "dc_322",
        "name": "TTC DC1",
        "type": "data_center",
        "subtype": "colocation",
        "operator": "Unknown",
        "description_it": "Record da OpenStreetMap (tag data_center). Da validare con almeno una seconda fonte.",
        "country": "DE",
        "city": "n/d",
        "status": "unknown",
        "site_category": "infrastructure",
        "opened_year": null,
        "updated_at": "2026-09-23",
        "confidence": "low",
        "import_source": "osm_overpass",
        "external_id": "osm/node/12536185445",
        "sources": [
          {
            "title": "OpenStreetMap / Overpass",
            "url": "https://wiki.openstreetmap.org/wiki/Tag:telecom%3Ddata_center",
            "accessed_at": "2026-09-23",
            "note": "osm_id=12536185445"
          }
        ]
      }
    },
    {
      "type": "Feature",
      "geometry": {
        "type": "Point",
        "coordinates": [
          14.3083177,
          48.2821514
        ]
      },
      "properties": {
        "id": "dc_323",
        "name": "IT- und Data Center Linz",
        "type": "data_center",
        "subtype": "colocation",
        "operator": "LINZ NETZ GmbH",
        "description_it": "Record da OpenStreetMap (tag data_center). Da validare con almeno una seconda fonte.",
        "country": "DE",
        "city": "n/d",
        "status": "unknown",
        "site_category": "infrastructure",
        "opened_year": null,
        "updated_at": "2026-09-23",
        "confidence": "low",
        "import_source": "osm_overpass",
        "external_id": "osm/node/12596690617",
        "sources": [
          {
            "title": "OpenStreetMap / Overpass",
            "url": "https://wiki.openstreetmap.org/wiki/Tag:telecom%3Ddata_center",
            "accessed_at": "2026-09-23",
            "note": "osm_id=12596690617"
          }
        ]
      }
    },
    {
      "type": "Feature",
      "geometry": {
        "type": "Point",
        "coordinates": [
          14.2999956,
          48.3241981
        ]
      },
      "properties": {
        "id": "dc_324",
        "name": "IT- und Data Center Linz",
        "type": "data_center",
        "subtype": "colocation",
        "operator": "Unknown",
        "description_it": "Record da OpenStreetMap (tag data_center). Da validare con almeno una seconda fonte.",
        "country": "DE",
        "city": "n/d",
        "status": "unknown",
        "site_category": "infrastructure",
        "opened_year": null,
        "updated_at": "2026-09-23",
        "confidence": "low",
        "import_source": "osm_overpass",
        "external_id": "osm/node/13092390748",
        "sources": [
          {
            "title": "OpenStreetMap / Overpass",
            "url": "https://wiki.openstreetmap.org/wiki/Tag:telecom%3Ddata_center",
            "accessed_at": "2026-09-23",
            "note": "osm_id=13092390748"
          }
        ]
      }
    },
    {
      "type": "Feature",
      "geometry": {
        "type": "Point",
        "coordinates": [
          9.4432911,
          54.986839
        ]
      },
      "properties": {
        "id": "dc_325",
        "name": "stoltenhoff.net",
        "type": "data_center",
        "subtype": "colocation",
        "operator": "Unknown",
        "description_it": "Record da OpenStreetMap (tag data_center). Da validare con almeno una seconda fonte.",
        "country": "DE",
        "city": "n/d",
        "status": "unknown",
        "site_category": "infrastructure",
        "opened_year": null,
        "updated_at": "2026-09-23",
        "confidence": "low",
        "import_source": "osm_overpass",
        "external_id": "osm/node/13144664581",
        "sources": [
          {
            "title": "OpenStreetMap / Overpass",
            "url": "https://wiki.openstreetmap.org/wiki/Tag:telecom%3Ddata_center",
            "accessed_at": "2026-09-23",
            "note": "osm_id=13144664581"
          }
        ]
      }
    },
    {
      "type": "Feature",
      "geometry": {
        "type": "Point",
        "coordinates": [
          10.1076094,
          54.3663515
        ]
      },
      "properties": {
        "id": "dc_326",
        "name": "ennit GmbH",
        "type": "data_center",
        "subtype": "colocation",
        "operator": "TNG Group",
        "description_it": "Record da OpenStreetMap (tag data_center). Da validare con almeno una seconda fonte.",
        "country": "DE",
        "city": "Kiel",
        "status": "unknown",
        "site_category": "infrastructure",
        "opened_year": null,
        "updated_at": "2026-09-23",
        "confidence": "low",
        "import_source": "osm_overpass",
        "external_id": "osm/node/13277272066",
        "sources": [
          {
            "title": "OpenStreetMap / Overpass",
            "url": "https://wiki.openstreetmap.org/wiki/Tag:telecom%3Ddata_center",
            "accessed_at": "2026-09-23",
            "note": "osm_id=13277272066"
          }
        ]
      }
    },
    {
      "type": "Feature",
      "geometry": {
        "type": "Point",
        "coordinates": [
          11.0638651,
          49.453733
        ]
      },
      "properties": {
        "id": "dc_327",
        "name": "Rechenzentrum Nürnberg Zentrum",
        "type": "data_center",
        "subtype": "colocation",
        "operator": "noris network",
        "description_it": "Record da OpenStreetMap (tag data_center). Da validare con almeno una seconda fonte.",
        "country": "DE",
        "city": "n/d",
        "status": "unknown",
        "site_category": "infrastructure",
        "opened_year": null,
        "updated_at": "2026-09-23",
        "confidence": "low",
        "import_source": "osm_overpass",
        "external_id": "osm/node/13556233002",
        "sources": [
          {
            "title": "OpenStreetMap / Overpass",
            "url": "https://wiki.openstreetmap.org/wiki/Tag:telecom%3Ddata_center",
            "accessed_at": "2026-09-23",
            "note": "osm_id=13556233002"
          }
        ]
      }
    },
    {
      "type": "Feature",
      "geometry": {
        "type": "Point",
        "coordinates": [
          11.5558571,
          48.142709
        ]
      },
      "properties": {
        "id": "dc_328",
        "name": "Equinix MU1",
        "type": "data_center",
        "subtype": "colocation",
        "operator": "Equinix",
        "description_it": "Record da OpenStreetMap (tag data_center). Da validare con almeno una seconda fonte.",
        "country": "DE",
        "city": "n/d",
        "status": "unknown",
        "site_category": "infrastructure",
        "opened_year": null,
        "updated_at": "2026-09-23",
        "confidence": "low",
        "import_source": "osm_overpass",
        "external_id": "osm/node/13570800604",
        "sources": [
          {
            "title": "OpenStreetMap / Overpass",
            "url": "https://wiki.openstreetmap.org/wiki/Tag:telecom%3Ddata_center",
            "accessed_at": "2026-09-23",
            "note": "osm_id=13570800604"
          }
        ]
      }
    },
    {
      "type": "Feature",
      "geometry": {
        "type": "Point",
        "coordinates": [
          11.602177,
          48.1191512
        ]
      },
      "properties": {
        "id": "dc_329",
        "name": "NorthC München 1",
        "type": "data_center",
        "subtype": "colocation",
        "operator": "NorthC",
        "description_it": "Record da OpenStreetMap (tag data_center). Da validare con almeno una seconda fonte.",
        "country": "DE",
        "city": "n/d",
        "status": "unknown",
        "site_category": "infrastructure",
        "opened_year": null,
        "updated_at": "2026-09-23",
        "confidence": "low",
        "import_source": "osm_overpass",
        "external_id": "osm/node/13574491231",
        "sources": [
          {
            "title": "OpenStreetMap / Overpass",
            "url": "https://wiki.openstreetmap.org/wiki/Tag:telecom%3Ddata_center",
            "accessed_at": "2026-09-23",
            "note": "osm_id=13574491231"
          }
        ]
      }
    },
    {
      "type": "Feature",
      "geometry": {
        "type": "Point",
        "coordinates": [
          11.5925157,
          48.1955623
        ]
      },
      "properties": {
        "id": "dc_330",
        "name": "INGATE GmbH Rechenzentrum München",
        "type": "data_center",
        "subtype": "colocation",
        "operator": "Unknown",
        "description_it": "Record da OpenStreetMap (tag data_center). Da validare con almeno una seconda fonte.",
        "country": "DE",
        "city": "n/d",
        "status": "unknown",
        "site_category": "infrastructure",
        "opened_year": null,
        "updated_at": "2026-09-23",
        "confidence": "low",
        "import_source": "osm_overpass",
        "external_id": "osm/node/13692347597",
        "sources": [
          {
            "title": "OpenStreetMap / Overpass",
            "url": "https://wiki.openstreetmap.org/wiki/Tag:telecom%3Ddata_center",
            "accessed_at": "2026-09-23",
            "note": "osm_id=13692347597"
          }
        ]
      }
    },
    {
      "type": "Feature",
      "geometry": {
        "type": "Point",
        "coordinates": [
          11.4358301,
          49.385517
        ]
      },
      "properties": {
        "id": "dc_331",
        "name": "CSA Computer Service Agentur GmbH",
        "type": "data_center",
        "subtype": "colocation",
        "operator": "Unknown",
        "description_it": "Record da OpenStreetMap (tag data_center). Da validare con almeno una seconda fonte.",
        "country": "DE",
        "city": "Stöckelsberg",
        "status": "unknown",
        "site_category": "infrastructure",
        "opened_year": null,
        "updated_at": "2026-09-23",
        "confidence": "low",
        "import_source": "osm_overpass",
        "external_id": "osm/node/13808344906",
        "sources": [
          {
            "title": "OpenStreetMap / Overpass",
            "url": "https://wiki.openstreetmap.org/wiki/Tag:telecom%3Ddata_center",
            "accessed_at": "2026-09-23",
            "note": "osm_id=13808344906"
          }
        ]
      }
    },
    {
      "type": "Feature",
      "geometry": {
        "type": "Point",
        "coordinates": [
          9.7690205,
          52.3980235
        ]
      },
      "properties": {
        "id": "dc_332",
        "name": "euNetworks Colocation Hannover",
        "type": "data_center",
        "subtype": "colocation",
        "operator": "euNetworks",
        "description_it": "Record da OpenStreetMap (tag data_center). Da validare con almeno una seconda fonte.",
        "country": "DE",
        "city": "n/d",
        "status": "unknown",
        "site_category": "infrastructure",
        "opened_year": null,
        "updated_at": "2026-09-23",
        "confidence": "low",
        "import_source": "osm_overpass",
        "external_id": "osm/node/13964809664",
        "sources": [
          {
            "title": "OpenStreetMap / Overpass",
            "url": "https://wiki.openstreetmap.org/wiki/Tag:telecom%3Ddata_center",
            "accessed_at": "2026-09-23",
            "note": "osm_id=13964809664"
          }
        ]
      }
    },
    {
      "type": "Feature",
      "geometry": {
        "type": "Point",
        "coordinates": [
          11.6510921,
          52.1284712
        ]
      },
      "properties": {
        "id": "dc_333",
        "name": "DATAC",
        "type": "data_center",
        "subtype": "colocation",
        "operator": "Service- und Rechenzentrum Deutel GmbH",
        "description_it": "Record da OpenStreetMap (tag data_center). Da validare con almeno una seconda fonte.",
        "country": "DE",
        "city": "n/d",
        "status": "unknown",
        "site_category": "infrastructure",
        "opened_year": null,
        "updated_at": "2026-09-23",
        "confidence": "low",
        "import_source": "osm_overpass",
        "external_id": "osm/node/14069978039",
        "sources": [
          {
            "title": "OpenStreetMap / Overpass",
            "url": "https://wiki.openstreetmap.org/wiki/Tag:telecom%3Ddata_center",
            "accessed_at": "2026-09-23",
            "note": "osm_id=14069978039"
          }
        ]
      }
    },
    {
      "type": "Feature",
      "geometry": {
        "type": "Point",
        "coordinates": [
          12.3793388,
          51.3387141
        ]
      },
      "properties": {
        "id": "dc_334",
        "name": "Universitätsrechenzentrum",
        "type": "data_center",
        "subtype": "colocation",
        "operator": "Universität Leipzig",
        "description_it": "Record da OpenStreetMap (tag data_center). Da validare con almeno una seconda fonte.",
        "country": "DE",
        "city": "n/d",
        "status": "unknown",
        "site_category": "infrastructure",
        "opened_year": null,
        "updated_at": "2026-09-23",
        "confidence": "low",
        "import_source": "osm_overpass",
        "external_id": "osm/node/14100772327",
        "sources": [
          {
            "title": "OpenStreetMap / Overpass",
            "url": "https://wiki.openstreetmap.org/wiki/Tag:telecom%3Ddata_center",
            "accessed_at": "2026-09-23",
            "note": "osm_id=14100772327"
          }
        ]
      }
    },
    {
      "type": "Feature",
      "geometry": {
        "type": "Point",
        "coordinates": [
          6.1762805,
          49.1483017
        ]
      },
      "properties": {
        "id": "dc_335",
        "name": "Neo Center Est",
        "type": "data_center",
        "subtype": "colocation",
        "operator": "Unknown",
        "description_it": "Record da OpenStreetMap (tag data_center). Da validare con almeno una seconda fonte.",
        "country": "FR",
        "city": "n/d",
        "status": "unknown",
        "site_category": "infrastructure",
        "opened_year": null,
        "updated_at": "2026-09-23",
        "confidence": "low",
        "import_source": "osm_overpass",
        "external_id": "osm/node/14170786869",
        "sources": [
          {
            "title": "OpenStreetMap / Overpass",
            "url": "https://wiki.openstreetmap.org/wiki/Tag:telecom%3Ddata_center",
            "accessed_at": "2026-09-23",
            "note": "osm_id=14170786869"
          }
        ]
      }
    },
    {
      "type": "Feature",
      "geometry": {
        "type": "Point",
        "coordinates": [
          14.4517391,
          50.0809656
        ]
      },
      "properties": {
        "id": "dc_336",
        "name": "DC Tower",
        "type": "data_center",
        "subtype": "colocation",
        "operator": "České Radiokomunikace, a.s.",
        "description_it": "Record da OpenStreetMap (tag data_center). Da validare con almeno una seconda fonte.",
        "country": "DE",
        "city": "n/d",
        "status": "unknown",
        "site_category": "infrastructure",
        "opened_year": null,
        "updated_at": "2026-09-23",
        "confidence": "low",
        "import_source": "osm_overpass",
        "external_id": "osm/way/22776917",
        "sources": [
          {
            "title": "OpenStreetMap / Overpass",
            "url": "https://wiki.openstreetmap.org/wiki/Tag:telecom%3Ddata_center",
            "accessed_at": "2026-09-23",
            "note": "osm_id=22776917"
          }
        ]
      }
    },
    {
      "type": "Feature",
      "geometry": {
        "type": "Point",
        "coordinates": [
          8.5533231,
          50.1442635
        ]
      },
      "properties": {
        "id": "dc_337",
        "name": "Kyndryl Data Center",
        "type": "data_center",
        "subtype": "colocation",
        "operator": "Kyndryl Deutschland GmbH",
        "description_it": "Record da OpenStreetMap (tag data_center). Da validare con almeno una seconda fonte.",
        "country": "DE",
        "city": "Eschborn",
        "status": "unknown",
        "site_category": "infrastructure",
        "opened_year": null,
        "updated_at": "2026-09-23",
        "confidence": "low",
        "import_source": "osm_overpass",
        "external_id": "osm/way/26225758",
        "sources": [
          {
            "title": "OpenStreetMap / Overpass",
            "url": "https://wiki.openstreetmap.org/wiki/Tag:telecom%3Ddata_center",
            "accessed_at": "2026-09-23",
            "note": "osm_id=26225758"
          }
        ]
      }
    },
    {
      "type": "Feature",
      "geometry": {
        "type": "Point",
        "coordinates": [
          11.6626918,
          48.1356655
        ]
      },
      "properties": {
        "id": "dc_338",
        "name": "NorthC München 2",
        "type": "data_center",
        "subtype": "colocation",
        "operator": "NorthC",
        "description_it": "Record da OpenStreetMap (tag data_center). Da validare con almeno una seconda fonte.",
        "country": "DE",
        "city": "München",
        "status": "unknown",
        "site_category": "infrastructure",
        "opened_year": null,
        "updated_at": "2026-09-23",
        "confidence": "low",
        "import_source": "osm_overpass",
        "external_id": "osm/way/27100275",
        "sources": [
          {
            "title": "OpenStreetMap / Overpass",
            "url": "https://wiki.openstreetmap.org/wiki/Tag:telecom%3Ddata_center",
            "accessed_at": "2026-09-23",
            "note": "osm_id=27100275"
          }
        ]
      }
    },
    {
      "type": "Feature",
      "geometry": {
        "type": "Point",
        "coordinates": [
          14.4953339,
          50.0989015
        ]
      },
      "properties": {
        "id": "dc_339",
        "name": "SafeDX s.r.o.",
        "type": "data_center",
        "subtype": "colocation",
        "operator": "Unknown",
        "description_it": "Record da OpenStreetMap (tag data_center). Da validare con almeno una seconda fonte.",
        "country": "DE",
        "city": "n/d",
        "status": "unknown",
        "site_category": "infrastructure",
        "opened_year": null,
        "updated_at": "2026-09-23",
        "confidence": "low",
        "import_source": "osm_overpass",
        "external_id": "osm/way/27823396",
        "sources": [
          {
            "title": "OpenStreetMap / Overpass",
            "url": "https://wiki.openstreetmap.org/wiki/Tag:telecom%3Ddata_center",
            "accessed_at": "2026-09-23",
            "note": "osm_id=27823396"
          }
        ]
      }
    },
    {
      "type": "Feature",
      "geometry": {
        "type": "Point",
        "coordinates": [
          11.6730798,
          48.2627454
        ]
      },
      "properties": {
        "id": "dc_340",
        "name": "Rechenzentrum Garching",
        "type": "data_center",
        "subtype": "colocation",
        "operator": "Max-Planck Computing & Data Facility",
        "description_it": "Record da OpenStreetMap (tag data_center). Da validare con almeno una seconda fonte.",
        "country": "DE",
        "city": "n/d",
        "status": "unknown",
        "site_category": "infrastructure",
        "opened_year": null,
        "updated_at": "2026-09-23",
        "confidence": "low",
        "import_source": "osm_overpass",
        "external_id": "osm/way/28260003",
        "sources": [
          {
            "title": "OpenStreetMap / Overpass",
            "url": "https://wiki.openstreetmap.org/wiki/Tag:telecom%3Ddata_center",
            "accessed_at": "2026-09-23",
            "note": "osm_id=28260003"
          }
        ]
      }
    },
    {
      "type": "Feature",
      "geometry": {
        "type": "Point",
        "coordinates": [
          8.5879723,
          50.0979407
        ]
      },
      "properties": {
        "id": "dc_341",
        "name": "Equinix FR4",
        "type": "data_center",
        "subtype": "colocation",
        "operator": "Equinix",
        "description_it": "Record da OpenStreetMap (tag data_center). Da validare con almeno una seconda fonte.",
        "country": "FR",
        "city": "Frankfurt am Main",
        "status": "unknown",
        "site_category": "infrastructure",
        "opened_year": null,
        "updated_at": "2026-09-23",
        "confidence": "low",
        "import_source": "osm_overpass",
        "external_id": "osm/way/28994179",
        "sources": [
          {
            "title": "OpenStreetMap / Overpass",
            "url": "https://wiki.openstreetmap.org/wiki/Tag:telecom%3Ddata_center",
            "accessed_at": "2026-09-23",
            "note": "osm_id=28994179"
          }
        ]
      }
    },
    {
      "type": "Feature",
      "geometry": {
        "type": "Point",
        "coordinates": [
          11.6367855,
          52.1487484
        ]
      },
      "properties": {
        "id": "dc_342",
        "name": "T-Systems Magdeburg",
        "type": "data_center",
        "subtype": "colocation",
        "operator": "T-Systems",
        "description_it": "Record da OpenStreetMap (tag data_center). Da validare con almeno una seconda fonte.",
        "country": "DE",
        "city": "Magdeburg",
        "status": "unknown",
        "site_category": "infrastructure",
        "opened_year": null,
        "updated_at": "2026-09-23",
        "confidence": "low",
        "import_source": "osm_overpass",
        "external_id": "osm/way/30092556",
        "sources": [
          {
            "title": "OpenStreetMap / Overpass",
            "url": "https://wiki.openstreetmap.org/wiki/Tag:telecom%3Ddata_center",
            "accessed_at": "2026-09-23",
            "note": "osm_id=30092556"
          }
        ]
      }
    },
    {
      "type": "Feature",
      "geometry": {
        "type": "Point",
        "coordinates": [
          13.2376204,
          52.5375125
        ]
      },
      "properties": {
        "id": "dc_343",
        "name": "BER1",
        "type": "data_center",
        "subtype": "colocation",
        "operator": "NTT Global Data Centers EMEA GmbH",
        "description_it": "Record da OpenStreetMap (tag data_center). Da validare con almeno una seconda fonte.",
        "country": "DE",
        "city": "Berlin",
        "status": "unknown",
        "site_category": "infrastructure",
        "opened_year": null,
        "updated_at": "2026-09-23",
        "confidence": "low",
        "import_source": "osm_overpass",
        "external_id": "osm/way/30324253",
        "sources": [
          {
            "title": "OpenStreetMap / Overpass",
            "url": "https://wiki.openstreetmap.org/wiki/Tag:telecom%3Ddata_center",
            "accessed_at": "2026-09-23",
            "note": "osm_id=30324253"
          }
        ]
      }
    },
    {
      "type": "Feature",
      "geometry": {
        "type": "Point",
        "coordinates": [
          8.2097663,
          53.1119244
        ]
      },
      "properties": {
        "id": "dc_344",
        "name": "EWE NETZ GmbH",
        "type": "data_center",
        "subtype": "colocation",
        "operator": "EWE Netz GmbH",
        "description_it": "Record da OpenStreetMap (tag data_center). Da validare con almeno una seconda fonte.",
        "country": "DE",
        "city": "Oldenburg",
        "status": "unknown",
        "site_category": "infrastructure",
        "opened_year": null,
        "updated_at": "2026-09-23",
        "confidence": "low",
        "import_source": "osm_overpass",
        "external_id": "osm/way/31307046",
        "sources": [
          {
            "title": "OpenStreetMap / Overpass",
            "url": "https://wiki.openstreetmap.org/wiki/Tag:telecom%3Ddata_center",
            "accessed_at": "2026-09-23",
            "note": "osm_id=31307046"
          }
        ]
      }
    },
    {
      "type": "Feature",
      "geometry": {
        "type": "Point",
        "coordinates": [
          8.5848094,
          49.8440304
        ]
      },
      "properties": {
        "id": "dc_345",
        "name": "NSA Rechenzentrum",
        "type": "data_center",
        "subtype": "colocation",
        "operator": "Unknown",
        "description_it": "Record da OpenStreetMap (tag data_center). Da validare con almeno una seconda fonte.",
        "country": "FR",
        "city": "n/d",
        "status": "unknown",
        "site_category": "infrastructure",
        "opened_year": null,
        "updated_at": "2026-09-23",
        "confidence": "low",
        "import_source": "osm_overpass",
        "external_id": "osm/way/34137508",
        "sources": [
          {
            "title": "OpenStreetMap / Overpass",
            "url": "https://wiki.openstreetmap.org/wiki/Tag:telecom%3Ddata_center",
            "accessed_at": "2026-09-23",
            "note": "osm_id=34137508"
          }
        ]
      }
    },
    {
      "type": "Feature",
      "geometry": {
        "type": "Point",
        "coordinates": [
          6.2174158,
          49.5952784
        ]
      },
      "properties": {
        "id": "dc_346",
        "name": "Verizon Luxembourg",
        "type": "data_center",
        "subtype": "colocation",
        "operator": "Verizon",
        "description_it": "Record da OpenStreetMap (tag data_center). Da validare con almeno una seconda fonte.",
        "country": "FR",
        "city": "Contern",
        "status": "unknown",
        "site_category": "infrastructure",
        "opened_year": null,
        "updated_at": "2026-09-23",
        "confidence": "low",
        "import_source": "osm_overpass",
        "external_id": "osm/way/34959860",
        "sources": [
          {
            "title": "OpenStreetMap / Overpass",
            "url": "https://wiki.openstreetmap.org/wiki/Tag:telecom%3Ddata_center",
            "accessed_at": "2026-09-23",
            "note": "osm_id=34959860"
          }
        ]
      }
    },
    {
      "type": "Feature",
      "geometry": {
        "type": "Point",
        "coordinates": [
          10.0435287,
          53.547628
        ]
      },
      "properties": {
        "id": "dc_347",
        "name": "NorthC Hamburg 1",
        "type": "data_center",
        "subtype": "colocation",
        "operator": "NorthC",
        "description_it": "Record da OpenStreetMap (tag data_center). Da validare con almeno una seconda fonte.",
        "country": "DE",
        "city": "Hamburg",
        "status": "unknown",
        "site_category": "infrastructure",
        "opened_year": null,
        "updated_at": "2026-09-23",
        "confidence": "low",
        "import_source": "osm_overpass",
        "external_id": "osm/way/34990467",
        "sources": [
          {
            "title": "OpenStreetMap / Overpass",
            "url": "https://wiki.openstreetmap.org/wiki/Tag:telecom%3Ddata_center",
            "accessed_at": "2026-09-23",
            "note": "osm_id=34990467"
          }
        ]
      }
    },
    {
      "type": "Feature",
      "geometry": {
        "type": "Point",
        "coordinates": [
          8.5922876,
          50.1925314
        ]
      },
      "properties": {
        "id": "dc_348",
        "name": "Kyndryl Data Center",
        "type": "data_center",
        "subtype": "colocation",
        "operator": "Kyndryl Deutschland GmbH",
        "description_it": "Record da OpenStreetMap (tag data_center). Da validare con almeno una seconda fonte.",
        "country": "DE",
        "city": "Oberursel (Taunus)",
        "status": "unknown",
        "site_category": "infrastructure",
        "opened_year": null,
        "updated_at": "2026-09-23",
        "confidence": "low",
        "import_source": "osm_overpass",
        "external_id": "osm/way/38754141",
        "sources": [
          {
            "title": "OpenStreetMap / Overpass",
            "url": "https://wiki.openstreetmap.org/wiki/Tag:telecom%3Ddata_center",
            "accessed_at": "2026-09-23",
            "note": "osm_id=38754141"
          }
        ]
      }
    },
    {
      "type": "Feature",
      "geometry": {
        "type": "Point",
        "coordinates": [
          7.744225,
          48.6004662
        ]
      },
      "properties": {
        "id": "dc_349",
        "name": "Quiri",
        "type": "data_center",
        "subtype": "colocation",
        "operator": "Cogent",
        "description_it": "Record da OpenStreetMap (tag data_center). Da validare con almeno una seconda fonte.",
        "country": "FR",
        "city": "n/d",
        "status": "unknown",
        "site_category": "infrastructure",
        "opened_year": null,
        "updated_at": "2026-09-23",
        "confidence": "low",
        "import_source": "osm_overpass",
        "external_id": "osm/way/43013791",
        "sources": [
          {
            "title": "OpenStreetMap / Overpass",
            "url": "https://wiki.openstreetmap.org/wiki/Tag:telecom%3Ddata_center",
            "accessed_at": "2026-09-23",
            "note": "osm_id=43013791"
          }
        ]
      }
    },
    {
      "type": "Feature",
      "geometry": {
        "type": "Point",
        "coordinates": [
          11.1323534,
          49.4104919
        ]
      },
      "properties": {
        "id": "dc_350",
        "name": "noris network NBG6 BA1",
        "type": "data_center",
        "subtype": "colocation",
        "operator": "noris network AG",
        "description_it": "Record da OpenStreetMap (tag data_center). Da validare con almeno una seconda fonte.",
        "country": "DE",
        "city": "Nürnberg",
        "status": "unknown",
        "site_category": "infrastructure",
        "opened_year": null,
        "updated_at": "2026-09-23",
        "confidence": "low",
        "import_source": "osm_overpass",
        "external_id": "osm/way/44065956",
        "sources": [
          {
            "title": "OpenStreetMap / Overpass",
            "url": "https://wiki.openstreetmap.org/wiki/Tag:telecom%3Ddata_center",
            "accessed_at": "2026-09-23",
            "note": "osm_id=44065956"
          }
        ]
      }
    },
    {
      "type": "Feature",
      "geometry": {
        "type": "Point",
        "coordinates": [
          7.7951206,
          48.5932662
        ]
      },
      "properties": {
        "id": "dc_351",
        "name": "Interoute Strasbourg",
        "type": "data_center",
        "subtype": "colocation",
        "operator": "Interoute",
        "description_it": "Record da OpenStreetMap (tag data_center). Da validare con almeno una seconda fonte.",
        "country": "FR",
        "city": "n/d",
        "status": "unknown",
        "site_category": "infrastructure",
        "opened_year": null,
        "updated_at": "2026-09-23",
        "confidence": "low",
        "import_source": "osm_overpass",
        "external_id": "osm/way/45423103",
        "sources": [
          {
            "title": "OpenStreetMap / Overpass",
            "url": "https://wiki.openstreetmap.org/wiki/Tag:telecom%3Ddata_center",
            "accessed_at": "2026-09-23",
            "note": "osm_id=45423103"
          }
        ]
      }
    },
    {
      "type": "Feature",
      "geometry": {
        "type": "Point",
        "coordinates": [
          8.7350447,
          50.1189729
        ]
      },
      "properties": {
        "id": "dc_352",
        "name": "Digital Realty FRA4",
        "type": "data_center",
        "subtype": "colocation",
        "operator": "Digital Realty",
        "description_it": "Record da OpenStreetMap (tag data_center). Da validare con almeno una seconda fonte.",
        "country": "DE",
        "city": "Frankfurt am Main",
        "status": "unknown",
        "site_category": "infrastructure",
        "opened_year": null,
        "updated_at": "2026-09-23",
        "confidence": "low",
        "import_source": "osm_overpass",
        "external_id": "osm/way/48013134",
        "sources": [
          {
            "title": "OpenStreetMap / Overpass",
            "url": "https://wiki.openstreetmap.org/wiki/Tag:telecom%3Ddata_center",
            "accessed_at": "2026-09-23",
            "note": "osm_id=48013134"
          }
        ]
      }
    },
    {
      "type": "Feature",
      "geometry": {
        "type": "Point",
        "coordinates": [
          8.7451594,
          50.1225089
        ]
      },
      "properties": {
        "id": "dc_353",
        "name": "iNTERWERK Rechenzentrum",
        "type": "data_center",
        "subtype": "colocation",
        "operator": "Unknown",
        "description_it": "Record da OpenStreetMap (tag data_center). Da validare con almeno una seconda fonte.",
        "country": "FR",
        "city": "n/d",
        "status": "unknown",
        "site_category": "infrastructure",
        "opened_year": null,
        "updated_at": "2026-09-23",
        "confidence": "low",
        "import_source": "osm_overpass",
        "external_id": "osm/way/48018740",
        "sources": [
          {
            "title": "OpenStreetMap / Overpass",
            "url": "https://wiki.openstreetmap.org/wiki/Tag:telecom%3Ddata_center",
            "accessed_at": "2026-09-23",
            "note": "osm_id=48018740"
          }
        ]
      }
    },
    {
      "type": "Feature",
      "geometry": {
        "type": "Point",
        "coordinates": [
          14.3307844,
          50.0495571
        ]
      },
      "properties": {
        "id": "dc_354",
        "name": "DC Stodůlky",
        "type": "data_center",
        "subtype": "colocation",
        "operator": "O2 Czech Republic a.s.",
        "description_it": "Record da OpenStreetMap (tag data_center). Da validare con almeno una seconda fonte.",
        "country": "DE",
        "city": "n/d",
        "status": "unknown",
        "site_category": "infrastructure",
        "opened_year": null,
        "updated_at": "2026-09-23",
        "confidence": "low",
        "import_source": "osm_overpass",
        "external_id": "osm/way/49548520",
        "sources": [
          {
            "title": "OpenStreetMap / Overpass",
            "url": "https://wiki.openstreetmap.org/wiki/Tag:telecom%3Ddata_center",
            "accessed_at": "2026-09-23",
            "note": "osm_id=49548520"
          }
        ]
      }
    },
    {
      "type": "Feature",
      "geometry": {
        "type": "Point",
        "coordinates": [
          14.5214431,
          50.0804693
        ]
      },
      "properties": {
        "id": "dc_355",
        "name": "TTC TELEPORT - DC2",
        "type": "data_center",
        "subtype": "colocation",
        "operator": "Unknown",
        "description_it": "Record da OpenStreetMap (tag data_center). Da validare con almeno una seconda fonte.",
        "country": "DE",
        "city": "n/d",
        "status": "unknown",
        "site_category": "infrastructure",
        "opened_year": null,
        "updated_at": "2026-09-23",
        "confidence": "low",
        "import_source": "osm_overpass",
        "external_id": "osm/way/49870693",
        "sources": [
          {
            "title": "OpenStreetMap / Overpass",
            "url": "https://wiki.openstreetmap.org/wiki/Tag:telecom%3Ddata_center",
            "accessed_at": "2026-09-23",
            "note": "osm_id=49870693"
          }
        ]
      }
    },
    {
      "type": "Feature",
      "geometry": {
        "type": "Point",
        "coordinates": [
          14.485813,
          50.1256557
        ]
      },
      "properties": {
        "id": "dc_356",
        "name": "DC Vega",
        "type": "data_center",
        "subtype": "colocation",
        "operator": "Unknown",
        "description_it": "Record da OpenStreetMap (tag data_center). Da validare con almeno una seconda fonte.",
        "country": "DE",
        "city": "n/d",
        "status": "unknown",
        "site_category": "infrastructure",
        "opened_year": null,
        "updated_at": "2026-09-23",
        "confidence": "low",
        "import_source": "osm_overpass",
        "external_id": "osm/way/50110392",
        "sources": [
          {
            "title": "OpenStreetMap / Overpass",
            "url": "https://wiki.openstreetmap.org/wiki/Tag:telecom%3Ddata_center",
            "accessed_at": "2026-09-23",
            "note": "osm_id=50110392"
          }
        ]
      }
    },
    {
      "type": "Feature",
      "geometry": {
        "type": "Point",
        "coordinates": [
          8.3472565,
          49.0134919
        ]
      },
      "properties": {
        "id": "dc_357",
        "name": "TelemaxX IPC1",
        "type": "data_center",
        "subtype": "colocation",
        "operator": "TelemaxX Telekommunikation GmbH",
        "description_it": "Record da OpenStreetMap (tag data_center). Da validare con almeno una seconda fonte.",
        "country": "DE",
        "city": "Karlsruhe",
        "status": "unknown",
        "site_category": "infrastructure",
        "opened_year": null,
        "updated_at": "2026-09-23",
        "confidence": "low",
        "import_source": "osm_overpass",
        "external_id": "osm/way/51763539",
        "sources": [
          {
            "title": "OpenStreetMap / Overpass",
            "url": "https://wiki.openstreetmap.org/wiki/Tag:telecom%3Ddata_center",
            "accessed_at": "2026-09-23",
            "note": "osm_id=51763539"
          }
        ]
      }
    },
    {
      "type": "Feature",
      "geometry": {
        "type": "Point",
        "coordinates": [
          8.6426818,
          49.8768944
        ]
      },
      "properties": {
        "id": "dc_358",
        "name": "DARZ - Darmstädter Rechenzentrum",
        "type": "data_center",
        "subtype": "colocation",
        "operator": "Unknown",
        "description_it": "Record da OpenStreetMap (tag data_center). Da validare con almeno una seconda fonte.",
        "country": "FR",
        "city": "n/d",
        "status": "unknown",
        "site_category": "infrastructure",
        "opened_year": null,
        "updated_at": "2026-09-23",
        "confidence": "low",
        "import_source": "osm_overpass",
        "external_id": "osm/way/54244323",
        "sources": [
          {
            "title": "OpenStreetMap / Overpass",
            "url": "https://wiki.openstreetmap.org/wiki/Tag:telecom%3Ddata_center",
            "accessed_at": "2026-09-23",
            "note": "osm_id=54244323"
          }
        ]
      }
    },
    {
      "type": "Feature",
      "geometry": {
        "type": "Point",
        "coordinates": [
          14.434692,
          49.052423
        ]
      },
      "properties": {
        "id": "dc_359",
        "name": "WEDOS DC 1 Masarykova",
        "type": "data_center",
        "subtype": "colocation",
        "operator": "Unknown",
        "description_it": "Record da OpenStreetMap (tag data_center). Da validare con almeno una seconda fonte.",
        "country": "DE",
        "city": "n/d",
        "status": "unknown",
        "site_category": "infrastructure",
        "opened_year": null,
        "updated_at": "2026-09-23",
        "confidence": "low",
        "import_source": "osm_overpass",
        "external_id": "osm/way/71054828",
        "sources": [
          {
            "title": "OpenStreetMap / Overpass",
            "url": "https://wiki.openstreetmap.org/wiki/Tag:telecom%3Ddata_center",
            "accessed_at": "2026-09-23",
            "note": "osm_id=71054828"
          }
        ]
      }
    },
    {
      "type": "Feature",
      "geometry": {
        "type": "Point",
        "coordinates": [
          9.9752029,
          53.6445303
        ]
      },
      "properties": {
        "id": "dc_360",
        "name": "Equinix",
        "type": "data_center",
        "subtype": "colocation",
        "operator": "Equinix",
        "description_it": "Record da OpenStreetMap (tag data_center). Da validare con almeno una seconda fonte.",
        "country": "DE",
        "city": "Hamburg",
        "status": "unknown",
        "site_category": "infrastructure",
        "opened_year": null,
        "updated_at": "2026-09-23",
        "confidence": "low",
        "import_source": "osm_overpass",
        "external_id": "osm/way/72016873",
        "sources": [
          {
            "title": "OpenStreetMap / Overpass",
            "url": "https://wiki.openstreetmap.org/wiki/Tag:telecom%3Ddata_center",
            "accessed_at": "2026-09-23",
            "note": "osm_id=72016873"
          }
        ]
      }
    },
    {
      "type": "Feature",
      "geometry": {
        "type": "Point",
        "coordinates": [
          15.430343,
          47.0662521
        ]
      },
      "properties": {
        "id": "dc_361",
        "name": "Telekom-Tower",
        "type": "data_center",
        "subtype": "colocation",
        "operator": "A1 / Telekom Austria",
        "description_it": "Record da OpenStreetMap (tag data_center). Da validare con almeno una seconda fonte.",
        "country": "AT",
        "city": "Graz",
        "status": "unknown",
        "site_category": "infrastructure",
        "opened_year": null,
        "updated_at": "2026-09-23",
        "confidence": "low",
        "import_source": "osm_overpass",
        "external_id": "osm/way/74662577",
        "sources": [
          {
            "title": "OpenStreetMap / Overpass",
            "url": "https://wiki.openstreetmap.org/wiki/Tag:telecom%3Ddata_center",
            "accessed_at": "2026-09-23",
            "note": "osm_id=74662577"
          }
        ]
      }
    },
    {
      "type": "Feature",
      "geometry": {
        "type": "Point",
        "coordinates": [
          8.6431908,
          50.0973499
        ]
      },
      "properties": {
        "id": "dc_362",
        "name": "Equinix FR7",
        "type": "data_center",
        "subtype": "colocation",
        "operator": "Equinix",
        "description_it": "Record da OpenStreetMap (tag data_center). Da validare con almeno una seconda fonte.",
        "country": "FR",
        "city": "n/d",
        "status": "unknown",
        "site_category": "infrastructure",
        "opened_year": null,
        "updated_at": "2026-09-23",
        "confidence": "low",
        "import_source": "osm_overpass",
        "external_id": "osm/way/86258178",
        "sources": [
          {
            "title": "OpenStreetMap / Overpass",
            "url": "https://wiki.openstreetmap.org/wiki/Tag:telecom%3Ddata_center",
            "accessed_at": "2026-09-23",
            "note": "osm_id=86258178"
          }
        ]
      }
    },
    {
      "type": "Feature",
      "geometry": {
        "type": "Point",
        "coordinates": [
          8.6316723,
          50.099626
        ]
      },
      "properties": {
        "id": "dc_363",
        "name": "I.T.E.N.O.S. Frankfurt - B",
        "type": "data_center",
        "subtype": "colocation",
        "operator": "Unknown",
        "description_it": "Record da OpenStreetMap (tag data_center). Da validare con almeno una seconda fonte.",
        "country": "DE",
        "city": "Frankfurt am Main",
        "status": "unknown",
        "site_category": "infrastructure",
        "opened_year": null,
        "updated_at": "2026-09-23",
        "confidence": "low",
        "import_source": "osm_overpass",
        "external_id": "osm/way/86339088",
        "sources": [
          {
            "title": "OpenStreetMap / Overpass",
            "url": "https://wiki.openstreetmap.org/wiki/Tag:telecom%3Ddata_center",
            "accessed_at": "2026-09-23",
            "note": "osm_id=86339088"
          }
        ]
      }
    },
    {
      "type": "Feature",
      "geometry": {
        "type": "Point",
        "coordinates": [
          11.4467465,
          53.888339
        ]
      },
      "properties": {
        "id": "dc_364",
        "name": "ITSMZ",
        "type": "data_center",
        "subtype": "colocation",
        "operator": "Unknown",
        "description_it": "Record da OpenStreetMap (tag data_center). Da validare con almeno una seconda fonte.",
        "country": "DE",
        "city": "Wismar",
        "status": "unknown",
        "site_category": "infrastructure",
        "opened_year": null,
        "updated_at": "2026-09-23",
        "confidence": "low",
        "import_source": "osm_overpass",
        "external_id": "osm/way/87367948",
        "sources": [
          {
            "title": "OpenStreetMap / Overpass",
            "url": "https://wiki.openstreetmap.org/wiki/Tag:telecom%3Ddata_center",
            "accessed_at": "2026-09-23",
            "note": "osm_id=87367948"
          }
        ]
      }
    },
    {
      "type": "Feature",
      "geometry": {
        "type": "Point",
        "coordinates": [
          8.6011081,
          50.1301256
        ]
      },
      "properties": {
        "id": "dc_365",
        "name": "NTT",
        "type": "data_center",
        "subtype": "colocation",
        "operator": "NTT",
        "description_it": "Record da OpenStreetMap (tag data_center). Da validare con almeno una seconda fonte.",
        "country": "FR",
        "city": "n/d",
        "status": "unknown",
        "site_category": "infrastructure",
        "opened_year": null,
        "updated_at": "2026-09-23",
        "confidence": "low",
        "import_source": "osm_overpass",
        "external_id": "osm/way/88875247",
        "sources": [
          {
            "title": "OpenStreetMap / Overpass",
            "url": "https://wiki.openstreetmap.org/wiki/Tag:telecom%3Ddata_center",
            "accessed_at": "2026-09-23",
            "note": "osm_id=88875247"
          }
        ]
      }
    },
    {
      "type": "Feature",
      "geometry": {
        "type": "Point",
        "coordinates": [
          6.1505564,
          48.6559691
        ]
      },
      "properties": {
        "id": "dc_366",
        "name": "Datacenter Mutualisé Lorrain",
        "type": "data_center",
        "subtype": "colocation",
        "operator": "CNRS",
        "description_it": "Record da OpenStreetMap (tag data_center). Da validare con almeno una seconda fonte.",
        "country": "FR",
        "city": "n/d",
        "status": "unknown",
        "site_category": "infrastructure",
        "opened_year": null,
        "updated_at": "2026-09-23",
        "confidence": "low",
        "import_source": "osm_overpass",
        "external_id": "osm/way/89056684",
        "sources": [
          {
            "title": "OpenStreetMap / Overpass",
            "url": "https://wiki.openstreetmap.org/wiki/Tag:telecom%3Ddata_center",
            "accessed_at": "2026-09-23",
            "note": "osm_id=89056684"
          }
        ]
      }
    },
    {
      "type": "Feature",
      "geometry": {
        "type": "Point",
        "coordinates": [
          8.3593953,
          49.4263755
        ]
      },
      "properties": {
        "id": "dc_367",
        "name": "Rechenzentrum PFALZKOM, DCRN I",
        "type": "data_center",
        "subtype": "colocation",
        "operator": "Pfalzkom GmbH",
        "description_it": "Record da OpenStreetMap (tag data_center). Da validare con almeno una seconda fonte.",
        "country": "DE",
        "city": "Mutterstadt",
        "status": "unknown",
        "site_category": "infrastructure",
        "opened_year": null,
        "updated_at": "2026-09-23",
        "confidence": "low",
        "import_source": "osm_overpass",
        "external_id": "osm/way/105283862",
        "sources": [
          {
            "title": "OpenStreetMap / Overpass",
            "url": "https://wiki.openstreetmap.org/wiki/Tag:telecom%3Ddata_center",
            "accessed_at": "2026-09-23",
            "note": "osm_id=105283862"
          }
        ]
      }
    },
    {
      "type": "Feature",
      "geometry": {
        "type": "Point",
        "coordinates": [
          13.2238507,
          52.6264903
        ]
      },
      "properties": {
        "id": "dc_368",
        "name": "Data Center",
        "type": "data_center",
        "subtype": "colocation",
        "operator": "Sabey Data Centers",
        "description_it": "Record da OpenStreetMap (tag data_center). Da validare con almeno una seconda fonte.",
        "country": "DE",
        "city": "n/d",
        "status": "unknown",
        "site_category": "infrastructure",
        "opened_year": null,
        "updated_at": "2026-09-23",
        "confidence": "low",
        "import_source": "osm_overpass",
        "external_id": "osm/way/107293499",
        "sources": [
          {
            "title": "OpenStreetMap / Overpass",
            "url": "https://wiki.openstreetmap.org/wiki/Tag:telecom%3Ddata_center",
            "accessed_at": "2026-09-23",
            "note": "osm_id=107293499"
          }
        ]
      }
    },
    {
      "type": "Feature",
      "geometry": {
        "type": "Point",
        "coordinates": [
          6.7543634,
          49.3187227
        ]
      },
      "properties": {
        "id": "dc_369",
        "name": "Inexio",
        "type": "data_center",
        "subtype": "colocation",
        "operator": "Unknown",
        "description_it": "Record da OpenStreetMap (tag data_center). Da validare con almeno una seconda fonte.",
        "country": "FR",
        "city": "n/d",
        "status": "unknown",
        "site_category": "infrastructure",
        "opened_year": null,
        "updated_at": "2026-09-23",
        "confidence": "low",
        "import_source": "osm_overpass",
        "external_id": "osm/way/114126239",
        "sources": [
          {
            "title": "OpenStreetMap / Overpass",
            "url": "https://wiki.openstreetmap.org/wiki/Tag:telecom%3Ddata_center",
            "accessed_at": "2026-09-23",
            "note": "osm_id=114126239"
          }
        ]
      }
    },
    {
      "type": "Feature",
      "geometry": {
        "type": "Point",
        "coordinates": [
          13.069058,
          54.3368869
        ]
      },
      "properties": {
        "id": "dc_370",
        "name": "Boreus Rechenzentrum GmbH",
        "type": "data_center",
        "subtype": "colocation",
        "operator": "Unknown",
        "description_it": "Record da OpenStreetMap (tag data_center). Da validare con almeno una seconda fonte.",
        "country": "DE",
        "city": "Stralsund",
        "status": "unknown",
        "site_category": "infrastructure",
        "opened_year": null,
        "updated_at": "2026-09-23",
        "confidence": "low",
        "import_source": "osm_overpass",
        "external_id": "osm/way/118952238",
        "sources": [
          {
            "title": "OpenStreetMap / Overpass",
            "url": "https://wiki.openstreetmap.org/wiki/Tag:telecom%3Ddata_center",
            "accessed_at": "2026-09-23",
            "note": "osm_id=118952238"
          }
        ]
      }
    },
    {
      "type": "Feature",
      "geometry": {
        "type": "Point",
        "coordinates": [
          14.5034521,
          50.0252197
        ]
      },
      "properties": {
        "id": "dc_371",
        "name": "DC Chodov",
        "type": "data_center",
        "subtype": "colocation",
        "operator": "O2 Czech Republic a.s.",
        "description_it": "Record da OpenStreetMap (tag data_center). Da validare con almeno una seconda fonte.",
        "country": "DE",
        "city": "n/d",
        "status": "unknown",
        "site_category": "infrastructure",
        "opened_year": null,
        "updated_at": "2026-09-23",
        "confidence": "low",
        "import_source": "osm_overpass",
        "external_id": "osm/way/127931842",
        "sources": [
          {
            "title": "OpenStreetMap / Overpass",
            "url": "https://wiki.openstreetmap.org/wiki/Tag:telecom%3Ddata_center",
            "accessed_at": "2026-09-23",
            "note": "osm_id=127931842"
          }
        ]
      }
    },
    {
      "type": "Feature",
      "geometry": {
        "type": "Point",
        "coordinates": [
          5.9579275,
          49.6486549
        ]
      },
      "properties": {
        "id": "dc_372",
        "name": "EBRC Resilience Centre Luxembourg West",
        "type": "data_center",
        "subtype": "colocation",
        "operator": "Unknown",
        "description_it": "Record da OpenStreetMap (tag data_center). Da validare con almeno una seconda fonte.",
        "country": "LU",
        "city": "Windhof",
        "status": "unknown",
        "site_category": "infrastructure",
        "opened_year": null,
        "updated_at": "2026-09-23",
        "confidence": "low",
        "import_source": "osm_overpass",
        "external_id": "osm/way/128851542",
        "sources": [
          {
            "title": "OpenStreetMap / Overpass",
            "url": "https://wiki.openstreetmap.org/wiki/Tag:telecom%3Ddata_center",
            "accessed_at": "2026-09-23",
            "note": "osm_id=128851542"
          }
        ]
      }
    },
    {
      "type": "Feature",
      "geometry": {
        "type": "Point",
        "coordinates": [
          7.7809763,
          50.4467446
        ]
      },
      "properties": {
        "id": "dc_373",
        "name": "Dernbach 2",
        "type": "data_center",
        "subtype": "colocation",
        "operator": "GasLINE",
        "description_it": "Record da OpenStreetMap (tag data_center). Da validare con almeno una seconda fonte.",
        "country": "FR",
        "city": "n/d",
        "status": "unknown",
        "site_category": "infrastructure",
        "opened_year": null,
        "updated_at": "2026-09-23",
        "confidence": "low",
        "import_source": "osm_overpass",
        "external_id": "osm/way/129919031",
        "sources": [
          {
            "title": "OpenStreetMap / Overpass",
            "url": "https://wiki.openstreetmap.org/wiki/Tag:telecom%3Ddata_center",
            "accessed_at": "2026-09-23",
            "note": "osm_id=129919031"
          }
        ]
      }
    },
    {
      "type": "Feature",
      "geometry": {
        "type": "Point",
        "coordinates": [
          9.727843,
          52.4088135
        ]
      },
      "properties": {
        "id": "dc_374",
        "name": "net.DE AG",
        "type": "data_center",
        "subtype": "colocation",
        "operator": "Unknown",
        "description_it": "Record da OpenStreetMap (tag data_center). Da validare con almeno una seconda fonte.",
        "country": "DE",
        "city": "Hannover",
        "status": "unknown",
        "site_category": "infrastructure",
        "opened_year": null,
        "updated_at": "2026-09-23",
        "confidence": "low",
        "import_source": "osm_overpass",
        "external_id": "osm/way/139630697",
        "sources": [
          {
            "title": "OpenStreetMap / Overpass",
            "url": "https://wiki.openstreetmap.org/wiki/Tag:telecom%3Ddata_center",
            "accessed_at": "2026-09-23",
            "note": "osm_id=139630697"
          }
        ]
      }
    },
    {
      "type": "Feature",
      "geometry": {
        "type": "Point",
        "coordinates": [
          14.4829496,
          50.06015
        ]
      },
      "properties": {
        "id": "dc_375",
        "name": "CE Colo",
        "type": "data_center",
        "subtype": "colocation",
        "operator": "CE Colo Czech s.r.o.",
        "description_it": "Record da OpenStreetMap (tag data_center). Da validare con almeno una seconda fonte.",
        "country": "DE",
        "city": "Praha 10",
        "status": "unknown",
        "site_category": "infrastructure",
        "opened_year": null,
        "updated_at": "2026-09-23",
        "confidence": "low",
        "import_source": "osm_overpass",
        "external_id": "osm/way/142366497",
        "sources": [
          {
            "title": "OpenStreetMap / Overpass",
            "url": "https://wiki.openstreetmap.org/wiki/Tag:telecom%3Ddata_center",
            "accessed_at": "2026-09-23",
            "note": "osm_id=142366497"
          }
        ]
      }
    },
    {
      "type": "Feature",
      "geometry": {
        "type": "Point",
        "coordinates": [
          9.9563054,
          49.7459322
        ]
      },
      "properties": {
        "id": "dc_376",
        "name": "Datenstelle der Rentenversicherung",
        "type": "data_center",
        "subtype": "colocation",
        "operator": "Deutsche Rentenversicherung Bund",
        "description_it": "Record da OpenStreetMap (tag data_center). Da validare con almeno una seconda fonte.",
        "country": "DE",
        "city": "Würzburg",
        "status": "unknown",
        "site_category": "infrastructure",
        "opened_year": null,
        "updated_at": "2026-09-23",
        "confidence": "low",
        "import_source": "osm_overpass",
        "external_id": "osm/way/152579228",
        "sources": [
          {
            "title": "OpenStreetMap / Overpass",
            "url": "https://wiki.openstreetmap.org/wiki/Tag:telecom%3Ddata_center",
            "accessed_at": "2026-09-23",
            "note": "osm_id=152579228"
          }
        ]
      }
    },
    {
      "type": "Feature",
      "geometry": {
        "type": "Point",
        "coordinates": [
          6.1134081,
          49.5051411
        ]
      },
      "properties": {
        "id": "dc_377",
        "name": "ICT Campus Bettembourg DC 1.2",
        "type": "data_center",
        "subtype": "colocation",
        "operator": "LuxConnect",
        "description_it": "Record da OpenStreetMap (tag data_center). Da validare con almeno una seconda fonte.",
        "country": "LU",
        "city": "Bettembourg",
        "status": "unknown",
        "site_category": "infrastructure",
        "opened_year": null,
        "updated_at": "2026-09-23",
        "confidence": "low",
        "import_source": "osm_overpass",
        "external_id": "osm/way/162870888",
        "sources": [
          {
            "title": "OpenStreetMap / Overpass",
            "url": "https://wiki.openstreetmap.org/wiki/Tag:telecom%3Ddata_center",
            "accessed_at": "2026-09-23",
            "note": "osm_id=162870888"
          }
        ]
      }
    },
    {
      "type": "Feature",
      "geometry": {
        "type": "Point",
        "coordinates": [
          6.0521768,
          49.4975668
        ]
      },
      "properties": {
        "id": "dc_378",
        "name": "EBRC Resilience Centre Luxembourg South",
        "type": "data_center",
        "subtype": "colocation",
        "operator": "Unknown",
        "description_it": "Record da OpenStreetMap (tag data_center). Da validare con almeno una seconda fonte.",
        "country": "LU",
        "city": "Kayl",
        "status": "unknown",
        "site_category": "infrastructure",
        "opened_year": null,
        "updated_at": "2026-09-23",
        "confidence": "low",
        "import_source": "osm_overpass",
        "external_id": "osm/way/166476032",
        "sources": [
          {
            "title": "OpenStreetMap / Overpass",
            "url": "https://wiki.openstreetmap.org/wiki/Tag:telecom%3Ddata_center",
            "accessed_at": "2026-09-23",
            "note": "osm_id=166476032"
          }
        ]
      }
    },
    {
      "type": "Feature",
      "geometry": {
        "type": "Point",
        "coordinates": [
          8.7438333,
          50.1091188
        ]
      },
      "properties": {
        "id": "dc_379",
        "name": "Vantage Data Center (FRA1)",
        "type": "data_center",
        "subtype": "hyperscale",
        "operator": "Vantage Data Centers",
        "description_it": "Record da OpenStreetMap classificato come hyperscale (operatore cloud/campus). Da validare con una seconda fonte.",
        "country": "FR",
        "city": "Offenbach am Main",
        "status": "unknown",
        "site_category": "infrastructure",
        "opened_year": null,
        "updated_at": "2026-09-23",
        "confidence": "low",
        "import_source": "osm_overpass",
        "external_id": "osm/way/172856848",
        "sources": [
          {
            "title": "OpenStreetMap / Overpass",
            "url": "https://wiki.openstreetmap.org/wiki/Tag:telecom%3Ddata_center",
            "accessed_at": "2026-09-23",
            "note": "osm_id=172856848"
          }
        ]
      }
    },
    {
      "type": "Feature",
      "geometry": {
        "type": "Point",
        "coordinates": [
          14.3464295,
          51.193955
        ]
      },
      "properties": {
        "id": "dc_380",
        "name": "NTT DATA Business Solutions Global Managed Services",
        "type": "data_center",
        "subtype": "colocation",
        "operator": "NTT",
        "description_it": "Record da OpenStreetMap (tag data_center). Da validare con almeno una seconda fonte.",
        "country": "DE",
        "city": "Bautzen",
        "status": "unknown",
        "site_category": "infrastructure",
        "opened_year": null,
        "updated_at": "2026-09-23",
        "confidence": "low",
        "import_source": "osm_overpass",
        "external_id": "osm/way/188308568",
        "sources": [
          {
            "title": "OpenStreetMap / Overpass",
            "url": "https://wiki.openstreetmap.org/wiki/Tag:telecom%3Ddata_center",
            "accessed_at": "2026-09-23",
            "note": "osm_id=188308568"
          }
        ]
      }
    },
    {
      "type": "Feature",
      "geometry": {
        "type": "Point",
        "coordinates": [
          11.4184645,
          53.5983374
        ]
      },
      "properties": {
        "id": "dc_381",
        "name": "Planet IC",
        "type": "data_center",
        "subtype": "colocation",
        "operator": "Unknown",
        "description_it": "Record da OpenStreetMap (tag data_center). Da validare con almeno una seconda fonte.",
        "country": "DE",
        "city": "n/d",
        "status": "unknown",
        "site_category": "infrastructure",
        "opened_year": null,
        "updated_at": "2026-09-23",
        "confidence": "low",
        "import_source": "osm_overpass",
        "external_id": "osm/way/191720187",
        "sources": [
          {
            "title": "OpenStreetMap / Overpass",
            "url": "https://wiki.openstreetmap.org/wiki/Tag:telecom%3Ddata_center",
            "accessed_at": "2026-09-23",
            "note": "osm_id=191720187"
          }
        ]
      }
    },
    {
      "type": "Feature",
      "geometry": {
        "type": "Point",
        "coordinates": [
          13.4284007,
          52.4528683
        ]
      },
      "properties": {
        "id": "dc_382",
        "name": "NorthC Berlin 2",
        "type": "data_center",
        "subtype": "colocation",
        "operator": "NorthC",
        "description_it": "Record da OpenStreetMap (tag data_center). Da validare con almeno una seconda fonte.",
        "country": "DE",
        "city": "n/d",
        "status": "unknown",
        "site_category": "infrastructure",
        "opened_year": null,
        "updated_at": "2026-09-23",
        "confidence": "low",
        "import_source": "osm_overpass",
        "external_id": "osm/way/195293320",
        "sources": [
          {
            "title": "OpenStreetMap / Overpass",
            "url": "https://wiki.openstreetmap.org/wiki/Tag:telecom%3Ddata_center",
            "accessed_at": "2026-09-23",
            "note": "osm_id=195293320"
          }
        ]
      }
    },
    {
      "type": "Feature",
      "geometry": {
        "type": "Point",
        "coordinates": [
          8.4564839,
          50.0164746
        ]
      },
      "properties": {
        "id": "dc_383",
        "name": "Vantage Data Center FRA31",
        "type": "data_center",
        "subtype": "hyperscale",
        "operator": "Vantage Data Centers",
        "description_it": "Record da OpenStreetMap classificato come hyperscale (operatore cloud/campus). Da validare con una seconda fonte.",
        "country": "FR",
        "city": "n/d",
        "status": "unknown",
        "site_category": "infrastructure",
        "opened_year": null,
        "updated_at": "2026-09-23",
        "confidence": "low",
        "import_source": "osm_overpass",
        "external_id": "osm/way/205360599",
        "sources": [
          {
            "title": "OpenStreetMap / Overpass",
            "url": "https://wiki.openstreetmap.org/wiki/Tag:telecom%3Ddata_center",
            "accessed_at": "2026-09-23",
            "note": "osm_id=205360599"
          }
        ]
      }
    },
    {
      "type": "Feature",
      "geometry": {
        "type": "Point",
        "coordinates": [
          11.5301411,
          48.094909
        ]
      },
      "properties": {
        "id": "dc_384",
        "name": "Siemens EAGLE Data Center",
        "type": "data_center",
        "subtype": "colocation",
        "operator": "Siemens",
        "description_it": "Record da OpenStreetMap (tag data_center). Da validare con almeno una seconda fonte.",
        "country": "DE",
        "city": "n/d",
        "status": "unknown",
        "site_category": "infrastructure",
        "opened_year": null,
        "updated_at": "2026-09-23",
        "confidence": "low",
        "import_source": "osm_overpass",
        "external_id": "osm/way/207919304",
        "sources": [
          {
            "title": "OpenStreetMap / Overpass",
            "url": "https://wiki.openstreetmap.org/wiki/Tag:telecom%3Ddata_center",
            "accessed_at": "2026-09-23",
            "note": "osm_id=207919304"
          }
        ]
      }
    },
    {
      "type": "Feature",
      "geometry": {
        "type": "Point",
        "coordinates": [
          6.3246532,
          49.6940086
        ]
      },
      "properties": {
        "id": "dc_385",
        "name": "EBRC Resilience Centre Luxembourg East",
        "type": "data_center",
        "subtype": "colocation",
        "operator": "Unknown",
        "description_it": "Record da OpenStreetMap (tag data_center). Da validare con almeno una seconda fonte.",
        "country": "FR",
        "city": "n/d",
        "status": "unknown",
        "site_category": "infrastructure",
        "opened_year": null,
        "updated_at": "2026-09-23",
        "confidence": "low",
        "import_source": "osm_overpass",
        "external_id": "osm/way/218247529",
        "sources": [
          {
            "title": "OpenStreetMap / Overpass",
            "url": "https://wiki.openstreetmap.org/wiki/Tag:telecom%3Ddata_center",
            "accessed_at": "2026-09-23",
            "note": "osm_id=218247529"
          }
        ]
      }
    },
    {
      "type": "Feature",
      "geometry": {
        "type": "Point",
        "coordinates": [
          9.3080262,
          49.1458467
        ]
      },
      "properties": {
        "id": "dc_386",
        "name": "Rechenzentrum Ellhofen",
        "type": "data_center",
        "subtype": "colocation",
        "operator": "Stack IT",
        "description_it": "Record da OpenStreetMap (tag data_center). Da validare con almeno una seconda fonte.",
        "country": "DE",
        "city": "Ellhofen",
        "status": "unknown",
        "site_category": "infrastructure",
        "opened_year": null,
        "updated_at": "2026-09-23",
        "confidence": "low",
        "import_source": "osm_overpass",
        "external_id": "osm/way/220363244",
        "sources": [
          {
            "title": "OpenStreetMap / Overpass",
            "url": "https://wiki.openstreetmap.org/wiki/Tag:telecom%3Ddata_center",
            "accessed_at": "2026-09-23",
            "note": "osm_id=220363244"
          }
        ]
      }
    },
    {
      "type": "Feature",
      "geometry": {
        "type": "Point",
        "coordinates": [
          13.6033906,
          48.7341771
        ]
      },
      "properties": {
        "id": "dc_387",
        "name": "WKNJ00",
        "type": "data_center",
        "subtype": "colocation",
        "operator": "Deutsche Telekom",
        "description_it": "Record da OpenStreetMap (tag data_center). Da validare con almeno una seconda fonte.",
        "country": "DE",
        "city": "Waldkirchen",
        "status": "unknown",
        "site_category": "infrastructure",
        "opened_year": null,
        "updated_at": "2026-09-23",
        "confidence": "low",
        "import_source": "osm_overpass",
        "external_id": "osm/way/220540453",
        "sources": [
          {
            "title": "OpenStreetMap / Overpass",
            "url": "https://wiki.openstreetmap.org/wiki/Tag:telecom%3Ddata_center",
            "accessed_at": "2026-09-23",
            "note": "osm_id=220540453"
          }
        ]
      }
    },
    {
      "type": "Feature",
      "geometry": {
        "type": "Point",
        "coordinates": [
          8.0624469,
          50.4088511
        ]
      },
      "properties": {
        "id": "dc_388",
        "name": "OVHcloud LIM1-3 Rechenzentrum",
        "type": "data_center",
        "subtype": "colocation",
        "operator": "OVH GmbH",
        "description_it": "Record da OpenStreetMap (tag data_center). Da validare con almeno una seconda fonte.",
        "country": "DE",
        "city": "Limburg an der Lahn",
        "status": "unknown",
        "site_category": "infrastructure",
        "opened_year": null,
        "updated_at": "2026-09-23",
        "confidence": "low",
        "import_source": "osm_overpass",
        "external_id": "osm/way/229184178",
        "sources": [
          {
            "title": "OpenStreetMap / Overpass",
            "url": "https://wiki.openstreetmap.org/wiki/Tag:telecom%3Ddata_center",
            "accessed_at": "2026-09-23",
            "note": "osm_id=229184178"
          }
        ]
      }
    },
    {
      "type": "Feature",
      "geometry": {
        "type": "Point",
        "coordinates": [
          9.5854931,
          50.908581
        ]
      },
      "properties": {
        "id": "dc_389",
        "name": "General Logistics Systems Germany GmbH & Co. OHG",
        "type": "data_center",
        "subtype": "colocation",
        "operator": "GLS IT Services GmbH",
        "description_it": "Record da OpenStreetMap (tag data_center). Da validare con almeno una seconda fonte.",
        "country": "FR",
        "city": "Neuenstein",
        "status": "unknown",
        "site_category": "infrastructure",
        "opened_year": null,
        "updated_at": "2026-09-23",
        "confidence": "low",
        "import_source": "osm_overpass",
        "external_id": "osm/way/234449744",
        "sources": [
          {
            "title": "OpenStreetMap / Overpass",
            "url": "https://wiki.openstreetmap.org/wiki/Tag:telecom%3Ddata_center",
            "accessed_at": "2026-09-23",
            "note": "osm_id=234449744"
          }
        ]
      }
    },
    {
      "type": "Feature",
      "geometry": {
        "type": "Point",
        "coordinates": [
          8.619849,
          50.1036247
        ]
      },
      "properties": {
        "id": "dc_390",
        "name": "NorthC Frankfurt 3",
        "type": "data_center",
        "subtype": "colocation",
        "operator": "NorthC",
        "description_it": "Record da OpenStreetMap (tag data_center). Da validare con almeno una seconda fonte.",
        "country": "FR",
        "city": "n/d",
        "status": "unknown",
        "site_category": "infrastructure",
        "opened_year": null,
        "updated_at": "2026-09-23",
        "confidence": "low",
        "import_source": "osm_overpass",
        "external_id": "osm/way/248865761",
        "sources": [
          {
            "title": "OpenStreetMap / Overpass",
            "url": "https://wiki.openstreetmap.org/wiki/Tag:telecom%3Ddata_center",
            "accessed_at": "2026-09-23",
            "note": "osm_id=248865761"
          }
        ]
      }
    },
    {
      "type": "Feature",
      "geometry": {
        "type": "Point",
        "coordinates": [
          7.6350765,
          51.2267787
        ]
      },
      "properties": {
        "id": "dc_391",
        "name": "Stadtwerke Lüdenscheid GmbH (ENERVIE-Gruppe)",
        "type": "data_center",
        "subtype": "colocation",
        "operator": "ENERVIE – Südwestfalen Energie und Wasser AG",
        "description_it": "Record da OpenStreetMap (tag data_center). Da validare con almeno una seconda fonte.",
        "country": "DE",
        "city": "n/d",
        "status": "unknown",
        "site_category": "infrastructure",
        "opened_year": null,
        "updated_at": "2026-09-23",
        "confidence": "low",
        "import_source": "osm_overpass",
        "external_id": "osm/way/252016450",
        "sources": [
          {
            "title": "OpenStreetMap / Overpass",
            "url": "https://wiki.openstreetmap.org/wiki/Tag:telecom%3Ddata_center",
            "accessed_at": "2026-09-23",
            "note": "osm_id=252016450"
          }
        ]
      }
    },
    {
      "type": "Feature",
      "geometry": {
        "type": "Point",
        "coordinates": [
          8.4732288,
          49.0271158
        ]
      },
      "properties": {
        "id": "dc_392",
        "name": "TelemaxX IPC4",
        "type": "data_center",
        "subtype": "colocation",
        "operator": "TelemaxX Telekommunikation GmbH",
        "description_it": "Record da OpenStreetMap (tag data_center). Da validare con almeno una seconda fonte.",
        "country": "FR",
        "city": "n/d",
        "status": "unknown",
        "site_category": "infrastructure",
        "opened_year": null,
        "updated_at": "2026-09-23",
        "confidence": "low",
        "import_source": "osm_overpass",
        "external_id": "osm/way/258148708",
        "sources": [
          {
            "title": "OpenStreetMap / Overpass",
            "url": "https://wiki.openstreetmap.org/wiki/Tag:telecom%3Ddata_center",
            "accessed_at": "2026-09-23",
            "note": "osm_id=258148708"
          }
        ]
      }
    },
    {
      "type": "Feature",
      "geometry": {
        "type": "Point",
        "coordinates": [
          11.6539113,
          51.9848368
        ]
      },
      "properties": {
        "id": "dc_393",
        "name": "T-Systems Biere Rechenzentrum",
        "type": "data_center",
        "subtype": "colocation",
        "operator": "Deutsche Telekom",
        "description_it": "Record da OpenStreetMap (tag data_center). Da validare con almeno una seconda fonte.",
        "country": "DE",
        "city": "n/d",
        "status": "unknown",
        "site_category": "infrastructure",
        "opened_year": null,
        "updated_at": "2026-09-23",
        "confidence": "low",
        "import_source": "osm_overpass",
        "external_id": "osm/way/291142381",
        "sources": [
          {
            "title": "OpenStreetMap / Overpass",
            "url": "https://wiki.openstreetmap.org/wiki/Tag:telecom%3Ddata_center",
            "accessed_at": "2026-09-23",
            "note": "osm_id=291142381"
          }
        ]
      }
    },
    {
      "type": "Feature",
      "geometry": {
        "type": "Point",
        "coordinates": [
          8.5325882,
          50.1629204
        ]
      },
      "properties": {
        "id": "dc_394",
        "name": "noris network FRA1",
        "type": "data_center",
        "subtype": "colocation",
        "operator": "noris network AG",
        "description_it": "Record da OpenStreetMap (tag data_center). Da validare con almeno una seconda fonte.",
        "country": "FR",
        "city": "Schwalbach am Taunus",
        "status": "unknown",
        "site_category": "infrastructure",
        "opened_year": null,
        "updated_at": "2026-09-23",
        "confidence": "low",
        "import_source": "osm_overpass",
        "external_id": "osm/way/313208490",
        "sources": [
          {
            "title": "OpenStreetMap / Overpass",
            "url": "https://wiki.openstreetmap.org/wiki/Tag:telecom%3Ddata_center",
            "accessed_at": "2026-09-23",
            "note": "osm_id=313208490"
          }
        ]
      }
    },
    {
      "type": "Feature",
      "geometry": {
        "type": "Point",
        "coordinates": [
          11.5333663,
          48.0639182
        ]
      },
      "properties": {
        "id": "dc_395",
        "name": "Bundesnachrichtendienst Pullach Rechenzentrum",
        "type": "data_center",
        "subtype": "colocation",
        "operator": "Bundesnachrichtendienst",
        "description_it": "Record da OpenStreetMap (tag data_center). Da validare con almeno una seconda fonte.",
        "country": "DE",
        "city": "n/d",
        "status": "unknown",
        "site_category": "infrastructure",
        "opened_year": null,
        "updated_at": "2026-09-23",
        "confidence": "low",
        "import_source": "osm_overpass",
        "external_id": "osm/way/330751320",
        "sources": [
          {
            "title": "OpenStreetMap / Overpass",
            "url": "https://wiki.openstreetmap.org/wiki/Tag:telecom%3Ddata_center",
            "accessed_at": "2026-09-23",
            "note": "osm_id=330751320"
          }
        ]
      }
    },
    {
      "type": "Feature",
      "geometry": {
        "type": "Point",
        "coordinates": [
          8.4782667,
          49.0200971
        ]
      },
      "properties": {
        "id": "dc_396",
        "name": "TelemaxX IPC3",
        "type": "data_center",
        "subtype": "colocation",
        "operator": "TelemaxX Telekommunikation GmbH",
        "description_it": "Record da OpenStreetMap (tag data_center). Da validare con almeno una seconda fonte.",
        "country": "DE",
        "city": "Karlsruhe",
        "status": "unknown",
        "site_category": "infrastructure",
        "opened_year": null,
        "updated_at": "2026-09-23",
        "confidence": "low",
        "import_source": "osm_overpass",
        "external_id": "osm/way/334161493",
        "sources": [
          {
            "title": "OpenStreetMap / Overpass",
            "url": "https://wiki.openstreetmap.org/wiki/Tag:telecom%3Ddata_center",
            "accessed_at": "2026-09-23",
            "note": "osm_id=334161493"
          }
        ]
      }
    },
    {
      "type": "Feature",
      "geometry": {
        "type": "Point",
        "coordinates": [
          8.739218,
          50.1430023
        ]
      },
      "properties": {
        "id": "dc_397",
        "name": "Equinix FR2",
        "type": "data_center",
        "subtype": "colocation",
        "operator": "Equinix",
        "description_it": "Record da OpenStreetMap (tag data_center). Da validare con almeno una seconda fonte.",
        "country": "DE",
        "city": "Frankfurt am Main",
        "status": "unknown",
        "site_category": "infrastructure",
        "opened_year": null,
        "updated_at": "2026-09-23",
        "confidence": "low",
        "import_source": "osm_overpass",
        "external_id": "osm/way/380134092",
        "sources": [
          {
            "title": "OpenStreetMap / Overpass",
            "url": "https://wiki.openstreetmap.org/wiki/Tag:telecom%3Ddata_center",
            "accessed_at": "2026-09-23",
            "note": "osm_id=380134092"
          }
        ]
      }
    },
    {
      "type": "Feature",
      "geometry": {
        "type": "Point",
        "coordinates": [
          7.5963044,
          51.893474
        ]
      },
      "properties": {
        "id": "dc_398",
        "name": "GAD-Rechenzentrum 2",
        "type": "data_center",
        "subtype": "colocation",
        "operator": "Atruvia AG",
        "description_it": "Record da OpenStreetMap (tag data_center). Da validare con almeno una seconda fonte.",
        "country": "DE",
        "city": "Münster",
        "status": "unknown",
        "site_category": "infrastructure",
        "opened_year": null,
        "updated_at": "2026-09-23",
        "confidence": "low",
        "import_source": "osm_overpass",
        "external_id": "osm/way/397803546",
        "sources": [
          {
            "title": "OpenStreetMap / Overpass",
            "url": "https://wiki.openstreetmap.org/wiki/Tag:telecom%3Ddata_center",
            "accessed_at": "2026-09-23",
            "note": "osm_id=397803546"
          }
        ]
      }
    },
    {
      "type": "Feature",
      "geometry": {
        "type": "Point",
        "coordinates": [
          6.8042459,
          49.505053
        ]
      },
      "properties": {
        "id": "dc_399",
        "name": "Rechenzentrum KÜS Data",
        "type": "data_center",
        "subtype": "colocation",
        "operator": "Unknown",
        "description_it": "Record da OpenStreetMap (tag data_center). Da validare con almeno una seconda fonte.",
        "country": "DE",
        "city": "Losheim am See",
        "status": "unknown",
        "site_category": "infrastructure",
        "opened_year": null,
        "updated_at": "2026-09-23",
        "confidence": "low",
        "import_source": "osm_overpass",
        "external_id": "osm/way/410035541",
        "sources": [
          {
            "title": "OpenStreetMap / Overpass",
            "url": "https://wiki.openstreetmap.org/wiki/Tag:telecom%3Ddata_center",
            "accessed_at": "2026-09-23",
            "note": "osm_id=410035541"
          }
        ]
      }
    },
    {
      "type": "Feature",
      "geometry": {
        "type": "Point",
        "coordinates": [
          11.7376766,
          48.1612858
        ]
      },
      "properties": {
        "id": "dc_400",
        "name": "noris Munich MUC5",
        "type": "data_center",
        "subtype": "colocation",
        "operator": "noris",
        "description_it": "Record da OpenStreetMap (tag data_center). Da validare con almeno una seconda fonte.",
        "country": "DE",
        "city": "n/d",
        "status": "unknown",
        "site_category": "infrastructure",
        "opened_year": null,
        "updated_at": "2026-09-23",
        "confidence": "low",
        "import_source": "osm_overpass",
        "external_id": "osm/way/413681245",
        "sources": [
          {
            "title": "OpenStreetMap / Overpass",
            "url": "https://wiki.openstreetmap.org/wiki/Tag:telecom%3Ddata_center",
            "accessed_at": "2026-09-23",
            "note": "osm_id=413681245"
          }
        ]
      }
    },
    {
      "type": "Feature",
      "geometry": {
        "type": "Point",
        "coordinates": [
          8.7385459,
          50.1359427
        ]
      },
      "properties": {
        "id": "dc_401",
        "name": "Mainova WebHouse",
        "type": "data_center",
        "subtype": "colocation",
        "operator": "Unknown",
        "description_it": "Record da OpenStreetMap (tag data_center). Da validare con almeno una seconda fonte.",
        "country": "DE",
        "city": "Frankfurt am Main",
        "status": "unknown",
        "site_category": "infrastructure",
        "opened_year": null,
        "updated_at": "2026-09-23",
        "confidence": "low",
        "import_source": "osm_overpass",
        "external_id": "osm/way/416139055",
        "sources": [
          {
            "title": "OpenStreetMap / Overpass",
            "url": "https://wiki.openstreetmap.org/wiki/Tag:telecom%3Ddata_center",
            "accessed_at": "2026-09-23",
            "note": "osm_id=416139055"
          }
        ]
      }
    },
    {
      "type": "Feature",
      "geometry": {
        "type": "Point",
        "coordinates": [
          14.5928983,
          50.1172625
        ]
      },
      "properties": {
        "id": "dc_402",
        "name": "Datové centrum Kokura",
        "type": "data_center",
        "subtype": "colocation",
        "operator": "Unknown",
        "description_it": "Record da OpenStreetMap (tag data_center). Da validare con almeno una seconda fonte.",
        "country": "DE",
        "city": "n/d",
        "status": "unknown",
        "site_category": "infrastructure",
        "opened_year": null,
        "updated_at": "2026-09-23",
        "confidence": "low",
        "import_source": "osm_overpass",
        "external_id": "osm/way/418593276",
        "sources": [
          {
            "title": "OpenStreetMap / Overpass",
            "url": "https://wiki.openstreetmap.org/wiki/Tag:telecom%3Ddata_center",
            "accessed_at": "2026-09-23",
            "note": "osm_id=418593276"
          }
        ]
      }
    },
    {
      "type": "Feature",
      "geometry": {
        "type": "Point",
        "coordinates": [
          13.1197234,
          48.6717889
        ]
      },
      "properties": {
        "id": "dc_403",
        "name": "synaforce GmbH",
        "type": "data_center",
        "subtype": "colocation",
        "operator": "Unknown",
        "description_it": "Record da OpenStreetMap (tag data_center). Da validare con almeno una seconda fonte.",
        "country": "DE",
        "city": "n/d",
        "status": "unknown",
        "site_category": "infrastructure",
        "opened_year": null,
        "updated_at": "2026-09-23",
        "confidence": "low",
        "import_source": "osm_overpass",
        "external_id": "osm/way/547247379",
        "sources": [
          {
            "title": "OpenStreetMap / Overpass",
            "url": "https://wiki.openstreetmap.org/wiki/Tag:telecom%3Ddata_center",
            "accessed_at": "2026-09-23",
            "note": "osm_id=547247379"
          }
        ]
      }
    },
    {
      "type": "Feature",
      "geometry": {
        "type": "Point",
        "coordinates": [
          8.4582302,
          49.0777621
        ]
      },
      "properties": {
        "id": "dc_404",
        "name": "TelemaxX IPC5",
        "type": "data_center",
        "subtype": "colocation",
        "operator": "TelemaxX Telekommunikation GmbH",
        "description_it": "Record da OpenStreetMap (tag data_center). Da validare con almeno una seconda fonte.",
        "country": "DE",
        "city": "Stutensee",
        "status": "unknown",
        "site_category": "infrastructure",
        "opened_year": null,
        "updated_at": "2026-09-23",
        "confidence": "low",
        "import_source": "osm_overpass",
        "external_id": "osm/way/549728082",
        "sources": [
          {
            "title": "OpenStreetMap / Overpass",
            "url": "https://wiki.openstreetmap.org/wiki/Tag:telecom%3Ddata_center",
            "accessed_at": "2026-09-23",
            "note": "osm_id=549728082"
          }
        ]
      }
    },
    {
      "type": "Feature",
      "geometry": {
        "type": "Point",
        "coordinates": [
          7.6038111,
          51.9662391
        ]
      },
      "properties": {
        "id": "dc_405",
        "name": "Servergebäude",
        "type": "data_center",
        "subtype": "colocation",
        "operator": "Universität Münster",
        "description_it": "Record da OpenStreetMap (tag data_center). Da validare con almeno una seconda fonte.",
        "country": "DE",
        "city": "n/d",
        "status": "unknown",
        "site_category": "infrastructure",
        "opened_year": null,
        "updated_at": "2026-09-23",
        "confidence": "low",
        "import_source": "osm_overpass",
        "external_id": "osm/way/568657795",
        "sources": [
          {
            "title": "OpenStreetMap / Overpass",
            "url": "https://wiki.openstreetmap.org/wiki/Tag:telecom%3Ddata_center",
            "accessed_at": "2026-09-23",
            "note": "osm_id=568657795"
          }
        ]
      }
    },
    {
      "type": "Feature",
      "geometry": {
        "type": "Point",
        "coordinates": [
          12.3346359,
          50.4775298
        ]
      },
      "properties": {
        "id": "dc_406",
        "name": "Hetzner – Rechenzentrumspark Falkenstein",
        "type": "data_center",
        "subtype": "colocation",
        "operator": "Hetzner Online GmbH",
        "description_it": "Record da OpenStreetMap (tag data_center). Da validare con almeno una seconda fonte.",
        "country": "DE",
        "city": "Falkenstein/Vogtl.",
        "status": "unknown",
        "site_category": "infrastructure",
        "opened_year": null,
        "updated_at": "2026-09-23",
        "confidence": "low",
        "import_source": "osm_overpass",
        "external_id": "osm/way/606528332",
        "sources": [
          {
            "title": "OpenStreetMap / Overpass",
            "url": "https://wiki.openstreetmap.org/wiki/Tag:telecom%3Ddata_center",
            "accessed_at": "2026-09-23",
            "note": "osm_id=606528332"
          }
        ]
      }
    },
    {
      "type": "Feature",
      "geometry": {
        "type": "Point",
        "coordinates": [
          9.619716,
          52.0159209
        ]
      },
      "properties": {
        "id": "dc_407",
        "name": "Telekom Vermittlungsstelle",
        "type": "data_center",
        "subtype": "colocation",
        "operator": "Deutsche Telekom",
        "description_it": "Record da OpenStreetMap (tag data_center). Da validare con almeno una seconda fonte.",
        "country": "DE",
        "city": "n/d",
        "status": "unknown",
        "site_category": "infrastructure",
        "opened_year": null,
        "updated_at": "2026-09-23",
        "confidence": "low",
        "import_source": "osm_overpass",
        "external_id": "osm/way/628235780",
        "sources": [
          {
            "title": "OpenStreetMap / Overpass",
            "url": "https://wiki.openstreetmap.org/wiki/Tag:telecom%3Ddata_center",
            "accessed_at": "2026-09-23",
            "note": "osm_id=628235780"
          }
        ]
      }
    },
    {
      "type": "Feature",
      "geometry": {
        "type": "Point",
        "coordinates": [
          14.5282167,
          50.0647772
        ]
      },
      "properties": {
        "id": "dc_408",
        "name": "Datové centrum DC7",
        "type": "data_center",
        "subtype": "colocation",
        "operator": "T-Mobile",
        "description_it": "Record da OpenStreetMap (tag data_center). Da validare con almeno una seconda fonte.",
        "country": "DE",
        "city": "n/d",
        "status": "unknown",
        "site_category": "infrastructure",
        "opened_year": null,
        "updated_at": "2026-09-23",
        "confidence": "low",
        "import_source": "osm_overpass",
        "external_id": "osm/way/633071611",
        "sources": [
          {
            "title": "OpenStreetMap / Overpass",
            "url": "https://wiki.openstreetmap.org/wiki/Tag:telecom%3Ddata_center",
            "accessed_at": "2026-09-23",
            "note": "osm_id=633071611"
          }
        ]
      }
    },
    {
      "type": "Feature",
      "geometry": {
        "type": "Point",
        "coordinates": [
          8.6316399,
          49.2935279
        ]
      },
      "properties": {
        "id": "dc_409",
        "name": "SAP WDF51",
        "type": "data_center",
        "subtype": "colocation",
        "operator": "SAP SE",
        "description_it": "Record da OpenStreetMap (tag data_center). Da validare con almeno una seconda fonte.",
        "country": "FR",
        "city": "n/d",
        "status": "unknown",
        "site_category": "infrastructure",
        "opened_year": null,
        "updated_at": "2026-09-23",
        "confidence": "low",
        "import_source": "osm_overpass",
        "external_id": "osm/way/643236943",
        "sources": [
          {
            "title": "OpenStreetMap / Overpass",
            "url": "https://wiki.openstreetmap.org/wiki/Tag:telecom%3Ddata_center",
            "accessed_at": "2026-09-23",
            "note": "osm_id=643236943"
          }
        ]
      }
    },
    {
      "type": "Feature",
      "geometry": {
        "type": "Point",
        "coordinates": [
          8.7365341,
          51.6809752
        ]
      },
      "properties": {
        "id": "dc_410",
        "name": "VegaSystems GmbH & Co. KG",
        "type": "data_center",
        "subtype": "colocation",
        "operator": "Unknown",
        "description_it": "Record da OpenStreetMap (tag data_center). Da validare con almeno una seconda fonte.",
        "country": "DE",
        "city": "n/d",
        "status": "unknown",
        "site_category": "infrastructure",
        "opened_year": null,
        "updated_at": "2026-09-23",
        "confidence": "low",
        "import_source": "osm_overpass",
        "external_id": "osm/way/686613449",
        "sources": [
          {
            "title": "OpenStreetMap / Overpass",
            "url": "https://wiki.openstreetmap.org/wiki/Tag:telecom%3Ddata_center",
            "accessed_at": "2026-09-23",
            "note": "osm_id=686613449"
          }
        ]
      }
    },
    {
      "type": "Feature",
      "geometry": {
        "type": "Point",
        "coordinates": [
          7.9734497,
          48.5499712
        ]
      },
      "properties": {
        "id": "dc_411",
        "name": "LEITWERK Rechenzentrum Appenweier",
        "type": "data_center",
        "subtype": "colocation",
        "operator": "Leitwerk Rechenzentren Appenweier/Lahr GmbH",
        "description_it": "Record da OpenStreetMap (tag data_center). Da validare con almeno una seconda fonte.",
        "country": "FR",
        "city": "Appenweier",
        "status": "unknown",
        "site_category": "infrastructure",
        "opened_year": null,
        "updated_at": "2026-09-23",
        "confidence": "low",
        "import_source": "osm_overpass",
        "external_id": "osm/way/688146819",
        "sources": [
          {
            "title": "OpenStreetMap / Overpass",
            "url": "https://wiki.openstreetmap.org/wiki/Tag:telecom%3Ddata_center",
            "accessed_at": "2026-09-23",
            "note": "osm_id=688146819"
          }
        ]
      }
    },
    {
      "type": "Feature",
      "geometry": {
        "type": "Point",
        "coordinates": [
          12.8372503,
          48.032257
        ]
      },
      "properties": {
        "id": "dc_412",
        "name": "Rechenzentrum Ostermiething",
        "type": "data_center",
        "subtype": "colocation",
        "operator": "Stack IT",
        "description_it": "Record da OpenStreetMap (tag data_center). Da validare con almeno una seconda fonte.",
        "country": "AT",
        "city": "Ostermiething",
        "status": "unknown",
        "site_category": "infrastructure",
        "opened_year": null,
        "updated_at": "2026-09-23",
        "confidence": "low",
        "import_source": "osm_overpass",
        "external_id": "osm/way/708069523",
        "sources": [
          {
            "title": "OpenStreetMap / Overpass",
            "url": "https://wiki.openstreetmap.org/wiki/Tag:telecom%3Ddata_center",
            "accessed_at": "2026-09-23",
            "note": "osm_id=708069523"
          }
        ]
      }
    },
    {
      "type": "Feature",
      "geometry": {
        "type": "Point",
        "coordinates": [
          11.0145373,
          49.4498768
        ]
      },
      "properties": {
        "id": "dc_413",
        "name": "Hetzner Online GmbH - NBG1",
        "type": "data_center",
        "subtype": "colocation",
        "operator": "Hetzner Online GmbH",
        "description_it": "Record da OpenStreetMap (tag data_center). Da validare con almeno una seconda fonte.",
        "country": "DE",
        "city": "Nürnberg",
        "status": "unknown",
        "site_category": "infrastructure",
        "opened_year": null,
        "updated_at": "2026-09-23",
        "confidence": "low",
        "import_source": "osm_overpass",
        "external_id": "osm/way/723038882",
        "sources": [
          {
            "title": "OpenStreetMap / Overpass",
            "url": "https://wiki.openstreetmap.org/wiki/Tag:telecom%3Ddata_center",
            "accessed_at": "2026-09-23",
            "note": "osm_id=723038882"
          }
        ]
      }
    },
    {
      "type": "Feature",
      "geometry": {
        "type": "Point",
        "coordinates": [
          7.6154941,
          47.5125242
        ]
      },
      "properties": {
        "id": "dc_414",
        "name": "NorthC data centers Basel",
        "type": "data_center",
        "subtype": "colocation",
        "operator": "Unknown",
        "description_it": "Record da OpenStreetMap (tag data_center). Da validare con almeno una seconda fonte.",
        "country": "FR",
        "city": "n/d",
        "status": "unknown",
        "site_category": "infrastructure",
        "opened_year": null,
        "updated_at": "2026-09-23",
        "confidence": "low",
        "import_source": "osm_overpass",
        "external_id": "osm/way/750275669",
        "sources": [
          {
            "title": "OpenStreetMap / Overpass",
            "url": "https://wiki.openstreetmap.org/wiki/Tag:telecom%3Ddata_center",
            "accessed_at": "2026-09-23",
            "note": "osm_id=750275669"
          }
        ]
      }
    },
    {
      "type": "Feature",
      "geometry": {
        "type": "Point",
        "coordinates": [
          8.4851861,
          50.0628368
        ]
      },
      "properties": {
        "id": "dc_415",
        "name": "Gebäude 1",
        "type": "data_center",
        "subtype": "colocation",
        "operator": "Unknown",
        "description_it": "Record da OpenStreetMap (tag data_center). Da validare con almeno una seconda fonte.",
        "country": "FR",
        "city": "n/d",
        "status": "unknown",
        "site_category": "infrastructure",
        "opened_year": null,
        "updated_at": "2026-09-23",
        "confidence": "low",
        "import_source": "osm_overpass",
        "external_id": "osm/way/759986149",
        "sources": [
          {
            "title": "OpenStreetMap / Overpass",
            "url": "https://wiki.openstreetmap.org/wiki/Tag:telecom%3Ddata_center",
            "accessed_at": "2026-09-23",
            "note": "osm_id=759986149"
          }
        ]
      }
    },
    {
      "type": "Feature",
      "geometry": {
        "type": "Point",
        "coordinates": [
          8.3498932,
          49.4208235
        ]
      },
      "properties": {
        "id": "dc_416",
        "name": "Rechenzentrum PFALZKOM, DCRN II",
        "type": "data_center",
        "subtype": "colocation",
        "operator": "Pfalzkom GmbH",
        "description_it": "Record da OpenStreetMap (tag data_center). Da validare con almeno una seconda fonte.",
        "country": "DE",
        "city": "Mutterstadt",
        "status": "unknown",
        "site_category": "infrastructure",
        "opened_year": null,
        "updated_at": "2026-09-23",
        "confidence": "low",
        "import_source": "osm_overpass",
        "external_id": "osm/way/771374487",
        "sources": [
          {
            "title": "OpenStreetMap / Overpass",
            "url": "https://wiki.openstreetmap.org/wiki/Tag:telecom%3Ddata_center",
            "accessed_at": "2026-09-23",
            "note": "osm_id=771374487"
          }
        ]
      }
    },
    {
      "type": "Feature",
      "geometry": {
        "type": "Point",
        "coordinates": [
          5.9740774,
          47.2262455
        ]
      },
      "properties": {
        "id": "dc_417",
        "name": "MLH1",
        "type": "data_center",
        "subtype": "colocation",
        "operator": "nLighten",
        "description_it": "Record da OpenStreetMap (tag data_center). Da validare con almeno una seconda fonte.",
        "country": "FR",
        "city": "n/d",
        "status": "unknown",
        "site_category": "infrastructure",
        "opened_year": null,
        "updated_at": "2026-09-23",
        "confidence": "low",
        "import_source": "osm_overpass",
        "external_id": "osm/way/778874555",
        "sources": [
          {
            "title": "OpenStreetMap / Overpass",
            "url": "https://wiki.openstreetmap.org/wiki/Tag:telecom%3Ddata_center",
            "accessed_at": "2026-09-23",
            "note": "osm_id=778874555"
          }
        ]
      }
    },
    {
      "type": "Feature",
      "geometry": {
        "type": "Point",
        "coordinates": [
          14.4433775,
          49.0533614
        ]
      },
      "properties": {
        "id": "dc_418",
        "name": "WEDOS DC2 Podskalí",
        "type": "data_center",
        "subtype": "colocation",
        "operator": "Wedos",
        "description_it": "Record da OpenStreetMap (tag data_center). Da validare con almeno una seconda fonte.",
        "country": "DE",
        "city": "Hluboká nad Vltavou",
        "status": "unknown",
        "site_category": "infrastructure",
        "opened_year": null,
        "updated_at": "2026-09-23",
        "confidence": "low",
        "import_source": "osm_overpass",
        "external_id": "osm/way/800615347",
        "sources": [
          {
            "title": "OpenStreetMap / Overpass",
            "url": "https://wiki.openstreetmap.org/wiki/Tag:telecom%3Ddata_center",
            "accessed_at": "2026-09-23",
            "note": "osm_id=800615347"
          }
        ]
      }
    },
    {
      "type": "Feature",
      "geometry": {
        "type": "Point",
        "coordinates": [
          9.5637715,
          52.0768856
        ]
      },
      "properties": {
        "id": "dc_419",
        "name": "PoP-Hauptverteiler",
        "type": "data_center",
        "subtype": "colocation",
        "operator": "Unknown",
        "description_it": "Record da OpenStreetMap (tag data_center). Da validare con almeno una seconda fonte.",
        "country": "DE",
        "city": "n/d",
        "status": "unknown",
        "site_category": "infrastructure",
        "opened_year": null,
        "updated_at": "2026-09-23",
        "confidence": "low",
        "import_source": "osm_overpass",
        "external_id": "osm/way/818712545",
        "sources": [
          {
            "title": "OpenStreetMap / Overpass",
            "url": "https://wiki.openstreetmap.org/wiki/Tag:telecom%3Ddata_center",
            "accessed_at": "2026-09-23",
            "note": "osm_id=818712545"
          }
        ]
      }
    },
    {
      "type": "Feature",
      "geometry": {
        "type": "Point",
        "coordinates": [
          9.5905617,
          52.0611496
        ]
      },
      "properties": {
        "id": "dc_420",
        "name": "PoP Hauptverteiler",
        "type": "data_center",
        "subtype": "colocation",
        "operator": "Unknown",
        "description_it": "Record da OpenStreetMap (tag data_center). Da validare con almeno una seconda fonte.",
        "country": "DE",
        "city": "n/d",
        "status": "unknown",
        "site_category": "infrastructure",
        "opened_year": null,
        "updated_at": "2026-09-23",
        "confidence": "low",
        "import_source": "osm_overpass",
        "external_id": "osm/way/818738768",
        "sources": [
          {
            "title": "OpenStreetMap / Overpass",
            "url": "https://wiki.openstreetmap.org/wiki/Tag:telecom%3Ddata_center",
            "accessed_at": "2026-09-23",
            "note": "osm_id=818738768"
          }
        ]
      }
    },
    {
      "type": "Feature",
      "geometry": {
        "type": "Point",
        "coordinates": [
          9.5333008,
          52.121617
        ]
      },
      "properties": {
        "id": "dc_421",
        "name": "PoP-Hauptverteiler",
        "type": "data_center",
        "subtype": "colocation",
        "operator": "htp GmbH",
        "description_it": "Record da OpenStreetMap (tag data_center). Da validare con almeno una seconda fonte.",
        "country": "DE",
        "city": "n/d",
        "status": "unknown",
        "site_category": "infrastructure",
        "opened_year": null,
        "updated_at": "2026-09-23",
        "confidence": "low",
        "import_source": "osm_overpass",
        "external_id": "osm/way/820412639",
        "sources": [
          {
            "title": "OpenStreetMap / Overpass",
            "url": "https://wiki.openstreetmap.org/wiki/Tag:telecom%3Ddata_center",
            "accessed_at": "2026-09-23",
            "note": "osm_id=820412639"
          }
        ]
      }
    },
    {
      "type": "Feature",
      "geometry": {
        "type": "Point",
        "coordinates": [
          8.5770692,
          50.128841
        ]
      },
      "properties": {
        "id": "dc_422",
        "name": "CyrusOne FRA3",
        "type": "data_center",
        "subtype": "hyperscale",
        "operator": "CyrusOne",
        "description_it": "Record da OpenStreetMap classificato come hyperscale (operatore cloud/campus). Da validare con una seconda fonte.",
        "country": "FR",
        "city": "Frankfurt am Main",
        "status": "unknown",
        "site_category": "infrastructure",
        "opened_year": null,
        "updated_at": "2026-09-23",
        "confidence": "low",
        "import_source": "osm_overpass",
        "external_id": "osm/way/854827558",
        "sources": [
          {
            "title": "OpenStreetMap / Overpass",
            "url": "https://wiki.openstreetmap.org/wiki/Tag:telecom%3Ddata_center",
            "accessed_at": "2026-09-23",
            "note": "osm_id=854827558"
          }
        ]
      }
    },
    {
      "type": "Feature",
      "geometry": {
        "type": "Point",
        "coordinates": [
          13.0828042,
          47.7062217
        ]
      },
      "properties": {
        "id": "dc_423",
        "name": "Conova Communications",
        "type": "data_center",
        "subtype": "colocation",
        "operator": "Unknown",
        "description_it": "Record da OpenStreetMap (tag data_center). Da validare con almeno una seconda fonte.",
        "country": "AT",
        "city": "Hallein",
        "status": "unknown",
        "site_category": "infrastructure",
        "opened_year": null,
        "updated_at": "2026-09-23",
        "confidence": "low",
        "import_source": "osm_overpass",
        "external_id": "osm/way/868570931",
        "sources": [
          {
            "title": "OpenStreetMap / Overpass",
            "url": "https://wiki.openstreetmap.org/wiki/Tag:telecom%3Ddata_center",
            "accessed_at": "2026-09-23",
            "note": "osm_id=868570931"
          }
        ]
      }
    },
    {
      "type": "Feature",
      "geometry": {
        "type": "Point",
        "coordinates": [
          7.7975083,
          48.5860577
        ]
      },
      "properties": {
        "id": "dc_424",
        "name": "OVHcloud Strasbourg - SBG-3",
        "type": "data_center",
        "subtype": "colocation",
        "operator": "OVHcloud",
        "description_it": "Record da OpenStreetMap (tag data_center). Da validare con almeno una seconda fonte.",
        "country": "FR",
        "city": "Strasbourg",
        "status": "unknown",
        "site_category": "infrastructure",
        "opened_year": null,
        "updated_at": "2026-09-23",
        "confidence": "low",
        "import_source": "osm_overpass",
        "external_id": "osm/way/875244715",
        "sources": [
          {
            "title": "OpenStreetMap / Overpass",
            "url": "https://wiki.openstreetmap.org/wiki/Tag:telecom%3Ddata_center",
            "accessed_at": "2026-09-23",
            "note": "osm_id=875244715"
          }
        ]
      }
    },
    {
      "type": "Feature",
      "geometry": {
        "type": "Point",
        "coordinates": [
          9.686876,
          48.7132624
        ]
      },
      "properties": {
        "id": "dc_425",
        "name": "EVF-Datacenter",
        "type": "data_center",
        "subtype": "colocation",
        "operator": "Energieversorgung Filstal",
        "description_it": "Record da OpenStreetMap (tag data_center). Da validare con almeno una seconda fonte.",
        "country": "DE",
        "city": "Göppingen",
        "status": "unknown",
        "site_category": "infrastructure",
        "opened_year": null,
        "updated_at": "2026-09-23",
        "confidence": "low",
        "import_source": "osm_overpass",
        "external_id": "osm/way/897348404",
        "sources": [
          {
            "title": "OpenStreetMap / Overpass",
            "url": "https://wiki.openstreetmap.org/wiki/Tag:telecom%3Ddata_center",
            "accessed_at": "2026-09-23",
            "note": "osm_id=897348404"
          }
        ]
      }
    },
    {
      "type": "Feature",
      "geometry": {
        "type": "Point",
        "coordinates": [
          8.7614525,
          47.5004548
        ]
      },
      "properties": {
        "id": "dc_426",
        "name": "ZRH1",
        "type": "data_center",
        "subtype": "hyperscale",
        "operator": "Vantage Data Centers",
        "description_it": "Record da OpenStreetMap classificato come hyperscale (operatore cloud/campus). Da validare con una seconda fonte.",
        "country": "FR",
        "city": "Winterthur",
        "status": "unknown",
        "site_category": "infrastructure",
        "opened_year": null,
        "updated_at": "2026-09-23",
        "confidence": "low",
        "import_source": "osm_overpass",
        "external_id": "osm/way/904767972",
        "sources": [
          {
            "title": "OpenStreetMap / Overpass",
            "url": "https://wiki.openstreetmap.org/wiki/Tag:telecom%3Ddata_center",
            "accessed_at": "2026-09-23",
            "note": "osm_id=904767972"
          }
        ]
      }
    },
    {
      "type": "Feature",
      "geometry": {
        "type": "Point",
        "coordinates": [
          8.5416564,
          47.6009574
        ]
      },
      "properties": {
        "id": "dc_427",
        "name": "STACK Infrastructre - ZUR01A",
        "type": "data_center",
        "subtype": "colocation",
        "operator": "STACK Infrastructre",
        "description_it": "Record da OpenStreetMap (tag data_center). Da validare con almeno una seconda fonte.",
        "country": "FR",
        "city": "n/d",
        "status": "unknown",
        "site_category": "infrastructure",
        "opened_year": null,
        "updated_at": "2026-09-23",
        "confidence": "low",
        "import_source": "osm_overpass",
        "external_id": "osm/way/933269953",
        "sources": [
          {
            "title": "OpenStreetMap / Overpass",
            "url": "https://wiki.openstreetmap.org/wiki/Tag:telecom%3Ddata_center",
            "accessed_at": "2026-09-23",
            "note": "osm_id=933269953"
          }
        ]
      }
    },
    {
      "type": "Feature",
      "geometry": {
        "type": "Point",
        "coordinates": [
          6.2375093,
          49.0856606
        ]
      },
      "properties": {
        "id": "dc_428",
        "name": "Advanced Mediomatrix",
        "type": "data_center",
        "subtype": "colocation",
        "operator": "Advanced Mediomatrix",
        "description_it": "Record da OpenStreetMap (tag data_center). Da validare con almeno una seconda fonte.",
        "country": "FR",
        "city": "n/d",
        "status": "unknown",
        "site_category": "infrastructure",
        "opened_year": null,
        "updated_at": "2026-09-23",
        "confidence": "low",
        "import_source": "osm_overpass",
        "external_id": "osm/way/969469076",
        "sources": [
          {
            "title": "OpenStreetMap / Overpass",
            "url": "https://wiki.openstreetmap.org/wiki/Tag:telecom%3Ddata_center",
            "accessed_at": "2026-09-23",
            "note": "osm_id=969469076"
          }
        ]
      }
    },
    {
      "type": "Feature",
      "geometry": {
        "type": "Point",
        "coordinates": [
          10.9486012,
          50.6849373
        ]
      },
      "properties": {
        "id": "dc_429",
        "name": "Rechenzentrum Thüringer Netkom",
        "type": "data_center",
        "subtype": "colocation",
        "operator": "Unknown",
        "description_it": "Record da OpenStreetMap (tag data_center). Da validare con almeno una seconda fonte.",
        "country": "DE",
        "city": "Ilmenau",
        "status": "unknown",
        "site_category": "infrastructure",
        "opened_year": null,
        "updated_at": "2026-09-23",
        "confidence": "low",
        "import_source": "osm_overpass",
        "external_id": "osm/way/974080218",
        "sources": [
          {
            "title": "OpenStreetMap / Overpass",
            "url": "https://wiki.openstreetmap.org/wiki/Tag:telecom%3Ddata_center",
            "accessed_at": "2026-09-23",
            "note": "osm_id=974080218"
          }
        ]
      }
    },
    {
      "type": "Feature",
      "geometry": {
        "type": "Point",
        "coordinates": [
          13.3744894,
          52.4384508
        ]
      },
      "properties": {
        "id": "dc_430",
        "name": "BER2",
        "type": "data_center",
        "subtype": "colocation",
        "operator": "NTT Global Data Centers EMEA GmbH",
        "description_it": "Record da OpenStreetMap (tag data_center). Da validare con almeno una seconda fonte.",
        "country": "DE",
        "city": "Berlin",
        "status": "unknown",
        "site_category": "infrastructure",
        "opened_year": null,
        "updated_at": "2026-09-23",
        "confidence": "low",
        "import_source": "osm_overpass",
        "external_id": "osm/way/1006228571",
        "sources": [
          {
            "title": "OpenStreetMap / Overpass",
            "url": "https://wiki.openstreetmap.org/wiki/Tag:telecom%3Ddata_center",
            "accessed_at": "2026-09-23",
            "note": "osm_id=1006228571"
          }
        ]
      }
    },
    {
      "type": "Feature",
      "geometry": {
        "type": "Point",
        "coordinates": [
          11.479988,
          48.7535309
        ]
      },
      "properties": {
        "id": "dc_431",
        "name": "CA31",
        "type": "data_center",
        "subtype": "colocation",
        "operator": "Audi AG",
        "description_it": "Record da OpenStreetMap (tag data_center). Da validare con almeno una seconda fonte.",
        "country": "DE",
        "city": "n/d",
        "status": "unknown",
        "site_category": "infrastructure",
        "opened_year": null,
        "updated_at": "2026-09-23",
        "confidence": "low",
        "import_source": "osm_overpass",
        "external_id": "osm/way/1016166666",
        "sources": [
          {
            "title": "OpenStreetMap / Overpass",
            "url": "https://wiki.openstreetmap.org/wiki/Tag:telecom%3Ddata_center",
            "accessed_at": "2026-09-23",
            "note": "osm_id=1016166666"
          }
        ]
      }
    },
    {
      "type": "Feature",
      "geometry": {
        "type": "Point",
        "coordinates": [
          13.2947156,
          52.3220278
        ]
      },
      "properties": {
        "id": "dc_432",
        "name": "BER11",
        "type": "data_center",
        "subtype": "hyperscale",
        "operator": "Vantage Data Centers",
        "description_it": "Record da OpenStreetMap classificato come hyperscale (operatore cloud/campus). Da validare con una seconda fonte.",
        "country": "DE",
        "city": "Ludwigsfelde",
        "status": "unknown",
        "site_category": "infrastructure",
        "opened_year": null,
        "updated_at": "2026-09-23",
        "confidence": "low",
        "import_source": "osm_overpass",
        "external_id": "osm/way/1053522066",
        "sources": [
          {
            "title": "OpenStreetMap / Overpass",
            "url": "https://wiki.openstreetmap.org/wiki/Tag:telecom%3Ddata_center",
            "accessed_at": "2026-09-23",
            "note": "osm_id=1053522066"
          }
        ]
      }
    },
    {
      "type": "Feature",
      "geometry": {
        "type": "Point",
        "coordinates": [
          7.7371014,
          48.5201523
        ]
      },
      "properties": {
        "id": "dc_433",
        "name": "DC7 - Euclyde Datacenters",
        "type": "data_center",
        "subtype": "colocation",
        "operator": "Euclyde Datacenters",
        "description_it": "Record da OpenStreetMap (tag data_center). Da validare con almeno una seconda fonte.",
        "country": "FR",
        "city": "n/d",
        "status": "unknown",
        "site_category": "infrastructure",
        "opened_year": null,
        "updated_at": "2026-09-23",
        "confidence": "low",
        "import_source": "osm_overpass",
        "external_id": "osm/way/1061336199",
        "sources": [
          {
            "title": "OpenStreetMap / Overpass",
            "url": "https://wiki.openstreetmap.org/wiki/Tag:telecom%3Ddata_center",
            "accessed_at": "2026-09-23",
            "note": "osm_id=1061336199"
          }
        ]
      }
    },
    {
      "type": "Feature",
      "geometry": {
        "type": "Point",
        "coordinates": [
          9.9084528,
          49.8335624
        ]
      },
      "properties": {
        "id": "dc_434",
        "name": "rockenstein AG",
        "type": "data_center",
        "subtype": "colocation",
        "operator": "Unknown",
        "description_it": "Record da OpenStreetMap (tag data_center). Da validare con almeno una seconda fonte.",
        "country": "FR",
        "city": "Veitshöchheim",
        "status": "unknown",
        "site_category": "infrastructure",
        "opened_year": null,
        "updated_at": "2026-09-23",
        "confidence": "low",
        "import_source": "osm_overpass",
        "external_id": "osm/way/1076405301",
        "sources": [
          {
            "title": "OpenStreetMap / Overpass",
            "url": "https://wiki.openstreetmap.org/wiki/Tag:telecom%3Ddata_center",
            "accessed_at": "2026-09-23",
            "note": "osm_id=1076405301"
          }
        ]
      }
    },
    {
      "type": "Feature",
      "geometry": {
        "type": "Point",
        "coordinates": [
          15.4249791,
          47.0405282
        ]
      },
      "properties": {
        "id": "dc_435",
        "name": "T-Mobile Rechenzentrum Graz",
        "type": "data_center",
        "subtype": "colocation",
        "operator": "T-Mobile / Magenta",
        "description_it": "Record da OpenStreetMap (tag data_center). Da validare con almeno una seconda fonte.",
        "country": "AT",
        "city": "Graz",
        "status": "unknown",
        "site_category": "infrastructure",
        "opened_year": null,
        "updated_at": "2026-09-23",
        "confidence": "low",
        "import_source": "osm_overpass",
        "external_id": "osm/way/1100732128",
        "sources": [
          {
            "title": "OpenStreetMap / Overpass",
            "url": "https://wiki.openstreetmap.org/wiki/Tag:telecom%3Ddata_center",
            "accessed_at": "2026-09-23",
            "note": "osm_id=1100732128"
          }
        ]
      }
    },
    {
      "type": "Feature",
      "geometry": {
        "type": "Point",
        "coordinates": [
          8.754049,
          50.1251245
        ]
      },
      "properties": {
        "id": "dc_436",
        "name": "Digital Realty FRA17",
        "type": "data_center",
        "subtype": "colocation",
        "operator": "Digital Realty",
        "description_it": "Record da OpenStreetMap (tag data_center). Da validare con almeno una seconda fonte.",
        "country": "FR",
        "city": "n/d",
        "status": "unknown",
        "site_category": "infrastructure",
        "opened_year": null,
        "updated_at": "2026-09-23",
        "confidence": "low",
        "import_source": "osm_overpass",
        "external_id": "osm/way/1118500773",
        "sources": [
          {
            "title": "OpenStreetMap / Overpass",
            "url": "https://wiki.openstreetmap.org/wiki/Tag:telecom%3Ddata_center",
            "accessed_at": "2026-09-23",
            "note": "osm_id=1118500773"
          }
        ]
      }
    },
    {
      "type": "Feature",
      "geometry": {
        "type": "Point",
        "coordinates": [
          8.8043305,
          50.1083147
        ]
      },
      "properties": {
        "id": "dc_437",
        "name": "CloudHQ",
        "type": "data_center",
        "subtype": "colocation",
        "operator": "Unknown",
        "description_it": "Record da OpenStreetMap (tag data_center). Da validare con almeno una seconda fonte.",
        "country": "FR",
        "city": "Offenbach am Main",
        "status": "unknown",
        "site_category": "infrastructure",
        "opened_year": null,
        "updated_at": "2026-09-23",
        "confidence": "low",
        "import_source": "osm_overpass",
        "external_id": "osm/way/1125276312",
        "sources": [
          {
            "title": "OpenStreetMap / Overpass",
            "url": "https://wiki.openstreetmap.org/wiki/Tag:telecom%3Ddata_center",
            "accessed_at": "2026-09-23",
            "note": "osm_id=1125276312"
          }
        ]
      }
    },
    {
      "type": "Feature",
      "geometry": {
        "type": "Point",
        "coordinates": [
          8.6726374,
          49.3939028
        ]
      },
      "properties": {
        "id": "dc_438",
        "name": "nexspace Data Center",
        "type": "data_center",
        "subtype": "colocation",
        "operator": "Unknown",
        "description_it": "Record da OpenStreetMap (tag data_center). Da validare con almeno una seconda fonte.",
        "country": "DE",
        "city": "Heidelberg",
        "status": "unknown",
        "site_category": "infrastructure",
        "opened_year": null,
        "updated_at": "2026-09-23",
        "confidence": "low",
        "import_source": "osm_overpass",
        "external_id": "osm/way/1132430543",
        "sources": [
          {
            "title": "OpenStreetMap / Overpass",
            "url": "https://wiki.openstreetmap.org/wiki/Tag:telecom%3Ddata_center",
            "accessed_at": "2026-09-23",
            "note": "osm_id=1132430543"
          }
        ]
      }
    },
    {
      "type": "Feature",
      "geometry": {
        "type": "Point",
        "coordinates": [
          8.4618722,
          50.0131966
        ]
      },
      "properties": {
        "id": "dc_439",
        "name": "Vantage Data Center FRA21",
        "type": "data_center",
        "subtype": "hyperscale",
        "operator": "Vantage Data Centers",
        "description_it": "Record da OpenStreetMap classificato come hyperscale (operatore cloud/campus). Da validare con una seconda fonte.",
        "country": "FR",
        "city": "n/d",
        "status": "unknown",
        "site_category": "infrastructure",
        "opened_year": null,
        "updated_at": "2026-09-23",
        "confidence": "low",
        "import_source": "osm_overpass",
        "external_id": "osm/way/1145623809",
        "sources": [
          {
            "title": "OpenStreetMap / Overpass",
            "url": "https://wiki.openstreetmap.org/wiki/Tag:telecom%3Ddata_center",
            "accessed_at": "2026-09-23",
            "note": "osm_id=1145623809"
          }
        ]
      }
    },
    {
      "type": "Feature",
      "geometry": {
        "type": "Point",
        "coordinates": [
          8.2301324,
          49.9879161
        ]
      },
      "properties": {
        "id": "dc_440",
        "name": "2539",
        "type": "data_center",
        "subtype": "colocation",
        "operator": "Johannes Gutenberg-Universität Mainz",
        "description_it": "Record da OpenStreetMap (tag data_center). Da validare con almeno una seconda fonte.",
        "country": "FR",
        "city": "Mainz",
        "status": "unknown",
        "site_category": "infrastructure",
        "opened_year": null,
        "updated_at": "2026-09-23",
        "confidence": "low",
        "import_source": "osm_overpass",
        "external_id": "osm/way/1173048440",
        "sources": [
          {
            "title": "OpenStreetMap / Overpass",
            "url": "https://wiki.openstreetmap.org/wiki/Tag:telecom%3Ddata_center",
            "accessed_at": "2026-09-23",
            "note": "osm_id=1173048440"
          }
        ]
      }
    },
    {
      "type": "Feature",
      "geometry": {
        "type": "Point",
        "coordinates": [
          14.8538764,
          50.268185
        ]
      },
      "properties": {
        "id": "dc_441",
        "name": "Datové centrum Nagoja",
        "type": "data_center",
        "subtype": "colocation",
        "operator": "Seznam.cz",
        "description_it": "Record da OpenStreetMap (tag data_center). Da validare con almeno una seconda fonte.",
        "country": "DE",
        "city": "n/d",
        "status": "unknown",
        "site_category": "infrastructure",
        "opened_year": null,
        "updated_at": "2026-09-23",
        "confidence": "low",
        "import_source": "osm_overpass",
        "external_id": "osm/way/1227095270",
        "sources": [
          {
            "title": "OpenStreetMap / Overpass",
            "url": "https://wiki.openstreetmap.org/wiki/Tag:telecom%3Ddata_center",
            "accessed_at": "2026-09-23",
            "note": "osm_id=1227095270"
          }
        ]
      }
    },
    {
      "type": "Feature",
      "geometry": {
        "type": "Point",
        "coordinates": [
          13.3034825,
          52.4786986
        ]
      },
      "properties": {
        "id": "dc_442",
        "name": "Rechenzentrum BER01",
        "type": "data_center",
        "subtype": "colocation",
        "operator": "maincubes Holding & Service GmbH",
        "description_it": "Record da OpenStreetMap (tag data_center). Da validare con almeno una seconda fonte.",
        "country": "DE",
        "city": "n/d",
        "status": "unknown",
        "site_category": "infrastructure",
        "opened_year": null,
        "updated_at": "2026-09-23",
        "confidence": "low",
        "import_source": "osm_overpass",
        "external_id": "osm/way/1232937708",
        "sources": [
          {
            "title": "OpenStreetMap / Overpass",
            "url": "https://wiki.openstreetmap.org/wiki/Tag:telecom%3Ddata_center",
            "accessed_at": "2026-09-23",
            "note": "osm_id=1232937708"
          }
        ]
      }
    },
    {
      "type": "Feature",
      "geometry": {
        "type": "Point",
        "coordinates": [
          8.6814583,
          49.3854175
        ]
      },
      "properties": {
        "id": "dc_443",
        "name": "Wavehouse",
        "type": "data_center",
        "subtype": "colocation",
        "operator": "Heidelberg iT Management GmbH & Co. KG",
        "description_it": "Record da OpenStreetMap (tag data_center). Da validare con almeno una seconda fonte.",
        "country": "DE",
        "city": "Heidelberg",
        "status": "unknown",
        "site_category": "infrastructure",
        "opened_year": null,
        "updated_at": "2026-09-23",
        "confidence": "low",
        "import_source": "osm_overpass",
        "external_id": "osm/way/1241878548",
        "sources": [
          {
            "title": "OpenStreetMap / Overpass",
            "url": "https://wiki.openstreetmap.org/wiki/Tag:telecom%3Ddata_center",
            "accessed_at": "2026-09-23",
            "note": "osm_id=1241878548"
          }
        ]
      }
    },
    {
      "type": "Feature",
      "geometry": {
        "type": "Point",
        "coordinates": [
          13.5735865,
          52.2637632
        ]
      },
      "properties": {
        "id": "dc_444",
        "name": "Vantage Berlin II (BER2)",
        "type": "data_center",
        "subtype": "hyperscale",
        "operator": "Vantage Data Centers",
        "description_it": "Record da OpenStreetMap classificato come hyperscale (operatore cloud/campus). Da validare con una seconda fonte.",
        "country": "DE",
        "city": "n/d",
        "status": "unknown",
        "site_category": "infrastructure",
        "opened_year": null,
        "updated_at": "2026-09-23",
        "confidence": "low",
        "import_source": "osm_overpass",
        "external_id": "osm/way/1253183654",
        "sources": [
          {
            "title": "OpenStreetMap / Overpass",
            "url": "https://wiki.openstreetmap.org/wiki/Tag:telecom%3Ddata_center",
            "accessed_at": "2026-09-23",
            "note": "osm_id=1253183654"
          }
        ]
      }
    },
    {
      "type": "Feature",
      "geometry": {
        "type": "Point",
        "coordinates": [
          8.6275906,
          49.8641923
        ]
      },
      "properties": {
        "id": "dc_445",
        "name": "Destination Earth Data Bridge",
        "type": "data_center",
        "subtype": "colocation",
        "operator": "Unknown",
        "description_it": "Record da OpenStreetMap (tag data_center). Da validare con almeno una seconda fonte.",
        "country": "FR",
        "city": "n/d",
        "status": "unknown",
        "site_category": "infrastructure",
        "opened_year": null,
        "updated_at": "2026-09-23",
        "confidence": "low",
        "import_source": "osm_overpass",
        "external_id": "osm/way/1293351084",
        "sources": [
          {
            "title": "OpenStreetMap / Overpass",
            "url": "https://wiki.openstreetmap.org/wiki/Tag:telecom%3Ddata_center",
            "accessed_at": "2026-09-23",
            "note": "osm_id=1293351084"
          }
        ]
      }
    },
    {
      "type": "Feature",
      "geometry": {
        "type": "Point",
        "coordinates": [
          8.4576836,
          50.0547168
        ]
      },
      "properties": {
        "id": "dc_446",
        "name": "Digital Realty FRA33",
        "type": "data_center",
        "subtype": "colocation",
        "operator": "Unknown",
        "description_it": "Record da OpenStreetMap (tag data_center). Da validare con almeno una seconda fonte.",
        "country": "FR",
        "city": "n/d",
        "status": "unknown",
        "site_category": "infrastructure",
        "opened_year": null,
        "updated_at": "2026-09-23",
        "confidence": "low",
        "import_source": "osm_overpass",
        "external_id": "osm/way/1362634597",
        "sources": [
          {
            "title": "OpenStreetMap / Overpass",
            "url": "https://wiki.openstreetmap.org/wiki/Tag:telecom%3Ddata_center",
            "accessed_at": "2026-09-23",
            "note": "osm_id=1362634597"
          }
        ]
      }
    },
    {
      "type": "Feature",
      "geometry": {
        "type": "Point",
        "coordinates": [
          8.337092,
          49.9908869
        ]
      },
      "properties": {
        "id": "dc_447",
        "name": "Yondr - Rechenzentrum",
        "type": "data_center",
        "subtype": "colocation",
        "operator": "Yondr Group",
        "description_it": "Record da OpenStreetMap (tag data_center). Da validare con almeno una seconda fonte.",
        "country": "FR",
        "city": "Bischofsheim",
        "status": "unknown",
        "site_category": "infrastructure",
        "opened_year": null,
        "updated_at": "2026-09-23",
        "confidence": "low",
        "import_source": "osm_overpass",
        "external_id": "osm/way/1386936296",
        "sources": [
          {
            "title": "OpenStreetMap / Overpass",
            "url": "https://wiki.openstreetmap.org/wiki/Tag:telecom%3Ddata_center",
            "accessed_at": "2026-09-23",
            "note": "osm_id=1386936296"
          }
        ]
      }
    },
    {
      "type": "Feature",
      "geometry": {
        "type": "Point",
        "coordinates": [
          7.7000662,
          52.1314659
        ]
      },
      "properties": {
        "id": "dc_448",
        "name": "DMO",
        "type": "data_center",
        "subtype": "colocation",
        "operator": "Unknown",
        "description_it": "Record da OpenStreetMap (tag data_center). Da validare con almeno una seconda fonte.",
        "country": "DE",
        "city": "Greven",
        "status": "unknown",
        "site_category": "infrastructure",
        "opened_year": null,
        "updated_at": "2026-09-23",
        "confidence": "low",
        "import_source": "osm_overpass",
        "external_id": "osm/way/1387027829",
        "sources": [
          {
            "title": "OpenStreetMap / Overpass",
            "url": "https://wiki.openstreetmap.org/wiki/Tag:telecom%3Ddata_center",
            "accessed_at": "2026-09-23",
            "note": "osm_id=1387027829"
          }
        ]
      }
    },
    {
      "type": "Feature",
      "geometry": {
        "type": "Point",
        "coordinates": [
          8.8069184,
          50.0229379
        ]
      },
      "properties": {
        "id": "dc_449",
        "name": "EdgeConneX",
        "type": "data_center",
        "subtype": "colocation",
        "operator": "EdgeConneX",
        "description_it": "Record da OpenStreetMap (tag data_center). Da validare con almeno una seconda fonte.",
        "country": "FR",
        "city": "n/d",
        "status": "unknown",
        "site_category": "infrastructure",
        "opened_year": null,
        "updated_at": "2026-09-23",
        "confidence": "low",
        "import_source": "osm_overpass",
        "external_id": "osm/way/1456236882",
        "sources": [
          {
            "title": "OpenStreetMap / Overpass",
            "url": "https://wiki.openstreetmap.org/wiki/Tag:telecom%3Ddata_center",
            "accessed_at": "2026-09-23",
            "note": "osm_id=1456236882"
          }
        ]
      }
    },
    {
      "type": "Feature",
      "geometry": {
        "type": "Point",
        "coordinates": [
          8.1807123,
          48.9553159
        ]
      },
      "properties": {
        "id": "dc_450",
        "name": "Hub Europe",
        "type": "data_center",
        "subtype": "colocation",
        "operator": "Contabo",
        "description_it": "Record da OpenStreetMap (tag data_center). Da validare con almeno una seconda fonte.",
        "country": "FR",
        "city": "n/d",
        "status": "unknown",
        "site_category": "infrastructure",
        "opened_year": null,
        "updated_at": "2026-09-23",
        "confidence": "low",
        "import_source": "osm_overpass",
        "external_id": "osm/way/1482249092",
        "sources": [
          {
            "title": "OpenStreetMap / Overpass",
            "url": "https://wiki.openstreetmap.org/wiki/Tag:telecom%3Ddata_center",
            "accessed_at": "2026-09-23",
            "note": "osm_id=1482249092"
          }
        ]
      }
    },
    {
      "type": "Feature",
      "geometry": {
        "type": "Point",
        "coordinates": [
          8.5845457,
          47.693116
        ]
      },
      "properties": {
        "id": "dc_451",
        "name": "ZUR02",
        "type": "data_center",
        "subtype": "hyperscale",
        "operator": "Stack Infrastructure",
        "description_it": "Record da OpenStreetMap classificato come hyperscale (operatore cloud/campus). Da validare con una seconda fonte.",
        "country": "CH",
        "city": "Beringen",
        "status": "unknown",
        "site_category": "infrastructure",
        "opened_year": null,
        "updated_at": "2026-09-23",
        "confidence": "low",
        "import_source": "osm_overpass",
        "external_id": "osm/way/1526411563",
        "sources": [
          {
            "title": "OpenStreetMap / Overpass",
            "url": "https://wiki.openstreetmap.org/wiki/Tag:telecom%3Ddata_center",
            "accessed_at": "2026-09-23",
            "note": "osm_id=1526411563"
          }
        ]
      }
    },
    {
      "type": "Feature",
      "geometry": {
        "type": "Point",
        "coordinates": [
          11.3811071,
          53.6469747
        ]
      },
      "properties": {
        "id": "dc_452",
        "name": "Datenverarbeitungszentrum Mecklenburg-Vorpommern",
        "type": "data_center",
        "subtype": "colocation",
        "operator": "Unknown",
        "description_it": "Record da OpenStreetMap (tag data_center). Da validare con almeno una seconda fonte.",
        "country": "DE",
        "city": "n/d",
        "status": "unknown",
        "site_category": "infrastructure",
        "opened_year": null,
        "updated_at": "2026-09-23",
        "confidence": "low",
        "import_source": "osm_overpass",
        "external_id": "osm/way/1545965488",
        "sources": [
          {
            "title": "OpenStreetMap / Overpass",
            "url": "https://wiki.openstreetmap.org/wiki/Tag:telecom%3Ddata_center",
            "accessed_at": "2026-09-23",
            "note": "osm_id=1545965488"
          }
        ]
      }
    },
    {
      "type": "Feature",
      "geometry": {
        "type": "Point",
        "coordinates": [
          8.660823,
          50.5991834
        ]
      },
      "properties": {
        "id": "dc_453",
        "name": "ekom21",
        "type": "data_center",
        "subtype": "colocation",
        "operator": "Unknown",
        "description_it": "Record da OpenStreetMap (tag data_center). Da validare con almeno una seconda fonte.",
        "country": "DE",
        "city": "Gießen",
        "status": "unknown",
        "site_category": "infrastructure",
        "opened_year": null,
        "updated_at": "2026-09-23",
        "confidence": "low",
        "import_source": "osm_overpass",
        "external_id": "osm/relation/2199387",
        "sources": [
          {
            "title": "OpenStreetMap / Overpass",
            "url": "https://wiki.openstreetmap.org/wiki/Tag:telecom%3Ddata_center",
            "accessed_at": "2026-09-23",
            "note": "osm_id=2199387"
          }
        ]
      }
    },
    {
      "type": "Feature",
      "geometry": {
        "type": "Point",
        "coordinates": [
          8.4323375,
          49.9784197
        ]
      },
      "properties": {
        "id": "dc_454",
        "name": "DXC Technology Company",
        "type": "data_center",
        "subtype": "colocation",
        "operator": "Unknown",
        "description_it": "Record da OpenStreetMap (tag data_center). Da validare con almeno una seconda fonte.",
        "country": "FR",
        "city": "n/d",
        "status": "unknown",
        "site_category": "infrastructure",
        "opened_year": null,
        "updated_at": "2026-09-23",
        "confidence": "low",
        "import_source": "osm_overpass",
        "external_id": "osm/relation/6409888",
        "sources": [
          {
            "title": "OpenStreetMap / Overpass",
            "url": "https://wiki.openstreetmap.org/wiki/Tag:telecom%3Ddata_center",
            "accessed_at": "2026-09-23",
            "note": "osm_id=6409888"
          }
        ]
      }
    },
    {
      "type": "Feature",
      "geometry": {
        "type": "Point",
        "coordinates": [
          9.0973166,
          48.7394857
        ]
      },
      "properties": {
        "id": "dc_455",
        "name": "Höchstleistungsrechenzentrum der Universität Stuttgart",
        "type": "data_center",
        "subtype": "colocation",
        "operator": "Unknown",
        "description_it": "Record da OpenStreetMap (tag data_center). Da validare con almeno una seconda fonte.",
        "country": "DE",
        "city": "Stuttgart",
        "status": "unknown",
        "site_category": "infrastructure",
        "opened_year": null,
        "updated_at": "2026-09-23",
        "confidence": "low",
        "import_source": "osm_overpass",
        "external_id": "osm/relation/7513782",
        "sources": [
          {
            "title": "OpenStreetMap / Overpass",
            "url": "https://wiki.openstreetmap.org/wiki/Tag:telecom%3Ddata_center",
            "accessed_at": "2026-09-23",
            "note": "osm_id=7513782"
          }
        ]
      }
    },
    {
      "type": "Feature",
      "geometry": {
        "type": "Point",
        "coordinates": [
          8.0220544,
          52.2855943
        ]
      },
      "properties": {
        "id": "dc_456",
        "name": "Gebäude 94/95",
        "type": "data_center",
        "subtype": "colocation",
        "operator": "Universität Osnabrück",
        "description_it": "Record da OpenStreetMap (tag data_center). Da validare con almeno una seconda fonte.",
        "country": "DE",
        "city": "n/d",
        "status": "unknown",
        "site_category": "infrastructure",
        "opened_year": null,
        "updated_at": "2026-09-23",
        "confidence": "low",
        "import_source": "osm_overpass",
        "external_id": "osm/relation/7548459",
        "sources": [
          {
            "title": "OpenStreetMap / Overpass",
            "url": "https://wiki.openstreetmap.org/wiki/Tag:telecom%3Ddata_center",
            "accessed_at": "2026-09-23",
            "note": "osm_id=7548459"
          }
        ]
      }
    },
    {
      "type": "Feature",
      "geometry": {
        "type": "Point",
        "coordinates": [
          2.2577867,
          48.9037523
        ]
      },
      "properties": {
        "id": "dc_457",
        "name": "SFR Netcenter Courbevoie",
        "type": "data_center",
        "subtype": "colocation",
        "operator": "SFR",
        "description_it": "Record da OpenStreetMap (tag data_center). Da validare con almeno una seconda fonte.",
        "country": "FR",
        "city": "Courbevoie",
        "status": "unknown",
        "site_category": "infrastructure",
        "opened_year": null,
        "updated_at": "2026-09-23",
        "confidence": "low",
        "import_source": "osm_overpass",
        "external_id": "osm/node/2556825308",
        "sources": [
          {
            "title": "OpenStreetMap / Overpass",
            "url": "https://wiki.openstreetmap.org/wiki/Tag:telecom%3Ddata_center",
            "accessed_at": "2026-09-23",
            "note": "osm_id=2556825308"
          }
        ]
      }
    },
    {
      "type": "Feature",
      "geometry": {
        "type": "Point",
        "coordinates": [
          4.8657454,
          45.7826171
        ]
      },
      "properties": {
        "id": "dc_458",
        "name": "LyonIX 1 IN2P3",
        "type": "data_center",
        "subtype": "colocation",
        "operator": "Unknown",
        "description_it": "Record da OpenStreetMap (tag data_center). Da validare con almeno una seconda fonte.",
        "country": "FR",
        "city": "n/d",
        "status": "unknown",
        "site_category": "infrastructure",
        "opened_year": null,
        "updated_at": "2026-09-23",
        "confidence": "low",
        "import_source": "osm_overpass",
        "external_id": "osm/node/3979838931",
        "sources": [
          {
            "title": "OpenStreetMap / Overpass",
            "url": "https://wiki.openstreetmap.org/wiki/Tag:telecom%3Ddata_center",
            "accessed_at": "2026-09-23",
            "note": "osm_id=3979838931"
          }
        ]
      }
    },
    {
      "type": "Feature",
      "geometry": {
        "type": "Point",
        "coordinates": [
          2.3833044,
          48.8561326
        ]
      },
      "properties": {
        "id": "dc_459",
        "name": "Telehouse Paris Voltaire",
        "type": "data_center",
        "subtype": "colocation",
        "operator": "Unknown",
        "description_it": "Record da OpenStreetMap (tag data_center). Da validare con almeno una seconda fonte.",
        "country": "FR",
        "city": "Paris",
        "status": "unknown",
        "site_category": "infrastructure",
        "opened_year": null,
        "updated_at": "2026-09-23",
        "confidence": "low",
        "import_source": "osm_overpass",
        "external_id": "osm/node/6015635281",
        "sources": [
          {
            "title": "OpenStreetMap / Overpass",
            "url": "https://wiki.openstreetmap.org/wiki/Tag:telecom%3Ddata_center",
            "accessed_at": "2026-09-23",
            "note": "osm_id=6015635281"
          }
        ]
      }
    },
    {
      "type": "Feature",
      "geometry": {
        "type": "Point",
        "coordinates": [
          1.9201411,
          47.8237498
        ]
      },
      "properties": {
        "id": "dc_460",
        "name": "Scitis-Zen DataCenter Hitachi",
        "type": "data_center",
        "subtype": "colocation",
        "operator": "Unknown",
        "description_it": "Record da OpenStreetMap (tag data_center). Da validare con almeno una seconda fonte.",
        "country": "FR",
        "city": "Ardon",
        "status": "unknown",
        "site_category": "infrastructure",
        "opened_year": null,
        "updated_at": "2026-09-23",
        "confidence": "low",
        "import_source": "osm_overpass",
        "external_id": "osm/node/6015712298",
        "sources": [
          {
            "title": "OpenStreetMap / Overpass",
            "url": "https://wiki.openstreetmap.org/wiki/Tag:telecom%3Ddata_center",
            "accessed_at": "2026-09-23",
            "note": "osm_id=6015712298"
          }
        ]
      }
    },
    {
      "type": "Feature",
      "geometry": {
        "type": "Point",
        "coordinates": [
          2.3441419,
          48.8697319
        ]
      },
      "properties": {
        "id": "dc_461",
        "name": "Telehouse 1",
        "type": "data_center",
        "subtype": "colocation",
        "operator": "Unknown",
        "description_it": "Record da OpenStreetMap (tag data_center). Da validare con almeno una seconda fonte.",
        "country": "FR",
        "city": "n/d",
        "status": "unknown",
        "site_category": "infrastructure",
        "opened_year": null,
        "updated_at": "2026-09-23",
        "confidence": "low",
        "import_source": "osm_overpass",
        "external_id": "osm/node/6102483146",
        "sources": [
          {
            "title": "OpenStreetMap / Overpass",
            "url": "https://wiki.openstreetmap.org/wiki/Tag:telecom%3Ddata_center",
            "accessed_at": "2026-09-23",
            "note": "osm_id=6102483146"
          }
        ]
      }
    },
    {
      "type": "Feature",
      "geometry": {
        "type": "Point",
        "coordinates": [
          2.4030379,
          48.8152095
        ]
      },
      "properties": {
        "id": "dc_462",
        "name": "Interxion PAR6",
        "type": "data_center",
        "subtype": "colocation",
        "operator": "Digital Realty",
        "description_it": "Record da OpenStreetMap (tag data_center). Da validare con almeno una seconda fonte.",
        "country": "FR",
        "city": "Ivry-sur-Seine",
        "status": "unknown",
        "site_category": "infrastructure",
        "opened_year": null,
        "updated_at": "2026-09-23",
        "confidence": "low",
        "import_source": "osm_overpass",
        "external_id": "osm/node/6102606448",
        "sources": [
          {
            "title": "OpenStreetMap / Overpass",
            "url": "https://wiki.openstreetmap.org/wiki/Tag:telecom%3Ddata_center",
            "accessed_at": "2026-09-23",
            "note": "osm_id=6102606448"
          }
        ]
      }
    },
    {
      "type": "Feature",
      "geometry": {
        "type": "Point",
        "coordinates": [
          -0.5055491,
          44.8196658
        ]
      },
      "properties": {
        "id": "dc_463",
        "name": "TDF ProxiCenter Bordeaux Bouliac",
        "type": "data_center",
        "subtype": "colocation",
        "operator": "Unknown",
        "description_it": "Record da OpenStreetMap (tag data_center). Da validare con almeno una seconda fonte.",
        "country": "FR",
        "city": "n/d",
        "status": "unknown",
        "site_category": "infrastructure",
        "opened_year": null,
        "updated_at": "2026-09-23",
        "confidence": "low",
        "import_source": "osm_overpass",
        "external_id": "osm/node/6103694303",
        "sources": [
          {
            "title": "OpenStreetMap / Overpass",
            "url": "https://wiki.openstreetmap.org/wiki/Tag:telecom%3Ddata_center",
            "accessed_at": "2026-09-23",
            "note": "osm_id=6103694303"
          }
        ]
      }
    },
    {
      "type": "Feature",
      "geometry": {
        "type": "Point",
        "coordinates": [
          -1.6276443,
          48.1246847
        ]
      },
      "properties": {
        "id": "dc_464",
        "name": "TDF ProxiCenter de Rennes-Cesson",
        "type": "data_center",
        "subtype": "colocation",
        "operator": "Unknown",
        "description_it": "Record da OpenStreetMap (tag data_center). Da validare con almeno una seconda fonte.",
        "country": "FR",
        "city": "Cesson-Sévigné",
        "status": "unknown",
        "site_category": "infrastructure",
        "opened_year": null,
        "updated_at": "2026-09-23",
        "confidence": "low",
        "import_source": "osm_overpass",
        "external_id": "osm/node/6110817631",
        "sources": [
          {
            "title": "OpenStreetMap / Overpass",
            "url": "https://wiki.openstreetmap.org/wiki/Tag:telecom%3Ddata_center",
            "accessed_at": "2026-09-23",
            "note": "osm_id=6110817631"
          }
        ]
      }
    },
    {
      "type": "Feature",
      "geometry": {
        "type": "Point",
        "coordinates": [
          2.3221778,
          48.8972718
        ]
      },
      "properties": {
        "id": "dc_465",
        "name": "Colt Paris 2",
        "type": "data_center",
        "subtype": "colocation",
        "operator": "Unknown",
        "description_it": "Record da OpenStreetMap (tag data_center). Da validare con almeno una seconda fonte.",
        "country": "FR",
        "city": "Paris",
        "status": "unknown",
        "site_category": "infrastructure",
        "opened_year": null,
        "updated_at": "2026-09-23",
        "confidence": "low",
        "import_source": "osm_overpass",
        "external_id": "osm/node/6121864803",
        "sources": [
          {
            "title": "OpenStreetMap / Overpass",
            "url": "https://wiki.openstreetmap.org/wiki/Tag:telecom%3Ddata_center",
            "accessed_at": "2026-09-23",
            "note": "osm_id=6121864803"
          }
        ]
      }
    },
    {
      "type": "Feature",
      "geometry": {
        "type": "Point",
        "coordinates": [
          2.3981101,
          48.8352252
        ]
      },
      "properties": {
        "id": "dc_466",
        "name": "Colt Paris 1",
        "type": "data_center",
        "subtype": "colocation",
        "operator": "Unknown",
        "description_it": "Record da OpenStreetMap (tag data_center). Da validare con almeno una seconda fonte.",
        "country": "FR",
        "city": "n/d",
        "status": "unknown",
        "site_category": "infrastructure",
        "opened_year": null,
        "updated_at": "2026-09-23",
        "confidence": "low",
        "import_source": "osm_overpass",
        "external_id": "osm/node/6121873072",
        "sources": [
          {
            "title": "OpenStreetMap / Overpass",
            "url": "https://wiki.openstreetmap.org/wiki/Tag:telecom%3Ddata_center",
            "accessed_at": "2026-09-23",
            "note": "osm_id=6121873072"
          }
        ]
      }
    },
    {
      "type": "Feature",
      "geometry": {
        "type": "Point",
        "coordinates": [
          4.8675607,
          45.7588426
        ]
      },
      "properties": {
        "id": "dc_467",
        "name": "Colt Lyon",
        "type": "data_center",
        "subtype": "colocation",
        "operator": "Unknown",
        "description_it": "Record da OpenStreetMap (tag data_center). Da validare con almeno una seconda fonte.",
        "country": "FR",
        "city": "n/d",
        "status": "unknown",
        "site_category": "infrastructure",
        "opened_year": null,
        "updated_at": "2026-09-23",
        "confidence": "low",
        "import_source": "osm_overpass",
        "external_id": "osm/node/6121906640",
        "sources": [
          {
            "title": "OpenStreetMap / Overpass",
            "url": "https://wiki.openstreetmap.org/wiki/Tag:telecom%3Ddata_center",
            "accessed_at": "2026-09-23",
            "note": "osm_id=6121906640"
          }
        ]
      }
    },
    {
      "type": "Feature",
      "geometry": {
        "type": "Point",
        "coordinates": [
          2.0363102,
          48.7944494
        ]
      },
      "properties": {
        "id": "dc_468",
        "name": "Bouygues Telecom Montigny-le-Bretonneux",
        "type": "data_center",
        "subtype": "colocation",
        "operator": "Bouygues Telecom",
        "description_it": "Record da OpenStreetMap (tag data_center). Da validare con almeno una seconda fonte.",
        "country": "FR",
        "city": "Montigny le Bretonneux",
        "status": "unknown",
        "site_category": "infrastructure",
        "opened_year": null,
        "updated_at": "2026-09-23",
        "confidence": "low",
        "import_source": "osm_overpass",
        "external_id": "osm/node/6174610289",
        "sources": [
          {
            "title": "OpenStreetMap / Overpass",
            "url": "https://wiki.openstreetmap.org/wiki/Tag:telecom%3Ddata_center",
            "accessed_at": "2026-09-23",
            "note": "osm_id=6174610289"
          }
        ]
      }
    },
    {
      "type": "Feature",
      "geometry": {
        "type": "Point",
        "coordinates": [
          2.3695304,
          48.9022393
        ]
      },
      "properties": {
        "id": "dc_469",
        "name": "Equinix PA7",
        "type": "data_center",
        "subtype": "colocation",
        "operator": "Equinix",
        "description_it": "Record da OpenStreetMap (tag data_center). Da validare con almeno una seconda fonte.",
        "country": "FR",
        "city": "Aubervilliers",
        "status": "unknown",
        "site_category": "infrastructure",
        "opened_year": null,
        "updated_at": "2026-09-23",
        "confidence": "low",
        "import_source": "osm_overpass",
        "external_id": "osm/node/6174794770",
        "sources": [
          {
            "title": "OpenStreetMap / Overpass",
            "url": "https://wiki.openstreetmap.org/wiki/Tag:telecom%3Ddata_center",
            "accessed_at": "2026-09-23",
            "note": "osm_id=6174794770"
          }
        ]
      }
    },
    {
      "type": "Feature",
      "geometry": {
        "type": "Point",
        "coordinates": [
          -1.5504397,
          47.2026402
        ]
      },
      "properties": {
        "id": "dc_470",
        "name": "Cogent Nantes",
        "type": "data_center",
        "subtype": "colocation",
        "operator": "Unknown",
        "description_it": "Record da OpenStreetMap (tag data_center). Da validare con almeno una seconda fonte.",
        "country": "FR",
        "city": "Nantes",
        "status": "unknown",
        "site_category": "infrastructure",
        "opened_year": null,
        "updated_at": "2026-09-23",
        "confidence": "low",
        "import_source": "osm_overpass",
        "external_id": "osm/node/6175277339",
        "sources": [
          {
            "title": "OpenStreetMap / Overpass",
            "url": "https://wiki.openstreetmap.org/wiki/Tag:telecom%3Ddata_center",
            "accessed_at": "2026-09-23",
            "note": "osm_id=6175277339"
          }
        ]
      }
    },
    {
      "type": "Feature",
      "geometry": {
        "type": "Point",
        "coordinates": [
          2.2416311,
          48.907123
        ]
      },
      "properties": {
        "id": "dc_471",
        "name": "Cogent Paris 1",
        "type": "data_center",
        "subtype": "colocation",
        "operator": "Unknown",
        "description_it": "Record da OpenStreetMap (tag data_center). Da validare con almeno una seconda fonte.",
        "country": "FR",
        "city": "La Garenne Colombes",
        "status": "unknown",
        "site_category": "infrastructure",
        "opened_year": null,
        "updated_at": "2026-09-23",
        "confidence": "low",
        "import_source": "osm_overpass",
        "external_id": "osm/node/6175333480",
        "sources": [
          {
            "title": "OpenStreetMap / Overpass",
            "url": "https://wiki.openstreetmap.org/wiki/Tag:telecom%3Ddata_center",
            "accessed_at": "2026-09-23",
            "note": "osm_id=6175333480"
          }
        ]
      }
    },
    {
      "type": "Feature",
      "geometry": {
        "type": "Point",
        "coordinates": [
          0.3400181,
          46.5884206
        ]
      },
      "properties": {
        "id": "dc_472",
        "name": "Cogent Poitiers",
        "type": "data_center",
        "subtype": "colocation",
        "operator": "Unknown",
        "description_it": "Record da OpenStreetMap (tag data_center). Da validare con almeno una seconda fonte.",
        "country": "FR",
        "city": "Poitiers",
        "status": "unknown",
        "site_category": "infrastructure",
        "opened_year": null,
        "updated_at": "2026-09-23",
        "confidence": "low",
        "import_source": "osm_overpass",
        "external_id": "osm/node/6175354710",
        "sources": [
          {
            "title": "OpenStreetMap / Overpass",
            "url": "https://wiki.openstreetmap.org/wiki/Tag:telecom%3Ddata_center",
            "accessed_at": "2026-09-23",
            "note": "osm_id=6175354710"
          }
        ]
      }
    },
    {
      "type": "Feature",
      "geometry": {
        "type": "Point",
        "coordinates": [
          4.8996581,
          45.7574082
        ]
      },
      "properties": {
        "id": "dc_473",
        "name": "LASOTEL PIXEL69",
        "type": "data_center",
        "subtype": "colocation",
        "operator": "Unknown",
        "description_it": "Record da OpenStreetMap (tag data_center). Da validare con almeno una seconda fonte.",
        "country": "FR",
        "city": "n/d",
        "status": "unknown",
        "site_category": "infrastructure",
        "opened_year": null,
        "updated_at": "2026-09-23",
        "confidence": "low",
        "import_source": "osm_overpass",
        "external_id": "osm/node/6212420800",
        "sources": [
          {
            "title": "OpenStreetMap / Overpass",
            "url": "https://wiki.openstreetmap.org/wiki/Tag:telecom%3Ddata_center",
            "accessed_at": "2026-09-23",
            "note": "osm_id=6212420800"
          }
        ]
      }
    },
    {
      "type": "Feature",
      "geometry": {
        "type": "Point",
        "coordinates": [
          4.8718044,
          45.7719763
        ]
      },
      "properties": {
        "id": "dc_474",
        "name": "ELB Group - DATACENTER LYON 3",
        "type": "data_center",
        "subtype": "colocation",
        "operator": "Unknown",
        "description_it": "Record da OpenStreetMap (tag data_center). Da validare con almeno una seconda fonte.",
        "country": "FR",
        "city": "n/d",
        "status": "unknown",
        "site_category": "infrastructure",
        "opened_year": null,
        "updated_at": "2026-09-23",
        "confidence": "low",
        "import_source": "osm_overpass",
        "external_id": "osm/node/6212483563",
        "sources": [
          {
            "title": "OpenStreetMap / Overpass",
            "url": "https://wiki.openstreetmap.org/wiki/Tag:telecom%3Ddata_center",
            "accessed_at": "2026-09-23",
            "note": "osm_id=6212483563"
          }
        ]
      }
    },
    {
      "type": "Feature",
      "geometry": {
        "type": "Point",
        "coordinates": [
          4.8882392,
          45.7845355
        ]
      },
      "properties": {
        "id": "dc_475",
        "name": "SynAApS - SaaS, PaaS, Housing",
        "type": "data_center",
        "subtype": "colocation",
        "operator": "Unknown",
        "description_it": "Record da OpenStreetMap (tag data_center). Da validare con almeno una seconda fonte.",
        "country": "FR",
        "city": "n/d",
        "status": "unknown",
        "site_category": "infrastructure",
        "opened_year": null,
        "updated_at": "2026-09-23",
        "confidence": "low",
        "import_source": "osm_overpass",
        "external_id": "osm/node/6212512538",
        "sources": [
          {
            "title": "OpenStreetMap / Overpass",
            "url": "https://wiki.openstreetmap.org/wiki/Tag:telecom%3Ddata_center",
            "accessed_at": "2026-09-23",
            "note": "osm_id=6212512538"
          }
        ]
      }
    },
    {
      "type": "Feature",
      "geometry": {
        "type": "Point",
        "coordinates": [
          -1.7479133,
          46.5154971
        ]
      },
      "properties": {
        "id": "dc_476",
        "name": "Etix Vendée #2",
        "type": "data_center",
        "subtype": "colocation",
        "operator": "Unknown",
        "description_it": "Record da OpenStreetMap (tag data_center). Da validare con almeno una seconda fonte.",
        "country": "FR",
        "city": "Olonne-sur-Mer",
        "status": "unknown",
        "site_category": "infrastructure",
        "opened_year": null,
        "updated_at": "2026-09-23",
        "confidence": "low",
        "import_source": "osm_overpass",
        "external_id": "osm/node/6213121089",
        "sources": [
          {
            "title": "OpenStreetMap / Overpass",
            "url": "https://wiki.openstreetmap.org/wiki/Tag:telecom%3Ddata_center",
            "accessed_at": "2026-09-23",
            "note": "osm_id=6213121089"
          }
        ]
      }
    },
    {
      "type": "Feature",
      "geometry": {
        "type": "Point",
        "coordinates": [
          2.376468,
          48.8883144
        ]
      },
      "properties": {
        "id": "dc_477",
        "name": "OVHcloud Paris",
        "type": "data_center",
        "subtype": "colocation",
        "operator": "Unknown",
        "description_it": "Record da OpenStreetMap (tag data_center). Da validare con almeno una seconda fonte.",
        "country": "FR",
        "city": "Paris",
        "status": "unknown",
        "site_category": "infrastructure",
        "opened_year": null,
        "updated_at": "2026-09-23",
        "confidence": "low",
        "import_source": "osm_overpass",
        "external_id": "osm/node/6222911368",
        "sources": [
          {
            "title": "OpenStreetMap / Overpass",
            "url": "https://wiki.openstreetmap.org/wiki/Tag:telecom%3Ddata_center",
            "accessed_at": "2026-09-23",
            "note": "osm_id=6222911368"
          }
        ]
      }
    },
    {
      "type": "Feature",
      "geometry": {
        "type": "Point",
        "coordinates": [
          2.2959949,
          48.829557
        ]
      },
      "properties": {
        "id": "dc_478",
        "name": "Scaleway Datacenter DC4",
        "type": "data_center",
        "subtype": "colocation",
        "operator": "Scaleway",
        "description_it": "Record da OpenStreetMap (tag data_center). Da validare con almeno una seconda fonte.",
        "country": "FR",
        "city": "n/d",
        "status": "unknown",
        "site_category": "infrastructure",
        "opened_year": null,
        "updated_at": "2026-09-23",
        "confidence": "low",
        "import_source": "osm_overpass",
        "external_id": "osm/node/6229455977",
        "sources": [
          {
            "title": "OpenStreetMap / Overpass",
            "url": "https://wiki.openstreetmap.org/wiki/Tag:telecom%3Ddata_center",
            "accessed_at": "2026-09-23",
            "note": "osm_id=6229455977"
          }
        ]
      }
    },
    {
      "type": "Feature",
      "geometry": {
        "type": "Point",
        "coordinates": [
          2.5100716,
          48.9729024
        ]
      },
      "properties": {
        "id": "dc_479",
        "name": "Telia ROSY Villepinte",
        "type": "data_center",
        "subtype": "colocation",
        "operator": "Unknown",
        "description_it": "Record da OpenStreetMap (tag data_center). Da validare con almeno una seconda fonte.",
        "country": "FR",
        "city": "Villepinte",
        "status": "unknown",
        "site_category": "infrastructure",
        "opened_year": null,
        "updated_at": "2026-09-23",
        "confidence": "low",
        "import_source": "osm_overpass",
        "external_id": "osm/node/6289312996",
        "sources": [
          {
            "title": "OpenStreetMap / Overpass",
            "url": "https://wiki.openstreetmap.org/wiki/Tag:telecom%3Ddata_center",
            "accessed_at": "2026-09-23",
            "note": "osm_id=6289312996"
          }
        ]
      }
    },
    {
      "type": "Feature",
      "geometry": {
        "type": "Point",
        "coordinates": [
          2.3410779,
          48.9280589
        ]
      },
      "properties": {
        "id": "dc_480",
        "name": "Ad Valem technologies TDF",
        "type": "data_center",
        "subtype": "colocation",
        "operator": "Unknown",
        "description_it": "Record da OpenStreetMap (tag data_center). Da validare con almeno una seconda fonte.",
        "country": "FR",
        "city": "Saint-Denis",
        "status": "unknown",
        "site_category": "infrastructure",
        "opened_year": null,
        "updated_at": "2026-09-23",
        "confidence": "low",
        "import_source": "osm_overpass",
        "external_id": "osm/node/6289367991",
        "sources": [
          {
            "title": "OpenStreetMap / Overpass",
            "url": "https://wiki.openstreetmap.org/wiki/Tag:telecom%3Ddata_center",
            "accessed_at": "2026-09-23",
            "note": "osm_id=6289367991"
          }
        ]
      }
    },
    {
      "type": "Feature",
      "geometry": {
        "type": "Point",
        "coordinates": [
          2.2142352,
          48.8878271
        ]
      },
      "properties": {
        "id": "dc_481",
        "name": "Level (3) Le Capitole Nanterre",
        "type": "data_center",
        "subtype": "colocation",
        "operator": "Lumen Technologies",
        "description_it": "Record da OpenStreetMap (tag data_center). Da validare con almeno una seconda fonte.",
        "country": "FR",
        "city": "Nanterre",
        "status": "unknown",
        "site_category": "infrastructure",
        "opened_year": null,
        "updated_at": "2026-09-23",
        "confidence": "low",
        "import_source": "osm_overpass",
        "external_id": "osm/node/6289564874",
        "sources": [
          {
            "title": "OpenStreetMap / Overpass",
            "url": "https://wiki.openstreetmap.org/wiki/Tag:telecom%3Ddata_center",
            "accessed_at": "2026-09-23",
            "note": "osm_id=6289564874"
          }
        ]
      }
    },
    {
      "type": "Feature",
      "geometry": {
        "type": "Point",
        "coordinates": [
          2.2351265,
          48.8361144
        ]
      },
      "properties": {
        "id": "dc_482",
        "name": "Prosodie Boulogne",
        "type": "data_center",
        "subtype": "colocation",
        "operator": "Unknown",
        "description_it": "Record da OpenStreetMap (tag data_center). Da validare con almeno una seconda fonte.",
        "country": "FR",
        "city": "Boulogne-Billancourt",
        "status": "unknown",
        "site_category": "infrastructure",
        "opened_year": null,
        "updated_at": "2026-09-23",
        "confidence": "low",
        "import_source": "osm_overpass",
        "external_id": "osm/node/6289587203",
        "sources": [
          {
            "title": "OpenStreetMap / Overpass",
            "url": "https://wiki.openstreetmap.org/wiki/Tag:telecom%3Ddata_center",
            "accessed_at": "2026-09-23",
            "note": "osm_id=6289587203"
          }
        ]
      }
    },
    {
      "type": "Feature",
      "geometry": {
        "type": "Point",
        "coordinates": [
          2.2148032,
          48.7785399
        ]
      },
      "properties": {
        "id": "dc_483",
        "name": "KHEOPS Organisation Vélizy-Villacoublay",
        "type": "data_center",
        "subtype": "colocation",
        "operator": "Unknown",
        "description_it": "Record da OpenStreetMap (tag data_center). Da validare con almeno una seconda fonte.",
        "country": "FR",
        "city": "Vélizy-Villacoublay",
        "status": "unknown",
        "site_category": "infrastructure",
        "opened_year": null,
        "updated_at": "2026-09-23",
        "confidence": "low",
        "import_source": "osm_overpass",
        "external_id": "osm/node/6289605233",
        "sources": [
          {
            "title": "OpenStreetMap / Overpass",
            "url": "https://wiki.openstreetmap.org/wiki/Tag:telecom%3Ddata_center",
            "accessed_at": "2026-09-23",
            "note": "osm_id=6289605233"
          }
        ]
      }
    },
    {
      "type": "Feature",
      "geometry": {
        "type": "Point",
        "coordinates": [
          2.2069451,
          48.7842025
        ]
      },
      "properties": {
        "id": "dc_484",
        "name": "Cogent Paris 2",
        "type": "data_center",
        "subtype": "colocation",
        "operator": "Cogentco",
        "description_it": "Record da OpenStreetMap (tag data_center). Da validare con almeno una seconda fonte.",
        "country": "FR",
        "city": "Vélizy-Villacoublay",
        "status": "unknown",
        "site_category": "infrastructure",
        "opened_year": null,
        "updated_at": "2026-09-23",
        "confidence": "low",
        "import_source": "osm_overpass",
        "external_id": "osm/node/6289632564",
        "sources": [
          {
            "title": "OpenStreetMap / Overpass",
            "url": "https://wiki.openstreetmap.org/wiki/Tag:telecom%3Ddata_center",
            "accessed_at": "2026-09-23",
            "note": "osm_id=6289632564"
          }
        ]
      }
    },
    {
      "type": "Feature",
      "geometry": {
        "type": "Point",
        "coordinates": [
          2.2379816,
          48.7742033
        ]
      },
      "properties": {
        "id": "dc_485",
        "name": "KHEOPS Organisation Plessis-Robinson",
        "type": "data_center",
        "subtype": "colocation",
        "operator": "Unknown",
        "description_it": "Record da OpenStreetMap (tag data_center). Da validare con almeno una seconda fonte.",
        "country": "FR",
        "city": "Le Plessis-Robinson",
        "status": "unknown",
        "site_category": "infrastructure",
        "opened_year": null,
        "updated_at": "2026-09-23",
        "confidence": "low",
        "import_source": "osm_overpass",
        "external_id": "osm/node/6289682223",
        "sources": [
          {
            "title": "OpenStreetMap / Overpass",
            "url": "https://wiki.openstreetmap.org/wiki/Tag:telecom%3Ddata_center",
            "accessed_at": "2026-09-23",
            "note": "osm_id=6289682223"
          }
        ]
      }
    },
    {
      "type": "Feature",
      "geometry": {
        "type": "Point",
        "coordinates": [
          2.4040974,
          48.8428819
        ]
      },
      "properties": {
        "id": "dc_486",
        "name": "Acropolis Telecom Paris-Nation",
        "type": "data_center",
        "subtype": "colocation",
        "operator": "Unknown",
        "description_it": "Record da OpenStreetMap (tag data_center). Da validare con almeno una seconda fonte.",
        "country": "FR",
        "city": "Paris",
        "status": "unknown",
        "site_category": "infrastructure",
        "opened_year": null,
        "updated_at": "2026-09-23",
        "confidence": "low",
        "import_source": "osm_overpass",
        "external_id": "osm/node/6289753941",
        "sources": [
          {
            "title": "OpenStreetMap / Overpass",
            "url": "https://wiki.openstreetmap.org/wiki/Tag:telecom%3Ddata_center",
            "accessed_at": "2026-09-23",
            "note": "osm_id=6289753941"
          }
        ]
      }
    },
    {
      "type": "Feature",
      "geometry": {
        "type": "Point",
        "coordinates": [
          2.6411727,
          48.8369186
        ]
      },
      "properties": {
        "id": "dc_487",
        "name": "Sungard AS IT",
        "type": "data_center",
        "subtype": "colocation",
        "operator": "Unknown",
        "description_it": "Record da OpenStreetMap (tag data_center). Da validare con almeno una seconda fonte.",
        "country": "FR",
        "city": "Lognes",
        "status": "unknown",
        "site_category": "infrastructure",
        "opened_year": null,
        "updated_at": "2026-09-23",
        "confidence": "low",
        "import_source": "osm_overpass",
        "external_id": "osm/node/6289858502",
        "sources": [
          {
            "title": "OpenStreetMap / Overpass",
            "url": "https://wiki.openstreetmap.org/wiki/Tag:telecom%3Ddata_center",
            "accessed_at": "2026-09-23",
            "note": "osm_id=6289858502"
          }
        ]
      }
    },
    {
      "type": "Feature",
      "geometry": {
        "type": "Point",
        "coordinates": [
          2.2137794,
          48.6887201
        ]
      },
      "properties": {
        "id": "dc_488",
        "name": "Alionis DC1",
        "type": "data_center",
        "subtype": "colocation",
        "operator": "Unknown",
        "description_it": "Record da OpenStreetMap (tag data_center). Da validare con almeno una seconda fonte.",
        "country": "FR",
        "city": "Villebon Sur Yvette",
        "status": "unknown",
        "site_category": "infrastructure",
        "opened_year": null,
        "updated_at": "2026-09-23",
        "confidence": "low",
        "import_source": "osm_overpass",
        "external_id": "osm/node/6289873866",
        "sources": [
          {
            "title": "OpenStreetMap / Overpass",
            "url": "https://wiki.openstreetmap.org/wiki/Tag:telecom%3Ddata_center",
            "accessed_at": "2026-09-23",
            "note": "osm_id=6289873866"
          }
        ]
      }
    },
    {
      "type": "Feature",
      "geometry": {
        "type": "Point",
        "coordinates": [
          -0.5554506,
          44.8629919
        ]
      },
      "properties": {
        "id": "dc_489",
        "name": "Cogent",
        "type": "data_center",
        "subtype": "colocation",
        "operator": "Cogent Communications",
        "description_it": "Record da OpenStreetMap (tag data_center). Da validare con almeno una seconda fonte.",
        "country": "FR",
        "city": "n/d",
        "status": "unknown",
        "site_category": "infrastructure",
        "opened_year": null,
        "updated_at": "2026-09-23",
        "confidence": "low",
        "import_source": "osm_overpass",
        "external_id": "osm/node/6898386156",
        "sources": [
          {
            "title": "OpenStreetMap / Overpass",
            "url": "https://wiki.openstreetmap.org/wiki/Tag:telecom%3Ddata_center",
            "accessed_at": "2026-09-23",
            "note": "osm_id=6898386156"
          }
        ]
      }
    },
    {
      "type": "Feature",
      "geometry": {
        "type": "Point",
        "coordinates": [
          5.7369136,
          45.189635
        ]
      },
      "properties": {
        "id": "dc_490",
        "name": "Cogent",
        "type": "data_center",
        "subtype": "colocation",
        "operator": "Cogent Communications, Inc.",
        "description_it": "Record da OpenStreetMap (tag data_center). Da validare con almeno una seconda fonte.",
        "country": "FR",
        "city": "n/d",
        "status": "unknown",
        "site_category": "infrastructure",
        "opened_year": null,
        "updated_at": "2026-09-23",
        "confidence": "low",
        "import_source": "osm_overpass",
        "external_id": "osm/node/7522025783",
        "sources": [
          {
            "title": "OpenStreetMap / Overpass",
            "url": "https://wiki.openstreetmap.org/wiki/Tag:telecom%3Ddata_center",
            "accessed_at": "2026-09-23",
            "note": "osm_id=7522025783"
          }
        ]
      }
    },
    {
      "type": "Feature",
      "geometry": {
        "type": "Point",
        "coordinates": [
          2.393401,
          48.819937
        ]
      },
      "properties": {
        "id": "dc_491",
        "name": "Datacenter Aqua Ray",
        "type": "data_center",
        "subtype": "colocation",
        "operator": "Aqua Ray",
        "description_it": "Record da OpenStreetMap (tag data_center). Da validare con almeno una seconda fonte.",
        "country": "FR",
        "city": "Ivry-sur-Seine",
        "status": "unknown",
        "site_category": "infrastructure",
        "opened_year": null,
        "updated_at": "2026-09-23",
        "confidence": "low",
        "import_source": "osm_overpass",
        "external_id": "osm/node/7900883632",
        "sources": [
          {
            "title": "OpenStreetMap / Overpass",
            "url": "https://wiki.openstreetmap.org/wiki/Tag:telecom%3Ddata_center",
            "accessed_at": "2026-09-23",
            "note": "osm_id=7900883632"
          }
        ]
      }
    },
    {
      "type": "Feature",
      "geometry": {
        "type": "Point",
        "coordinates": [
          2.3018423,
          48.8836266
        ]
      },
      "properties": {
        "id": "dc_492",
        "name": "Salle Technique TV5MONDE",
        "type": "data_center",
        "subtype": "colocation",
        "operator": "TV5MONDE",
        "description_it": "Record da OpenStreetMap (tag data_center). Da validare con almeno una seconda fonte.",
        "country": "FR",
        "city": "n/d",
        "status": "unknown",
        "site_category": "infrastructure",
        "opened_year": null,
        "updated_at": "2026-09-23",
        "confidence": "low",
        "import_source": "osm_overpass",
        "external_id": "osm/node/7902341447",
        "sources": [
          {
            "title": "OpenStreetMap / Overpass",
            "url": "https://wiki.openstreetmap.org/wiki/Tag:telecom%3Ddata_center",
            "accessed_at": "2026-09-23",
            "note": "osm_id=7902341447"
          }
        ]
      }
    },
    {
      "type": "Feature",
      "geometry": {
        "type": "Point",
        "coordinates": [
          2.3583926,
          48.8628101
        ]
      },
      "properties": {
        "id": "dc_493",
        "name": "Datacenter Orange Archives",
        "type": "data_center",
        "subtype": "colocation",
        "operator": "Orange",
        "description_it": "Record da OpenStreetMap (tag data_center). Da validare con almeno una seconda fonte.",
        "country": "FR",
        "city": "n/d",
        "status": "unknown",
        "site_category": "infrastructure",
        "opened_year": null,
        "updated_at": "2026-09-23",
        "confidence": "low",
        "import_source": "osm_overpass",
        "external_id": "osm/node/7902351616",
        "sources": [
          {
            "title": "OpenStreetMap / Overpass",
            "url": "https://wiki.openstreetmap.org/wiki/Tag:telecom%3Ddata_center",
            "accessed_at": "2026-09-23",
            "note": "osm_id=7902351616"
          }
        ]
      }
    },
    {
      "type": "Feature",
      "geometry": {
        "type": "Point",
        "coordinates": [
          2.4225686,
          48.8852886
        ]
      },
      "properties": {
        "id": "dc_494",
        "name": "Salle technique TDF",
        "type": "data_center",
        "subtype": "colocation",
        "operator": "TDF",
        "description_it": "Record da OpenStreetMap (tag data_center). Da validare con almeno una seconda fonte.",
        "country": "FR",
        "city": "n/d",
        "status": "unknown",
        "site_category": "infrastructure",
        "opened_year": null,
        "updated_at": "2026-09-23",
        "confidence": "low",
        "import_source": "osm_overpass",
        "external_id": "osm/node/7902360503",
        "sources": [
          {
            "title": "OpenStreetMap / Overpass",
            "url": "https://wiki.openstreetmap.org/wiki/Tag:telecom%3Ddata_center",
            "accessed_at": "2026-09-23",
            "note": "osm_id=7902360503"
          }
        ]
      }
    },
    {
      "type": "Feature",
      "geometry": {
        "type": "Point",
        "coordinates": [
          2.2597533,
          48.8338186
        ]
      },
      "properties": {
        "id": "dc_495",
        "name": "Salle technique TF1",
        "type": "data_center",
        "subtype": "colocation",
        "operator": "TF1",
        "description_it": "Record da OpenStreetMap (tag data_center). Da validare con almeno una seconda fonte.",
        "country": "FR",
        "city": "n/d",
        "status": "unknown",
        "site_category": "infrastructure",
        "opened_year": null,
        "updated_at": "2026-09-23",
        "confidence": "low",
        "import_source": "osm_overpass",
        "external_id": "osm/node/7902383102",
        "sources": [
          {
            "title": "OpenStreetMap / Overpass",
            "url": "https://wiki.openstreetmap.org/wiki/Tag:telecom%3Ddata_center",
            "accessed_at": "2026-09-23",
            "note": "osm_id=7902383102"
          }
        ]
      }
    },
    {
      "type": "Feature",
      "geometry": {
        "type": "Point",
        "coordinates": [
          2.2942124,
          48.8574197
        ]
      },
      "properties": {
        "id": "dc_496",
        "name": "Salle technique TDF",
        "type": "data_center",
        "subtype": "colocation",
        "operator": "TDF",
        "description_it": "Record da OpenStreetMap (tag data_center). Da validare con almeno una seconda fonte.",
        "country": "FR",
        "city": "n/d",
        "status": "unknown",
        "site_category": "infrastructure",
        "opened_year": null,
        "updated_at": "2026-09-23",
        "confidence": "low",
        "import_source": "osm_overpass",
        "external_id": "osm/node/7902383458",
        "sources": [
          {
            "title": "OpenStreetMap / Overpass",
            "url": "https://wiki.openstreetmap.org/wiki/Tag:telecom%3Ddata_center",
            "accessed_at": "2026-09-23",
            "note": "osm_id=7902383458"
          }
        ]
      }
    },
    {
      "type": "Feature",
      "geometry": {
        "type": "Point",
        "coordinates": [
          2.2724395,
          48.8383154
        ]
      },
      "properties": {
        "id": "dc_497",
        "name": "Salle Technique France Télévisions",
        "type": "data_center",
        "subtype": "colocation",
        "operator": "France Télévisions",
        "description_it": "Record da OpenStreetMap (tag data_center). Da validare con almeno una seconda fonte.",
        "country": "FR",
        "city": "n/d",
        "status": "unknown",
        "site_category": "infrastructure",
        "opened_year": null,
        "updated_at": "2026-09-23",
        "confidence": "low",
        "import_source": "osm_overpass",
        "external_id": "osm/node/7902392228",
        "sources": [
          {
            "title": "OpenStreetMap / Overpass",
            "url": "https://wiki.openstreetmap.org/wiki/Tag:telecom%3Ddata_center",
            "accessed_at": "2026-09-23",
            "note": "osm_id=7902392228"
          }
        ]
      }
    },
    {
      "type": "Feature",
      "geometry": {
        "type": "Point",
        "coordinates": [
          2.2646559,
          48.8290685
        ]
      },
      "properties": {
        "id": "dc_498",
        "name": "Salle technique Eurosport",
        "type": "data_center",
        "subtype": "colocation",
        "operator": "Eurosport",
        "description_it": "Record da OpenStreetMap (tag data_center). Da validare con almeno una seconda fonte.",
        "country": "FR",
        "city": "n/d",
        "status": "unknown",
        "site_category": "infrastructure",
        "opened_year": null,
        "updated_at": "2026-09-23",
        "confidence": "low",
        "import_source": "osm_overpass",
        "external_id": "osm/node/7902398865",
        "sources": [
          {
            "title": "OpenStreetMap / Overpass",
            "url": "https://wiki.openstreetmap.org/wiki/Tag:telecom%3Ddata_center",
            "accessed_at": "2026-09-23",
            "note": "osm_id=7902398865"
          }
        ]
      }
    },
    {
      "type": "Feature",
      "geometry": {
        "type": "Point",
        "coordinates": [
          2.2731747,
          48.8811889
        ]
      },
      "properties": {
        "id": "dc_499",
        "name": "Salle technique Groupe M6",
        "type": "data_center",
        "subtype": "colocation",
        "operator": "Groupe M6",
        "description_it": "Record da OpenStreetMap (tag data_center). Da validare con almeno una seconda fonte.",
        "country": "FR",
        "city": "n/d",
        "status": "unknown",
        "site_category": "infrastructure",
        "opened_year": null,
        "updated_at": "2026-09-23",
        "confidence": "low",
        "import_source": "osm_overpass",
        "external_id": "osm/node/7902413338",
        "sources": [
          {
            "title": "OpenStreetMap / Overpass",
            "url": "https://wiki.openstreetmap.org/wiki/Tag:telecom%3Ddata_center",
            "accessed_at": "2026-09-23",
            "note": "osm_id=7902413338"
          }
        ]
      }
    },
    {
      "type": "Feature",
      "geometry": {
        "type": "Point",
        "coordinates": [
          -4.4154696,
          48.4413007
        ]
      },
      "properties": {
        "id": "dc_500",
        "name": "Data Center Bluecom",
        "type": "data_center",
        "subtype": "colocation",
        "operator": "Bluecom",
        "description_it": "Record da OpenStreetMap (tag data_center). Da validare con almeno una seconda fonte.",
        "country": "FR",
        "city": "n/d",
        "status": "unknown",
        "site_category": "infrastructure",
        "opened_year": null,
        "updated_at": "2026-09-23",
        "confidence": "low",
        "import_source": "osm_overpass",
        "external_id": "osm/node/7902526435",
        "sources": [
          {
            "title": "OpenStreetMap / Overpass",
            "url": "https://wiki.openstreetmap.org/wiki/Tag:telecom%3Ddata_center",
            "accessed_at": "2026-09-23",
            "note": "osm_id=7902526435"
          }
        ]
      }
    },
    {
      "type": "Feature",
      "geometry": {
        "type": "Point",
        "coordinates": [
          1.9752915,
          48.7909399
        ]
      },
      "properties": {
        "id": "dc_501",
        "name": "Datacenter Thales Nungesser",
        "type": "data_center",
        "subtype": "colocation",
        "operator": "THALES",
        "description_it": "Record da OpenStreetMap (tag data_center). Da validare con almeno una seconda fonte.",
        "country": "FR",
        "city": "n/d",
        "status": "unknown",
        "site_category": "infrastructure",
        "opened_year": null,
        "updated_at": "2026-09-23",
        "confidence": "low",
        "import_source": "osm_overpass",
        "external_id": "osm/node/7902527604",
        "sources": [
          {
            "title": "OpenStreetMap / Overpass",
            "url": "https://wiki.openstreetmap.org/wiki/Tag:telecom%3Ddata_center",
            "accessed_at": "2026-09-23",
            "note": "osm_id=7902527604"
          }
        ]
      }
    },
    {
      "type": "Feature",
      "geometry": {
        "type": "Point",
        "coordinates": [
          4.8156496,
          45.7343987
        ]
      },
      "properties": {
        "id": "dc_502",
        "name": "Salle technique Euronews",
        "type": "data_center",
        "subtype": "colocation",
        "operator": "Euronews",
        "description_it": "Record da OpenStreetMap (tag data_center). Da validare con almeno una seconda fonte.",
        "country": "FR",
        "city": "n/d",
        "status": "unknown",
        "site_category": "infrastructure",
        "opened_year": null,
        "updated_at": "2026-09-23",
        "confidence": "low",
        "import_source": "osm_overpass",
        "external_id": "osm/node/7902551102",
        "sources": [
          {
            "title": "OpenStreetMap / Overpass",
            "url": "https://wiki.openstreetmap.org/wiki/Tag:telecom%3Ddata_center",
            "accessed_at": "2026-09-23",
            "note": "osm_id=7902551102"
          }
        ]
      }
    },
    {
      "type": "Feature",
      "geometry": {
        "type": "Point",
        "coordinates": [
          2.3399387,
          48.9196226
        ]
      },
      "properties": {
        "id": "dc_503",
        "name": "Datacenter RTE",
        "type": "data_center",
        "subtype": "colocation",
        "operator": "RTE",
        "description_it": "Record da OpenStreetMap (tag data_center). Da validare con almeno una seconda fonte.",
        "country": "FR",
        "city": "n/d",
        "status": "unknown",
        "site_category": "infrastructure",
        "opened_year": null,
        "updated_at": "2026-09-23",
        "confidence": "low",
        "import_source": "osm_overpass",
        "external_id": "osm/node/8297362166",
        "sources": [
          {
            "title": "OpenStreetMap / Overpass",
            "url": "https://wiki.openstreetmap.org/wiki/Tag:telecom%3Ddata_center",
            "accessed_at": "2026-09-23",
            "note": "osm_id=8297362166"
          }
        ]
      }
    },
    {
      "type": "Feature",
      "geometry": {
        "type": "Point",
        "coordinates": [
          -1.2456113,
          50.8678009
        ]
      },
      "properties": {
        "id": "dc_504",
        "name": "Serverhouse",
        "type": "data_center",
        "subtype": "colocation",
        "operator": "Serverhouse",
        "description_it": "Record da OpenStreetMap (tag data_center). Da validare con almeno una seconda fonte.",
        "country": "GB",
        "city": "n/d",
        "status": "unknown",
        "site_category": "infrastructure",
        "opened_year": null,
        "updated_at": "2026-09-23",
        "confidence": "low",
        "import_source": "osm_overpass",
        "external_id": "osm/node/8325036723",
        "sources": [
          {
            "title": "OpenStreetMap / Overpass",
            "url": "https://wiki.openstreetmap.org/wiki/Tag:telecom%3Ddata_center",
            "accessed_at": "2026-09-23",
            "note": "osm_id=8325036723"
          }
        ]
      }
    },
    {
      "type": "Feature",
      "geometry": {
        "type": "Point",
        "coordinates": [
          2.0500164,
          48.7919993
        ]
      },
      "properties": {
        "id": "dc_505",
        "name": "Datacenter RTE",
        "type": "data_center",
        "subtype": "colocation",
        "operator": "RTE",
        "description_it": "Record da OpenStreetMap (tag data_center). Da validare con almeno una seconda fonte.",
        "country": "FR",
        "city": "n/d",
        "status": "unknown",
        "site_category": "infrastructure",
        "opened_year": null,
        "updated_at": "2026-09-23",
        "confidence": "low",
        "import_source": "osm_overpass",
        "external_id": "osm/node/8670043375",
        "sources": [
          {
            "title": "OpenStreetMap / Overpass",
            "url": "https://wiki.openstreetmap.org/wiki/Tag:telecom%3Ddata_center",
            "accessed_at": "2026-09-23",
            "note": "osm_id=8670043375"
          }
        ]
      }
    },
    {
      "type": "Feature",
      "geometry": {
        "type": "Point",
        "coordinates": [
          4.832222,
          45.7404807
        ]
      },
      "properties": {
        "id": "dc_506",
        "name": "Datacenter RTE",
        "type": "data_center",
        "subtype": "colocation",
        "operator": "RTE",
        "description_it": "Record da OpenStreetMap (tag data_center). Da validare con almeno una seconda fonte.",
        "country": "FR",
        "city": "n/d",
        "status": "unknown",
        "site_category": "infrastructure",
        "opened_year": null,
        "updated_at": "2026-09-23",
        "confidence": "low",
        "import_source": "osm_overpass",
        "external_id": "osm/node/8670065237",
        "sources": [
          {
            "title": "OpenStreetMap / Overpass",
            "url": "https://wiki.openstreetmap.org/wiki/Tag:telecom%3Ddata_center",
            "accessed_at": "2026-09-23",
            "note": "osm_id=8670065237"
          }
        ]
      }
    },
    {
      "type": "Feature",
      "geometry": {
        "type": "Point",
        "coordinates": [
          1.852149,
          47.8930435
        ]
      },
      "properties": {
        "id": "dc_507",
        "name": "France Travail datacenter Orléans",
        "type": "data_center",
        "subtype": "colocation",
        "operator": "France Travail DSI",
        "description_it": "Record da OpenStreetMap (tag data_center). Da validare con almeno una seconda fonte.",
        "country": "FR",
        "city": "n/d",
        "status": "unknown",
        "site_category": "infrastructure",
        "opened_year": null,
        "updated_at": "2026-09-23",
        "confidence": "low",
        "import_source": "osm_overpass",
        "external_id": "osm/node/8744063082",
        "sources": [
          {
            "title": "OpenStreetMap / Overpass",
            "url": "https://wiki.openstreetmap.org/wiki/Tag:telecom%3Ddata_center",
            "accessed_at": "2026-09-23",
            "note": "osm_id=8744063082"
          }
        ]
      }
    },
    {
      "type": "Feature",
      "geometry": {
        "type": "Point",
        "coordinates": [
          4.8438905,
          45.7584484
        ]
      },
      "properties": {
        "id": "dc_508",
        "name": "Lyon Sévigné",
        "type": "data_center",
        "subtype": "colocation",
        "operator": "Orange",
        "description_it": "Record da OpenStreetMap (tag data_center). Da validare con almeno una seconda fonte.",
        "country": "FR",
        "city": "n/d",
        "status": "unknown",
        "site_category": "infrastructure",
        "opened_year": null,
        "updated_at": "2026-09-23",
        "confidence": "low",
        "import_source": "osm_overpass",
        "external_id": "osm/node/8930909347",
        "sources": [
          {
            "title": "OpenStreetMap / Overpass",
            "url": "https://wiki.openstreetmap.org/wiki/Tag:telecom%3Ddata_center",
            "accessed_at": "2026-09-23",
            "note": "osm_id=8930909347"
          }
        ]
      }
    },
    {
      "type": "Feature",
      "geometry": {
        "type": "Point",
        "coordinates": [
          2.4709503,
          48.7256141
        ]
      },
      "properties": {
        "id": "dc_509",
        "name": "Datacenter Bouygues Télécom",
        "type": "data_center",
        "subtype": "colocation",
        "operator": "Bouygues Télécom",
        "description_it": "Record da OpenStreetMap (tag data_center). Da validare con almeno una seconda fonte.",
        "country": "FR",
        "city": "n/d",
        "status": "unknown",
        "site_category": "infrastructure",
        "opened_year": null,
        "updated_at": "2026-09-23",
        "confidence": "low",
        "import_source": "osm_overpass",
        "external_id": "osm/node/9002215626",
        "sources": [
          {
            "title": "OpenStreetMap / Overpass",
            "url": "https://wiki.openstreetmap.org/wiki/Tag:telecom%3Ddata_center",
            "accessed_at": "2026-09-23",
            "note": "osm_id=9002215626"
          }
        ]
      }
    },
    {
      "type": "Feature",
      "geometry": {
        "type": "Point",
        "coordinates": [
          2.0777812,
          48.7258632
        ]
      },
      "properties": {
        "id": "dc_510",
        "name": "osm32;osm33;osm34;osm35;osm36;osm37",
        "type": "data_center",
        "subtype": "colocation",
        "operator": "OpenStreetMap France",
        "description_it": "Record da OpenStreetMap (tag data_center). Da validare con almeno una seconda fonte.",
        "country": "FR",
        "city": "n/d",
        "status": "unknown",
        "site_category": "infrastructure",
        "opened_year": null,
        "updated_at": "2026-09-23",
        "confidence": "low",
        "import_source": "osm_overpass",
        "external_id": "osm/node/9403059298",
        "sources": [
          {
            "title": "OpenStreetMap / Overpass",
            "url": "https://wiki.openstreetmap.org/wiki/Tag:telecom%3Ddata_center",
            "accessed_at": "2026-09-23",
            "note": "osm_id=9403059298"
          }
        ]
      }
    },
    {
      "type": "Feature",
      "geometry": {
        "type": "Point",
        "coordinates": [
          6.1072108,
          46.1653755
        ]
      },
      "properties": {
        "id": "dc_511",
        "name": "GEN01",
        "type": "data_center",
        "subtype": "hyperscale",
        "operator": "Stack Infrastructure",
        "description_it": "Record da OpenStreetMap classificato come hyperscale (operatore cloud/campus). Da validare con una seconda fonte.",
        "country": "FR",
        "city": "Plan-les-Ouates",
        "status": "unknown",
        "site_category": "infrastructure",
        "opened_year": null,
        "updated_at": "2026-09-23",
        "confidence": "low",
        "import_source": "osm_overpass",
        "external_id": "osm/node/9862219970",
        "sources": [
          {
            "title": "OpenStreetMap / Overpass",
            "url": "https://wiki.openstreetmap.org/wiki/Tag:telecom%3Ddata_center",
            "accessed_at": "2026-09-23",
            "note": "osm_id=9862219970"
          }
        ]
      }
    },
    {
      "type": "Feature",
      "geometry": {
        "type": "Point",
        "coordinates": [
          0.8376222,
          44.1990193
        ]
      },
      "properties": {
        "id": "dc_512",
        "name": "DTC",
        "type": "data_center",
        "subtype": "colocation",
        "operator": "Unknown",
        "description_it": "Record da OpenStreetMap (tag data_center). Da validare con almeno una seconda fonte.",
        "country": "FR",
        "city": "n/d",
        "status": "unknown",
        "site_category": "infrastructure",
        "opened_year": null,
        "updated_at": "2026-09-23",
        "confidence": "low",
        "import_source": "osm_overpass",
        "external_id": "osm/node/9969529152",
        "sources": [
          {
            "title": "OpenStreetMap / Overpass",
            "url": "https://wiki.openstreetmap.org/wiki/Tag:telecom%3Ddata_center",
            "accessed_at": "2026-09-23",
            "note": "osm_id=9969529152"
          }
        ]
      }
    },
    {
      "type": "Feature",
      "geometry": {
        "type": "Point",
        "coordinates": [
          -2.9105618,
          51.3580017
        ]
      },
      "properties": {
        "id": "dc_513",
        "name": "Insight Data Ltd",
        "type": "data_center",
        "subtype": "colocation",
        "operator": "Unknown",
        "description_it": "Record da OpenStreetMap (tag data_center). Da validare con almeno una seconda fonte.",
        "country": "GB",
        "city": "Weston-super-Mare",
        "status": "unknown",
        "site_category": "infrastructure",
        "opened_year": null,
        "updated_at": "2026-09-23",
        "confidence": "low",
        "import_source": "osm_overpass",
        "external_id": "osm/node/10029665515",
        "sources": [
          {
            "title": "OpenStreetMap / Overpass",
            "url": "https://wiki.openstreetmap.org/wiki/Tag:telecom%3Ddata_center",
            "accessed_at": "2026-09-23",
            "note": "osm_id=10029665515"
          }
        ]
      }
    },
    {
      "type": "Feature",
      "geometry": {
        "type": "Point",
        "coordinates": [
          0.1871336,
          48.0538551
        ]
      },
      "properties": {
        "id": "dc_514",
        "name": "Datagrex",
        "type": "data_center",
        "subtype": "colocation",
        "operator": "Unknown",
        "description_it": "Record da OpenStreetMap (tag data_center). Da validare con almeno una seconda fonte.",
        "country": "FR",
        "city": "Saint-Saturnin",
        "status": "unknown",
        "site_category": "infrastructure",
        "opened_year": null,
        "updated_at": "2026-09-23",
        "confidence": "low",
        "import_source": "osm_overpass",
        "external_id": "osm/node/10089225111",
        "sources": [
          {
            "title": "OpenStreetMap / Overpass",
            "url": "https://wiki.openstreetmap.org/wiki/Tag:telecom%3Ddata_center",
            "accessed_at": "2026-09-23",
            "note": "osm_id=10089225111"
          }
        ]
      }
    },
    {
      "type": "Feature",
      "geometry": {
        "type": "Point",
        "coordinates": [
          5.0776704,
          47.3400512
        ]
      },
      "properties": {
        "id": "dc_515",
        "name": "DTiX",
        "type": "data_center",
        "subtype": "colocation",
        "operator": "Unknown",
        "description_it": "Record da OpenStreetMap (tag data_center). Da validare con almeno una seconda fonte.",
        "country": "FR",
        "city": "Saint-Apollinaire",
        "status": "unknown",
        "site_category": "infrastructure",
        "opened_year": null,
        "updated_at": "2026-09-23",
        "confidence": "low",
        "import_source": "osm_overpass",
        "external_id": "osm/node/10241762412",
        "sources": [
          {
            "title": "OpenStreetMap / Overpass",
            "url": "https://wiki.openstreetmap.org/wiki/Tag:telecom%3Ddata_center",
            "accessed_at": "2026-09-23",
            "note": "osm_id=10241762412"
          }
        ]
      }
    },
    {
      "type": "Feature",
      "geometry": {
        "type": "Point",
        "coordinates": [
          -2.8742731,
          43.2420357
        ]
      },
      "properties": {
        "id": "dc_516",
        "name": "Mozoilo AJVP",
        "type": "data_center",
        "subtype": "colocation",
        "operator": "Mozoilo",
        "description_it": "Record da OpenStreetMap (tag data_center). Da validare con almeno una seconda fonte.",
        "country": "FR",
        "city": "Galdakao",
        "status": "unknown",
        "site_category": "infrastructure",
        "opened_year": null,
        "updated_at": "2026-09-23",
        "confidence": "low",
        "import_source": "osm_overpass",
        "external_id": "osm/node/11282993748",
        "sources": [
          {
            "title": "OpenStreetMap / Overpass",
            "url": "https://wiki.openstreetmap.org/wiki/Tag:telecom%3Ddata_center",
            "accessed_at": "2026-09-23",
            "note": "osm_id=11282993748"
          }
        ]
      }
    },
    {
      "type": "Feature",
      "geometry": {
        "type": "Point",
        "coordinates": [
          2.0557948,
          43.9119115
        ]
      },
      "properties": {
        "id": "dc_517",
        "name": "Crypteo",
        "type": "data_center",
        "subtype": "colocation",
        "operator": "Crypteo",
        "description_it": "Record da OpenStreetMap (tag data_center). Da validare con almeno una seconda fonte.",
        "country": "FR",
        "city": "n/d",
        "status": "unknown",
        "site_category": "infrastructure",
        "opened_year": null,
        "updated_at": "2026-09-23",
        "confidence": "low",
        "import_source": "osm_overpass",
        "external_id": "osm/node/11691867437",
        "sources": [
          {
            "title": "OpenStreetMap / Overpass",
            "url": "https://wiki.openstreetmap.org/wiki/Tag:telecom%3Ddata_center",
            "accessed_at": "2026-09-23",
            "note": "osm_id=11691867437"
          }
        ]
      }
    },
    {
      "type": "Feature",
      "geometry": {
        "type": "Point",
        "coordinates": [
          -0.7820534,
          51.4138607
        ]
      },
      "properties": {
        "id": "dc_518",
        "name": "AWS Bracknell Data Centre",
        "type": "data_center",
        "subtype": "hyperscale",
        "operator": "Amazon Web Services",
        "description_it": "Record da OpenStreetMap classificato come hyperscale (operatore cloud/campus). Da validare con una seconda fonte.",
        "country": "GB",
        "city": "n/d",
        "status": "unknown",
        "site_category": "infrastructure",
        "opened_year": null,
        "updated_at": "2026-09-23",
        "confidence": "low",
        "import_source": "osm_overpass",
        "external_id": "osm/node/11902288339",
        "sources": [
          {
            "title": "OpenStreetMap / Overpass",
            "url": "https://wiki.openstreetmap.org/wiki/Tag:telecom%3Ddata_center",
            "accessed_at": "2026-09-23",
            "note": "osm_id=11902288339"
          }
        ]
      }
    },
    {
      "type": "Feature",
      "geometry": {
        "type": "Point",
        "coordinates": [
          5.3380356,
          43.3610728
        ]
      },
      "properties": {
        "id": "dc_519",
        "name": "Telehouse THM1",
        "type": "data_center",
        "subtype": "colocation",
        "operator": "Telehouse",
        "description_it": "Record da OpenStreetMap (tag data_center). Da validare con almeno una seconda fonte.",
        "country": "FR",
        "city": "n/d",
        "status": "unknown",
        "site_category": "infrastructure",
        "opened_year": null,
        "updated_at": "2026-09-23",
        "confidence": "low",
        "import_source": "osm_overpass",
        "external_id": "osm/node/12150464472",
        "sources": [
          {
            "title": "OpenStreetMap / Overpass",
            "url": "https://wiki.openstreetmap.org/wiki/Tag:telecom%3Ddata_center",
            "accessed_at": "2026-09-23",
            "note": "osm_id=12150464472"
          }
        ]
      }
    },
    {
      "type": "Feature",
      "geometry": {
        "type": "Point",
        "coordinates": [
          5.4119359,
          43.3359205
        ]
      },
      "properties": {
        "id": "dc_520",
        "name": "Datacenter Sud",
        "type": "data_center",
        "subtype": "colocation",
        "operator": "Aix-Marseille Université",
        "description_it": "Record da OpenStreetMap (tag data_center). Da validare con almeno una seconda fonte.",
        "country": "FR",
        "city": "n/d",
        "status": "unknown",
        "site_category": "infrastructure",
        "opened_year": null,
        "updated_at": "2026-09-23",
        "confidence": "low",
        "import_source": "osm_overpass",
        "external_id": "osm/node/12154384214",
        "sources": [
          {
            "title": "OpenStreetMap / Overpass",
            "url": "https://wiki.openstreetmap.org/wiki/Tag:telecom%3Ddata_center",
            "accessed_at": "2026-09-23",
            "note": "osm_id=12154384214"
          }
        ]
      }
    },
    {
      "type": "Feature",
      "geometry": {
        "type": "Point",
        "coordinates": [
          6.1442259,
          46.2035599
        ]
      },
      "properties": {
        "id": "dc_521",
        "name": "Equinix GV1",
        "type": "data_center",
        "subtype": "colocation",
        "operator": "Equinix",
        "description_it": "Record da OpenStreetMap (tag data_center). Da validare con almeno una seconda fonte.",
        "country": "CH",
        "city": "Genève",
        "status": "unknown",
        "site_category": "infrastructure",
        "opened_year": null,
        "updated_at": "2026-09-23",
        "confidence": "low",
        "import_source": "osm_overpass",
        "external_id": "osm/node/12304464632",
        "sources": [
          {
            "title": "OpenStreetMap / Overpass",
            "url": "https://wiki.openstreetmap.org/wiki/Tag:telecom%3Ddata_center",
            "accessed_at": "2026-09-23",
            "note": "osm_id=12304464632"
          }
        ]
      }
    },
    {
      "type": "Feature",
      "geometry": {
        "type": "Point",
        "coordinates": [
          5.3747661,
          43.3124463
        ]
      },
      "properties": {
        "id": "dc_522",
        "name": "Phocea DC",
        "type": "data_center",
        "subtype": "colocation",
        "operator": "Phocea DC",
        "description_it": "Record da OpenStreetMap (tag data_center). Da validare con almeno una seconda fonte.",
        "country": "FR",
        "city": "n/d",
        "status": "unknown",
        "site_category": "infrastructure",
        "opened_year": null,
        "updated_at": "2026-09-23",
        "confidence": "low",
        "import_source": "osm_overpass",
        "external_id": "osm/node/12546664021",
        "sources": [
          {
            "title": "OpenStreetMap / Overpass",
            "url": "https://wiki.openstreetmap.org/wiki/Tag:telecom%3Ddata_center",
            "accessed_at": "2026-09-23",
            "note": "osm_id=12546664021"
          }
        ]
      }
    },
    {
      "type": "Feature",
      "geometry": {
        "type": "Point",
        "coordinates": [
          2.1976171,
          48.5976468
        ]
      },
      "properties": {
        "id": "dc_523",
        "name": "Eclairion",
        "type": "data_center",
        "subtype": "colocation",
        "operator": "Unknown",
        "description_it": "Record da OpenStreetMap (tag data_center). Da validare con almeno una seconda fonte.",
        "country": "FR",
        "city": "n/d",
        "status": "unknown",
        "site_category": "infrastructure",
        "opened_year": null,
        "updated_at": "2026-09-23",
        "confidence": "low",
        "import_source": "osm_overpass",
        "external_id": "osm/node/12578588217",
        "sources": [
          {
            "title": "OpenStreetMap / Overpass",
            "url": "https://wiki.openstreetmap.org/wiki/Tag:telecom%3Ddata_center",
            "accessed_at": "2026-09-23",
            "note": "osm_id=12578588217"
          }
        ]
      }
    },
    {
      "type": "Feature",
      "geometry": {
        "type": "Point",
        "coordinates": [
          -1.1664407,
          50.8482468
        ]
      },
      "properties": {
        "id": "dc_524",
        "name": "ServerHouse",
        "type": "data_center",
        "subtype": "colocation",
        "operator": "Unknown",
        "description_it": "Record da OpenStreetMap (tag data_center). Da validare con almeno una seconda fonte.",
        "country": "GB",
        "city": "n/d",
        "status": "unknown",
        "site_category": "infrastructure",
        "opened_year": null,
        "updated_at": "2026-09-23",
        "confidence": "low",
        "import_source": "osm_overpass",
        "external_id": "osm/node/12641413062",
        "sources": [
          {
            "title": "OpenStreetMap / Overpass",
            "url": "https://wiki.openstreetmap.org/wiki/Tag:telecom%3Ddata_center",
            "accessed_at": "2026-09-23",
            "note": "osm_id=12641413062"
          }
        ]
      }
    },
    {
      "type": "Feature",
      "geometry": {
        "type": "Point",
        "coordinates": [
          5.105566,
          47.3329339
        ]
      },
      "properties": {
        "id": "dc_525",
        "name": "Euro-Information EIP (Data Center)",
        "type": "data_center",
        "subtype": "colocation",
        "operator": "Euro Information",
        "description_it": "Record da OpenStreetMap (tag data_center). Da validare con almeno una seconda fonte.",
        "country": "FR",
        "city": "n/d",
        "status": "unknown",
        "site_category": "infrastructure",
        "opened_year": null,
        "updated_at": "2026-09-23",
        "confidence": "low",
        "import_source": "osm_overpass",
        "external_id": "osm/node/13006633477",
        "sources": [
          {
            "title": "OpenStreetMap / Overpass",
            "url": "https://wiki.openstreetmap.org/wiki/Tag:telecom%3Ddata_center",
            "accessed_at": "2026-09-23",
            "note": "osm_id=13006633477"
          }
        ]
      }
    },
    {
      "type": "Feature",
      "geometry": {
        "type": "Point",
        "coordinates": [
          0.3254948,
          46.6071036
        ]
      },
      "properties": {
        "id": "dc_526",
        "name": "Okantis",
        "type": "data_center",
        "subtype": "colocation",
        "operator": "Unknown",
        "description_it": "Record da OpenStreetMap (tag data_center). Da validare con almeno una seconda fonte.",
        "country": "FR",
        "city": "n/d",
        "status": "unknown",
        "site_category": "infrastructure",
        "opened_year": null,
        "updated_at": "2026-09-23",
        "confidence": "low",
        "import_source": "osm_overpass",
        "external_id": "osm/node/13357674614",
        "sources": [
          {
            "title": "OpenStreetMap / Overpass",
            "url": "https://wiki.openstreetmap.org/wiki/Tag:telecom%3Ddata_center",
            "accessed_at": "2026-09-23",
            "note": "osm_id=13357674614"
          }
        ]
      }
    },
    {
      "type": "Feature",
      "geometry": {
        "type": "Point",
        "coordinates": [
          -1.8749448,
          50.7219006
        ]
      },
      "properties": {
        "id": "dc_527",
        "name": "Data Vault - Bournemouth BCP01",
        "type": "data_center",
        "subtype": "colocation",
        "operator": "Dark Nebulae Ltd",
        "description_it": "Record da OpenStreetMap (tag data_center). Da validare con almeno una seconda fonte.",
        "country": "GB",
        "city": "Bournemouth",
        "status": "unknown",
        "site_category": "infrastructure",
        "opened_year": null,
        "updated_at": "2026-09-23",
        "confidence": "low",
        "import_source": "osm_overpass",
        "external_id": "osm/node/13596137356",
        "sources": [
          {
            "title": "OpenStreetMap / Overpass",
            "url": "https://wiki.openstreetmap.org/wiki/Tag:telecom%3Ddata_center",
            "accessed_at": "2026-09-23",
            "note": "osm_id=13596137356"
          }
        ]
      }
    },
    {
      "type": "Feature",
      "geometry": {
        "type": "Point",
        "coordinates": [
          -1.6245655,
          42.8139177
        ]
      },
      "properties": {
        "id": "dc_528",
        "name": "CPD Gobierno de Navarra",
        "type": "data_center",
        "subtype": "colocation",
        "operator": "Nasertic",
        "description_it": "Record da OpenStreetMap (tag data_center). Da validare con almeno una seconda fonte.",
        "country": "FR",
        "city": "n/d",
        "status": "unknown",
        "site_category": "infrastructure",
        "opened_year": null,
        "updated_at": "2026-09-23",
        "confidence": "low",
        "import_source": "osm_overpass",
        "external_id": "osm/node/13608563509",
        "sources": [
          {
            "title": "OpenStreetMap / Overpass",
            "url": "https://wiki.openstreetmap.org/wiki/Tag:telecom%3Ddata_center",
            "accessed_at": "2026-09-23",
            "note": "osm_id=13608563509"
          }
        ]
      }
    },
    {
      "type": "Feature",
      "geometry": {
        "type": "Point",
        "coordinates": [
          1.9396564,
          47.8455144
        ]
      },
      "properties": {
        "id": "dc_529",
        "name": "LIFO",
        "type": "data_center",
        "subtype": "colocation",
        "operator": "LIFO",
        "description_it": "Record da OpenStreetMap (tag data_center). Da validare con almeno una seconda fonte.",
        "country": "FR",
        "city": "n/d",
        "status": "unknown",
        "site_category": "infrastructure",
        "opened_year": null,
        "updated_at": "2026-09-23",
        "confidence": "low",
        "import_source": "osm_overpass",
        "external_id": "osm/node/13743687202",
        "sources": [
          {
            "title": "OpenStreetMap / Overpass",
            "url": "https://wiki.openstreetmap.org/wiki/Tag:telecom%3Ddata_center",
            "accessed_at": "2026-09-23",
            "note": "osm_id=13743687202"
          }
        ]
      }
    },
    {
      "type": "Feature",
      "geometry": {
        "type": "Point",
        "coordinates": [
          -0.7880689,
          51.2929363
        ]
      },
      "properties": {
        "id": "dc_530",
        "name": "Asanti - Farnborough",
        "type": "data_center",
        "subtype": "colocation",
        "operator": "Asanti",
        "description_it": "Record da OpenStreetMap (tag data_center). Da validare con almeno una seconda fonte.",
        "country": "GB",
        "city": "Farnborough",
        "status": "unknown",
        "site_category": "infrastructure",
        "opened_year": null,
        "updated_at": "2026-09-23",
        "confidence": "low",
        "import_source": "osm_overpass",
        "external_id": "osm/node/14056398202",
        "sources": [
          {
            "title": "OpenStreetMap / Overpass",
            "url": "https://wiki.openstreetmap.org/wiki/Tag:telecom%3Ddata_center",
            "accessed_at": "2026-09-23",
            "note": "osm_id=14056398202"
          }
        ]
      }
    },
    {
      "type": "Feature",
      "geometry": {
        "type": "Point",
        "coordinates": [
          0.5493573,
          51.2799062
        ]
      },
      "properties": {
        "id": "dc_531",
        "name": "CustodianDC Maidstone",
        "type": "data_center",
        "subtype": "colocation",
        "operator": "CustodianDC",
        "description_it": "Record da OpenStreetMap (tag data_center). Da validare con almeno una seconda fonte.",
        "country": "GB",
        "city": "n/d",
        "status": "unknown",
        "site_category": "infrastructure",
        "opened_year": null,
        "updated_at": "2026-09-23",
        "confidence": "low",
        "import_source": "osm_overpass",
        "external_id": "osm/node/14058270899",
        "sources": [
          {
            "title": "OpenStreetMap / Overpass",
            "url": "https://wiki.openstreetmap.org/wiki/Tag:telecom%3Ddata_center",
            "accessed_at": "2026-09-23",
            "note": "osm_id=14058270899"
          }
        ]
      }
    },
    {
      "type": "Feature",
      "geometry": {
        "type": "Point",
        "coordinates": [
          -0.9259691,
          51.4614715
        ]
      },
      "properties": {
        "id": "dc_532",
        "name": "Microsoft Thames Valley Park Data Centre",
        "type": "data_center",
        "subtype": "hyperscale",
        "operator": "Microsoft",
        "description_it": "Record da OpenStreetMap classificato come hyperscale (operatore cloud/campus). Da validare con una seconda fonte.",
        "country": "GB",
        "city": "n/d",
        "status": "unknown",
        "site_category": "infrastructure",
        "opened_year": null,
        "updated_at": "2026-09-23",
        "confidence": "low",
        "import_source": "osm_overpass",
        "external_id": "osm/node/14061667937",
        "sources": [
          {
            "title": "OpenStreetMap / Overpass",
            "url": "https://wiki.openstreetmap.org/wiki/Tag:telecom%3Ddata_center",
            "accessed_at": "2026-09-23",
            "note": "osm_id=14061667937"
          }
        ]
      }
    },
    {
      "type": "Feature",
      "geometry": {
        "type": "Point",
        "coordinates": [
          -0.27361,
          51.4944095
        ]
      },
      "properties": {
        "id": "dc_533",
        "name": "Vision 247",
        "type": "data_center",
        "subtype": "colocation",
        "operator": "Vision 247",
        "description_it": "Record da OpenStreetMap (tag data_center). Da validare con almeno una seconda fonte.",
        "country": "GB",
        "city": "n/d",
        "status": "unknown",
        "site_category": "infrastructure",
        "opened_year": null,
        "updated_at": "2026-09-23",
        "confidence": "low",
        "import_source": "osm_overpass",
        "external_id": "osm/node/14062735949",
        "sources": [
          {
            "title": "OpenStreetMap / Overpass",
            "url": "https://wiki.openstreetmap.org/wiki/Tag:telecom%3Ddata_center",
            "accessed_at": "2026-09-23",
            "note": "osm_id=14062735949"
          }
        ]
      }
    },
    {
      "type": "Feature",
      "geometry": {
        "type": "Point",
        "coordinates": [
          -1.4273241,
          50.9616793
        ]
      },
      "properties": {
        "id": "dc_534",
        "name": "Sky Chilworth",
        "type": "data_center",
        "subtype": "colocation",
        "operator": "Sky UK",
        "description_it": "Record da OpenStreetMap (tag data_center). Da validare con almeno una seconda fonte.",
        "country": "GB",
        "city": "n/d",
        "status": "unknown",
        "site_category": "infrastructure",
        "opened_year": null,
        "updated_at": "2026-09-23",
        "confidence": "low",
        "import_source": "osm_overpass",
        "external_id": "osm/way/15516422",
        "sources": [
          {
            "title": "OpenStreetMap / Overpass",
            "url": "https://wiki.openstreetmap.org/wiki/Tag:telecom%3Ddata_center",
            "accessed_at": "2026-09-23",
            "note": "osm_id=15516422"
          }
        ]
      }
    },
    {
      "type": "Feature",
      "geometry": {
        "type": "Point",
        "coordinates": [
          -0.4603496,
          51.4816653
        ]
      },
      "properties": {
        "id": "dc_535",
        "name": "Digital Realty LHR17",
        "type": "data_center",
        "subtype": "colocation",
        "operator": "Digital Realty",
        "description_it": "Record da OpenStreetMap (tag data_center). Da validare con almeno una seconda fonte.",
        "country": "GB",
        "city": "n/d",
        "status": "unknown",
        "site_category": "infrastructure",
        "opened_year": null,
        "updated_at": "2026-09-23",
        "confidence": "low",
        "import_source": "osm_overpass",
        "external_id": "osm/way/23439047",
        "sources": [
          {
            "title": "OpenStreetMap / Overpass",
            "url": "https://wiki.openstreetmap.org/wiki/Tag:telecom%3Ddata_center",
            "accessed_at": "2026-09-23",
            "note": "osm_id=23439047"
          }
        ]
      }
    },
    {
      "type": "Feature",
      "geometry": {
        "type": "Point",
        "coordinates": [
          -0.1359021,
          51.3839823
        ]
      },
      "properties": {
        "id": "dc_536",
        "name": "Segro Croydon (Morgan Stanley)",
        "type": "data_center",
        "subtype": "colocation",
        "operator": "Morgan Stanley",
        "description_it": "Record da OpenStreetMap (tag data_center). Da validare con almeno una seconda fonte.",
        "country": "GB",
        "city": "n/d",
        "status": "unknown",
        "site_category": "infrastructure",
        "opened_year": null,
        "updated_at": "2026-09-23",
        "confidence": "low",
        "import_source": "osm_overpass",
        "external_id": "osm/way/23571722",
        "sources": [
          {
            "title": "OpenStreetMap / Overpass",
            "url": "https://wiki.openstreetmap.org/wiki/Tag:telecom%3Ddata_center",
            "accessed_at": "2026-09-23",
            "note": "osm_id=23571722"
          }
        ]
      }
    },
    {
      "type": "Feature",
      "geometry": {
        "type": "Point",
        "coordinates": [
          -0.1758407,
          51.1324806
        ]
      },
      "properties": {
        "id": "dc_537",
        "name": "4D Data Centers - Gatwick",
        "type": "data_center",
        "subtype": "colocation",
        "operator": "Unknown",
        "description_it": "Record da OpenStreetMap (tag data_center). Da validare con almeno una seconda fonte.",
        "country": "GB",
        "city": "Crawley",
        "status": "unknown",
        "site_category": "infrastructure",
        "opened_year": null,
        "updated_at": "2026-09-23",
        "confidence": "low",
        "import_source": "osm_overpass",
        "external_id": "osm/way/23674117",
        "sources": [
          {
            "title": "OpenStreetMap / Overpass",
            "url": "https://wiki.openstreetmap.org/wiki/Tag:telecom%3Ddata_center",
            "accessed_at": "2026-09-23",
            "note": "osm_id=23674117"
          }
        ]
      }
    },
    {
      "type": "Feature",
      "geometry": {
        "type": "Point",
        "coordinates": [
          -0.2911225,
          51.3683288
        ]
      },
      "properties": {
        "id": "dc_538",
        "name": "Digital Realty LHR13",
        "type": "data_center",
        "subtype": "colocation",
        "operator": "Digital Realty",
        "description_it": "Record da OpenStreetMap (tag data_center). Da validare con almeno una seconda fonte.",
        "country": "GB",
        "city": "n/d",
        "status": "unknown",
        "site_category": "infrastructure",
        "opened_year": null,
        "updated_at": "2026-09-23",
        "confidence": "low",
        "import_source": "osm_overpass",
        "external_id": "osm/way/27756169",
        "sources": [
          {
            "title": "OpenStreetMap / Overpass",
            "url": "https://wiki.openstreetmap.org/wiki/Tag:telecom%3Ddata_center",
            "accessed_at": "2026-09-23",
            "note": "osm_id=27756169"
          }
        ]
      }
    },
    {
      "type": "Feature",
      "geometry": {
        "type": "Point",
        "coordinates": [
          0.2580033,
          51.4533805
        ]
      },
      "properties": {
        "id": "dc_539",
        "name": "CustodianDC DA2",
        "type": "data_center",
        "subtype": "colocation",
        "operator": "Unknown",
        "description_it": "Record da OpenStreetMap (tag data_center). Da validare con almeno una seconda fonte.",
        "country": "GB",
        "city": "n/d",
        "status": "unknown",
        "site_category": "infrastructure",
        "opened_year": null,
        "updated_at": "2026-09-23",
        "confidence": "low",
        "import_source": "osm_overpass",
        "external_id": "osm/way/28093960",
        "sources": [
          {
            "title": "OpenStreetMap / Overpass",
            "url": "https://wiki.openstreetmap.org/wiki/Tag:telecom%3Ddata_center",
            "accessed_at": "2026-09-23",
            "note": "osm_id=28093960"
          }
        ]
      }
    },
    {
      "type": "Feature",
      "geometry": {
        "type": "Point",
        "coordinates": [
          0.1667209,
          51.4915116
        ]
      },
      "properties": {
        "id": "dc_540",
        "name": "LON-1",
        "type": "data_center",
        "subtype": "colocation",
        "operator": "OVH",
        "description_it": "Record da OpenStreetMap (tag data_center). Da validare con almeno una seconda fonte.",
        "country": "GB",
        "city": "n/d",
        "status": "unknown",
        "site_category": "infrastructure",
        "opened_year": null,
        "updated_at": "2026-09-23",
        "confidence": "low",
        "import_source": "osm_overpass",
        "external_id": "osm/way/29120456",
        "sources": [
          {
            "title": "OpenStreetMap / Overpass",
            "url": "https://wiki.openstreetmap.org/wiki/Tag:telecom%3Ddata_center",
            "accessed_at": "2026-09-23",
            "note": "osm_id=29120456"
          }
        ]
      }
    },
    {
      "type": "Feature",
      "geometry": {
        "type": "Point",
        "coordinates": [
          -0.5880547,
          51.3238402
        ]
      },
      "properties": {
        "id": "dc_541",
        "name": "Digital Realty LGW14",
        "type": "data_center",
        "subtype": "colocation",
        "operator": "Digital Realty",
        "description_it": "Record da OpenStreetMap (tag data_center). Da validare con almeno una seconda fonte.",
        "country": "GB",
        "city": "Woking",
        "status": "unknown",
        "site_category": "infrastructure",
        "opened_year": null,
        "updated_at": "2026-09-23",
        "confidence": "low",
        "import_source": "osm_overpass",
        "external_id": "osm/way/34520874",
        "sources": [
          {
            "title": "OpenStreetMap / Overpass",
            "url": "https://wiki.openstreetmap.org/wiki/Tag:telecom%3Ddata_center",
            "accessed_at": "2026-09-23",
            "note": "osm_id=34520874"
          }
        ]
      }
    },
    {
      "type": "Feature",
      "geometry": {
        "type": "Point",
        "coordinates": [
          2.229094,
          48.6497485
        ]
      },
      "properties": {
        "id": "dc_542",
        "name": "Data4 Campus Paris Saclay",
        "type": "data_center",
        "subtype": "colocation",
        "operator": "Data4",
        "description_it": "Record da OpenStreetMap (tag data_center). Da validare con almeno una seconda fonte.",
        "country": "FR",
        "city": "n/d",
        "status": "unknown",
        "site_category": "infrastructure",
        "opened_year": null,
        "updated_at": "2026-09-23",
        "confidence": "low",
        "import_source": "osm_overpass",
        "external_id": "osm/way/42016630",
        "sources": [
          {
            "title": "OpenStreetMap / Overpass",
            "url": "https://wiki.openstreetmap.org/wiki/Tag:telecom%3Ddata_center",
            "accessed_at": "2026-09-23",
            "note": "osm_id=42016630"
          }
        ]
      }
    },
    {
      "type": "Feature",
      "geometry": {
        "type": "Point",
        "coordinates": [
          2.3503458,
          48.9271389
        ]
      },
      "properties": {
        "id": "dc_543",
        "name": "Equinix PA3",
        "type": "data_center",
        "subtype": "colocation",
        "operator": "Equinix",
        "description_it": "Record da OpenStreetMap (tag data_center). Da validare con almeno una seconda fonte.",
        "country": "FR",
        "city": "Saint-Denis",
        "status": "unknown",
        "site_category": "infrastructure",
        "opened_year": null,
        "updated_at": "2026-09-23",
        "confidence": "low",
        "import_source": "osm_overpass",
        "external_id": "osm/way/42742505",
        "sources": [
          {
            "title": "OpenStreetMap / Overpass",
            "url": "https://wiki.openstreetmap.org/wiki/Tag:telecom%3Ddata_center",
            "accessed_at": "2026-09-23",
            "note": "osm_id=42742505"
          }
        ]
      }
    },
    {
      "type": "Feature",
      "geometry": {
        "type": "Point",
        "coordinates": [
          -0.3963834,
          51.4666236
        ]
      },
      "properties": {
        "id": "dc_544",
        "name": "Morgan Stanley Data Centre",
        "type": "data_center",
        "subtype": "colocation",
        "operator": "Morgan Stanley",
        "description_it": "Record da OpenStreetMap (tag data_center). Da validare con almeno una seconda fonte.",
        "country": "GB",
        "city": "Hounslow",
        "status": "unknown",
        "site_category": "infrastructure",
        "opened_year": null,
        "updated_at": "2026-09-23",
        "confidence": "low",
        "import_source": "osm_overpass",
        "external_id": "osm/way/44610344",
        "sources": [
          {
            "title": "OpenStreetMap / Overpass",
            "url": "https://wiki.openstreetmap.org/wiki/Tag:telecom%3Ddata_center",
            "accessed_at": "2026-09-23",
            "note": "osm_id=44610344"
          }
        ]
      }
    },
    {
      "type": "Feature",
      "geometry": {
        "type": "Point",
        "coordinates": [
          -0.7083993,
          51.4996939
        ]
      },
      "properties": {
        "id": "dc_545",
        "name": "Pulsant Maidenhead",
        "type": "data_center",
        "subtype": "colocation",
        "operator": "Pulsant",
        "description_it": "Record da OpenStreetMap (tag data_center). Da validare con almeno una seconda fonte.",
        "country": "GB",
        "city": "Maidenhead",
        "status": "unknown",
        "site_category": "infrastructure",
        "opened_year": null,
        "updated_at": "2026-09-23",
        "confidence": "low",
        "import_source": "osm_overpass",
        "external_id": "osm/way/49602063",
        "sources": [
          {
            "title": "OpenStreetMap / Overpass",
            "url": "https://wiki.openstreetmap.org/wiki/Tag:telecom%3Ddata_center",
            "accessed_at": "2026-09-23",
            "note": "osm_id=49602063"
          }
        ]
      }
    },
    {
      "type": "Feature",
      "geometry": {
        "type": "Point",
        "coordinates": [
          5.715129,
          45.1684989
        ]
      },
      "properties": {
        "id": "dc_546",
        "name": "Green DataCenter Eolas",
        "type": "data_center",
        "subtype": "colocation",
        "operator": "Orange Business",
        "description_it": "Record da OpenStreetMap (tag data_center). Da validare con almeno una seconda fonte.",
        "country": "FR",
        "city": "Grenoble",
        "status": "unknown",
        "site_category": "infrastructure",
        "opened_year": null,
        "updated_at": "2026-09-23",
        "confidence": "low",
        "import_source": "osm_overpass",
        "external_id": "osm/way/50210667",
        "sources": [
          {
            "title": "OpenStreetMap / Overpass",
            "url": "https://wiki.openstreetmap.org/wiki/Tag:telecom%3Ddata_center",
            "accessed_at": "2026-09-23",
            "note": "osm_id=50210667"
          }
        ]
      }
    },
    {
      "type": "Feature",
      "geometry": {
        "type": "Point",
        "coordinates": [
          0.2700957,
          51.4811413
        ]
      },
      "properties": {
        "id": "dc_547",
        "name": "Fujitsu Data Centre",
        "type": "data_center",
        "subtype": "colocation",
        "operator": "Unknown",
        "description_it": "Record da OpenStreetMap (tag data_center). Da validare con almeno una seconda fonte.",
        "country": "GB",
        "city": "n/d",
        "status": "unknown",
        "site_category": "infrastructure",
        "opened_year": null,
        "updated_at": "2026-09-23",
        "confidence": "low",
        "import_source": "osm_overpass",
        "external_id": "osm/way/53045250",
        "sources": [
          {
            "title": "OpenStreetMap / Overpass",
            "url": "https://wiki.openstreetmap.org/wiki/Tag:telecom%3Ddata_center",
            "accessed_at": "2026-09-23",
            "note": "osm_id=53045250"
          }
        ]
      }
    },
    {
      "type": "Feature",
      "geometry": {
        "type": "Point",
        "coordinates": [
          -0.4799467,
          51.3475652
        ]
      },
      "properties": {
        "id": "dc_548",
        "name": "Redcentric Byfleet",
        "type": "data_center",
        "subtype": "colocation",
        "operator": "Redcentric",
        "description_it": "Record da OpenStreetMap (tag data_center). Da validare con almeno una seconda fonte.",
        "country": "GB",
        "city": "n/d",
        "status": "unknown",
        "site_category": "infrastructure",
        "opened_year": null,
        "updated_at": "2026-09-23",
        "confidence": "low",
        "import_source": "osm_overpass",
        "external_id": "osm/way/55873731",
        "sources": [
          {
            "title": "OpenStreetMap / Overpass",
            "url": "https://wiki.openstreetmap.org/wiki/Tag:telecom%3Ddata_center",
            "accessed_at": "2026-09-23",
            "note": "osm_id=55873731"
          }
        ]
      }
    },
    {
      "type": "Feature",
      "geometry": {
        "type": "Point",
        "coordinates": [
          4.8637212,
          45.7551007
        ]
      },
      "properties": {
        "id": "dc_549",
        "name": "Orange Lyon Lumière - Centrale",
        "type": "data_center",
        "subtype": "colocation",
        "operator": "Unknown",
        "description_it": "Record da OpenStreetMap (tag data_center). Da validare con almeno una seconda fonte.",
        "country": "FR",
        "city": "n/d",
        "status": "unknown",
        "site_category": "infrastructure",
        "opened_year": null,
        "updated_at": "2026-09-23",
        "confidence": "low",
        "import_source": "osm_overpass",
        "external_id": "osm/way/62340941",
        "sources": [
          {
            "title": "OpenStreetMap / Overpass",
            "url": "https://wiki.openstreetmap.org/wiki/Tag:telecom%3Ddata_center",
            "accessed_at": "2026-09-23",
            "note": "osm_id=62340941"
          }
        ]
      }
    },
    {
      "type": "Feature",
      "geometry": {
        "type": "Point",
        "coordinates": [
          2.4987462,
          48.6463362
        ]
      },
      "properties": {
        "id": "dc_550",
        "name": "Datacenter Société Generale",
        "type": "data_center",
        "subtype": "colocation",
        "operator": "Société Generale",
        "description_it": "Record da OpenStreetMap (tag data_center). Da validare con almeno una seconda fonte.",
        "country": "FR",
        "city": "n/d",
        "status": "unknown",
        "site_category": "infrastructure",
        "opened_year": null,
        "updated_at": "2026-09-23",
        "confidence": "low",
        "import_source": "osm_overpass",
        "external_id": "osm/way/62777045",
        "sources": [
          {
            "title": "OpenStreetMap / Overpass",
            "url": "https://wiki.openstreetmap.org/wiki/Tag:telecom%3Ddata_center",
            "accessed_at": "2026-09-23",
            "note": "osm_id=62777045"
          }
        ]
      }
    },
    {
      "type": "Feature",
      "geometry": {
        "type": "Point",
        "coordinates": [
          3.134739,
          45.7566364
        ]
      },
      "properties": {
        "id": "dc_551",
        "name": "O2Switch DC2",
        "type": "data_center",
        "subtype": "colocation",
        "operator": "O2Switch",
        "description_it": "Record da OpenStreetMap (tag data_center). Da validare con almeno una seconda fonte.",
        "country": "FR",
        "city": "n/d",
        "status": "unknown",
        "site_category": "infrastructure",
        "opened_year": null,
        "updated_at": "2026-09-23",
        "confidence": "low",
        "import_source": "osm_overpass",
        "external_id": "osm/way/62840519",
        "sources": [
          {
            "title": "OpenStreetMap / Overpass",
            "url": "https://wiki.openstreetmap.org/wiki/Tag:telecom%3Ddata_center",
            "accessed_at": "2026-09-23",
            "note": "osm_id=62840519"
          }
        ]
      }
    },
    {
      "type": "Feature",
      "geometry": {
        "type": "Point",
        "coordinates": [
          4.40043,
          45.4406149
        ]
      },
      "properties": {
        "id": "dc_552",
        "name": "Datacenter Groupe Casino",
        "type": "data_center",
        "subtype": "colocation",
        "operator": "Groupe Casino",
        "description_it": "Record da OpenStreetMap (tag data_center). Da validare con almeno una seconda fonte.",
        "country": "FR",
        "city": "n/d",
        "status": "unknown",
        "site_category": "infrastructure",
        "opened_year": null,
        "updated_at": "2026-09-23",
        "confidence": "low",
        "import_source": "osm_overpass",
        "external_id": "osm/way/63259490",
        "sources": [
          {
            "title": "OpenStreetMap / Overpass",
            "url": "https://wiki.openstreetmap.org/wiki/Tag:telecom%3Ddata_center",
            "accessed_at": "2026-09-23",
            "note": "osm_id=63259490"
          }
        ]
      }
    },
    {
      "type": "Feature",
      "geometry": {
        "type": "Point",
        "coordinates": [
          2.3623904,
          48.9147278
        ]
      },
      "properties": {
        "id": "dc_553",
        "name": "Interxion PAR3",
        "type": "data_center",
        "subtype": "colocation",
        "operator": "Digital Realty",
        "description_it": "Record da OpenStreetMap (tag data_center). Da validare con almeno una seconda fonte.",
        "country": "FR",
        "city": "Saint-Denis",
        "status": "unknown",
        "site_category": "infrastructure",
        "opened_year": null,
        "updated_at": "2026-09-23",
        "confidence": "low",
        "import_source": "osm_overpass",
        "external_id": "osm/way/63979423",
        "sources": [
          {
            "title": "OpenStreetMap / Overpass",
            "url": "https://wiki.openstreetmap.org/wiki/Tag:telecom%3Ddata_center",
            "accessed_at": "2026-09-23",
            "note": "osm_id=63979423"
          }
        ]
      }
    },
    {
      "type": "Feature",
      "geometry": {
        "type": "Point",
        "coordinates": [
          -0.9414155,
          51.4569277
        ]
      },
      "properties": {
        "id": "dc_554",
        "name": "Pulsant Reading East",
        "type": "data_center",
        "subtype": "colocation",
        "operator": "Pulsant",
        "description_it": "Record da OpenStreetMap (tag data_center). Da validare con almeno una seconda fonte.",
        "country": "GB",
        "city": "Reading",
        "status": "unknown",
        "site_category": "infrastructure",
        "opened_year": null,
        "updated_at": "2026-09-23",
        "confidence": "low",
        "import_source": "osm_overpass",
        "external_id": "osm/way/63983065",
        "sources": [
          {
            "title": "OpenStreetMap / Overpass",
            "url": "https://wiki.openstreetmap.org/wiki/Tag:telecom%3Ddata_center",
            "accessed_at": "2026-09-23",
            "note": "osm_id=63983065"
          }
        ]
      }
    },
    {
      "type": "Feature",
      "geometry": {
        "type": "Point",
        "coordinates": [
          2.8040269,
          48.8447261
        ]
      },
      "properties": {
        "id": "dc_555",
        "name": "Datacenter Vega",
        "type": "data_center",
        "subtype": "colocation",
        "operator": "Natixis",
        "description_it": "Record da OpenStreetMap (tag data_center). Da validare con almeno una seconda fonte.",
        "country": "FR",
        "city": "n/d",
        "status": "unknown",
        "site_category": "infrastructure",
        "opened_year": null,
        "updated_at": "2026-09-23",
        "confidence": "low",
        "import_source": "osm_overpass",
        "external_id": "osm/way/63996094",
        "sources": [
          {
            "title": "OpenStreetMap / Overpass",
            "url": "https://wiki.openstreetmap.org/wiki/Tag:telecom%3Ddata_center",
            "accessed_at": "2026-09-23",
            "note": "osm_id=63996094"
          }
        ]
      }
    },
    {
      "type": "Feature",
      "geometry": {
        "type": "Point",
        "coordinates": [
          1.4871657,
          43.62534
        ]
      },
      "properties": {
        "id": "dc_556",
        "name": "ETIX Toulouse #1",
        "type": "data_center",
        "subtype": "colocation",
        "operator": "ETIX",
        "description_it": "Record da OpenStreetMap (tag data_center). Da validare con almeno una seconda fonte.",
        "country": "FR",
        "city": "n/d",
        "status": "unknown",
        "site_category": "infrastructure",
        "opened_year": null,
        "updated_at": "2026-09-23",
        "confidence": "low",
        "import_source": "osm_overpass",
        "external_id": "osm/way/64108260",
        "sources": [
          {
            "title": "OpenStreetMap / Overpass",
            "url": "https://wiki.openstreetmap.org/wiki/Tag:telecom%3Ddata_center",
            "accessed_at": "2026-09-23",
            "note": "osm_id=64108260"
          }
        ]
      }
    },
    {
      "type": "Feature",
      "geometry": {
        "type": "Point",
        "coordinates": [
          1.0759676,
          49.4290725
        ]
      },
      "properties": {
        "id": "dc_557",
        "name": "Cogent Rouen",
        "type": "data_center",
        "subtype": "colocation",
        "operator": "Cogent",
        "description_it": "Record da OpenStreetMap (tag data_center). Da validare con almeno una seconda fonte.",
        "country": "FR",
        "city": "n/d",
        "status": "unknown",
        "site_category": "infrastructure",
        "opened_year": null,
        "updated_at": "2026-09-23",
        "confidence": "low",
        "import_source": "osm_overpass",
        "external_id": "osm/way/65043676",
        "sources": [
          {
            "title": "OpenStreetMap / Overpass",
            "url": "https://wiki.openstreetmap.org/wiki/Tag:telecom%3Ddata_center",
            "accessed_at": "2026-09-23",
            "note": "osm_id=65043676"
          }
        ]
      }
    },
    {
      "type": "Feature",
      "geometry": {
        "type": "Point",
        "coordinates": [
          0.2284721,
          47.9967758
        ]
      },
      "properties": {
        "id": "dc_558",
        "name": "Sartera",
        "type": "data_center",
        "subtype": "colocation",
        "operator": "Sartel",
        "description_it": "Record da OpenStreetMap (tag data_center). Da validare con almeno una seconda fonte.",
        "country": "FR",
        "city": "n/d",
        "status": "unknown",
        "site_category": "infrastructure",
        "opened_year": null,
        "updated_at": "2026-09-23",
        "confidence": "low",
        "import_source": "osm_overpass",
        "external_id": "osm/way/65551099",
        "sources": [
          {
            "title": "OpenStreetMap / Overpass",
            "url": "https://wiki.openstreetmap.org/wiki/Tag:telecom%3Ddata_center",
            "accessed_at": "2026-09-23",
            "note": "osm_id=65551099"
          }
        ]
      }
    },
    {
      "type": "Feature",
      "geometry": {
        "type": "Point",
        "coordinates": [
          3.130834,
          45.7841014
        ]
      },
      "properties": {
        "id": "dc_559",
        "name": "Datacenter IBO",
        "type": "data_center",
        "subtype": "colocation",
        "operator": "IBO",
        "description_it": "Record da OpenStreetMap (tag data_center). Da validare con almeno una seconda fonte.",
        "country": "FR",
        "city": "n/d",
        "status": "unknown",
        "site_category": "infrastructure",
        "opened_year": null,
        "updated_at": "2026-09-23",
        "confidence": "low",
        "import_source": "osm_overpass",
        "external_id": "osm/way/66670655",
        "sources": [
          {
            "title": "OpenStreetMap / Overpass",
            "url": "https://wiki.openstreetmap.org/wiki/Tag:telecom%3Ddata_center",
            "accessed_at": "2026-09-23",
            "note": "osm_id=66670655"
          }
        ]
      }
    },
    {
      "type": "Feature",
      "geometry": {
        "type": "Point",
        "coordinates": [
          3.1423865,
          45.8077191
        ]
      },
      "properties": {
        "id": "dc_560",
        "name": "Datacenter IBM",
        "type": "data_center",
        "subtype": "colocation",
        "operator": "IBM",
        "description_it": "Record da OpenStreetMap (tag data_center). Da validare con almeno una seconda fonte.",
        "country": "FR",
        "city": "n/d",
        "status": "unknown",
        "site_category": "infrastructure",
        "opened_year": null,
        "updated_at": "2026-09-23",
        "confidence": "low",
        "import_source": "osm_overpass",
        "external_id": "osm/way/66911687",
        "sources": [
          {
            "title": "OpenStreetMap / Overpass",
            "url": "https://wiki.openstreetmap.org/wiki/Tag:telecom%3Ddata_center",
            "accessed_at": "2026-09-23",
            "note": "osm_id=66911687"
          }
        ]
      }
    },
    {
      "type": "Feature",
      "geometry": {
        "type": "Point",
        "coordinates": [
          1.5097259,
          43.5426719
        ]
      },
      "properties": {
        "id": "dc_561",
        "name": "Hôtel des Telecoms",
        "type": "data_center",
        "subtype": "colocation",
        "operator": "Unknown",
        "description_it": "Record da OpenStreetMap (tag data_center). Da validare con almeno una seconda fonte.",
        "country": "FR",
        "city": "Labège",
        "status": "unknown",
        "site_category": "infrastructure",
        "opened_year": null,
        "updated_at": "2026-09-23",
        "confidence": "low",
        "import_source": "osm_overpass",
        "external_id": "osm/way/67893730",
        "sources": [
          {
            "title": "OpenStreetMap / Overpass",
            "url": "https://wiki.openstreetmap.org/wiki/Tag:telecom%3Ddata_center",
            "accessed_at": "2026-09-23",
            "note": "osm_id=67893730"
          }
        ]
      }
    },
    {
      "type": "Feature",
      "geometry": {
        "type": "Point",
        "coordinates": [
          0.7261747,
          51.3138388
        ]
      },
      "properties": {
        "id": "dc_562",
        "name": "Sota Datacentre",
        "type": "data_center",
        "subtype": "colocation",
        "operator": "Sota",
        "description_it": "Record da OpenStreetMap (tag data_center). Da validare con almeno una seconda fonte.",
        "country": "GB",
        "city": "n/d",
        "status": "unknown",
        "site_category": "infrastructure",
        "opened_year": null,
        "updated_at": "2026-09-23",
        "confidence": "low",
        "import_source": "osm_overpass",
        "external_id": "osm/way/68167898",
        "sources": [
          {
            "title": "OpenStreetMap / Overpass",
            "url": "https://wiki.openstreetmap.org/wiki/Tag:telecom%3Ddata_center",
            "accessed_at": "2026-09-23",
            "note": "osm_id=68167898"
          }
        ]
      }
    },
    {
      "type": "Feature",
      "geometry": {
        "type": "Point",
        "coordinates": [
          5.3772238,
          43.3029274
        ]
      },
      "properties": {
        "id": "dc_563",
        "name": "Marseille Nedelec",
        "type": "data_center",
        "subtype": "colocation",
        "operator": "Orange",
        "description_it": "Record da OpenStreetMap (tag data_center). Da validare con almeno una seconda fonte.",
        "country": "FR",
        "city": "n/d",
        "status": "unknown",
        "site_category": "infrastructure",
        "opened_year": null,
        "updated_at": "2026-09-23",
        "confidence": "low",
        "import_source": "osm_overpass",
        "external_id": "osm/way/68937644",
        "sources": [
          {
            "title": "OpenStreetMap / Overpass",
            "url": "https://wiki.openstreetmap.org/wiki/Tag:telecom%3Ddata_center",
            "accessed_at": "2026-09-23",
            "note": "osm_id=68937644"
          }
        ]
      }
    },
    {
      "type": "Feature",
      "geometry": {
        "type": "Point",
        "coordinates": [
          0.6954178,
          47.4360229
        ]
      },
      "properties": {
        "id": "dc_564",
        "name": "Groupe ADISTA",
        "type": "data_center",
        "subtype": "colocation",
        "operator": "ADISTA",
        "description_it": "Record da OpenStreetMap (tag data_center). Da validare con almeno una seconda fonte.",
        "country": "FR",
        "city": "Tours",
        "status": "unknown",
        "site_category": "infrastructure",
        "opened_year": null,
        "updated_at": "2026-09-23",
        "confidence": "low",
        "import_source": "osm_overpass",
        "external_id": "osm/way/69382833",
        "sources": [
          {
            "title": "OpenStreetMap / Overpass",
            "url": "https://wiki.openstreetmap.org/wiki/Tag:telecom%3Ddata_center",
            "accessed_at": "2026-09-23",
            "note": "osm_id=69382833"
          }
        ]
      }
    },
    {
      "type": "Feature",
      "geometry": {
        "type": "Point",
        "coordinates": [
          2.2275675,
          48.7692067
        ]
      },
      "properties": {
        "id": "dc_565",
        "name": "Datacenter Bouygues Télécom",
        "type": "data_center",
        "subtype": "colocation",
        "operator": "Bouygues Télécom",
        "description_it": "Record da OpenStreetMap (tag data_center). Da validare con almeno una seconda fonte.",
        "country": "FR",
        "city": "n/d",
        "status": "unknown",
        "site_category": "infrastructure",
        "opened_year": null,
        "updated_at": "2026-09-23",
        "confidence": "low",
        "import_source": "osm_overpass",
        "external_id": "osm/way/70456520",
        "sources": [
          {
            "title": "OpenStreetMap / Overpass",
            "url": "https://wiki.openstreetmap.org/wiki/Tag:telecom%3Ddata_center",
            "accessed_at": "2026-09-23",
            "note": "osm_id=70456520"
          }
        ]
      }
    },
    {
      "type": "Feature",
      "geometry": {
        "type": "Point",
        "coordinates": [
          -0.9716398,
          51.4256273
        ]
      },
      "properties": {
        "id": "dc_566",
        "name": "Asanti - Reading",
        "type": "data_center",
        "subtype": "colocation",
        "operator": "Asanti",
        "description_it": "Record da OpenStreetMap (tag data_center). Da validare con almeno una seconda fonte.",
        "country": "GB",
        "city": "Reading",
        "status": "unknown",
        "site_category": "infrastructure",
        "opened_year": null,
        "updated_at": "2026-09-23",
        "confidence": "low",
        "import_source": "osm_overpass",
        "external_id": "osm/way/70521778",
        "sources": [
          {
            "title": "OpenStreetMap / Overpass",
            "url": "https://wiki.openstreetmap.org/wiki/Tag:telecom%3Ddata_center",
            "accessed_at": "2026-09-23",
            "note": "osm_id=70521778"
          }
        ]
      }
    },
    {
      "type": "Feature",
      "geometry": {
        "type": "Point",
        "coordinates": [
          2.3946325,
          48.9093178
        ]
      },
      "properties": {
        "id": "dc_567",
        "name": "Orange - Aubervilliers",
        "type": "data_center",
        "subtype": "colocation",
        "operator": "Orange",
        "description_it": "Record da OpenStreetMap (tag data_center). Da validare con almeno una seconda fonte.",
        "country": "FR",
        "city": "n/d",
        "status": "unknown",
        "site_category": "infrastructure",
        "opened_year": null,
        "updated_at": "2026-09-23",
        "confidence": "low",
        "import_source": "osm_overpass",
        "external_id": "osm/way/72995274",
        "sources": [
          {
            "title": "OpenStreetMap / Overpass",
            "url": "https://wiki.openstreetmap.org/wiki/Tag:telecom%3Ddata_center",
            "accessed_at": "2026-09-23",
            "note": "osm_id=72995274"
          }
        ]
      }
    },
    {
      "type": "Feature",
      "geometry": {
        "type": "Point",
        "coordinates": [
          2.3695394,
          48.9072064
        ]
      },
      "properties": {
        "id": "dc_568",
        "name": "Interxion PAR2 - Bâtiment 501",
        "type": "data_center",
        "subtype": "colocation",
        "operator": "Digital Realty",
        "description_it": "Record da OpenStreetMap (tag data_center). Da validare con almeno una seconda fonte.",
        "country": "FR",
        "city": "Aubervilliers",
        "status": "unknown",
        "site_category": "infrastructure",
        "opened_year": null,
        "updated_at": "2026-09-23",
        "confidence": "low",
        "import_source": "osm_overpass",
        "external_id": "osm/way/73005728",
        "sources": [
          {
            "title": "OpenStreetMap / Overpass",
            "url": "https://wiki.openstreetmap.org/wiki/Tag:telecom%3Ddata_center",
            "accessed_at": "2026-09-23",
            "note": "osm_id=73005728"
          }
        ]
      }
    },
    {
      "type": "Feature",
      "geometry": {
        "type": "Point",
        "coordinates": [
          2.4220276,
          48.9003282
        ]
      },
      "properties": {
        "id": "dc_569",
        "name": "Equinix PA4",
        "type": "data_center",
        "subtype": "colocation",
        "operator": "Equinix",
        "description_it": "Record da OpenStreetMap (tag data_center). Da validare con almeno una seconda fonte.",
        "country": "FR",
        "city": "Pantin",
        "status": "unknown",
        "site_category": "infrastructure",
        "opened_year": null,
        "updated_at": "2026-09-23",
        "confidence": "low",
        "import_source": "osm_overpass",
        "external_id": "osm/way/73120395",
        "sources": [
          {
            "title": "OpenStreetMap / Overpass",
            "url": "https://wiki.openstreetmap.org/wiki/Tag:telecom%3Ddata_center",
            "accessed_at": "2026-09-23",
            "note": "osm_id=73120395"
          }
        ]
      }
    },
    {
      "type": "Feature",
      "geometry": {
        "type": "Point",
        "coordinates": [
          1.1775346,
          49.2531731
        ]
      },
      "properties": {
        "id": "dc_570",
        "name": "SFR",
        "type": "data_center",
        "subtype": "colocation",
        "operator": "SFR",
        "description_it": "Record da OpenStreetMap (tag data_center). Da validare con almeno una seconda fonte.",
        "country": "FR",
        "city": "n/d",
        "status": "unknown",
        "site_category": "infrastructure",
        "opened_year": null,
        "updated_at": "2026-09-23",
        "confidence": "low",
        "import_source": "osm_overpass",
        "external_id": "osm/way/73131890",
        "sources": [
          {
            "title": "OpenStreetMap / Overpass",
            "url": "https://wiki.openstreetmap.org/wiki/Tag:telecom%3Ddata_center",
            "accessed_at": "2026-09-23",
            "note": "osm_id=73131890"
          }
        ]
      }
    },
    {
      "type": "Feature",
      "geometry": {
        "type": "Point",
        "coordinates": [
          1.2215421,
          49.2652221
        ]
      },
      "properties": {
        "id": "dc_571",
        "name": "Datacenter BNP",
        "type": "data_center",
        "subtype": "colocation",
        "operator": "BNP Paribas",
        "description_it": "Record da OpenStreetMap (tag data_center). Da validare con almeno una seconda fonte.",
        "country": "FR",
        "city": "n/d",
        "status": "unknown",
        "site_category": "infrastructure",
        "opened_year": null,
        "updated_at": "2026-09-23",
        "confidence": "low",
        "import_source": "osm_overpass",
        "external_id": "osm/way/73137489",
        "sources": [
          {
            "title": "OpenStreetMap / Overpass",
            "url": "https://wiki.openstreetmap.org/wiki/Tag:telecom%3Ddata_center",
            "accessed_at": "2026-09-23",
            "note": "osm_id=73137489"
          }
        ]
      }
    },
    {
      "type": "Feature",
      "geometry": {
        "type": "Point",
        "coordinates": [
          2.2953218,
          48.9001851
        ]
      },
      "properties": {
        "id": "dc_572",
        "name": "Global Switch",
        "type": "data_center",
        "subtype": "colocation",
        "operator": "Global Switch",
        "description_it": "Record da OpenStreetMap (tag data_center). Da validare con almeno una seconda fonte.",
        "country": "FR",
        "city": "n/d",
        "status": "unknown",
        "site_category": "infrastructure",
        "opened_year": null,
        "updated_at": "2026-09-23",
        "confidence": "low",
        "import_source": "osm_overpass",
        "external_id": "osm/way/74475616",
        "sources": [
          {
            "title": "OpenStreetMap / Overpass",
            "url": "https://wiki.openstreetmap.org/wiki/Tag:telecom%3Ddata_center",
            "accessed_at": "2026-09-23",
            "note": "osm_id=74475616"
          }
        ]
      }
    },
    {
      "type": "Feature",
      "geometry": {
        "type": "Point",
        "coordinates": [
          1.3704818,
          43.5934221
        ]
      },
      "properties": {
        "id": "dc_573",
        "name": "Oscar",
        "type": "data_center",
        "subtype": "colocation",
        "operator": "Air France",
        "description_it": "Record da OpenStreetMap (tag data_center). Da validare con almeno una seconda fonte.",
        "country": "FR",
        "city": "n/d",
        "status": "unknown",
        "site_category": "infrastructure",
        "opened_year": null,
        "updated_at": "2026-09-23",
        "confidence": "low",
        "import_source": "osm_overpass",
        "external_id": "osm/way/74704589",
        "sources": [
          {
            "title": "OpenStreetMap / Overpass",
            "url": "https://wiki.openstreetmap.org/wiki/Tag:telecom%3Ddata_center",
            "accessed_at": "2026-09-23",
            "note": "osm_id=74704589"
          }
        ]
      }
    },
    {
      "type": "Feature",
      "geometry": {
        "type": "Point",
        "coordinates": [
          3.8719564,
          43.5846617
        ]
      },
      "properties": {
        "id": "dc_574",
        "name": "Zayo Montpellier",
        "type": "data_center",
        "subtype": "colocation",
        "operator": "Zayo",
        "description_it": "Record da OpenStreetMap (tag data_center). Da validare con almeno una seconda fonte.",
        "country": "FR",
        "city": "n/d",
        "status": "unknown",
        "site_category": "infrastructure",
        "opened_year": null,
        "updated_at": "2026-09-23",
        "confidence": "low",
        "import_source": "osm_overpass",
        "external_id": "osm/way/75757106",
        "sources": [
          {
            "title": "OpenStreetMap / Overpass",
            "url": "https://wiki.openstreetmap.org/wiki/Tag:telecom%3Ddata_center",
            "accessed_at": "2026-09-23",
            "note": "osm_id=75757106"
          }
        ]
      }
    },
    {
      "type": "Feature",
      "geometry": {
        "type": "Point",
        "coordinates": [
          3.8626536,
          43.6009149
        ]
      },
      "properties": {
        "id": "dc_575",
        "name": "Cogent Montpellier",
        "type": "data_center",
        "subtype": "colocation",
        "operator": "Cogent",
        "description_it": "Record da OpenStreetMap (tag data_center). Da validare con almeno una seconda fonte.",
        "country": "FR",
        "city": "n/d",
        "status": "unknown",
        "site_category": "infrastructure",
        "opened_year": null,
        "updated_at": "2026-09-23",
        "confidence": "low",
        "import_source": "osm_overpass",
        "external_id": "osm/way/75759038",
        "sources": [
          {
            "title": "OpenStreetMap / Overpass",
            "url": "https://wiki.openstreetmap.org/wiki/Tag:telecom%3Ddata_center",
            "accessed_at": "2026-09-23",
            "note": "osm_id=75759038"
          }
        ]
      }
    },
    {
      "type": "Feature",
      "geometry": {
        "type": "Point",
        "coordinates": [
          1.4225543,
          43.6203283
        ]
      },
      "properties": {
        "id": "dc_576",
        "name": "Cogent Toulouse",
        "type": "data_center",
        "subtype": "colocation",
        "operator": "Cogent",
        "description_it": "Record da OpenStreetMap (tag data_center). Da validare con almeno una seconda fonte.",
        "country": "FR",
        "city": "n/d",
        "status": "unknown",
        "site_category": "infrastructure",
        "opened_year": null,
        "updated_at": "2026-09-23",
        "confidence": "low",
        "import_source": "osm_overpass",
        "external_id": "osm/way/76296417",
        "sources": [
          {
            "title": "OpenStreetMap / Overpass",
            "url": "https://wiki.openstreetmap.org/wiki/Tag:telecom%3Ddata_center",
            "accessed_at": "2026-09-23",
            "note": "osm_id=76296417"
          }
        ]
      }
    },
    {
      "type": "Feature",
      "geometry": {
        "type": "Point",
        "coordinates": [
          2.2236652,
          48.9253839
        ]
      },
      "properties": {
        "id": "dc_577",
        "name": "OPCORE DC1",
        "type": "data_center",
        "subtype": "colocation",
        "operator": "OPCORE",
        "description_it": "Record da OpenStreetMap (tag data_center). Da validare con almeno una seconda fonte.",
        "country": "FR",
        "city": "n/d",
        "status": "unknown",
        "site_category": "infrastructure",
        "opened_year": null,
        "updated_at": "2026-09-23",
        "confidence": "low",
        "import_source": "osm_overpass",
        "external_id": "osm/way/76727775",
        "sources": [
          {
            "title": "OpenStreetMap / Overpass",
            "url": "https://wiki.openstreetmap.org/wiki/Tag:telecom%3Ddata_center",
            "accessed_at": "2026-09-23",
            "note": "osm_id=76727775"
          }
        ]
      }
    },
    {
      "type": "Feature",
      "geometry": {
        "type": "Point",
        "coordinates": [
          2.1971672,
          48.6747455
        ]
      },
      "properties": {
        "id": "dc_578",
        "name": "Colt Paris 3",
        "type": "data_center",
        "subtype": "colocation",
        "operator": "Colt",
        "description_it": "Record da OpenStreetMap (tag data_center). Da validare con almeno una seconda fonte.",
        "country": "FR",
        "city": "Les Ulis",
        "status": "unknown",
        "site_category": "infrastructure",
        "opened_year": null,
        "updated_at": "2026-09-23",
        "confidence": "low",
        "import_source": "osm_overpass",
        "external_id": "osm/way/79145624",
        "sources": [
          {
            "title": "OpenStreetMap / Overpass",
            "url": "https://wiki.openstreetmap.org/wiki/Tag:telecom%3Ddata_center",
            "accessed_at": "2026-09-23",
            "note": "osm_id=79145624"
          }
        ]
      }
    },
    {
      "type": "Feature",
      "geometry": {
        "type": "Point",
        "coordinates": [
          2.3072694,
          48.8351057
        ]
      },
      "properties": {
        "id": "dc_579",
        "name": "Paris St Amand",
        "type": "data_center",
        "subtype": "colocation",
        "operator": "Orange",
        "description_it": "Record da OpenStreetMap (tag data_center). Da validare con almeno una seconda fonte.",
        "country": "FR",
        "city": "n/d",
        "status": "unknown",
        "site_category": "infrastructure",
        "opened_year": null,
        "updated_at": "2026-09-23",
        "confidence": "low",
        "import_source": "osm_overpass",
        "external_id": "osm/way/80158243",
        "sources": [
          {
            "title": "OpenStreetMap / Overpass",
            "url": "https://wiki.openstreetmap.org/wiki/Tag:telecom%3Ddata_center",
            "accessed_at": "2026-09-23",
            "note": "osm_id=80158243"
          }
        ]
      }
    },
    {
      "type": "Feature",
      "geometry": {
        "type": "Point",
        "coordinates": [
          4.8629132,
          45.7224074
        ]
      },
      "properties": {
        "id": "dc_580",
        "name": "SFR Netcenter Vénissieux",
        "type": "data_center",
        "subtype": "colocation",
        "operator": "SFR",
        "description_it": "Record da OpenStreetMap (tag data_center). Da validare con almeno una seconda fonte.",
        "country": "FR",
        "city": "n/d",
        "status": "unknown",
        "site_category": "infrastructure",
        "opened_year": null,
        "updated_at": "2026-09-23",
        "confidence": "low",
        "import_source": "osm_overpass",
        "external_id": "osm/way/80469752",
        "sources": [
          {
            "title": "OpenStreetMap / Overpass",
            "url": "https://wiki.openstreetmap.org/wiki/Tag:telecom%3Ddata_center",
            "accessed_at": "2026-09-23",
            "note": "osm_id=80469752"
          }
        ]
      }
    },
    {
      "type": "Feature",
      "geometry": {
        "type": "Point",
        "coordinates": [
          6.0981561,
          46.2079423
        ]
      },
      "properties": {
        "id": "dc_581",
        "name": "Equinix GV2",
        "type": "data_center",
        "subtype": "colocation",
        "operator": "Equinix",
        "description_it": "Record da OpenStreetMap (tag data_center). Da validare con almeno una seconda fonte.",
        "country": "FR",
        "city": "Le Lignon",
        "status": "unknown",
        "site_category": "infrastructure",
        "opened_year": null,
        "updated_at": "2026-09-23",
        "confidence": "low",
        "import_source": "osm_overpass",
        "external_id": "osm/way/81307623",
        "sources": [
          {
            "title": "OpenStreetMap / Overpass",
            "url": "https://wiki.openstreetmap.org/wiki/Tag:telecom%3Ddata_center",
            "accessed_at": "2026-09-23",
            "note": "osm_id=81307623"
          }
        ]
      }
    },
    {
      "type": "Feature",
      "geometry": {
        "type": "Point",
        "coordinates": [
          2.4161651,
          48.8633885
        ]
      },
      "properties": {
        "id": "dc_582",
        "name": "Orange Eastview",
        "type": "data_center",
        "subtype": "colocation",
        "operator": "Unknown",
        "description_it": "Record da OpenStreetMap (tag data_center). Da validare con almeno una seconda fonte.",
        "country": "FR",
        "city": "Bagnolet",
        "status": "unknown",
        "site_category": "infrastructure",
        "opened_year": null,
        "updated_at": "2026-09-23",
        "confidence": "low",
        "import_source": "osm_overpass",
        "external_id": "osm/way/81617496",
        "sources": [
          {
            "title": "OpenStreetMap / Overpass",
            "url": "https://wiki.openstreetmap.org/wiki/Tag:telecom%3Ddata_center",
            "accessed_at": "2026-09-23",
            "note": "osm_id=81617496"
          }
        ]
      }
    },
    {
      "type": "Feature",
      "geometry": {
        "type": "Point",
        "coordinates": [
          -1.6135436,
          48.1098955
        ]
      },
      "properties": {
        "id": "dc_583",
        "name": "SFR Netcenter Rennes",
        "type": "data_center",
        "subtype": "colocation",
        "operator": "SFR",
        "description_it": "Record da OpenStreetMap (tag data_center). Da validare con almeno una seconda fonte.",
        "country": "FR",
        "city": "n/d",
        "status": "unknown",
        "site_category": "infrastructure",
        "opened_year": null,
        "updated_at": "2026-09-23",
        "confidence": "low",
        "import_source": "osm_overpass",
        "external_id": "osm/way/81784724",
        "sources": [
          {
            "title": "OpenStreetMap / Overpass",
            "url": "https://wiki.openstreetmap.org/wiki/Tag:telecom%3Ddata_center",
            "accessed_at": "2026-09-23",
            "note": "osm_id=81784724"
          }
        ]
      }
    },
    {
      "type": "Feature",
      "geometry": {
        "type": "Point",
        "coordinates": [
          3.8298901,
          43.6426889
        ]
      },
      "properties": {
        "id": "dc_584",
        "name": "Datacenter IBM - Grabels",
        "type": "data_center",
        "subtype": "colocation",
        "operator": "IBM",
        "description_it": "Record da OpenStreetMap (tag data_center). Da validare con almeno una seconda fonte.",
        "country": "FR",
        "city": "n/d",
        "status": "unknown",
        "site_category": "infrastructure",
        "opened_year": null,
        "updated_at": "2026-09-23",
        "confidence": "low",
        "import_source": "osm_overpass",
        "external_id": "osm/way/82894448",
        "sources": [
          {
            "title": "OpenStreetMap / Overpass",
            "url": "https://wiki.openstreetmap.org/wiki/Tag:telecom%3Ddata_center",
            "accessed_at": "2026-09-23",
            "note": "osm_id=82894448"
          }
        ]
      }
    },
    {
      "type": "Feature",
      "geometry": {
        "type": "Point",
        "coordinates": [
          -1.4039496,
          48.1006669
        ]
      },
      "properties": {
        "id": "dc_585",
        "name": "BT Blue",
        "type": "data_center",
        "subtype": "colocation",
        "operator": "Unknown",
        "description_it": "Record da OpenStreetMap (tag data_center). Da validare con almeno una seconda fonte.",
        "country": "FR",
        "city": "n/d",
        "status": "unknown",
        "site_category": "infrastructure",
        "opened_year": null,
        "updated_at": "2026-09-23",
        "confidence": "low",
        "import_source": "osm_overpass",
        "external_id": "osm/way/82943291",
        "sources": [
          {
            "title": "OpenStreetMap / Overpass",
            "url": "https://wiki.openstreetmap.org/wiki/Tag:telecom%3Ddata_center",
            "accessed_at": "2026-09-23",
            "note": "osm_id=82943291"
          }
        ]
      }
    },
    {
      "type": "Feature",
      "geometry": {
        "type": "Point",
        "coordinates": [
          2.2678891,
          43.5647858
        ]
      },
      "properties": {
        "id": "dc_586",
        "name": "Albiréo",
        "type": "data_center",
        "subtype": "colocation",
        "operator": "Albiant IT",
        "description_it": "Record da OpenStreetMap (tag data_center). Da validare con almeno una seconda fonte.",
        "country": "FR",
        "city": "n/d",
        "status": "unknown",
        "site_category": "infrastructure",
        "opened_year": null,
        "updated_at": "2026-09-23",
        "confidence": "low",
        "import_source": "osm_overpass",
        "external_id": "osm/way/83087845",
        "sources": [
          {
            "title": "OpenStreetMap / Overpass",
            "url": "https://wiki.openstreetmap.org/wiki/Tag:telecom%3Ddata_center",
            "accessed_at": "2026-09-23",
            "note": "osm_id=83087845"
          }
        ]
      }
    },
    {
      "type": "Feature",
      "geometry": {
        "type": "Point",
        "coordinates": [
          2.3028633,
          48.8158501
        ]
      },
      "properties": {
        "id": "dc_587",
        "name": "Datacenter Colt",
        "type": "data_center",
        "subtype": "colocation",
        "operator": "Colt",
        "description_it": "Record da OpenStreetMap (tag data_center). Da validare con almeno una seconda fonte.",
        "country": "FR",
        "city": "n/d",
        "status": "unknown",
        "site_category": "infrastructure",
        "opened_year": null,
        "updated_at": "2026-09-23",
        "confidence": "low",
        "import_source": "osm_overpass",
        "external_id": "osm/way/83795984",
        "sources": [
          {
            "title": "OpenStreetMap / Overpass",
            "url": "https://wiki.openstreetmap.org/wiki/Tag:telecom%3Ddata_center",
            "accessed_at": "2026-09-23",
            "note": "osm_id=83795984"
          }
        ]
      }
    },
    {
      "type": "Feature",
      "geometry": {
        "type": "Point",
        "coordinates": [
          -1.6676156,
          47.2381247
        ]
      },
      "properties": {
        "id": "dc_588",
        "name": "ETIX Nantes #3",
        "type": "data_center",
        "subtype": "colocation",
        "operator": "ETIX",
        "description_it": "Record da OpenStreetMap (tag data_center). Da validare con almeno una seconda fonte.",
        "country": "FR",
        "city": "n/d",
        "status": "unknown",
        "site_category": "infrastructure",
        "opened_year": null,
        "updated_at": "2026-09-23",
        "confidence": "low",
        "import_source": "osm_overpass",
        "external_id": "osm/way/84917665",
        "sources": [
          {
            "title": "OpenStreetMap / Overpass",
            "url": "https://wiki.openstreetmap.org/wiki/Tag:telecom%3Ddata_center",
            "accessed_at": "2026-09-23",
            "note": "osm_id=84917665"
          }
        ]
      }
    },
    {
      "type": "Feature",
      "geometry": {
        "type": "Point",
        "coordinates": [
          5.3243727,
          43.4605968
        ]
      },
      "properties": {
        "id": "dc_589",
        "name": "TDF ProxiCenter Aix Marseille",
        "type": "data_center",
        "subtype": "colocation",
        "operator": "TDF",
        "description_it": "Record da OpenStreetMap (tag data_center). Da validare con almeno una seconda fonte.",
        "country": "FR",
        "city": "Aix-en-Provence",
        "status": "unknown",
        "site_category": "infrastructure",
        "opened_year": null,
        "updated_at": "2026-09-23",
        "confidence": "low",
        "import_source": "osm_overpass",
        "external_id": "osm/way/88765054",
        "sources": [
          {
            "title": "OpenStreetMap / Overpass",
            "url": "https://wiki.openstreetmap.org/wiki/Tag:telecom%3Ddata_center",
            "accessed_at": "2026-09-23",
            "note": "osm_id=88765054"
          }
        ]
      }
    },
    {
      "type": "Feature",
      "geometry": {
        "type": "Point",
        "coordinates": [
          -0.1642598,
          51.1989076
        ]
      },
      "properties": {
        "id": "dc_590",
        "name": "Restore Records Management",
        "type": "data_center",
        "subtype": "colocation",
        "operator": "Unknown",
        "description_it": "Record da OpenStreetMap (tag data_center). Da validare con almeno una seconda fonte.",
        "country": "GB",
        "city": "n/d",
        "status": "unknown",
        "site_category": "infrastructure",
        "opened_year": null,
        "updated_at": "2026-09-23",
        "confidence": "low",
        "import_source": "osm_overpass",
        "external_id": "osm/way/90550466",
        "sources": [
          {
            "title": "OpenStreetMap / Overpass",
            "url": "https://wiki.openstreetmap.org/wiki/Tag:telecom%3Ddata_center",
            "accessed_at": "2026-09-23",
            "note": "osm_id=90550466"
          }
        ]
      }
    },
    {
      "type": "Feature",
      "geometry": {
        "type": "Point",
        "coordinates": [
          3.1377595,
          45.836133
        ]
      },
      "properties": {
        "id": "dc_591",
        "name": "Datacenter IBM",
        "type": "data_center",
        "subtype": "colocation",
        "operator": "IBM",
        "description_it": "Record da OpenStreetMap (tag data_center). Da validare con almeno una seconda fonte.",
        "country": "FR",
        "city": "n/d",
        "status": "unknown",
        "site_category": "infrastructure",
        "opened_year": null,
        "updated_at": "2026-09-23",
        "confidence": "low",
        "import_source": "osm_overpass",
        "external_id": "osm/way/91286607",
        "sources": [
          {
            "title": "OpenStreetMap / Overpass",
            "url": "https://wiki.openstreetmap.org/wiki/Tag:telecom%3Ddata_center",
            "accessed_at": "2026-09-23",
            "note": "osm_id=91286607"
          }
        ]
      }
    },
    {
      "type": "Feature",
      "geometry": {
        "type": "Point",
        "coordinates": [
          -0.975228,
          51.4206794
        ]
      },
      "properties": {
        "id": "dc_592",
        "name": "Redcentric Reading",
        "type": "data_center",
        "subtype": "colocation",
        "operator": "Redcentric",
        "description_it": "Record da OpenStreetMap (tag data_center). Da validare con almeno una seconda fonte.",
        "country": "GB",
        "city": "Reading",
        "status": "unknown",
        "site_category": "infrastructure",
        "opened_year": null,
        "updated_at": "2026-09-23",
        "confidence": "low",
        "import_source": "osm_overpass",
        "external_id": "osm/way/93845197",
        "sources": [
          {
            "title": "OpenStreetMap / Overpass",
            "url": "https://wiki.openstreetmap.org/wiki/Tag:telecom%3Ddata_center",
            "accessed_at": "2026-09-23",
            "note": "osm_id=93845197"
          }
        ]
      }
    },
    {
      "type": "Feature",
      "geometry": {
        "type": "Point",
        "coordinates": [
          -0.9787351,
          51.4274231
        ]
      },
      "properties": {
        "id": "dc_593",
        "name": "Pulsant Reading SL3",
        "type": "data_center",
        "subtype": "colocation",
        "operator": "Unknown",
        "description_it": "Record da OpenStreetMap (tag data_center). Da validare con almeno una seconda fonte.",
        "country": "GB",
        "city": "Reading",
        "status": "unknown",
        "site_category": "infrastructure",
        "opened_year": null,
        "updated_at": "2026-09-23",
        "confidence": "low",
        "import_source": "osm_overpass",
        "external_id": "osm/way/93984382",
        "sources": [
          {
            "title": "OpenStreetMap / Overpass",
            "url": "https://wiki.openstreetmap.org/wiki/Tag:telecom%3Ddata_center",
            "accessed_at": "2026-09-23",
            "note": "osm_id=93984382"
          }
        ]
      }
    },
    {
      "type": "Feature",
      "geometry": {
        "type": "Point",
        "coordinates": [
          -0.772372,
          51.4164884
        ]
      },
      "properties": {
        "id": "dc_594",
        "name": "Keppel Data Centres (Vodafone) - London",
        "type": "data_center",
        "subtype": "colocation",
        "operator": "Vodafone",
        "description_it": "Record da OpenStreetMap (tag data_center). Da validare con almeno una seconda fonte.",
        "country": "GB",
        "city": "Bracknell",
        "status": "unknown",
        "site_category": "infrastructure",
        "opened_year": null,
        "updated_at": "2026-09-23",
        "confidence": "low",
        "import_source": "osm_overpass",
        "external_id": "osm/way/94396838",
        "sources": [
          {
            "title": "OpenStreetMap / Overpass",
            "url": "https://wiki.openstreetmap.org/wiki/Tag:telecom%3Ddata_center",
            "accessed_at": "2026-09-23",
            "note": "osm_id=94396838"
          }
        ]
      }
    },
    {
      "type": "Feature",
      "geometry": {
        "type": "Point",
        "coordinates": [
          -0.9758992,
          51.4448808
        ]
      },
      "properties": {
        "id": "dc_595",
        "name": "Pulsant",
        "type": "data_center",
        "subtype": "colocation",
        "operator": "Unknown",
        "description_it": "Record da OpenStreetMap (tag data_center). Da validare con almeno una seconda fonte.",
        "country": "GB",
        "city": "Reading",
        "status": "unknown",
        "site_category": "infrastructure",
        "opened_year": null,
        "updated_at": "2026-09-23",
        "confidence": "low",
        "import_source": "osm_overpass",
        "external_id": "osm/way/96173979",
        "sources": [
          {
            "title": "OpenStreetMap / Overpass",
            "url": "https://wiki.openstreetmap.org/wiki/Tag:telecom%3Ddata_center",
            "accessed_at": "2026-09-23",
            "note": "osm_id=96173979"
          }
        ]
      }
    },
    {
      "type": "Feature",
      "geometry": {
        "type": "Point",
        "coordinates": [
          5.3678465,
          43.3427925
        ]
      },
      "properties": {
        "id": "dc_596",
        "name": "Interoute Marseille",
        "type": "data_center",
        "subtype": "colocation",
        "operator": "Interoute",
        "description_it": "Record da OpenStreetMap (tag data_center). Da validare con almeno una seconda fonte.",
        "country": "FR",
        "city": "n/d",
        "status": "unknown",
        "site_category": "infrastructure",
        "opened_year": null,
        "updated_at": "2026-09-23",
        "confidence": "low",
        "import_source": "osm_overpass",
        "external_id": "osm/way/97768560",
        "sources": [
          {
            "title": "OpenStreetMap / Overpass",
            "url": "https://wiki.openstreetmap.org/wiki/Tag:telecom%3Ddata_center",
            "accessed_at": "2026-09-23",
            "note": "osm_id=97768560"
          }
        ]
      }
    },
    {
      "type": "Feature",
      "geometry": {
        "type": "Point",
        "coordinates": [
          2.066814,
          49.054156
        ]
      },
      "properties": {
        "id": "dc_597",
        "name": "Datacenter des Douanes",
        "type": "data_center",
        "subtype": "colocation",
        "operator": "Direction des douanes",
        "description_it": "Record da OpenStreetMap (tag data_center). Da validare con almeno una seconda fonte.",
        "country": "FR",
        "city": "n/d",
        "status": "unknown",
        "site_category": "infrastructure",
        "opened_year": null,
        "updated_at": "2026-09-23",
        "confidence": "low",
        "import_source": "osm_overpass",
        "external_id": "osm/way/101166171",
        "sources": [
          {
            "title": "OpenStreetMap / Overpass",
            "url": "https://wiki.openstreetmap.org/wiki/Tag:telecom%3Ddata_center",
            "accessed_at": "2026-09-23",
            "note": "osm_id=101166171"
          }
        ]
      }
    },
    {
      "type": "Feature",
      "geometry": {
        "type": "Point",
        "coordinates": [
          2.137898,
          49.0537655
        ]
      },
      "properties": {
        "id": "dc_598",
        "name": "OPCORE DC5",
        "type": "data_center",
        "subtype": "colocation",
        "operator": "OPCORE",
        "description_it": "Record da OpenStreetMap (tag data_center). Da validare con almeno una seconda fonte.",
        "country": "FR",
        "city": "n/d",
        "status": "unknown",
        "site_category": "infrastructure",
        "opened_year": null,
        "updated_at": "2026-09-23",
        "confidence": "low",
        "import_source": "osm_overpass",
        "external_id": "osm/way/102449117",
        "sources": [
          {
            "title": "OpenStreetMap / Overpass",
            "url": "https://wiki.openstreetmap.org/wiki/Tag:telecom%3Ddata_center",
            "accessed_at": "2026-09-23",
            "note": "osm_id=102449117"
          }
        ]
      }
    },
    {
      "type": "Feature",
      "geometry": {
        "type": "Point",
        "coordinates": [
          3.9092784,
          43.6262667
        ]
      },
      "properties": {
        "id": "dc_599",
        "name": "Datacenter France Travail",
        "type": "data_center",
        "subtype": "colocation",
        "operator": "France Travail",
        "description_it": "Record da OpenStreetMap (tag data_center). Da validare con almeno una seconda fonte.",
        "country": "FR",
        "city": "n/d",
        "status": "unknown",
        "site_category": "infrastructure",
        "opened_year": null,
        "updated_at": "2026-09-23",
        "confidence": "low",
        "import_source": "osm_overpass",
        "external_id": "osm/way/103670545",
        "sources": [
          {
            "title": "OpenStreetMap / Overpass",
            "url": "https://wiki.openstreetmap.org/wiki/Tag:telecom%3Ddata_center",
            "accessed_at": "2026-09-23",
            "note": "osm_id=103670545"
          }
        ]
      }
    },
    {
      "type": "Feature",
      "geometry": {
        "type": "Point",
        "coordinates": [
          6.3965855,
          45.2552785
        ]
      },
      "properties": {
        "id": "dc_600",
        "name": "Salle Serveurs CCCM",
        "type": "data_center",
        "subtype": "colocation",
        "operator": "Unknown",
        "description_it": "Record da OpenStreetMap (tag data_center). Da validare con almeno una seconda fonte.",
        "country": "FR",
        "city": "n/d",
        "status": "unknown",
        "site_category": "infrastructure",
        "opened_year": null,
        "updated_at": "2026-09-23",
        "confidence": "low",
        "import_source": "osm_overpass",
        "external_id": "osm/way/104544854",
        "sources": [
          {
            "title": "OpenStreetMap / Overpass",
            "url": "https://wiki.openstreetmap.org/wiki/Tag:telecom%3Ddata_center",
            "accessed_at": "2026-09-23",
            "note": "osm_id=104544854"
          }
        ]
      }
    },
    {
      "type": "Feature",
      "geometry": {
        "type": "Point",
        "coordinates": [
          2.6929285,
          48.8325795
        ]
      },
      "properties": {
        "id": "dc_601",
        "name": "Datacenter IBM",
        "type": "data_center",
        "subtype": "colocation",
        "operator": "IBM",
        "description_it": "Record da OpenStreetMap (tag data_center). Da validare con almeno una seconda fonte.",
        "country": "FR",
        "city": "n/d",
        "status": "unknown",
        "site_category": "infrastructure",
        "opened_year": null,
        "updated_at": "2026-09-23",
        "confidence": "low",
        "import_source": "osm_overpass",
        "external_id": "osm/way/113167016",
        "sources": [
          {
            "title": "OpenStreetMap / Overpass",
            "url": "https://wiki.openstreetmap.org/wiki/Tag:telecom%3Ddata_center",
            "accessed_at": "2026-09-23",
            "note": "osm_id=113167016"
          }
        ]
      }
    },
    {
      "type": "Feature",
      "geometry": {
        "type": "Point",
        "coordinates": [
          2.729466,
          48.8302765
        ]
      },
      "properties": {
        "id": "dc_602",
        "name": "BNP Paribas Centre de Traitement Informatique (CTI) Marne Nord",
        "type": "data_center",
        "subtype": "colocation",
        "operator": "BNP Paribas",
        "description_it": "Record da OpenStreetMap (tag data_center). Da validare con almeno una seconda fonte.",
        "country": "FR",
        "city": "n/d",
        "status": "unknown",
        "site_category": "infrastructure",
        "opened_year": null,
        "updated_at": "2026-09-23",
        "confidence": "low",
        "import_source": "osm_overpass",
        "external_id": "osm/way/113172925",
        "sources": [
          {
            "title": "OpenStreetMap / Overpass",
            "url": "https://wiki.openstreetmap.org/wiki/Tag:telecom%3Ddata_center",
            "accessed_at": "2026-09-23",
            "note": "osm_id=113172925"
          }
        ]
      }
    },
    {
      "type": "Feature",
      "geometry": {
        "type": "Point",
        "coordinates": [
          2.553373,
          48.621372
        ]
      },
      "properties": {
        "id": "dc_603",
        "name": "Datacenter Sirius",
        "type": "data_center",
        "subtype": "colocation",
        "operator": "Natixis",
        "description_it": "Record da OpenStreetMap (tag data_center). Da validare con almeno una seconda fonte.",
        "country": "FR",
        "city": "n/d",
        "status": "unknown",
        "site_category": "infrastructure",
        "opened_year": null,
        "updated_at": "2026-09-23",
        "confidence": "low",
        "import_source": "osm_overpass",
        "external_id": "osm/way/113457880",
        "sources": [
          {
            "title": "OpenStreetMap / Overpass",
            "url": "https://wiki.openstreetmap.org/wiki/Tag:telecom%3Ddata_center",
            "accessed_at": "2026-09-23",
            "note": "osm_id=113457880"
          }
        ]
      }
    },
    {
      "type": "Feature",
      "geometry": {
        "type": "Point",
        "coordinates": [
          -0.0188761,
          51.494542
        ]
      },
      "properties": {
        "id": "dc_604",
        "name": "Telstra London Hosting Centre",
        "type": "data_center",
        "subtype": "colocation",
        "operator": "Telstra International",
        "description_it": "Record da OpenStreetMap (tag data_center). Da validare con almeno una seconda fonte.",
        "country": "GB",
        "city": "London",
        "status": "unknown",
        "site_category": "infrastructure",
        "opened_year": null,
        "updated_at": "2026-09-23",
        "confidence": "low",
        "import_source": "osm_overpass",
        "external_id": "osm/way/115238481",
        "sources": [
          {
            "title": "OpenStreetMap / Overpass",
            "url": "https://wiki.openstreetmap.org/wiki/Tag:telecom%3Ddata_center",
            "accessed_at": "2026-09-23",
            "note": "osm_id=115238481"
          }
        ]
      }
    },
    {
      "type": "Feature",
      "geometry": {
        "type": "Point",
        "coordinates": [
          2.6424855,
          48.817211
        ]
      },
      "properties": {
        "id": "dc_605",
        "name": "BNP Paribas Marne Sud",
        "type": "data_center",
        "subtype": "colocation",
        "operator": "BNP Paribas",
        "description_it": "Record da OpenStreetMap (tag data_center). Da validare con almeno una seconda fonte.",
        "country": "FR",
        "city": "n/d",
        "status": "unknown",
        "site_category": "infrastructure",
        "opened_year": null,
        "updated_at": "2026-09-23",
        "confidence": "low",
        "import_source": "osm_overpass",
        "external_id": "osm/way/115416148",
        "sources": [
          {
            "title": "OpenStreetMap / Overpass",
            "url": "https://wiki.openstreetmap.org/wiki/Tag:telecom%3Ddata_center",
            "accessed_at": "2026-09-23",
            "note": "osm_id=115416148"
          }
        ]
      }
    },
    {
      "type": "Feature",
      "geometry": {
        "type": "Point",
        "coordinates": [
          2.5873345,
          48.829258
        ]
      },
      "properties": {
        "id": "dc_606",
        "name": "Datacenter Oxya",
        "type": "data_center",
        "subtype": "colocation",
        "operator": "Oxya",
        "description_it": "Record da OpenStreetMap (tag data_center). Da validare con almeno una seconda fonte.",
        "country": "FR",
        "city": "n/d",
        "status": "unknown",
        "site_category": "infrastructure",
        "opened_year": null,
        "updated_at": "2026-09-23",
        "confidence": "low",
        "import_source": "osm_overpass",
        "external_id": "osm/way/115424116",
        "sources": [
          {
            "title": "OpenStreetMap / Overpass",
            "url": "https://wiki.openstreetmap.org/wiki/Tag:telecom%3Ddata_center",
            "accessed_at": "2026-09-23",
            "note": "osm_id=115424116"
          }
        ]
      }
    },
    {
      "type": "Feature",
      "geometry": {
        "type": "Point",
        "coordinates": [
          2.630633,
          48.8392075
        ]
      },
      "properties": {
        "id": "dc_607",
        "name": "Euclyde DC6",
        "type": "data_center",
        "subtype": "colocation",
        "operator": "Euclyde",
        "description_it": "Record da OpenStreetMap (tag data_center). Da validare con almeno una seconda fonte.",
        "country": "FR",
        "city": "n/d",
        "status": "unknown",
        "site_category": "infrastructure",
        "opened_year": null,
        "updated_at": "2026-09-23",
        "confidence": "low",
        "import_source": "osm_overpass",
        "external_id": "osm/way/116116518",
        "sources": [
          {
            "title": "OpenStreetMap / Overpass",
            "url": "https://wiki.openstreetmap.org/wiki/Tag:telecom%3Ddata_center",
            "accessed_at": "2026-09-23",
            "note": "osm_id=116116518"
          }
        ]
      }
    },
    {
      "type": "Feature",
      "geometry": {
        "type": "Point",
        "coordinates": [
          2.6245735,
          48.841393
        ]
      },
      "properties": {
        "id": "dc_608",
        "name": "Datacenter Banque de France",
        "type": "data_center",
        "subtype": "colocation",
        "operator": "Banque de France",
        "description_it": "Record da OpenStreetMap (tag data_center). Da validare con almeno una seconda fonte.",
        "country": "FR",
        "city": "n/d",
        "status": "unknown",
        "site_category": "infrastructure",
        "opened_year": null,
        "updated_at": "2026-09-23",
        "confidence": "low",
        "import_source": "osm_overpass",
        "external_id": "osm/way/116137046",
        "sources": [
          {
            "title": "OpenStreetMap / Overpass",
            "url": "https://wiki.openstreetmap.org/wiki/Tag:telecom%3Ddata_center",
            "accessed_at": "2026-09-23",
            "note": "osm_id=116137046"
          }
        ]
      }
    },
    {
      "type": "Feature",
      "geometry": {
        "type": "Point",
        "coordinates": [
          2.7878793,
          48.8390613
        ]
      },
      "properties": {
        "id": "dc_609",
        "name": "Datacenter Banque de France",
        "type": "data_center",
        "subtype": "colocation",
        "operator": "Banque de France",
        "description_it": "Record da OpenStreetMap (tag data_center). Da validare con almeno una seconda fonte.",
        "country": "FR",
        "city": "n/d",
        "status": "unknown",
        "site_category": "infrastructure",
        "opened_year": null,
        "updated_at": "2026-09-23",
        "confidence": "low",
        "import_source": "osm_overpass",
        "external_id": "osm/way/116195927",
        "sources": [
          {
            "title": "OpenStreetMap / Overpass",
            "url": "https://wiki.openstreetmap.org/wiki/Tag:telecom%3Ddata_center",
            "accessed_at": "2026-09-23",
            "note": "osm_id=116195927"
          }
        ]
      }
    },
    {
      "type": "Feature",
      "geometry": {
        "type": "Point",
        "coordinates": [
          2.0570935,
          48.7654803
        ]
      },
      "properties": {
        "id": "dc_610",
        "name": "Datacenter",
        "type": "data_center",
        "subtype": "colocation",
        "operator": "SOCIETE TECHNOLOGIE EXPLOITATION INFORMATIQUE",
        "description_it": "Record da OpenStreetMap (tag data_center). Da validare con almeno una seconda fonte.",
        "country": "FR",
        "city": "n/d",
        "status": "unknown",
        "site_category": "infrastructure",
        "opened_year": null,
        "updated_at": "2026-09-23",
        "confidence": "low",
        "import_source": "osm_overpass",
        "external_id": "osm/way/117845346",
        "sources": [
          {
            "title": "OpenStreetMap / Overpass",
            "url": "https://wiki.openstreetmap.org/wiki/Tag:telecom%3Ddata_center",
            "accessed_at": "2026-09-23",
            "note": "osm_id=117845346"
          }
        ]
      }
    },
    {
      "type": "Feature",
      "geometry": {
        "type": "Point",
        "coordinates": [
          1.5091944,
          45.1576043
        ]
      },
      "properties": {
        "id": "dc_611",
        "name": "Datacenter ArteOne",
        "type": "data_center",
        "subtype": "colocation",
        "operator": "Artefact",
        "description_it": "Record da OpenStreetMap (tag data_center). Da validare con almeno una seconda fonte.",
        "country": "FR",
        "city": "n/d",
        "status": "unknown",
        "site_category": "infrastructure",
        "opened_year": null,
        "updated_at": "2026-09-23",
        "confidence": "low",
        "import_source": "osm_overpass",
        "external_id": "osm/way/124592519",
        "sources": [
          {
            "title": "OpenStreetMap / Overpass",
            "url": "https://wiki.openstreetmap.org/wiki/Tag:telecom%3Ddata_center",
            "accessed_at": "2026-09-23",
            "note": "osm_id=124592519"
          }
        ]
      }
    },
    {
      "type": "Feature",
      "geometry": {
        "type": "Point",
        "coordinates": [
          5.03047,
          47.3088275
        ]
      },
      "properties": {
        "id": "dc_612",
        "name": "Cogent Dijon",
        "type": "data_center",
        "subtype": "colocation",
        "operator": "Cogent",
        "description_it": "Record da OpenStreetMap (tag data_center). Da validare con almeno una seconda fonte.",
        "country": "FR",
        "city": "n/d",
        "status": "unknown",
        "site_category": "infrastructure",
        "opened_year": null,
        "updated_at": "2026-09-23",
        "confidence": "low",
        "import_source": "osm_overpass",
        "external_id": "osm/way/126029978",
        "sources": [
          {
            "title": "OpenStreetMap / Overpass",
            "url": "https://wiki.openstreetmap.org/wiki/Tag:telecom%3Ddata_center",
            "accessed_at": "2026-09-23",
            "note": "osm_id=126029978"
          }
        ]
      }
    },
    {
      "type": "Feature",
      "geometry": {
        "type": "Point",
        "coordinates": [
          -0.350469,
          51.0215574
        ]
      },
      "properties": {
        "id": "dc_613",
        "name": "IBM Horsham",
        "type": "data_center",
        "subtype": "colocation",
        "operator": "IBM",
        "description_it": "Record da OpenStreetMap (tag data_center). Da validare con almeno una seconda fonte.",
        "country": "GB",
        "city": "n/d",
        "status": "unknown",
        "site_category": "infrastructure",
        "opened_year": null,
        "updated_at": "2026-09-23",
        "confidence": "low",
        "import_source": "osm_overpass",
        "external_id": "osm/way/128487593",
        "sources": [
          {
            "title": "OpenStreetMap / Overpass",
            "url": "https://wiki.openstreetmap.org/wiki/Tag:telecom%3Ddata_center",
            "accessed_at": "2026-09-23",
            "note": "osm_id=128487593"
          }
        ]
      }
    },
    {
      "type": "Feature",
      "geometry": {
        "type": "Point",
        "coordinates": [
          2.3568525,
          47.05988
        ]
      },
      "properties": {
        "id": "dc_614",
        "name": "Datacenter Groupama",
        "type": "data_center",
        "subtype": "colocation",
        "operator": "Groupama",
        "description_it": "Record da OpenStreetMap (tag data_center). Da validare con almeno una seconda fonte.",
        "country": "FR",
        "city": "n/d",
        "status": "unknown",
        "site_category": "infrastructure",
        "opened_year": null,
        "updated_at": "2026-09-23",
        "confidence": "low",
        "import_source": "osm_overpass",
        "external_id": "osm/way/130810461",
        "sources": [
          {
            "title": "OpenStreetMap / Overpass",
            "url": "https://wiki.openstreetmap.org/wiki/Tag:telecom%3Ddata_center",
            "accessed_at": "2026-09-23",
            "note": "osm_id=130810461"
          }
        ]
      }
    },
    {
      "type": "Feature",
      "geometry": {
        "type": "Point",
        "coordinates": [
          2.043594,
          48.973248
        ]
      },
      "properties": {
        "id": "dc_615",
        "name": "Datacenter Bouygues Télécom",
        "type": "data_center",
        "subtype": "colocation",
        "operator": "Bouygues Telecom",
        "description_it": "Record da OpenStreetMap (tag data_center). Da validare con almeno una seconda fonte.",
        "country": "FR",
        "city": "n/d",
        "status": "unknown",
        "site_category": "infrastructure",
        "opened_year": null,
        "updated_at": "2026-09-23",
        "confidence": "low",
        "import_source": "osm_overpass",
        "external_id": "osm/way/132582436",
        "sources": [
          {
            "title": "OpenStreetMap / Overpass",
            "url": "https://wiki.openstreetmap.org/wiki/Tag:telecom%3Ddata_center",
            "accessed_at": "2026-09-23",
            "note": "osm_id=132582436"
          }
        ]
      }
    },
    {
      "type": "Feature",
      "geometry": {
        "type": "Point",
        "coordinates": [
          -2.9631583,
          51.2275256
        ]
      },
      "properties": {
        "id": "dc_616",
        "name": "Tata Communications Highbridge Datacentre",
        "type": "data_center",
        "subtype": "colocation",
        "operator": "Tata Communications",
        "description_it": "Record da OpenStreetMap (tag data_center). Da validare con almeno una seconda fonte.",
        "country": "GB",
        "city": "n/d",
        "status": "unknown",
        "site_category": "infrastructure",
        "opened_year": null,
        "updated_at": "2026-09-23",
        "confidence": "low",
        "import_source": "osm_overpass",
        "external_id": "osm/way/134915217",
        "sources": [
          {
            "title": "OpenStreetMap / Overpass",
            "url": "https://wiki.openstreetmap.org/wiki/Tag:telecom%3Ddata_center",
            "accessed_at": "2026-09-23",
            "note": "osm_id=134915217"
          }
        ]
      }
    },
    {
      "type": "Feature",
      "geometry": {
        "type": "Point",
        "coordinates": [
          2.2747056,
          43.5541013
        ]
      },
      "properties": {
        "id": "dc_617",
        "name": "Albiréo",
        "type": "data_center",
        "subtype": "colocation",
        "operator": "Albiant IT",
        "description_it": "Record da OpenStreetMap (tag data_center). Da validare con almeno una seconda fonte.",
        "country": "FR",
        "city": "n/d",
        "status": "unknown",
        "site_category": "infrastructure",
        "opened_year": null,
        "updated_at": "2026-09-23",
        "confidence": "low",
        "import_source": "osm_overpass",
        "external_id": "osm/way/135461168",
        "sources": [
          {
            "title": "OpenStreetMap / Overpass",
            "url": "https://wiki.openstreetmap.org/wiki/Tag:telecom%3Ddata_center",
            "accessed_at": "2026-09-23",
            "note": "osm_id=135461168"
          }
        ]
      }
    },
    {
      "type": "Feature",
      "geometry": {
        "type": "Point",
        "coordinates": [
          1.4382055,
          48.4509195
        ]
      },
      "properties": {
        "id": "dc_618",
        "name": "Greenfield",
        "type": "data_center",
        "subtype": "colocation",
        "operator": "Crédit Agricole",
        "description_it": "Record da OpenStreetMap (tag data_center). Da validare con almeno una seconda fonte.",
        "country": "FR",
        "city": "n/d",
        "status": "unknown",
        "site_category": "infrastructure",
        "opened_year": null,
        "updated_at": "2026-09-23",
        "confidence": "low",
        "import_source": "osm_overpass",
        "external_id": "osm/way/137139149",
        "sources": [
          {
            "title": "OpenStreetMap / Overpass",
            "url": "https://wiki.openstreetmap.org/wiki/Tag:telecom%3Ddata_center",
            "accessed_at": "2026-09-23",
            "note": "osm_id=137139149"
          }
        ]
      }
    },
    {
      "type": "Feature",
      "geometry": {
        "type": "Point",
        "coordinates": [
          0.3505715,
          49.5184151
        ]
      },
      "properties": {
        "id": "dc_619",
        "name": "Webaxys",
        "type": "data_center",
        "subtype": "colocation",
        "operator": "Unknown",
        "description_it": "Record da OpenStreetMap (tag data_center). Da validare con almeno una seconda fonte.",
        "country": "FR",
        "city": "n/d",
        "status": "unknown",
        "site_category": "infrastructure",
        "opened_year": null,
        "updated_at": "2026-09-23",
        "confidence": "low",
        "import_source": "osm_overpass",
        "external_id": "osm/way/137239340",
        "sources": [
          {
            "title": "OpenStreetMap / Overpass",
            "url": "https://wiki.openstreetmap.org/wiki/Tag:telecom%3Ddata_center",
            "accessed_at": "2026-09-23",
            "note": "osm_id=137239340"
          }
        ]
      }
    },
    {
      "type": "Feature",
      "geometry": {
        "type": "Point",
        "coordinates": [
          2.218598,
          48.7865768
        ]
      },
      "properties": {
        "id": "dc_620",
        "name": "Datacenter Orange",
        "type": "data_center",
        "subtype": "colocation",
        "operator": "Orange",
        "description_it": "Record da OpenStreetMap (tag data_center). Da validare con almeno una seconda fonte.",
        "country": "FR",
        "city": "n/d",
        "status": "unknown",
        "site_category": "infrastructure",
        "opened_year": null,
        "updated_at": "2026-09-23",
        "confidence": "low",
        "import_source": "osm_overpass",
        "external_id": "osm/way/138943505",
        "sources": [
          {
            "title": "OpenStreetMap / Overpass",
            "url": "https://wiki.openstreetmap.org/wiki/Tag:telecom%3Ddata_center",
            "accessed_at": "2026-09-23",
            "note": "osm_id=138943505"
          }
        ]
      }
    },
    {
      "type": "Feature",
      "geometry": {
        "type": "Point",
        "coordinates": [
          2.4118185,
          48.7947505
        ]
      },
      "properties": {
        "id": "dc_621",
        "name": "OPCORE DC2",
        "type": "data_center",
        "subtype": "colocation",
        "operator": "OPCORE",
        "description_it": "Record da OpenStreetMap (tag data_center). Da validare con almeno una seconda fonte.",
        "country": "FR",
        "city": "Vitry-sur-Seine",
        "status": "unknown",
        "site_category": "infrastructure",
        "opened_year": null,
        "updated_at": "2026-09-23",
        "confidence": "low",
        "import_source": "osm_overpass",
        "external_id": "osm/way/139560714",
        "sources": [
          {
            "title": "OpenStreetMap / Overpass",
            "url": "https://wiki.openstreetmap.org/wiki/Tag:telecom%3Ddata_center",
            "accessed_at": "2026-09-23",
            "note": "osm_id=139560714"
          }
        ]
      }
    },
    {
      "type": "Feature",
      "geometry": {
        "type": "Point",
        "coordinates": [
          2.3792687,
          48.77477
        ]
      },
      "properties": {
        "id": "dc_622",
        "name": "OPCORE DC3",
        "type": "data_center",
        "subtype": "colocation",
        "operator": "OPCORE",
        "description_it": "Record da OpenStreetMap (tag data_center). Da validare con almeno una seconda fonte.",
        "country": "FR",
        "city": "n/d",
        "status": "unknown",
        "site_category": "infrastructure",
        "opened_year": null,
        "updated_at": "2026-09-23",
        "confidence": "low",
        "import_source": "osm_overpass",
        "external_id": "osm/way/139560858",
        "sources": [
          {
            "title": "OpenStreetMap / Overpass",
            "url": "https://wiki.openstreetmap.org/wiki/Tag:telecom%3Ddata_center",
            "accessed_at": "2026-09-23",
            "note": "osm_id=139560858"
          }
        ]
      }
    },
    {
      "type": "Feature",
      "geometry": {
        "type": "Point",
        "coordinates": [
          -0.5374275,
          44.7809805
        ]
      },
      "properties": {
        "id": "dc_623",
        "name": "Interoute Bordeaux",
        "type": "data_center",
        "subtype": "colocation",
        "operator": "Interoute",
        "description_it": "Record da OpenStreetMap (tag data_center). Da validare con almeno una seconda fonte.",
        "country": "FR",
        "city": "n/d",
        "status": "unknown",
        "site_category": "infrastructure",
        "opened_year": null,
        "updated_at": "2026-09-23",
        "confidence": "low",
        "import_source": "osm_overpass",
        "external_id": "osm/way/139706219",
        "sources": [
          {
            "title": "OpenStreetMap / Overpass",
            "url": "https://wiki.openstreetmap.org/wiki/Tag:telecom%3Ddata_center",
            "accessed_at": "2026-09-23",
            "note": "osm_id=139706219"
          }
        ]
      }
    },
    {
      "type": "Feature",
      "geometry": {
        "type": "Point",
        "coordinates": [
          2.519291,
          48.9823674
        ]
      },
      "properties": {
        "id": "dc_624",
        "name": "Lumen",
        "type": "data_center",
        "subtype": "colocation",
        "operator": "Lumen Technologies",
        "description_it": "Record da OpenStreetMap (tag data_center). Da validare con almeno una seconda fonte.",
        "country": "FR",
        "city": "n/d",
        "status": "unknown",
        "site_category": "infrastructure",
        "opened_year": null,
        "updated_at": "2026-09-23",
        "confidence": "low",
        "import_source": "osm_overpass",
        "external_id": "osm/way/140910921",
        "sources": [
          {
            "title": "OpenStreetMap / Overpass",
            "url": "https://wiki.openstreetmap.org/wiki/Tag:telecom%3Ddata_center",
            "accessed_at": "2026-09-23",
            "note": "osm_id=140910921"
          }
        ]
      }
    },
    {
      "type": "Feature",
      "geometry": {
        "type": "Point",
        "coordinates": [
          2.2083235,
          48.6642946
        ]
      },
      "properties": {
        "id": "dc_625",
        "name": "DATA4 Paris Marcoussis PAR2",
        "type": "data_center",
        "subtype": "colocation",
        "operator": "Data4",
        "description_it": "Record da OpenStreetMap (tag data_center). Da validare con almeno una seconda fonte.",
        "country": "FR",
        "city": "n/d",
        "status": "unknown",
        "site_category": "infrastructure",
        "opened_year": null,
        "updated_at": "2026-09-23",
        "confidence": "low",
        "import_source": "osm_overpass",
        "external_id": "osm/way/146090469",
        "sources": [
          {
            "title": "OpenStreetMap / Overpass",
            "url": "https://wiki.openstreetmap.org/wiki/Tag:telecom%3Ddata_center",
            "accessed_at": "2026-09-23",
            "note": "osm_id=146090469"
          }
        ]
      }
    },
    {
      "type": "Feature",
      "geometry": {
        "type": "Point",
        "coordinates": [
          -0.556539,
          44.888874
        ]
      },
      "properties": {
        "id": "dc_626",
        "name": "SFR Netcenter Bordeaux",
        "type": "data_center",
        "subtype": "colocation",
        "operator": "SFR",
        "description_it": "Record da OpenStreetMap (tag data_center). Da validare con almeno una seconda fonte.",
        "country": "FR",
        "city": "Bordeaux",
        "status": "unknown",
        "site_category": "infrastructure",
        "opened_year": null,
        "updated_at": "2026-09-23",
        "confidence": "low",
        "import_source": "osm_overpass",
        "external_id": "osm/way/154149196",
        "sources": [
          {
            "title": "OpenStreetMap / Overpass",
            "url": "https://wiki.openstreetmap.org/wiki/Tag:telecom%3Ddata_center",
            "accessed_at": "2026-09-23",
            "note": "osm_id=154149196"
          }
        ]
      }
    },
    {
      "type": "Feature",
      "geometry": {
        "type": "Point",
        "coordinates": [
          -0.4542685,
          51.4466633
        ]
      },
      "properties": {
        "id": "dc_627",
        "name": "Serverfarm LON1 – London Data Center",
        "type": "data_center",
        "subtype": "colocation",
        "operator": "Serverfarm",
        "description_it": "Record da OpenStreetMap (tag data_center). Da validare con almeno una seconda fonte.",
        "country": "GB",
        "city": "n/d",
        "status": "unknown",
        "site_category": "infrastructure",
        "opened_year": null,
        "updated_at": "2026-09-23",
        "confidence": "low",
        "import_source": "osm_overpass",
        "external_id": "osm/way/154430569",
        "sources": [
          {
            "title": "OpenStreetMap / Overpass",
            "url": "https://wiki.openstreetmap.org/wiki/Tag:telecom%3Ddata_center",
            "accessed_at": "2026-09-23",
            "note": "osm_id=154430569"
          }
        ]
      }
    },
    {
      "type": "Feature",
      "geometry": {
        "type": "Point",
        "coordinates": [
          5.3471225,
          43.338645
        ]
      },
      "properties": {
        "id": "dc_628",
        "name": "Digital Realty MRS2",
        "type": "data_center",
        "subtype": "colocation",
        "operator": "Digital Realty",
        "description_it": "Record da OpenStreetMap (tag data_center). Da validare con almeno una seconda fonte.",
        "country": "FR",
        "city": "Marseille",
        "status": "unknown",
        "site_category": "infrastructure",
        "opened_year": null,
        "updated_at": "2026-09-23",
        "confidence": "low",
        "import_source": "osm_overpass",
        "external_id": "osm/way/159862898",
        "sources": [
          {
            "title": "OpenStreetMap / Overpass",
            "url": "https://wiki.openstreetmap.org/wiki/Tag:telecom%3Ddata_center",
            "accessed_at": "2026-09-23",
            "note": "osm_id=159862898"
          }
        ]
      }
    },
    {
      "type": "Feature",
      "geometry": {
        "type": "Point",
        "coordinates": [
          -0.1195452,
          51.3535862
        ]
      },
      "properties": {
        "id": "dc_629",
        "name": "Pulsant South London",
        "type": "data_center",
        "subtype": "colocation",
        "operator": "Pulsant",
        "description_it": "Record da OpenStreetMap (tag data_center). Da validare con almeno una seconda fonte.",
        "country": "GB",
        "city": "n/d",
        "status": "unknown",
        "site_category": "infrastructure",
        "opened_year": null,
        "updated_at": "2026-09-23",
        "confidence": "low",
        "import_source": "osm_overpass",
        "external_id": "osm/way/180779572",
        "sources": [
          {
            "title": "OpenStreetMap / Overpass",
            "url": "https://wiki.openstreetmap.org/wiki/Tag:telecom%3Ddata_center",
            "accessed_at": "2026-09-23",
            "note": "osm_id=180779572"
          }
        ]
      }
    },
    {
      "type": "Feature",
      "geometry": {
        "type": "Point",
        "coordinates": [
          -0.4099656,
          51.4595405
        ]
      },
      "properties": {
        "id": "dc_630",
        "name": "Verizon UK4",
        "type": "data_center",
        "subtype": "colocation",
        "operator": "Verizon",
        "description_it": "Record da OpenStreetMap (tag data_center). Da validare con almeno una seconda fonte.",
        "country": "GB",
        "city": "n/d",
        "status": "unknown",
        "site_category": "infrastructure",
        "opened_year": null,
        "updated_at": "2026-09-23",
        "confidence": "low",
        "import_source": "osm_overpass",
        "external_id": "osm/way/187251460",
        "sources": [
          {
            "title": "OpenStreetMap / Overpass",
            "url": "https://wiki.openstreetmap.org/wiki/Tag:telecom%3Ddata_center",
            "accessed_at": "2026-09-23",
            "note": "osm_id=187251460"
          }
        ]
      }
    },
    {
      "type": "Feature",
      "geometry": {
        "type": "Point",
        "coordinates": [
          -0.4831024,
          51.4856166
        ]
      },
      "properties": {
        "id": "dc_631",
        "name": "British Telecom Computer Centre",
        "type": "data_center",
        "subtype": "colocation",
        "operator": "BT",
        "description_it": "Record da OpenStreetMap (tag data_center). Da validare con almeno una seconda fonte.",
        "country": "GB",
        "city": "n/d",
        "status": "unknown",
        "site_category": "infrastructure",
        "opened_year": null,
        "updated_at": "2026-09-23",
        "confidence": "low",
        "import_source": "osm_overpass",
        "external_id": "osm/way/190449012",
        "sources": [
          {
            "title": "OpenStreetMap / Overpass",
            "url": "https://wiki.openstreetmap.org/wiki/Tag:telecom%3Ddata_center",
            "accessed_at": "2026-09-23",
            "note": "osm_id=190449012"
          }
        ]
      }
    },
    {
      "type": "Feature",
      "geometry": {
        "type": "Point",
        "coordinates": [
          -0.1261156,
          51.4817516
        ]
      },
      "properties": {
        "id": "dc_632",
        "name": "WRN Broadcast",
        "type": "data_center",
        "subtype": "colocation",
        "operator": "Unknown",
        "description_it": "Record da OpenStreetMap (tag data_center). Da validare con almeno una seconda fonte.",
        "country": "GB",
        "city": "n/d",
        "status": "unknown",
        "site_category": "infrastructure",
        "opened_year": null,
        "updated_at": "2026-09-23",
        "confidence": "low",
        "import_source": "osm_overpass",
        "external_id": "osm/way/190845697",
        "sources": [
          {
            "title": "OpenStreetMap / Overpass",
            "url": "https://wiki.openstreetmap.org/wiki/Tag:telecom%3Ddata_center",
            "accessed_at": "2026-09-23",
            "note": "osm_id=190845697"
          }
        ]
      }
    },
    {
      "type": "Feature",
      "geometry": {
        "type": "Point",
        "coordinates": [
          -0.4232704,
          51.4713244
        ]
      },
      "properties": {
        "id": "dc_633",
        "name": "BA Boadicea House Data Centre",
        "type": "data_center",
        "subtype": "colocation",
        "operator": "British Airways",
        "description_it": "Record da OpenStreetMap (tag data_center). Da validare con almeno una seconda fonte.",
        "country": "GB",
        "city": "n/d",
        "status": "unknown",
        "site_category": "infrastructure",
        "opened_year": null,
        "updated_at": "2026-09-23",
        "confidence": "low",
        "import_source": "osm_overpass",
        "external_id": "osm/way/194508831",
        "sources": [
          {
            "title": "OpenStreetMap / Overpass",
            "url": "https://wiki.openstreetmap.org/wiki/Tag:telecom%3Ddata_center",
            "accessed_at": "2026-09-23",
            "note": "osm_id=194508831"
          }
        ]
      }
    },
    {
      "type": "Feature",
      "geometry": {
        "type": "Point",
        "coordinates": [
          -0.7585502,
          51.4166537
        ]
      },
      "properties": {
        "id": "dc_634",
        "name": "Centrilogic",
        "type": "data_center",
        "subtype": "colocation",
        "operator": "Centrilogic",
        "description_it": "Record da OpenStreetMap (tag data_center). Da validare con almeno una seconda fonte.",
        "country": "GB",
        "city": "Bracknell",
        "status": "unknown",
        "site_category": "infrastructure",
        "opened_year": null,
        "updated_at": "2026-09-23",
        "confidence": "low",
        "import_source": "osm_overpass",
        "external_id": "osm/way/210931289",
        "sources": [
          {
            "title": "OpenStreetMap / Overpass",
            "url": "https://wiki.openstreetmap.org/wiki/Tag:telecom%3Ddata_center",
            "accessed_at": "2026-09-23",
            "note": "osm_id=210931289"
          }
        ]
      }
    },
    {
      "type": "Feature",
      "geometry": {
        "type": "Point",
        "coordinates": [
          -3.753226,
          43.3928381
        ]
      },
      "properties": {
        "id": "dc_635",
        "name": "Centro de Procesamiento de Datos Norte",
        "type": "data_center",
        "subtype": "colocation",
        "operator": "Banco Santander",
        "description_it": "Record da OpenStreetMap (tag data_center). Da validare con almeno una seconda fonte.",
        "country": "FR",
        "city": "n/d",
        "status": "unknown",
        "site_category": "infrastructure",
        "opened_year": null,
        "updated_at": "2026-09-23",
        "confidence": "low",
        "import_source": "osm_overpass",
        "external_id": "osm/way/224559768",
        "sources": [
          {
            "title": "OpenStreetMap / Overpass",
            "url": "https://wiki.openstreetmap.org/wiki/Tag:telecom%3Ddata_center",
            "accessed_at": "2026-09-23",
            "note": "osm_id=224559768"
          }
        ]
      }
    },
    {
      "type": "Feature",
      "geometry": {
        "type": "Point",
        "coordinates": [
          1.3982271,
          49.0120001
        ]
      },
      "properties": {
        "id": "dc_636",
        "name": "Datacenter EDF",
        "type": "data_center",
        "subtype": "colocation",
        "operator": "EDF",
        "description_it": "Record da OpenStreetMap (tag data_center). Da validare con almeno una seconda fonte.",
        "country": "FR",
        "city": "n/d",
        "status": "unknown",
        "site_category": "infrastructure",
        "opened_year": null,
        "updated_at": "2026-09-23",
        "confidence": "low",
        "import_source": "osm_overpass",
        "external_id": "osm/way/226250681",
        "sources": [
          {
            "title": "OpenStreetMap / Overpass",
            "url": "https://wiki.openstreetmap.org/wiki/Tag:telecom%3Ddata_center",
            "accessed_at": "2026-09-23",
            "note": "osm_id=226250681"
          }
        ]
      }
    },
    {
      "type": "Feature",
      "geometry": {
        "type": "Point",
        "coordinates": [
          -1.555468,
          47.0892092
        ]
      },
      "properties": {
        "id": "dc_637",
        "name": "Proginov",
        "type": "data_center",
        "subtype": "colocation",
        "operator": "Unknown",
        "description_it": "Record da OpenStreetMap (tag data_center). Da validare con almeno una seconda fonte.",
        "country": "FR",
        "city": "La Chevrolière",
        "status": "unknown",
        "site_category": "infrastructure",
        "opened_year": null,
        "updated_at": "2026-09-23",
        "confidence": "low",
        "import_source": "osm_overpass",
        "external_id": "osm/way/236976420",
        "sources": [
          {
            "title": "OpenStreetMap / Overpass",
            "url": "https://wiki.openstreetmap.org/wiki/Tag:telecom%3Ddata_center",
            "accessed_at": "2026-09-23",
            "note": "osm_id=236976420"
          }
        ]
      }
    },
    {
      "type": "Feature",
      "geometry": {
        "type": "Point",
        "coordinates": [
          -1.8368856,
          48.0699378
        ]
      },
      "properties": {
        "id": "dc_638",
        "name": "Datacenter Groupama",
        "type": "data_center",
        "subtype": "colocation",
        "operator": "Groupama",
        "description_it": "Record da OpenStreetMap (tag data_center). Da validare con almeno una seconda fonte.",
        "country": "FR",
        "city": "n/d",
        "status": "unknown",
        "site_category": "infrastructure",
        "opened_year": null,
        "updated_at": "2026-09-23",
        "confidence": "low",
        "import_source": "osm_overpass",
        "external_id": "osm/way/249274111",
        "sources": [
          {
            "title": "OpenStreetMap / Overpass",
            "url": "https://wiki.openstreetmap.org/wiki/Tag:telecom%3Ddata_center",
            "accessed_at": "2026-09-23",
            "note": "osm_id=249274111"
          }
        ]
      }
    },
    {
      "type": "Feature",
      "geometry": {
        "type": "Point",
        "coordinates": [
          2.4021474,
          48.9254248
        ]
      },
      "properties": {
        "id": "dc_639",
        "name": "Interxion PAR7",
        "type": "data_center",
        "subtype": "colocation",
        "operator": "Interxion",
        "description_it": "Record da OpenStreetMap (tag data_center). Da validare con almeno una seconda fonte.",
        "country": "FR",
        "city": "n/d",
        "status": "unknown",
        "site_category": "infrastructure",
        "opened_year": null,
        "updated_at": "2026-09-23",
        "confidence": "low",
        "import_source": "osm_overpass",
        "external_id": "osm/way/261420854",
        "sources": [
          {
            "title": "OpenStreetMap / Overpass",
            "url": "https://wiki.openstreetmap.org/wiki/Tag:telecom%3Ddata_center",
            "accessed_at": "2026-09-23",
            "note": "osm_id=261420854"
          }
        ]
      }
    },
    {
      "type": "Feature",
      "geometry": {
        "type": "Point",
        "coordinates": [
          -0.0110653,
          51.4998389
        ]
      },
      "properties": {
        "id": "dc_640",
        "name": "Digital Realty LHR20",
        "type": "data_center",
        "subtype": "colocation",
        "operator": "Digital Realty",
        "description_it": "Record da OpenStreetMap (tag data_center). Da validare con almeno una seconda fonte.",
        "country": "GB",
        "city": "London",
        "status": "unknown",
        "site_category": "infrastructure",
        "opened_year": null,
        "updated_at": "2026-09-23",
        "confidence": "low",
        "import_source": "osm_overpass",
        "external_id": "osm/way/320724394",
        "sources": [
          {
            "title": "OpenStreetMap / Overpass",
            "url": "https://wiki.openstreetmap.org/wiki/Tag:telecom%3Ddata_center",
            "accessed_at": "2026-09-23",
            "note": "osm_id=320724394"
          }
        ]
      }
    },
    {
      "type": "Feature",
      "geometry": {
        "type": "Point",
        "coordinates": [
          3.1150864,
          45.8312409
        ]
      },
      "properties": {
        "id": "dc_641",
        "name": "Ecocenter",
        "type": "data_center",
        "subtype": "colocation",
        "operator": "Nexeren",
        "description_it": "Record da OpenStreetMap (tag data_center). Da validare con almeno una seconda fonte.",
        "country": "FR",
        "city": "n/d",
        "status": "unknown",
        "site_category": "infrastructure",
        "opened_year": null,
        "updated_at": "2026-09-23",
        "confidence": "low",
        "import_source": "osm_overpass",
        "external_id": "osm/way/359652564",
        "sources": [
          {
            "title": "OpenStreetMap / Overpass",
            "url": "https://wiki.openstreetmap.org/wiki/Tag:telecom%3Ddata_center",
            "accessed_at": "2026-09-23",
            "note": "osm_id=359652564"
          }
        ]
      }
    },
    {
      "type": "Feature",
      "geometry": {
        "type": "Point",
        "coordinates": [
          2.1080726,
          41.4898179
        ]
      },
      "properties": {
        "id": "dc_642",
        "name": "Centre de Processament de Dades IBM",
        "type": "data_center",
        "subtype": "colocation",
        "operator": "Unknown",
        "description_it": "Record da OpenStreetMap (tag data_center). Da validare con almeno una seconda fonte.",
        "country": "FR",
        "city": "n/d",
        "status": "unknown",
        "site_category": "infrastructure",
        "opened_year": null,
        "updated_at": "2026-09-23",
        "confidence": "low",
        "import_source": "osm_overpass",
        "external_id": "osm/way/368613614",
        "sources": [
          {
            "title": "OpenStreetMap / Overpass",
            "url": "https://wiki.openstreetmap.org/wiki/Tag:telecom%3Ddata_center",
            "accessed_at": "2026-09-23",
            "note": "osm_id=368613614"
          }
        ]
      }
    },
    {
      "type": "Feature",
      "geometry": {
        "type": "Point",
        "coordinates": [
          0.0300078,
          51.4935168
        ]
      },
      "properties": {
        "id": "dc_643",
        "name": "Six Degrees Data Centre",
        "type": "data_center",
        "subtype": "colocation",
        "operator": "Six Degrees",
        "description_it": "Record da OpenStreetMap (tag data_center). Da validare con almeno una seconda fonte.",
        "country": "GB",
        "city": "n/d",
        "status": "unknown",
        "site_category": "infrastructure",
        "opened_year": null,
        "updated_at": "2026-09-23",
        "confidence": "low",
        "import_source": "osm_overpass",
        "external_id": "osm/way/375842477",
        "sources": [
          {
            "title": "OpenStreetMap / Overpass",
            "url": "https://wiki.openstreetmap.org/wiki/Tag:telecom%3Ddata_center",
            "accessed_at": "2026-09-23",
            "note": "osm_id=375842477"
          }
        ]
      }
    },
    {
      "type": "Feature",
      "geometry": {
        "type": "Point",
        "coordinates": [
          -0.0138038,
          51.4611515
        ]
      },
      "properties": {
        "id": "dc_644",
        "name": "Citibank Riverdale Data Centre",
        "type": "data_center",
        "subtype": "colocation",
        "operator": "Unknown",
        "description_it": "Record da OpenStreetMap (tag data_center). Da validare con almeno una seconda fonte.",
        "country": "GB",
        "city": "London",
        "status": "unknown",
        "site_category": "infrastructure",
        "opened_year": null,
        "updated_at": "2026-09-23",
        "confidence": "low",
        "import_source": "osm_overpass",
        "external_id": "osm/way/431542356",
        "sources": [
          {
            "title": "OpenStreetMap / Overpass",
            "url": "https://wiki.openstreetmap.org/wiki/Tag:telecom%3Ddata_center",
            "accessed_at": "2026-09-23",
            "note": "osm_id=431542356"
          }
        ]
      }
    },
    {
      "type": "Feature",
      "geometry": {
        "type": "Point",
        "coordinates": [
          -1.2904722,
          51.3770297
        ]
      },
      "properties": {
        "id": "dc_645",
        "name": "Venture West",
        "type": "data_center",
        "subtype": "colocation",
        "operator": "The Bunker Secure Hosting Ltd",
        "description_it": "Record da OpenStreetMap (tag data_center). Da validare con almeno una seconda fonte.",
        "country": "GB",
        "city": "n/d",
        "status": "unknown",
        "site_category": "infrastructure",
        "opened_year": null,
        "updated_at": "2026-09-23",
        "confidence": "low",
        "import_source": "osm_overpass",
        "external_id": "osm/way/460206687",
        "sources": [
          {
            "title": "OpenStreetMap / Overpass",
            "url": "https://wiki.openstreetmap.org/wiki/Tag:telecom%3Ddata_center",
            "accessed_at": "2026-09-23",
            "note": "osm_id=460206687"
          }
        ]
      }
    },
    {
      "type": "Feature",
      "geometry": {
        "type": "Point",
        "coordinates": [
          1.2963278,
          51.271195
        ]
      },
      "properties": {
        "id": "dc_646",
        "name": "The Bunker - South East Data Centre",
        "type": "data_center",
        "subtype": "colocation",
        "operator": "Cyberfort",
        "description_it": "Record da OpenStreetMap (tag data_center). Da validare con almeno una seconda fonte.",
        "country": "GB",
        "city": "n/d",
        "status": "unknown",
        "site_category": "infrastructure",
        "opened_year": null,
        "updated_at": "2026-09-23",
        "confidence": "low",
        "import_source": "osm_overpass",
        "external_id": "osm/way/460210729",
        "sources": [
          {
            "title": "OpenStreetMap / Overpass",
            "url": "https://wiki.openstreetmap.org/wiki/Tag:telecom%3Ddata_center",
            "accessed_at": "2026-09-23",
            "note": "osm_id=460210729"
          }
        ]
      }
    },
    {
      "type": "Feature",
      "geometry": {
        "type": "Point",
        "coordinates": [
          -0.1596895,
          51.2477532
        ]
      },
      "properties": {
        "id": "dc_647",
        "name": "Unit 1",
        "type": "data_center",
        "subtype": "colocation",
        "operator": "Galaxy Data Centers",
        "description_it": "Record da OpenStreetMap (tag data_center). Da validare con almeno una seconda fonte.",
        "country": "GB",
        "city": "n/d",
        "status": "unknown",
        "site_category": "infrastructure",
        "opened_year": null,
        "updated_at": "2026-09-23",
        "confidence": "low",
        "import_source": "osm_overpass",
        "external_id": "osm/way/460244923",
        "sources": [
          {
            "title": "OpenStreetMap / Overpass",
            "url": "https://wiki.openstreetmap.org/wiki/Tag:telecom%3Ddata_center",
            "accessed_at": "2026-09-23",
            "note": "osm_id=460244923"
          }
        ]
      }
    },
    {
      "type": "Feature",
      "geometry": {
        "type": "Point",
        "coordinates": [
          1.3268378,
          48.4705586
        ]
      },
      "properties": {
        "id": "dc_648",
        "name": "Greenfield",
        "type": "data_center",
        "subtype": "colocation",
        "operator": "Crédit Agricole",
        "description_it": "Record da OpenStreetMap (tag data_center). Da validare con almeno una seconda fonte.",
        "country": "FR",
        "city": "n/d",
        "status": "unknown",
        "site_category": "infrastructure",
        "opened_year": null,
        "updated_at": "2026-09-23",
        "confidence": "low",
        "import_source": "osm_overpass",
        "external_id": "osm/way/468717472",
        "sources": [
          {
            "title": "OpenStreetMap / Overpass",
            "url": "https://wiki.openstreetmap.org/wiki/Tag:telecom%3Ddata_center",
            "accessed_at": "2026-09-23",
            "note": "osm_id=468717472"
          }
        ]
      }
    },
    {
      "type": "Feature",
      "geometry": {
        "type": "Point",
        "coordinates": [
          4.8789773,
          45.9038171
        ]
      },
      "properties": {
        "id": "dc_649",
        "name": "Nexeren",
        "type": "data_center",
        "subtype": "colocation",
        "operator": "Nexeren",
        "description_it": "Record da OpenStreetMap (tag data_center). Da validare con almeno una seconda fonte.",
        "country": "FR",
        "city": "n/d",
        "status": "unknown",
        "site_category": "infrastructure",
        "opened_year": null,
        "updated_at": "2026-09-23",
        "confidence": "low",
        "import_source": "osm_overpass",
        "external_id": "osm/way/481746975",
        "sources": [
          {
            "title": "OpenStreetMap / Overpass",
            "url": "https://wiki.openstreetmap.org/wiki/Tag:telecom%3Ddata_center",
            "accessed_at": "2026-09-23",
            "note": "osm_id=481746975"
          }
        ]
      }
    },
    {
      "type": "Feature",
      "geometry": {
        "type": "Point",
        "coordinates": [
          5.0708884,
          47.3149171
        ]
      },
      "properties": {
        "id": "dc_650",
        "name": "Centre de Calcul de l’Université de Bourgogne",
        "type": "data_center",
        "subtype": "colocation",
        "operator": "Unknown",
        "description_it": "Record da OpenStreetMap (tag data_center). Da validare con almeno una seconda fonte.",
        "country": "FR",
        "city": "Dijon",
        "status": "unknown",
        "site_category": "infrastructure",
        "opened_year": null,
        "updated_at": "2026-09-23",
        "confidence": "low",
        "import_source": "osm_overpass",
        "external_id": "osm/way/482853508",
        "sources": [
          {
            "title": "OpenStreetMap / Overpass",
            "url": "https://wiki.openstreetmap.org/wiki/Tag:telecom%3Ddata_center",
            "accessed_at": "2026-09-23",
            "note": "osm_id=482853508"
          }
        ]
      }
    },
    {
      "type": "Feature",
      "geometry": {
        "type": "Point",
        "coordinates": [
          0.76929,
          47.3492238
        ]
      },
      "properties": {
        "id": "dc_651",
        "name": "Castle IT",
        "type": "data_center",
        "subtype": "colocation",
        "operator": "Unknown",
        "description_it": "Record da OpenStreetMap (tag data_center). Da validare con almeno una seconda fonte.",
        "country": "FR",
        "city": "Larçay",
        "status": "unknown",
        "site_category": "infrastructure",
        "opened_year": null,
        "updated_at": "2026-09-23",
        "confidence": "low",
        "import_source": "osm_overpass",
        "external_id": "osm/way/509892105",
        "sources": [
          {
            "title": "OpenStreetMap / Overpass",
            "url": "https://wiki.openstreetmap.org/wiki/Tag:telecom%3Ddata_center",
            "accessed_at": "2026-09-23",
            "note": "osm_id=509892105"
          }
        ]
      }
    },
    {
      "type": "Feature",
      "geometry": {
        "type": "Point",
        "coordinates": [
          -0.7654248,
          51.4129104
        ]
      },
      "properties": {
        "id": "dc_652",
        "name": "EXA Infrastructure - St James House",
        "type": "data_center",
        "subtype": "colocation",
        "operator": "EXA Infrastructure",
        "description_it": "Record da OpenStreetMap (tag data_center). Da validare con almeno una seconda fonte.",
        "country": "GB",
        "city": "n/d",
        "status": "unknown",
        "site_category": "infrastructure",
        "opened_year": null,
        "updated_at": "2026-09-23",
        "confidence": "low",
        "import_source": "osm_overpass",
        "external_id": "osm/way/516481255",
        "sources": [
          {
            "title": "OpenStreetMap / Overpass",
            "url": "https://wiki.openstreetmap.org/wiki/Tag:telecom%3Ddata_center",
            "accessed_at": "2026-09-23",
            "note": "osm_id=516481255"
          }
        ]
      }
    },
    {
      "type": "Feature",
      "geometry": {
        "type": "Point",
        "coordinates": [
          -1.4692613,
          47.2778301
        ]
      },
      "properties": {
        "id": "dc_653",
        "name": "ETIX Nantes #2",
        "type": "data_center",
        "subtype": "colocation",
        "operator": "ETIX",
        "description_it": "Record da OpenStreetMap (tag data_center). Da validare con almeno una seconda fonte.",
        "country": "FR",
        "city": "n/d",
        "status": "unknown",
        "site_category": "infrastructure",
        "opened_year": null,
        "updated_at": "2026-09-23",
        "confidence": "low",
        "import_source": "osm_overpass",
        "external_id": "osm/way/525667518",
        "sources": [
          {
            "title": "OpenStreetMap / Overpass",
            "url": "https://wiki.openstreetmap.org/wiki/Tag:telecom%3Ddata_center",
            "accessed_at": "2026-09-23",
            "note": "osm_id=525667518"
          }
        ]
      }
    },
    {
      "type": "Feature",
      "geometry": {
        "type": "Point",
        "coordinates": [
          -1.6310155,
          47.2314685
        ]
      },
      "properties": {
        "id": "dc_654",
        "name": "ETIX Nantes #1",
        "type": "data_center",
        "subtype": "colocation",
        "operator": "ETIX",
        "description_it": "Record da OpenStreetMap (tag data_center). Da validare con almeno una seconda fonte.",
        "country": "FR",
        "city": "Saint-Herblain",
        "status": "unknown",
        "site_category": "infrastructure",
        "opened_year": null,
        "updated_at": "2026-09-23",
        "confidence": "low",
        "import_source": "osm_overpass",
        "external_id": "osm/way/540389197",
        "sources": [
          {
            "title": "OpenStreetMap / Overpass",
            "url": "https://wiki.openstreetmap.org/wiki/Tag:telecom%3Ddata_center",
            "accessed_at": "2026-09-23",
            "note": "osm_id=540389197"
          }
        ]
      }
    },
    {
      "type": "Feature",
      "geometry": {
        "type": "Point",
        "coordinates": [
          2.1552301,
          51.0166532
        ]
      },
      "properties": {
        "id": "dc_655",
        "name": "OVHcloud Gravelines",
        "type": "data_center",
        "subtype": "colocation",
        "operator": "OVHcloud",
        "description_it": "Record da OpenStreetMap (tag data_center). Da validare con almeno una seconda fonte.",
        "country": "FR",
        "city": "Gravelines",
        "status": "unknown",
        "site_category": "infrastructure",
        "opened_year": null,
        "updated_at": "2026-09-23",
        "confidence": "low",
        "import_source": "osm_overpass",
        "external_id": "osm/way/551480895",
        "sources": [
          {
            "title": "OpenStreetMap / Overpass",
            "url": "https://wiki.openstreetmap.org/wiki/Tag:telecom%3Ddata_center",
            "accessed_at": "2026-09-23",
            "note": "osm_id=551480895"
          }
        ]
      }
    },
    {
      "type": "Feature",
      "geometry": {
        "type": "Point",
        "coordinates": [
          -2.2185032,
          51.4187452
        ]
      },
      "properties": {
        "id": "dc_656",
        "name": "Ark Data Centres",
        "type": "data_center",
        "subtype": "colocation",
        "operator": "Ark Data Centres",
        "description_it": "Record da OpenStreetMap (tag data_center). Da validare con almeno una seconda fonte.",
        "country": "GB",
        "city": "n/d",
        "status": "unknown",
        "site_category": "infrastructure",
        "opened_year": null,
        "updated_at": "2026-09-23",
        "confidence": "low",
        "import_source": "osm_overpass",
        "external_id": "osm/way/574135457",
        "sources": [
          {
            "title": "OpenStreetMap / Overpass",
            "url": "https://wiki.openstreetmap.org/wiki/Tag:telecom%3Ddata_center",
            "accessed_at": "2026-09-23",
            "note": "osm_id=574135457"
          }
        ]
      }
    },
    {
      "type": "Feature",
      "geometry": {
        "type": "Point",
        "coordinates": [
          5.0339152,
          47.2961134
        ]
      },
      "properties": {
        "id": "dc_657",
        "name": "Bouygues Telecom",
        "type": "data_center",
        "subtype": "colocation",
        "operator": "Unknown",
        "description_it": "Record da OpenStreetMap (tag data_center). Da validare con almeno una seconda fonte.",
        "country": "FR",
        "city": "Longvic",
        "status": "unknown",
        "site_category": "infrastructure",
        "opened_year": null,
        "updated_at": "2026-09-23",
        "confidence": "low",
        "import_source": "osm_overpass",
        "external_id": "osm/way/650560924",
        "sources": [
          {
            "title": "OpenStreetMap / Overpass",
            "url": "https://wiki.openstreetmap.org/wiki/Tag:telecom%3Ddata_center",
            "accessed_at": "2026-09-23",
            "note": "osm_id=650560924"
          }
        ]
      }
    },
    {
      "type": "Feature",
      "geometry": {
        "type": "Point",
        "coordinates": [
          4.8898658,
          45.7385751
        ]
      },
      "properties": {
        "id": "dc_658",
        "name": "Free Pro - Datacenter Rock (LYO03)",
        "type": "data_center",
        "subtype": "colocation",
        "operator": "Free Pro (Ex. Jaguar Network - DCforDATA)",
        "description_it": "Record da OpenStreetMap (tag data_center). Da validare con almeno una seconda fonte.",
        "country": "FR",
        "city": "n/d",
        "status": "unknown",
        "site_category": "infrastructure",
        "opened_year": null,
        "updated_at": "2026-09-23",
        "confidence": "low",
        "import_source": "osm_overpass",
        "external_id": "osm/way/664619554",
        "sources": [
          {
            "title": "OpenStreetMap / Overpass",
            "url": "https://wiki.openstreetmap.org/wiki/Tag:telecom%3Ddata_center",
            "accessed_at": "2026-09-23",
            "note": "osm_id=664619554"
          }
        ]
      }
    },
    {
      "type": "Feature",
      "geometry": {
        "type": "Point",
        "coordinates": [
          2.1825313,
          43.9193179
        ]
      },
      "properties": {
        "id": "dc_659",
        "name": "Fil d'Ariane",
        "type": "data_center",
        "subtype": "colocation",
        "operator": "CELESTE",
        "description_it": "Record da OpenStreetMap (tag data_center). Da validare con almeno una seconda fonte.",
        "country": "FR",
        "city": "Albi",
        "status": "unknown",
        "site_category": "infrastructure",
        "opened_year": null,
        "updated_at": "2026-09-23",
        "confidence": "low",
        "import_source": "osm_overpass",
        "external_id": "osm/way/664793692",
        "sources": [
          {
            "title": "OpenStreetMap / Overpass",
            "url": "https://wiki.openstreetmap.org/wiki/Tag:telecom%3Ddata_center",
            "accessed_at": "2026-09-23",
            "note": "osm_id=664793692"
          }
        ]
      }
    },
    {
      "type": "Feature",
      "geometry": {
        "type": "Point",
        "coordinates": [
          -1.9902071,
          46.7386523
        ]
      },
      "properties": {
        "id": "dc_660",
        "name": "Station d'atterrage",
        "type": "data_center",
        "subtype": "colocation",
        "operator": "orange",
        "description_it": "Record da OpenStreetMap (tag data_center). Da validare con almeno una seconda fonte.",
        "country": "FR",
        "city": "n/d",
        "status": "unknown",
        "site_category": "infrastructure",
        "opened_year": null,
        "updated_at": "2026-09-23",
        "confidence": "low",
        "import_source": "osm_overpass",
        "external_id": "osm/way/683531738",
        "sources": [
          {
            "title": "OpenStreetMap / Overpass",
            "url": "https://wiki.openstreetmap.org/wiki/Tag:telecom%3Ddata_center",
            "accessed_at": "2026-09-23",
            "note": "osm_id=683531738"
          }
        ]
      }
    },
    {
      "type": "Feature",
      "geometry": {
        "type": "Point",
        "coordinates": [
          2.587991,
          48.8350291
        ]
      },
      "properties": {
        "id": "dc_661",
        "name": "Datacenter Marilyn",
        "type": "data_center",
        "subtype": "colocation",
        "operator": "Unknown",
        "description_it": "Record da OpenStreetMap (tag data_center). Da validare con almeno una seconda fonte.",
        "country": "FR",
        "city": "Champs-sur-Marne",
        "status": "unknown",
        "site_category": "infrastructure",
        "opened_year": null,
        "updated_at": "2026-09-23",
        "confidence": "low",
        "import_source": "osm_overpass",
        "external_id": "osm/way/700171365",
        "sources": [
          {
            "title": "OpenStreetMap / Overpass",
            "url": "https://wiki.openstreetmap.org/wiki/Tag:telecom%3Ddata_center",
            "accessed_at": "2026-09-23",
            "note": "osm_id=700171365"
          }
        ]
      }
    },
    {
      "type": "Feature",
      "geometry": {
        "type": "Point",
        "coordinates": [
          2.1750597,
          48.8939541
        ]
      },
      "properties": {
        "id": "dc_662",
        "name": "Interxion PAR4",
        "type": "data_center",
        "subtype": "colocation",
        "operator": "Interxion",
        "description_it": "Record da OpenStreetMap (tag data_center). Da validare con almeno una seconda fonte.",
        "country": "FR",
        "city": "Nanterre",
        "status": "unknown",
        "site_category": "infrastructure",
        "opened_year": null,
        "updated_at": "2026-09-23",
        "confidence": "low",
        "import_source": "osm_overpass",
        "external_id": "osm/way/700504282",
        "sources": [
          {
            "title": "OpenStreetMap / Overpass",
            "url": "https://wiki.openstreetmap.org/wiki/Tag:telecom%3Ddata_center",
            "accessed_at": "2026-09-23",
            "note": "osm_id=700504282"
          }
        ]
      }
    },
    {
      "type": "Feature",
      "geometry": {
        "type": "Point",
        "coordinates": [
          -0.1761628,
          51.1274257
        ]
      },
      "properties": {
        "id": "dc_663",
        "name": "Digital Realty LGW15",
        "type": "data_center",
        "subtype": "colocation",
        "operator": "Digital Realty",
        "description_it": "Record da OpenStreetMap (tag data_center). Da validare con almeno una seconda fonte.",
        "country": "GB",
        "city": "n/d",
        "status": "unknown",
        "site_category": "infrastructure",
        "opened_year": null,
        "updated_at": "2026-09-23",
        "confidence": "low",
        "import_source": "osm_overpass",
        "external_id": "osm/way/703332116",
        "sources": [
          {
            "title": "OpenStreetMap / Overpass",
            "url": "https://wiki.openstreetmap.org/wiki/Tag:telecom%3Ddata_center",
            "accessed_at": "2026-09-23",
            "note": "osm_id=703332116"
          }
        ]
      }
    },
    {
      "type": "Feature",
      "geometry": {
        "type": "Point",
        "coordinates": [
          -0.4045035,
          51.4964027
        ]
      },
      "properties": {
        "id": "dc_664",
        "name": "VIRTUS LONDON2",
        "type": "data_center",
        "subtype": "colocation",
        "operator": "VIRTUS",
        "description_it": "Record da OpenStreetMap (tag data_center). Da validare con almeno una seconda fonte.",
        "country": "GB",
        "city": "n/d",
        "status": "unknown",
        "site_category": "infrastructure",
        "opened_year": null,
        "updated_at": "2026-09-23",
        "confidence": "low",
        "import_source": "osm_overpass",
        "external_id": "osm/way/712298673",
        "sources": [
          {
            "title": "OpenStreetMap / Overpass",
            "url": "https://wiki.openstreetmap.org/wiki/Tag:telecom%3Ddata_center",
            "accessed_at": "2026-09-23",
            "note": "osm_id=712298673"
          }
        ]
      }
    },
    {
      "type": "Feature",
      "geometry": {
        "type": "Point",
        "coordinates": [
          -0.6019958,
          51.1864311
        ]
      },
      "properties": {
        "id": "dc_665",
        "name": "Surrey Data Park",
        "type": "data_center",
        "subtype": "colocation",
        "operator": "Unknown",
        "description_it": "Record da OpenStreetMap (tag data_center). Da validare con almeno una seconda fonte.",
        "country": "GB",
        "city": "n/d",
        "status": "unknown",
        "site_category": "infrastructure",
        "opened_year": null,
        "updated_at": "2026-09-23",
        "confidence": "low",
        "import_source": "osm_overpass",
        "external_id": "osm/way/713651005",
        "sources": [
          {
            "title": "OpenStreetMap / Overpass",
            "url": "https://wiki.openstreetmap.org/wiki/Tag:telecom%3Ddata_center",
            "accessed_at": "2026-09-23",
            "note": "osm_id=713651005"
          }
        ]
      }
    },
    {
      "type": "Feature",
      "geometry": {
        "type": "Point",
        "coordinates": [
          -0.7668328,
          51.3330613
        ]
      },
      "properties": {
        "id": "dc_666",
        "name": "Gravity Edge LDN1",
        "type": "data_center",
        "subtype": "colocation",
        "operator": "Gravity Edge",
        "description_it": "Record da OpenStreetMap (tag data_center). Da validare con almeno una seconda fonte.",
        "country": "GB",
        "city": "Camberley",
        "status": "unknown",
        "site_category": "infrastructure",
        "opened_year": null,
        "updated_at": "2026-09-23",
        "confidence": "low",
        "import_source": "osm_overpass",
        "external_id": "osm/way/713940435",
        "sources": [
          {
            "title": "OpenStreetMap / Overpass",
            "url": "https://wiki.openstreetmap.org/wiki/Tag:telecom%3Ddata_center",
            "accessed_at": "2026-09-23",
            "note": "osm_id=713940435"
          }
        ]
      }
    },
    {
      "type": "Feature",
      "geometry": {
        "type": "Point",
        "coordinates": [
          -3.58071,
          51.4918316
        ]
      },
      "properties": {
        "id": "dc_667",
        "name": "CGI Datacenter",
        "type": "data_center",
        "subtype": "colocation",
        "operator": "CGI",
        "description_it": "Record da OpenStreetMap (tag data_center). Da validare con almeno una seconda fonte.",
        "country": "GB",
        "city": "n/d",
        "status": "unknown",
        "site_category": "infrastructure",
        "opened_year": null,
        "updated_at": "2026-09-23",
        "confidence": "low",
        "import_source": "osm_overpass",
        "external_id": "osm/way/732605607",
        "sources": [
          {
            "title": "OpenStreetMap / Overpass",
            "url": "https://wiki.openstreetmap.org/wiki/Tag:telecom%3Ddata_center",
            "accessed_at": "2026-09-23",
            "note": "osm_id=732605607"
          }
        ]
      }
    },
    {
      "type": "Feature",
      "geometry": {
        "type": "Point",
        "coordinates": [
          -3.8141482,
          43.466172
        ]
      },
      "properties": {
        "id": "dc_668",
        "name": "Centro de Procesamiento de Datos del Gobierno de Cantabria",
        "type": "data_center",
        "subtype": "colocation",
        "operator": "Gobienro de Cantabria",
        "description_it": "Record da OpenStreetMap (tag data_center). Da validare con almeno una seconda fonte.",
        "country": "FR",
        "city": "Santander",
        "status": "unknown",
        "site_category": "infrastructure",
        "opened_year": null,
        "updated_at": "2026-09-23",
        "confidence": "low",
        "import_source": "osm_overpass",
        "external_id": "osm/way/780262194",
        "sources": [
          {
            "title": "OpenStreetMap / Overpass",
            "url": "https://wiki.openstreetmap.org/wiki/Tag:telecom%3Ddata_center",
            "accessed_at": "2026-09-23",
            "note": "osm_id=780262194"
          }
        ]
      }
    },
    {
      "type": "Feature",
      "geometry": {
        "type": "Point",
        "coordinates": [
          -0.5979116,
          44.8739908
        ]
      },
      "properties": {
        "id": "dc_669",
        "name": "Aliénor.net",
        "type": "data_center",
        "subtype": "colocation",
        "operator": "Alienor.net",
        "description_it": "Record da OpenStreetMap (tag data_center). Da validare con almeno una seconda fonte.",
        "country": "FR",
        "city": "n/d",
        "status": "unknown",
        "site_category": "infrastructure",
        "opened_year": null,
        "updated_at": "2026-09-23",
        "confidence": "low",
        "import_source": "osm_overpass",
        "external_id": "osm/way/813676827",
        "sources": [
          {
            "title": "OpenStreetMap / Overpass",
            "url": "https://wiki.openstreetmap.org/wiki/Tag:telecom%3Ddata_center",
            "accessed_at": "2026-09-23",
            "note": "osm_id=813676827"
          }
        ]
      }
    },
    {
      "type": "Feature",
      "geometry": {
        "type": "Point",
        "coordinates": [
          0.6864752,
          47.432321
        ]
      },
      "properties": {
        "id": "dc_670",
        "name": "Cogent Tours",
        "type": "data_center",
        "subtype": "colocation",
        "operator": "Cogent",
        "description_it": "Record da OpenStreetMap (tag data_center). Da validare con almeno una seconda fonte.",
        "country": "FR",
        "city": "n/d",
        "status": "unknown",
        "site_category": "infrastructure",
        "opened_year": null,
        "updated_at": "2026-09-23",
        "confidence": "low",
        "import_source": "osm_overpass",
        "external_id": "osm/way/843118512",
        "sources": [
          {
            "title": "OpenStreetMap / Overpass",
            "url": "https://wiki.openstreetmap.org/wiki/Tag:telecom%3Ddata_center",
            "accessed_at": "2026-09-23",
            "note": "osm_id=843118512"
          }
        ]
      }
    },
    {
      "type": "Feature",
      "geometry": {
        "type": "Point",
        "coordinates": [
          2.725104,
          48.8243997
        ]
      },
      "properties": {
        "id": "dc_671",
        "name": "Digital Realty PAR12",
        "type": "data_center",
        "subtype": "colocation",
        "operator": "Digital Realty",
        "description_it": "Record da OpenStreetMap (tag data_center). Da validare con almeno una seconda fonte.",
        "country": "FR",
        "city": "Ferrières-en-Brie",
        "status": "unknown",
        "site_category": "infrastructure",
        "opened_year": null,
        "updated_at": "2026-09-23",
        "confidence": "low",
        "import_source": "osm_overpass",
        "external_id": "osm/way/846779443",
        "sources": [
          {
            "title": "OpenStreetMap / Overpass",
            "url": "https://wiki.openstreetmap.org/wiki/Tag:telecom%3Ddata_center",
            "accessed_at": "2026-09-23",
            "note": "osm_id=846779443"
          }
        ]
      }
    },
    {
      "type": "Feature",
      "geometry": {
        "type": "Point",
        "coordinates": [
          1.8403049,
          48.9660502
        ]
      },
      "properties": {
        "id": "dc_672",
        "name": "Thésée DataCenter",
        "type": "data_center",
        "subtype": "colocation",
        "operator": "Thésée",
        "description_it": "Record da OpenStreetMap (tag data_center). Da validare con almeno una seconda fonte.",
        "country": "FR",
        "city": "n/d",
        "status": "unknown",
        "site_category": "infrastructure",
        "opened_year": null,
        "updated_at": "2026-09-23",
        "confidence": "low",
        "import_source": "osm_overpass",
        "external_id": "osm/way/846872233",
        "sources": [
          {
            "title": "OpenStreetMap / Overpass",
            "url": "https://wiki.openstreetmap.org/wiki/Tag:telecom%3Ddata_center",
            "accessed_at": "2026-09-23",
            "note": "osm_id=846872233"
          }
        ]
      }
    },
    {
      "type": "Feature",
      "geometry": {
        "type": "Point",
        "coordinates": [
          2.0013346,
          48.765411
        ]
      },
      "properties": {
        "id": "dc_673",
        "name": "Site technique SFR",
        "type": "data_center",
        "subtype": "colocation",
        "operator": "SFR",
        "description_it": "Record da OpenStreetMap (tag data_center). Da validare con almeno una seconda fonte.",
        "country": "FR",
        "city": "n/d",
        "status": "unknown",
        "site_category": "infrastructure",
        "opened_year": null,
        "updated_at": "2026-09-23",
        "confidence": "low",
        "import_source": "osm_overpass",
        "external_id": "osm/way/847106822",
        "sources": [
          {
            "title": "OpenStreetMap / Overpass",
            "url": "https://wiki.openstreetmap.org/wiki/Tag:telecom%3Ddata_center",
            "accessed_at": "2026-09-23",
            "note": "osm_id=847106822"
          }
        ]
      }
    },
    {
      "type": "Feature",
      "geometry": {
        "type": "Point",
        "coordinates": [
          2.0757123,
          48.9719875
        ]
      },
      "properties": {
        "id": "dc_674",
        "name": "Site technique SFR",
        "type": "data_center",
        "subtype": "colocation",
        "operator": "SFR",
        "description_it": "Record da OpenStreetMap (tag data_center). Da validare con almeno una seconda fonte.",
        "country": "FR",
        "city": "n/d",
        "status": "unknown",
        "site_category": "infrastructure",
        "opened_year": null,
        "updated_at": "2026-09-23",
        "confidence": "low",
        "import_source": "osm_overpass",
        "external_id": "osm/way/847120472",
        "sources": [
          {
            "title": "OpenStreetMap / Overpass",
            "url": "https://wiki.openstreetmap.org/wiki/Tag:telecom%3Ddata_center",
            "accessed_at": "2026-09-23",
            "note": "osm_id=847120472"
          }
        ]
      }
    },
    {
      "type": "Feature",
      "geometry": {
        "type": "Point",
        "coordinates": [
          2.6456226,
          48.9759541
        ]
      },
      "properties": {
        "id": "dc_675",
        "name": "Site Technique SFR",
        "type": "data_center",
        "subtype": "colocation",
        "operator": "Unknown",
        "description_it": "Record da OpenStreetMap (tag data_center). Da validare con almeno una seconda fonte.",
        "country": "FR",
        "city": "n/d",
        "status": "unknown",
        "site_category": "infrastructure",
        "opened_year": null,
        "updated_at": "2026-09-23",
        "confidence": "low",
        "import_source": "osm_overpass",
        "external_id": "osm/way/847239871",
        "sources": [
          {
            "title": "OpenStreetMap / Overpass",
            "url": "https://wiki.openstreetmap.org/wiki/Tag:telecom%3Ddata_center",
            "accessed_at": "2026-09-23",
            "note": "osm_id=847239871"
          }
        ]
      }
    },
    {
      "type": "Feature",
      "geometry": {
        "type": "Point",
        "coordinates": [
          2.2439717,
          48.7778816
        ]
      },
      "properties": {
        "id": "dc_676",
        "name": "Bâtiment Data Center",
        "type": "data_center",
        "subtype": "colocation",
        "operator": "MBDA France",
        "description_it": "Record da OpenStreetMap (tag data_center). Da validare con almeno una seconda fonte.",
        "country": "FR",
        "city": "n/d",
        "status": "unknown",
        "site_category": "infrastructure",
        "opened_year": null,
        "updated_at": "2026-09-23",
        "confidence": "low",
        "import_source": "osm_overpass",
        "external_id": "osm/way/849203405",
        "sources": [
          {
            "title": "OpenStreetMap / Overpass",
            "url": "https://wiki.openstreetmap.org/wiki/Tag:telecom%3Ddata_center",
            "accessed_at": "2026-09-23",
            "note": "osm_id=849203405"
          }
        ]
      }
    },
    {
      "type": "Feature",
      "geometry": {
        "type": "Point",
        "coordinates": [
          -0.6122317,
          44.8961262
        ]
      },
      "properties": {
        "id": "dc_677",
        "name": "Equinix",
        "type": "data_center",
        "subtype": "colocation",
        "operator": "Equinix",
        "description_it": "Record da OpenStreetMap (tag data_center). Da validare con almeno una seconda fonte.",
        "country": "FR",
        "city": "n/d",
        "status": "unknown",
        "site_category": "infrastructure",
        "opened_year": null,
        "updated_at": "2026-09-23",
        "confidence": "low",
        "import_source": "osm_overpass",
        "external_id": "osm/way/920174789",
        "sources": [
          {
            "title": "OpenStreetMap / Overpass",
            "url": "https://wiki.openstreetmap.org/wiki/Tag:telecom%3Ddata_center",
            "accessed_at": "2026-09-23",
            "note": "osm_id=920174789"
          }
        ]
      }
    },
    {
      "type": "Feature",
      "geometry": {
        "type": "Point",
        "coordinates": [
          -0.5223663,
          45.927469
        ]
      },
      "properties": {
        "id": "dc_678",
        "name": "Datacenter Data17",
        "type": "data_center",
        "subtype": "colocation",
        "operator": "Data17",
        "description_it": "Record da OpenStreetMap (tag data_center). Da validare con almeno una seconda fonte.",
        "country": "FR",
        "city": "n/d",
        "status": "unknown",
        "site_category": "infrastructure",
        "opened_year": null,
        "updated_at": "2026-09-23",
        "confidence": "low",
        "import_source": "osm_overpass",
        "external_id": "osm/way/937369189",
        "sources": [
          {
            "title": "OpenStreetMap / Overpass",
            "url": "https://wiki.openstreetmap.org/wiki/Tag:telecom%3Ddata_center",
            "accessed_at": "2026-09-23",
            "note": "osm_id=937369189"
          }
        ]
      }
    },
    {
      "type": "Feature",
      "geometry": {
        "type": "Point",
        "coordinates": [
          -1.2500233,
          50.9067432
        ]
      },
      "properties": {
        "id": "dc_679",
        "name": "Regit4u",
        "type": "data_center",
        "subtype": "colocation",
        "operator": "Unknown",
        "description_it": "Record da OpenStreetMap (tag data_center). Da validare con almeno una seconda fonte.",
        "country": "GB",
        "city": "n/d",
        "status": "unknown",
        "site_category": "infrastructure",
        "opened_year": null,
        "updated_at": "2026-09-23",
        "confidence": "low",
        "import_source": "osm_overpass",
        "external_id": "osm/way/958673591",
        "sources": [
          {
            "title": "OpenStreetMap / Overpass",
            "url": "https://wiki.openstreetmap.org/wiki/Tag:telecom%3Ddata_center",
            "accessed_at": "2026-09-23",
            "note": "osm_id=958673591"
          }
        ]
      }
    },
    {
      "type": "Feature",
      "geometry": {
        "type": "Point",
        "coordinates": [
          -0.3764998,
          46.3454044
        ]
      },
      "properties": {
        "id": "dc_680",
        "name": "Centre de données MAIF",
        "type": "data_center",
        "subtype": "colocation",
        "operator": "MAIF;DARVA",
        "description_it": "Record da OpenStreetMap (tag data_center). Da validare con almeno una seconda fonte.",
        "country": "FR",
        "city": "n/d",
        "status": "unknown",
        "site_category": "infrastructure",
        "opened_year": null,
        "updated_at": "2026-09-23",
        "confidence": "low",
        "import_source": "osm_overpass",
        "external_id": "osm/way/1030901315",
        "sources": [
          {
            "title": "OpenStreetMap / Overpass",
            "url": "https://wiki.openstreetmap.org/wiki/Tag:telecom%3Ddata_center",
            "accessed_at": "2026-09-23",
            "note": "osm_id=1030901315"
          }
        ]
      }
    },
    {
      "type": "Feature",
      "geometry": {
        "type": "Point",
        "coordinates": [
          -0.8467201,
          41.793854
        ]
      },
      "properties": {
        "id": "dc_681",
        "name": "Amazon Web Services",
        "type": "data_center",
        "subtype": "hyperscale",
        "operator": "Amazon Web Services",
        "description_it": "Record da OpenStreetMap classificato come hyperscale (operatore cloud/campus). Da validare con una seconda fonte.",
        "country": "FR",
        "city": "n/d",
        "status": "unknown",
        "site_category": "infrastructure",
        "opened_year": null,
        "updated_at": "2026-09-23",
        "confidence": "low",
        "import_source": "osm_overpass",
        "external_id": "osm/way/1038096236",
        "sources": [
          {
            "title": "OpenStreetMap / Overpass",
            "url": "https://wiki.openstreetmap.org/wiki/Tag:telecom%3Ddata_center",
            "accessed_at": "2026-09-23",
            "note": "osm_id=1038096236"
          }
        ]
      }
    },
    {
      "type": "Feature",
      "geometry": {
        "type": "Point",
        "coordinates": [
          -0.3789262,
          49.1263362
        ]
      },
      "properties": {
        "id": "dc_682",
        "name": "Webaxys",
        "type": "data_center",
        "subtype": "colocation",
        "operator": "Unknown",
        "description_it": "Record da OpenStreetMap (tag data_center). Da validare con almeno una seconda fonte.",
        "country": "FR",
        "city": "n/d",
        "status": "unknown",
        "site_category": "infrastructure",
        "opened_year": null,
        "updated_at": "2026-09-23",
        "confidence": "low",
        "import_source": "osm_overpass",
        "external_id": "osm/way/1067118191",
        "sources": [
          {
            "title": "OpenStreetMap / Overpass",
            "url": "https://wiki.openstreetmap.org/wiki/Tag:telecom%3Ddata_center",
            "accessed_at": "2026-09-23",
            "note": "osm_id=1067118191"
          }
        ]
      }
    },
    {
      "type": "Feature",
      "geometry": {
        "type": "Point",
        "coordinates": [
          2.1232567,
          41.4896803
        ]
      },
      "properties": {
        "id": "dc_683",
        "name": "Adam",
        "type": "data_center",
        "subtype": "colocation",
        "operator": "Unknown",
        "description_it": "Record da OpenStreetMap (tag data_center). Da validare con almeno una seconda fonte.",
        "country": "FR",
        "city": "Cerdanyola del Vallès",
        "status": "unknown",
        "site_category": "infrastructure",
        "opened_year": null,
        "updated_at": "2026-09-23",
        "confidence": "low",
        "import_source": "osm_overpass",
        "external_id": "osm/way/1077515970",
        "sources": [
          {
            "title": "OpenStreetMap / Overpass",
            "url": "https://wiki.openstreetmap.org/wiki/Tag:telecom%3Ddata_center",
            "accessed_at": "2026-09-23",
            "note": "osm_id=1077515970"
          }
        ]
      }
    },
    {
      "type": "Feature",
      "geometry": {
        "type": "Point",
        "coordinates": [
          -0.4520346,
          42.1032383
        ]
      },
      "properties": {
        "id": "dc_684",
        "name": "Amazon Data Services Spain S.L.U.",
        "type": "data_center",
        "subtype": "hyperscale",
        "operator": "Amazon Web Services",
        "description_it": "Record da OpenStreetMap classificato come hyperscale (operatore cloud/campus). Da validare con una seconda fonte.",
        "country": "FR",
        "city": "n/d",
        "status": "unknown",
        "site_category": "infrastructure",
        "opened_year": null,
        "updated_at": "2026-09-23",
        "confidence": "low",
        "import_source": "osm_overpass",
        "external_id": "osm/way/1085338755",
        "sources": [
          {
            "title": "OpenStreetMap / Overpass",
            "url": "https://wiki.openstreetmap.org/wiki/Tag:telecom%3Ddata_center",
            "accessed_at": "2026-09-23",
            "note": "osm_id=1085338755"
          }
        ]
      }
    },
    {
      "type": "Feature",
      "geometry": {
        "type": "Point",
        "coordinates": [
          1.3937723,
          46.2046254
        ]
      },
      "properties": {
        "id": "dc_685",
        "name": "SostraData",
        "type": "data_center",
        "subtype": "colocation",
        "operator": "SostraData",
        "description_it": "Record da OpenStreetMap (tag data_center). Da validare con almeno una seconda fonte.",
        "country": "FR",
        "city": "n/d",
        "status": "unknown",
        "site_category": "infrastructure",
        "opened_year": null,
        "updated_at": "2026-09-23",
        "confidence": "low",
        "import_source": "osm_overpass",
        "external_id": "osm/way/1118414289",
        "sources": [
          {
            "title": "OpenStreetMap / Overpass",
            "url": "https://wiki.openstreetmap.org/wiki/Tag:telecom%3Ddata_center",
            "accessed_at": "2026-09-23",
            "note": "osm_id=1118414289"
          }
        ]
      }
    },
    {
      "type": "Feature",
      "geometry": {
        "type": "Point",
        "coordinates": [
          -2.9104077,
          42.6981751
        ]
      },
      "properties": {
        "id": "dc_686",
        "name": "Data Center Bilbao Arasur",
        "type": "data_center",
        "subtype": "colocation",
        "operator": "Merlin Properties",
        "description_it": "Record da OpenStreetMap (tag data_center). Da validare con almeno una seconda fonte.",
        "country": "FR",
        "city": "n/d",
        "status": "unknown",
        "site_category": "infrastructure",
        "opened_year": null,
        "updated_at": "2026-09-23",
        "confidence": "low",
        "import_source": "osm_overpass",
        "external_id": "osm/way/1222498765",
        "sources": [
          {
            "title": "OpenStreetMap / Overpass",
            "url": "https://wiki.openstreetmap.org/wiki/Tag:telecom%3Ddata_center",
            "accessed_at": "2026-09-23",
            "note": "osm_id=1222498765"
          }
        ]
      }
    },
    {
      "type": "Feature",
      "geometry": {
        "type": "Point",
        "coordinates": [
          5.9329227,
          43.1278434
        ]
      },
      "properties": {
        "id": "dc_687",
        "name": "XL 360 - Data Center",
        "type": "data_center",
        "subtype": "colocation",
        "operator": "XL 360",
        "description_it": "Record da OpenStreetMap (tag data_center). Da validare con almeno una seconda fonte.",
        "country": "FR",
        "city": "Toulon",
        "status": "unknown",
        "site_category": "infrastructure",
        "opened_year": null,
        "updated_at": "2026-09-23",
        "confidence": "low",
        "import_source": "osm_overpass",
        "external_id": "osm/way/1290285145",
        "sources": [
          {
            "title": "OpenStreetMap / Overpass",
            "url": "https://wiki.openstreetmap.org/wiki/Tag:telecom%3Ddata_center",
            "accessed_at": "2026-09-23",
            "note": "osm_id=1290285145"
          }
        ]
      }
    },
    {
      "type": "Feature",
      "geometry": {
        "type": "Point",
        "coordinates": [
          2.8033037,
          48.836663
        ]
      },
      "properties": {
        "id": "dc_688",
        "name": "Datacenter BNP Paribas Marne Est 2",
        "type": "data_center",
        "subtype": "colocation",
        "operator": "BNP Paribas",
        "description_it": "Record da OpenStreetMap (tag data_center). Da validare con almeno una seconda fonte.",
        "country": "FR",
        "city": "n/d",
        "status": "unknown",
        "site_category": "infrastructure",
        "opened_year": null,
        "updated_at": "2026-09-23",
        "confidence": "low",
        "import_source": "osm_overpass",
        "external_id": "osm/way/1299040068",
        "sources": [
          {
            "title": "OpenStreetMap / Overpass",
            "url": "https://wiki.openstreetmap.org/wiki/Tag:telecom%3Ddata_center",
            "accessed_at": "2026-09-23",
            "note": "osm_id=1299040068"
          }
        ]
      }
    },
    {
      "type": "Feature",
      "geometry": {
        "type": "Point",
        "coordinates": [
          0.7545692,
          43.1166736
        ]
      },
      "properties": {
        "id": "dc_689",
        "name": "Prosoluce SG1",
        "type": "data_center",
        "subtype": "colocation",
        "operator": "Prosoluce",
        "description_it": "Record da OpenStreetMap (tag data_center). Da validare con almeno una seconda fonte.",
        "country": "FR",
        "city": "n/d",
        "status": "unknown",
        "site_category": "infrastructure",
        "opened_year": null,
        "updated_at": "2026-09-23",
        "confidence": "low",
        "import_source": "osm_overpass",
        "external_id": "osm/way/1314442377",
        "sources": [
          {
            "title": "OpenStreetMap / Overpass",
            "url": "https://wiki.openstreetmap.org/wiki/Tag:telecom%3Ddata_center",
            "accessed_at": "2026-09-23",
            "note": "osm_id=1314442377"
          }
        ]
      }
    },
    {
      "type": "Feature",
      "geometry": {
        "type": "Point",
        "coordinates": [
          -1.536068,
          48.1125221
        ]
      },
      "properties": {
        "id": "dc_690",
        "name": "Nation Data Center Rennes",
        "type": "data_center",
        "subtype": "colocation",
        "operator": "Nation Data Center",
        "description_it": "Record da OpenStreetMap (tag data_center). Da validare con almeno una seconda fonte.",
        "country": "FR",
        "city": "n/d",
        "status": "unknown",
        "site_category": "infrastructure",
        "opened_year": null,
        "updated_at": "2026-09-23",
        "confidence": "low",
        "import_source": "osm_overpass",
        "external_id": "osm/way/1361721862",
        "sources": [
          {
            "title": "OpenStreetMap / Overpass",
            "url": "https://wiki.openstreetmap.org/wiki/Tag:telecom%3Ddata_center",
            "accessed_at": "2026-09-23",
            "note": "osm_id=1361721862"
          }
        ]
      }
    },
    {
      "type": "Feature",
      "geometry": {
        "type": "Point",
        "coordinates": [
          2.4091429,
          48.596785
        ]
      },
      "properties": {
        "id": "dc_691",
        "name": "CDG1",
        "type": "data_center",
        "subtype": "colocation",
        "operator": "CloudHQ",
        "description_it": "Record da OpenStreetMap (tag data_center). Da validare con almeno una seconda fonte.",
        "country": "FR",
        "city": "n/d",
        "status": "unknown",
        "site_category": "infrastructure",
        "opened_year": null,
        "updated_at": "2026-09-23",
        "confidence": "low",
        "import_source": "osm_overpass",
        "external_id": "osm/way/1409758368",
        "sources": [
          {
            "title": "OpenStreetMap / Overpass",
            "url": "https://wiki.openstreetmap.org/wiki/Tag:telecom%3Ddata_center",
            "accessed_at": "2026-09-23",
            "note": "osm_id=1409758368"
          }
        ]
      }
    },
    {
      "type": "Feature",
      "geometry": {
        "type": "Point",
        "coordinates": [
          -0.5946346,
          51.3805356
        ]
      },
      "properties": {
        "id": "dc_692",
        "name": "Ark Data Centres - Longcross Park",
        "type": "data_center",
        "subtype": "colocation",
        "operator": "Ark Data Centres",
        "description_it": "Record da OpenStreetMap (tag data_center). Da validare con almeno una seconda fonte.",
        "country": "GB",
        "city": "Chertsey",
        "status": "unknown",
        "site_category": "infrastructure",
        "opened_year": null,
        "updated_at": "2026-09-23",
        "confidence": "low",
        "import_source": "osm_overpass",
        "external_id": "osm/way/1481166632",
        "sources": [
          {
            "title": "OpenStreetMap / Overpass",
            "url": "https://wiki.openstreetmap.org/wiki/Tag:telecom%3Ddata_center",
            "accessed_at": "2026-09-23",
            "note": "osm_id=1481166632"
          }
        ]
      }
    },
    {
      "type": "Feature",
      "geometry": {
        "type": "Point",
        "coordinates": [
          -1.6596899,
          42.817786
        ]
      },
      "properties": {
        "id": "dc_693",
        "name": "CPD Gobierno de Navarra",
        "type": "data_center",
        "subtype": "colocation",
        "operator": "Nasertic",
        "description_it": "Record da OpenStreetMap (tag data_center). Da validare con almeno una seconda fonte.",
        "country": "FR",
        "city": "n/d",
        "status": "unknown",
        "site_category": "infrastructure",
        "opened_year": null,
        "updated_at": "2026-09-23",
        "confidence": "low",
        "import_source": "osm_overpass",
        "external_id": "osm/way/1484174881",
        "sources": [
          {
            "title": "OpenStreetMap / Overpass",
            "url": "https://wiki.openstreetmap.org/wiki/Tag:telecom%3Ddata_center",
            "accessed_at": "2026-09-23",
            "note": "osm_id=1484174881"
          }
        ]
      }
    },
    {
      "type": "Feature",
      "geometry": {
        "type": "Point",
        "coordinates": [
          2.6725645,
          48.8308625
        ]
      },
      "properties": {
        "id": "dc_694",
        "name": "Datacenter IBM",
        "type": "data_center",
        "subtype": "colocation",
        "operator": "IBM",
        "description_it": "Record da OpenStreetMap (tag data_center). Da validare con almeno una seconda fonte.",
        "country": "FR",
        "city": "n/d",
        "status": "unknown",
        "site_category": "infrastructure",
        "opened_year": null,
        "updated_at": "2026-09-23",
        "confidence": "low",
        "import_source": "osm_overpass",
        "external_id": "osm/relation/1604367",
        "sources": [
          {
            "title": "OpenStreetMap / Overpass",
            "url": "https://wiki.openstreetmap.org/wiki/Tag:telecom%3Ddata_center",
            "accessed_at": "2026-09-23",
            "note": "osm_id=1604367"
          }
        ]
      }
    },
    {
      "type": "Feature",
      "geometry": {
        "type": "Point",
        "coordinates": [
          3.1093084,
          45.7627691
        ]
      },
      "properties": {
        "id": "dc_695",
        "name": "Centre Régional de Ressources Informatiques (CRRI)",
        "type": "data_center",
        "subtype": "colocation",
        "operator": "Université Clermont Auvergne",
        "description_it": "Record da OpenStreetMap (tag data_center). Da validare con almeno una seconda fonte.",
        "country": "FR",
        "city": "n/d",
        "status": "unknown",
        "site_category": "infrastructure",
        "opened_year": null,
        "updated_at": "2026-09-23",
        "confidence": "low",
        "import_source": "osm_overpass",
        "external_id": "osm/relation/3358244",
        "sources": [
          {
            "title": "OpenStreetMap / Overpass",
            "url": "https://wiki.openstreetmap.org/wiki/Tag:telecom%3Ddata_center",
            "accessed_at": "2026-09-23",
            "note": "osm_id=3358244"
          }
        ]
      }
    },
    {
      "type": "Feature",
      "geometry": {
        "type": "Point",
        "coordinates": [
          3.84222,
          43.636151
        ]
      },
      "properties": {
        "id": "dc_696",
        "name": "CINES",
        "type": "data_center",
        "subtype": "colocation",
        "operator": "Unknown",
        "description_it": "Record da OpenStreetMap (tag data_center). Da validare con almeno una seconda fonte.",
        "country": "FR",
        "city": "n/d",
        "status": "unknown",
        "site_category": "infrastructure",
        "opened_year": null,
        "updated_at": "2026-09-23",
        "confidence": "low",
        "import_source": "osm_overpass",
        "external_id": "osm/relation/3718269",
        "sources": [
          {
            "title": "OpenStreetMap / Overpass",
            "url": "https://wiki.openstreetmap.org/wiki/Tag:telecom%3Ddata_center",
            "accessed_at": "2026-09-23",
            "note": "osm_id=3718269"
          }
        ]
      }
    },
    {
      "type": "Feature",
      "geometry": {
        "type": "Point",
        "coordinates": [
          -0.8873807,
          51.4373456
        ]
      },
      "properties": {
        "id": "dc_697",
        "name": "CSquare London LHR3",
        "type": "data_center",
        "subtype": "colocation",
        "operator": "CSquare",
        "description_it": "Record da OpenStreetMap (tag data_center). Da validare con almeno una seconda fonte.",
        "country": "GB",
        "city": "n/d",
        "status": "unknown",
        "site_category": "infrastructure",
        "opened_year": null,
        "updated_at": "2026-09-23",
        "confidence": "low",
        "import_source": "osm_overpass",
        "external_id": "osm/relation/6796766",
        "sources": [
          {
            "title": "OpenStreetMap / Overpass",
            "url": "https://wiki.openstreetmap.org/wiki/Tag:telecom%3Ddata_center",
            "accessed_at": "2026-09-23",
            "note": "osm_id=6796766"
          }
        ]
      }
    },
    {
      "type": "Feature",
      "geometry": {
        "type": "Point",
        "coordinates": [
          -0.7960565,
          51.2805849
        ]
      },
      "properties": {
        "id": "dc_698",
        "name": "Datum Farnborough Data Centre",
        "type": "data_center",
        "subtype": "colocation",
        "operator": "Datum",
        "description_it": "Record da OpenStreetMap (tag data_center). Da validare con almeno una seconda fonte.",
        "country": "GB",
        "city": "n/d",
        "status": "unknown",
        "site_category": "infrastructure",
        "opened_year": null,
        "updated_at": "2026-09-23",
        "confidence": "low",
        "import_source": "osm_overpass",
        "external_id": "osm/relation/6796887",
        "sources": [
          {
            "title": "OpenStreetMap / Overpass",
            "url": "https://wiki.openstreetmap.org/wiki/Tag:telecom%3Ddata_center",
            "accessed_at": "2026-09-23",
            "note": "osm_id=6796887"
          }
        ]
      }
    },
    {
      "type": "Feature",
      "geometry": {
        "type": "Point",
        "coordinates": [
          4.772155,
          45.8066814
        ]
      },
      "properties": {
        "id": "dc_699",
        "name": "Free Pro - Datacenter Limonest (LYO02 - DCForData)",
        "type": "data_center",
        "subtype": "colocation",
        "operator": "Free Pro (Ex. Jaguar Network - DCForData)",
        "description_it": "Record da OpenStreetMap (tag data_center). Da validare con almeno una seconda fonte.",
        "country": "FR",
        "city": "n/d",
        "status": "unknown",
        "site_category": "infrastructure",
        "opened_year": null,
        "updated_at": "2026-09-23",
        "confidence": "low",
        "import_source": "osm_overpass",
        "external_id": "osm/relation/9701471",
        "sources": [
          {
            "title": "OpenStreetMap / Overpass",
            "url": "https://wiki.openstreetmap.org/wiki/Tag:telecom%3Ddata_center",
            "accessed_at": "2026-09-23",
            "note": "osm_id=9701471"
          }
        ]
      }
    },
    {
      "type": "Feature",
      "geometry": {
        "type": "Point",
        "coordinates": [
          -0.5892208,
          38.2938412
        ]
      },
      "properties": {
        "id": "dc_700",
        "name": "The Weaver",
        "type": "data_center",
        "subtype": "colocation",
        "operator": "Unknown",
        "description_it": "Record da OpenStreetMap (tag data_center). Da validare con almeno una seconda fonte.",
        "country": "ES",
        "city": "n/d",
        "status": "unknown",
        "site_category": "infrastructure",
        "opened_year": null,
        "updated_at": "2026-09-23",
        "confidence": "low",
        "import_source": "osm_overpass",
        "external_id": "osm/node/6726073926",
        "sources": [
          {
            "title": "OpenStreetMap / Overpass",
            "url": "https://wiki.openstreetmap.org/wiki/Tag:telecom%3Ddata_center",
            "accessed_at": "2026-09-23",
            "note": "osm_id=6726073926"
          }
        ]
      }
    },
    {
      "type": "Feature",
      "geometry": {
        "type": "Point",
        "coordinates": [
          -8.1138058,
          38.0594297
        ]
      },
      "properties": {
        "id": "dc_701",
        "name": "PT",
        "type": "data_center",
        "subtype": "colocation",
        "operator": "MEO",
        "description_it": "Record da OpenStreetMap (tag data_center). Da validare con almeno una seconda fonte.",
        "country": "ES",
        "city": "n/d",
        "status": "unknown",
        "site_category": "infrastructure",
        "opened_year": null,
        "updated_at": "2026-09-23",
        "confidence": "low",
        "import_source": "osm_overpass",
        "external_id": "osm/node/8565642884",
        "sources": [
          {
            "title": "OpenStreetMap / Overpass",
            "url": "https://wiki.openstreetmap.org/wiki/Tag:telecom%3Ddata_center",
            "accessed_at": "2026-09-23",
            "note": "osm_id=8565642884"
          }
        ]
      }
    },
    {
      "type": "Feature",
      "geometry": {
        "type": "Point",
        "coordinates": [
          -3.8773795,
          36.7483885
        ]
      },
      "properties": {
        "id": "dc_702",
        "name": "inforland.com",
        "type": "data_center",
        "subtype": "colocation",
        "operator": "inforland.com",
        "description_it": "Record da OpenStreetMap (tag data_center). Da validare con almeno una seconda fonte.",
        "country": "ES",
        "city": "n/d",
        "status": "unknown",
        "site_category": "infrastructure",
        "opened_year": null,
        "updated_at": "2026-09-23",
        "confidence": "low",
        "import_source": "osm_overpass",
        "external_id": "osm/node/9073360494",
        "sources": [
          {
            "title": "OpenStreetMap / Overpass",
            "url": "https://wiki.openstreetmap.org/wiki/Tag:telecom%3Ddata_center",
            "accessed_at": "2026-09-23",
            "note": "osm_id=9073360494"
          }
        ]
      }
    },
    {
      "type": "Feature",
      "geometry": {
        "type": "Point",
        "coordinates": [
          -3.3410785,
          40.5194363
        ]
      },
      "properties": {
        "id": "dc_703",
        "name": "Centro de Datos Alcalá (Alcalá Data Center)",
        "type": "data_center",
        "subtype": "colocation",
        "operator": "Telefónica",
        "description_it": "Record da OpenStreetMap (tag data_center). Da validare con almeno una seconda fonte.",
        "country": "ES",
        "city": "n/d",
        "status": "unknown",
        "site_category": "infrastructure",
        "opened_year": null,
        "updated_at": "2026-09-23",
        "confidence": "low",
        "import_source": "osm_overpass",
        "external_id": "osm/node/11383639206",
        "sources": [
          {
            "title": "OpenStreetMap / Overpass",
            "url": "https://wiki.openstreetmap.org/wiki/Tag:telecom%3Ddata_center",
            "accessed_at": "2026-09-23",
            "note": "osm_id=11383639206"
          }
        ]
      }
    },
    {
      "type": "Feature",
      "geometry": {
        "type": "Point",
        "coordinates": [
          -5.8576632,
          43.3608394
        ]
      },
      "properties": {
        "id": "dc_704",
        "name": "NTT",
        "type": "data_center",
        "subtype": "colocation",
        "operator": "NTT",
        "description_it": "Record da OpenStreetMap (tag data_center). Da validare con almeno una seconda fonte.",
        "country": "ES",
        "city": "n/d",
        "status": "unknown",
        "site_category": "infrastructure",
        "opened_year": null,
        "updated_at": "2026-09-23",
        "confidence": "low",
        "import_source": "osm_overpass",
        "external_id": "osm/node/11920710931",
        "sources": [
          {
            "title": "OpenStreetMap / Overpass",
            "url": "https://wiki.openstreetmap.org/wiki/Tag:telecom%3Ddata_center",
            "accessed_at": "2026-09-23",
            "note": "osm_id=11920710931"
          }
        ]
      }
    },
    {
      "type": "Feature",
      "geometry": {
        "type": "Point",
        "coordinates": [
          -8.3915752,
          41.4037728
        ]
      },
      "properties": {
        "id": "dc_705",
        "name": "Centro de Computação Avançada do Minho",
        "type": "data_center",
        "subtype": "colocation",
        "operator": "Fundação para a Ciência e Tecnologia",
        "description_it": "Record da OpenStreetMap (tag data_center). Da validare con almeno una seconda fonte.",
        "country": "ES",
        "city": "n/d",
        "status": "unknown",
        "site_category": "infrastructure",
        "opened_year": null,
        "updated_at": "2026-09-23",
        "confidence": "low",
        "import_source": "osm_overpass",
        "external_id": "osm/node/12331077835",
        "sources": [
          {
            "title": "OpenStreetMap / Overpass",
            "url": "https://wiki.openstreetmap.org/wiki/Tag:telecom%3Ddata_center",
            "accessed_at": "2026-09-23",
            "note": "osm_id=12331077835"
          }
        ]
      }
    },
    {
      "type": "Feature",
      "geometry": {
        "type": "Point",
        "coordinates": [
          -9.1233283,
          38.7879102
        ]
      },
      "properties": {
        "id": "dc_706",
        "name": "Equinix LS1",
        "type": "data_center",
        "subtype": "colocation",
        "operator": "Equinix",
        "description_it": "Record da OpenStreetMap (tag data_center). Da validare con almeno una seconda fonte.",
        "country": "ES",
        "city": "Prior Velho",
        "status": "unknown",
        "site_category": "infrastructure",
        "opened_year": null,
        "updated_at": "2026-09-23",
        "confidence": "low",
        "import_source": "osm_overpass",
        "external_id": "osm/way/146664358",
        "sources": [
          {
            "title": "OpenStreetMap / Overpass",
            "url": "https://wiki.openstreetmap.org/wiki/Tag:telecom%3Ddata_center",
            "accessed_at": "2026-09-23",
            "note": "osm_id=146664358"
          }
        ]
      }
    },
    {
      "type": "Feature",
      "geometry": {
        "type": "Point",
        "coordinates": [
          -9.2305421,
          38.7251192
        ]
      },
      "properties": {
        "id": "dc_707",
        "name": "NOS Imopolis II",
        "type": "data_center",
        "subtype": "colocation",
        "operator": "NOS",
        "description_it": "Record da OpenStreetMap (tag data_center). Da validare con almeno una seconda fonte.",
        "country": "ES",
        "city": "n/d",
        "status": "unknown",
        "site_category": "infrastructure",
        "opened_year": null,
        "updated_at": "2026-09-23",
        "confidence": "low",
        "import_source": "osm_overpass",
        "external_id": "osm/way/193317921",
        "sources": [
          {
            "title": "OpenStreetMap / Overpass",
            "url": "https://wiki.openstreetmap.org/wiki/Tag:telecom%3Ddata_center",
            "accessed_at": "2026-09-23",
            "note": "osm_id=193317921"
          }
        ]
      }
    },
    {
      "type": "Feature",
      "geometry": {
        "type": "Point",
        "coordinates": [
          -9.1598566,
          38.6000022
        ]
      },
      "properties": {
        "id": "dc_708",
        "name": "Seixal Colocation Site",
        "type": "data_center",
        "subtype": "colocation",
        "operator": "TATA Communications",
        "description_it": "Record da OpenStreetMap (tag data_center). Da validare con almeno una seconda fonte.",
        "country": "ES",
        "city": "n/d",
        "status": "unknown",
        "site_category": "infrastructure",
        "opened_year": null,
        "updated_at": "2026-09-23",
        "confidence": "low",
        "import_source": "osm_overpass",
        "external_id": "osm/way/359617354",
        "sources": [
          {
            "title": "OpenStreetMap / Overpass",
            "url": "https://wiki.openstreetmap.org/wiki/Tag:telecom%3Ddata_center",
            "accessed_at": "2026-09-23",
            "note": "osm_id=359617354"
          }
        ]
      }
    },
    {
      "type": "Feature",
      "geometry": {
        "type": "Point",
        "coordinates": [
          -3.6569926,
          37.2007619
        ]
      },
      "properties": {
        "id": "dc_709",
        "name": "Cloud Center Andalucía",
        "type": "data_center",
        "subtype": "colocation",
        "operator": "Unknown",
        "description_it": "Record da OpenStreetMap (tag data_center). Da validare con almeno una seconda fonte.",
        "country": "ES",
        "city": "n/d",
        "status": "unknown",
        "site_category": "infrastructure",
        "opened_year": null,
        "updated_at": "2026-09-23",
        "confidence": "low",
        "import_source": "osm_overpass",
        "external_id": "osm/way/591288487",
        "sources": [
          {
            "title": "OpenStreetMap / Overpass",
            "url": "https://wiki.openstreetmap.org/wiki/Tag:telecom%3Ddata_center",
            "accessed_at": "2026-09-23",
            "note": "osm_id=591288487"
          }
        ]
      }
    },
    {
      "type": "Feature",
      "geometry": {
        "type": "Point",
        "coordinates": [
          -7.4795229,
          40.265479
        ]
      },
      "properties": {
        "id": "dc_710",
        "name": "Data Center Portugal Telecom da Covilhã",
        "type": "data_center",
        "subtype": "colocation",
        "operator": "Portugal Telecom",
        "description_it": "Record da OpenStreetMap (tag data_center). Da validare con almeno una seconda fonte.",
        "country": "ES",
        "city": "n/d",
        "status": "unknown",
        "site_category": "infrastructure",
        "opened_year": null,
        "updated_at": "2026-09-23",
        "confidence": "low",
        "import_source": "osm_overpass",
        "external_id": "osm/way/667333147",
        "sources": [
          {
            "title": "OpenStreetMap / Overpass",
            "url": "https://wiki.openstreetmap.org/wiki/Tag:telecom%3Ddata_center",
            "accessed_at": "2026-09-23",
            "note": "osm_id=667333147"
          }
        ]
      }
    },
    {
      "type": "Feature",
      "geometry": {
        "type": "Point",
        "coordinates": [
          -2.0022703,
          37.4514807
        ]
      },
      "properties": {
        "id": "dc_711",
        "name": "centro de datos trasbase Negratín",
        "type": "data_center",
        "subtype": "colocation",
        "operator": "Unknown",
        "description_it": "Record da OpenStreetMap (tag data_center). Da validare con almeno una seconda fonte.",
        "country": "ES",
        "city": "n/d",
        "status": "unknown",
        "site_category": "infrastructure",
        "opened_year": null,
        "updated_at": "2026-09-23",
        "confidence": "low",
        "import_source": "osm_overpass",
        "external_id": "osm/way/1075858825",
        "sources": [
          {
            "title": "OpenStreetMap / Overpass",
            "url": "https://wiki.openstreetmap.org/wiki/Tag:telecom%3Ddata_center",
            "accessed_at": "2026-09-23",
            "note": "osm_id=1075858825"
          }
        ]
      }
    },
    {
      "type": "Feature",
      "geometry": {
        "type": "Point",
        "coordinates": [
          -8.595026,
          41.1777225
        ]
      },
      "properties": {
        "id": "dc_712",
        "name": "D-102",
        "type": "data_center",
        "subtype": "colocation",
        "operator": "Unknown",
        "description_it": "Record da OpenStreetMap (tag data_center). Da validare con almeno una seconda fonte.",
        "country": "ES",
        "city": "n/d",
        "status": "unknown",
        "site_category": "infrastructure",
        "opened_year": null,
        "updated_at": "2026-09-23",
        "confidence": "low",
        "import_source": "osm_overpass",
        "external_id": "osm/way/1205572867",
        "sources": [
          {
            "title": "OpenStreetMap / Overpass",
            "url": "https://wiki.openstreetmap.org/wiki/Tag:telecom%3Ddata_center",
            "accessed_at": "2026-09-23",
            "note": "osm_id=1205572867"
          }
        ]
      }
    },
    {
      "type": "Feature",
      "geometry": {
        "type": "Point",
        "coordinates": [
          -3.6619581,
          40.5345358
        ]
      },
      "properties": {
        "id": "dc_713",
        "name": "Equinix MD6",
        "type": "data_center",
        "subtype": "colocation",
        "operator": "Equinix",
        "description_it": "Record da OpenStreetMap (tag data_center). Da validare con almeno una seconda fonte.",
        "country": "ES",
        "city": "Madrid",
        "status": "unknown",
        "site_category": "infrastructure",
        "opened_year": null,
        "updated_at": "2026-09-23",
        "confidence": "low",
        "import_source": "osm_overpass",
        "external_id": "osm/way/1226425870",
        "sources": [
          {
            "title": "OpenStreetMap / Overpass",
            "url": "https://wiki.openstreetmap.org/wiki/Tag:telecom%3Ddata_center",
            "accessed_at": "2026-09-23",
            "note": "osm_id=1226425870"
          }
        ]
      }
    },
    {
      "type": "Feature",
      "geometry": {
        "type": "Point",
        "coordinates": [
          -1.1708402,
          38.0246444
        ]
      },
      "properties": {
        "id": "dc_714",
        "name": "Data Center KIO Murcia",
        "type": "data_center",
        "subtype": "colocation",
        "operator": "KIO Networks España",
        "description_it": "Record da OpenStreetMap (tag data_center). Da validare con almeno una seconda fonte.",
        "country": "ES",
        "city": "n/d",
        "status": "unknown",
        "site_category": "infrastructure",
        "opened_year": null,
        "updated_at": "2026-09-23",
        "confidence": "low",
        "import_source": "osm_overpass",
        "external_id": "osm/way/1253983161",
        "sources": [
          {
            "title": "OpenStreetMap / Overpass",
            "url": "https://wiki.openstreetmap.org/wiki/Tag:telecom%3Ddata_center",
            "accessed_at": "2026-09-23",
            "note": "osm_id=1253983161"
          }
        ]
      }
    },
    {
      "type": "Feature",
      "geometry": {
        "type": "Point",
        "coordinates": [
          -0.4486838,
          39.5156412
        ]
      },
      "properties": {
        "id": "dc_715",
        "name": "Data Center KIO Valencia",
        "type": "data_center",
        "subtype": "colocation",
        "operator": "KIO Networks España",
        "description_it": "Record da OpenStreetMap (tag data_center). Da validare con almeno una seconda fonte.",
        "country": "ES",
        "city": "n/d",
        "status": "unknown",
        "site_category": "infrastructure",
        "opened_year": null,
        "updated_at": "2026-09-23",
        "confidence": "low",
        "import_source": "osm_overpass",
        "external_id": "osm/way/1253983162",
        "sources": [
          {
            "title": "OpenStreetMap / Overpass",
            "url": "https://wiki.openstreetmap.org/wiki/Tag:telecom%3Ddata_center",
            "accessed_at": "2026-09-23",
            "note": "osm_id=1253983162"
          }
        ]
      }
    },
    {
      "type": "Feature",
      "geometry": {
        "type": "Point",
        "coordinates": [
          -8.3886287,
          39.5997276
        ]
      },
      "properties": {
        "id": "dc_716",
        "name": "Data Center IPT",
        "type": "data_center",
        "subtype": "colocation",
        "operator": "Unknown",
        "description_it": "Record da OpenStreetMap (tag data_center). Da validare con almeno una seconda fonte.",
        "country": "ES",
        "city": "n/d",
        "status": "unknown",
        "site_category": "infrastructure",
        "opened_year": null,
        "updated_at": "2026-09-23",
        "confidence": "low",
        "import_source": "osm_overpass",
        "external_id": "osm/way/1256339859",
        "sources": [
          {
            "title": "OpenStreetMap / Overpass",
            "url": "https://wiki.openstreetmap.org/wiki/Tag:telecom%3Ddata_center",
            "accessed_at": "2026-09-23",
            "note": "osm_id=1256339859"
          }
        ]
      }
    },
    {
      "type": "Feature",
      "geometry": {
        "type": "Point",
        "coordinates": [
          -8.8125832,
          37.9348553
        ]
      },
      "properties": {
        "id": "dc_717",
        "name": "Start SIN01",
        "type": "data_center",
        "subtype": "colocation",
        "operator": "Unknown",
        "description_it": "Record da OpenStreetMap (tag data_center). Da validare con almeno una seconda fonte.",
        "country": "ES",
        "city": "n/d",
        "status": "unknown",
        "site_category": "infrastructure",
        "opened_year": null,
        "updated_at": "2026-09-23",
        "confidence": "low",
        "import_source": "osm_overpass",
        "external_id": "osm/way/1266541682",
        "sources": [
          {
            "title": "OpenStreetMap / Overpass",
            "url": "https://wiki.openstreetmap.org/wiki/Tag:telecom%3Ddata_center",
            "accessed_at": "2026-09-23",
            "note": "osm_id=1266541682"
          }
        ]
      }
    },
    {
      "type": "Feature",
      "geometry": {
        "type": "Point",
        "coordinates": [
          -1.1635378,
          38.0296994
        ]
      },
      "properties": {
        "id": "dc_718",
        "name": "CPD Titan Datacenter",
        "type": "data_center",
        "subtype": "colocation",
        "operator": "Unknown",
        "description_it": "Record da OpenStreetMap (tag data_center). Da validare con almeno una seconda fonte.",
        "country": "ES",
        "city": "n/d",
        "status": "unknown",
        "site_category": "infrastructure",
        "opened_year": null,
        "updated_at": "2026-09-23",
        "confidence": "low",
        "import_source": "osm_overpass",
        "external_id": "osm/way/1411915244",
        "sources": [
          {
            "title": "OpenStreetMap / Overpass",
            "url": "https://wiki.openstreetmap.org/wiki/Tag:telecom%3Ddata_center",
            "accessed_at": "2026-09-23",
            "note": "osm_id=1411915244"
          }
        ]
      }
    },
    {
      "type": "Feature",
      "geometry": {
        "type": "Point",
        "coordinates": [
          -3.6078277,
          40.6706447
        ]
      },
      "properties": {
        "id": "dc_719",
        "name": "Data 4 MAD2 Campus",
        "type": "data_center",
        "subtype": "colocation",
        "operator": "Data4",
        "description_it": "Record da OpenStreetMap (tag data_center). Da validare con almeno una seconda fonte.",
        "country": "ES",
        "city": "San Agustín del Guadalix",
        "status": "unknown",
        "site_category": "infrastructure",
        "opened_year": null,
        "updated_at": "2026-09-23",
        "confidence": "low",
        "import_source": "osm_overpass",
        "external_id": "osm/way/1471935097",
        "sources": [
          {
            "title": "OpenStreetMap / Overpass",
            "url": "https://wiki.openstreetmap.org/wiki/Tag:telecom%3Ddata_center",
            "accessed_at": "2026-09-23",
            "note": "osm_id=1471935097"
          }
        ]
      }
    },
    {
      "type": "Feature",
      "geometry": {
        "type": "Point",
        "coordinates": [
          -3.6479863,
          40.5341327
        ]
      },
      "properties": {
        "id": "dc_720",
        "name": "DATA4 - MAD1",
        "type": "data_center",
        "subtype": "colocation",
        "operator": "Data4",
        "description_it": "Record da OpenStreetMap (tag data_center). Da validare con almeno una seconda fonte.",
        "country": "ES",
        "city": "n/d",
        "status": "unknown",
        "site_category": "infrastructure",
        "opened_year": null,
        "updated_at": "2026-09-23",
        "confidence": "low",
        "import_source": "osm_overpass",
        "external_id": "osm/way/1472194797",
        "sources": [
          {
            "title": "OpenStreetMap / Overpass",
            "url": "https://wiki.openstreetmap.org/wiki/Tag:telecom%3Ddata_center",
            "accessed_at": "2026-09-23",
            "note": "osm_id=1472194797"
          }
        ]
      }
    },
    {
      "type": "Feature",
      "geometry": {
        "type": "Point",
        "coordinates": [
          -3.6136753,
          40.5490838
        ]
      },
      "properties": {
        "id": "dc_721",
        "name": "Microsoft MAD02",
        "type": "data_center",
        "subtype": "hyperscale",
        "operator": "Microsoft",
        "description_it": "Record da OpenStreetMap classificato come hyperscale (operatore cloud/campus). Da validare con una seconda fonte.",
        "country": "ES",
        "city": "n/d",
        "status": "unknown",
        "site_category": "infrastructure",
        "opened_year": null,
        "updated_at": "2026-09-23",
        "confidence": "low",
        "import_source": "osm_overpass",
        "external_id": "osm/way/1505120011",
        "sources": [
          {
            "title": "OpenStreetMap / Overpass",
            "url": "https://wiki.openstreetmap.org/wiki/Tag:telecom%3Ddata_center",
            "accessed_at": "2026-09-23",
            "note": "osm_id=1505120011"
          }
        ]
      }
    },
    {
      "type": "Feature",
      "geometry": {
        "type": "Point",
        "coordinates": [
          -8.6914268,
          42.1667798
        ]
      },
      "properties": {
        "id": "dc_722",
        "name": "Altia Datacenter",
        "type": "data_center",
        "subtype": "colocation",
        "operator": "Altia",
        "description_it": "Record da OpenStreetMap (tag data_center). Da validare con almeno una seconda fonte.",
        "country": "ES",
        "city": "n/d",
        "status": "unknown",
        "site_category": "infrastructure",
        "opened_year": null,
        "updated_at": "2026-09-23",
        "confidence": "low",
        "import_source": "osm_overpass",
        "external_id": "osm/way/1532398543",
        "sources": [
          {
            "title": "OpenStreetMap / Overpass",
            "url": "https://wiki.openstreetmap.org/wiki/Tag:telecom%3Ddata_center",
            "accessed_at": "2026-09-23",
            "note": "osm_id=1532398543"
          }
        ]
      }
    },
    {
      "type": "Feature",
      "geometry": {
        "type": "Point",
        "coordinates": [
          -1.4850823,
          53.3808925
        ]
      },
      "properties": {
        "id": "dc_723",
        "name": "UoS IT Services",
        "type": "data_center",
        "subtype": "colocation",
        "operator": "Unknown",
        "description_it": "Record da OpenStreetMap (tag data_center). Da validare con almeno una seconda fonte.",
        "country": "GB",
        "city": "n/d",
        "status": "unknown",
        "site_category": "infrastructure",
        "opened_year": null,
        "updated_at": "2026-09-23",
        "confidence": "low",
        "import_source": "osm_overpass",
        "external_id": "osm/node/11064014638",
        "sources": [
          {
            "title": "OpenStreetMap / Overpass",
            "url": "https://wiki.openstreetmap.org/wiki/Tag:telecom%3Ddata_center",
            "accessed_at": "2026-09-23",
            "note": "osm_id=11064014638"
          }
        ]
      }
    },
    {
      "type": "Feature",
      "geometry": {
        "type": "Point",
        "coordinates": [
          -1.4793848,
          53.375805
        ]
      },
      "properties": {
        "id": "dc_724",
        "name": "Hive IT",
        "type": "data_center",
        "subtype": "colocation",
        "operator": "Unknown",
        "description_it": "Record da OpenStreetMap (tag data_center). Da validare con almeno una seconda fonte.",
        "country": "GB",
        "city": "n/d",
        "status": "unknown",
        "site_category": "infrastructure",
        "opened_year": null,
        "updated_at": "2026-09-23",
        "confidence": "low",
        "import_source": "osm_overpass",
        "external_id": "osm/node/11167049138",
        "sources": [
          {
            "title": "OpenStreetMap / Overpass",
            "url": "https://wiki.openstreetmap.org/wiki/Tag:telecom%3Ddata_center",
            "accessed_at": "2026-09-23",
            "note": "osm_id=11167049138"
          }
        ]
      }
    },
    {
      "type": "Feature",
      "geometry": {
        "type": "Point",
        "coordinates": [
          -2.2363205,
          53.4642039
        ]
      },
      "properties": {
        "id": "dc_725",
        "name": "Equinix MA1",
        "type": "data_center",
        "subtype": "colocation",
        "operator": "Equinix",
        "description_it": "Record da OpenStreetMap (tag data_center). Da validare con almeno una seconda fonte.",
        "country": "GB",
        "city": "n/d",
        "status": "unknown",
        "site_category": "infrastructure",
        "opened_year": null,
        "updated_at": "2026-09-23",
        "confidence": "low",
        "import_source": "osm_overpass",
        "external_id": "osm/node/12303136063",
        "sources": [
          {
            "title": "OpenStreetMap / Overpass",
            "url": "https://wiki.openstreetmap.org/wiki/Tag:telecom%3Ddata_center",
            "accessed_at": "2026-09-23",
            "note": "osm_id=12303136063"
          }
        ]
      }
    },
    {
      "type": "Feature",
      "geometry": {
        "type": "Point",
        "coordinates": [
          -2.2386018,
          53.4789028
        ]
      },
      "properties": {
        "id": "dc_726",
        "name": "Asanti Manchester",
        "type": "data_center",
        "subtype": "colocation",
        "operator": "Asanti",
        "description_it": "Record da OpenStreetMap (tag data_center). Da validare con almeno una seconda fonte.",
        "country": "GB",
        "city": "Manchester",
        "status": "unknown",
        "site_category": "infrastructure",
        "opened_year": null,
        "updated_at": "2026-09-23",
        "confidence": "low",
        "import_source": "osm_overpass",
        "external_id": "osm/node/14056400574",
        "sources": [
          {
            "title": "OpenStreetMap / Overpass",
            "url": "https://wiki.openstreetmap.org/wiki/Tag:telecom%3Ddata_center",
            "accessed_at": "2026-09-23",
            "note": "osm_id=14056400574"
          }
        ]
      }
    },
    {
      "type": "Feature",
      "geometry": {
        "type": "Point",
        "coordinates": [
          -2.6297586,
          53.4148556
        ]
      },
      "properties": {
        "id": "dc_727",
        "name": "Iron Mountain",
        "type": "data_center",
        "subtype": "colocation",
        "operator": "Unknown",
        "description_it": "Record da OpenStreetMap (tag data_center). Da validare con almeno una seconda fonte.",
        "country": "GB",
        "city": "Warrington",
        "status": "unknown",
        "site_category": "infrastructure",
        "opened_year": null,
        "updated_at": "2026-09-23",
        "confidence": "low",
        "import_source": "osm_overpass",
        "external_id": "osm/way/30914305",
        "sources": [
          {
            "title": "OpenStreetMap / Overpass",
            "url": "https://wiki.openstreetmap.org/wiki/Tag:telecom%3Ddata_center",
            "accessed_at": "2026-09-23",
            "note": "osm_id=30914305"
          }
        ]
      }
    },
    {
      "type": "Feature",
      "geometry": {
        "type": "Point",
        "coordinates": [
          -2.6013747,
          53.4205254
        ]
      },
      "properties": {
        "id": "dc_728",
        "name": "Verizon Warrington",
        "type": "data_center",
        "subtype": "colocation",
        "operator": "Verizion",
        "description_it": "Record da OpenStreetMap (tag data_center). Da validare con almeno una seconda fonte.",
        "country": "GB",
        "city": "Warrington",
        "status": "unknown",
        "site_category": "infrastructure",
        "opened_year": null,
        "updated_at": "2026-09-23",
        "confidence": "low",
        "import_source": "osm_overpass",
        "external_id": "osm/way/30925979",
        "sources": [
          {
            "title": "OpenStreetMap / Overpass",
            "url": "https://wiki.openstreetmap.org/wiki/Tag:telecom%3Ddata_center",
            "accessed_at": "2026-09-23",
            "note": "osm_id=30925979"
          }
        ]
      }
    },
    {
      "type": "Feature",
      "geometry": {
        "type": "Point",
        "coordinates": [
          -2.7340658,
          53.3226483
        ]
      },
      "properties": {
        "id": "dc_729",
        "name": "The Babbage Centre",
        "type": "data_center",
        "subtype": "colocation",
        "operator": "Getronics",
        "description_it": "Record da OpenStreetMap (tag data_center). Da validare con almeno una seconda fonte.",
        "country": "GB",
        "city": "Runcorn",
        "status": "unknown",
        "site_category": "infrastructure",
        "opened_year": null,
        "updated_at": "2026-09-23",
        "confidence": "low",
        "import_source": "osm_overpass",
        "external_id": "osm/way/32295873",
        "sources": [
          {
            "title": "OpenStreetMap / Overpass",
            "url": "https://wiki.openstreetmap.org/wiki/Tag:telecom%3Ddata_center",
            "accessed_at": "2026-09-23",
            "note": "osm_id=32295873"
          }
        ]
      }
    },
    {
      "type": "Feature",
      "geometry": {
        "type": "Point",
        "coordinates": [
          -1.1449628,
          52.8796234
        ]
      },
      "properties": {
        "id": "dc_730",
        "name": "Experian",
        "type": "data_center",
        "subtype": "colocation",
        "operator": "Unknown",
        "description_it": "Record da OpenStreetMap (tag data_center). Da validare con almeno una seconda fonte.",
        "country": "GB",
        "city": "Nottingham",
        "status": "unknown",
        "site_category": "infrastructure",
        "opened_year": null,
        "updated_at": "2026-09-23",
        "confidence": "low",
        "import_source": "osm_overpass",
        "external_id": "osm/way/38575403",
        "sources": [
          {
            "title": "OpenStreetMap / Overpass",
            "url": "https://wiki.openstreetmap.org/wiki/Tag:telecom%3Ddata_center",
            "accessed_at": "2026-09-23",
            "note": "osm_id=38575403"
          }
        ]
      }
    },
    {
      "type": "Feature",
      "geometry": {
        "type": "Point",
        "coordinates": [
          -1.3976736,
          53.6993157
        ]
      },
      "properties": {
        "id": "dc_731",
        "name": "nLighten Leeds",
        "type": "data_center",
        "subtype": "colocation",
        "operator": "nLighten",
        "description_it": "Record da OpenStreetMap (tag data_center). Da validare con almeno una seconda fonte.",
        "country": "GB",
        "city": "n/d",
        "status": "unknown",
        "site_category": "infrastructure",
        "opened_year": null,
        "updated_at": "2026-09-23",
        "confidence": "low",
        "import_source": "osm_overpass",
        "external_id": "osm/way/57977045",
        "sources": [
          {
            "title": "OpenStreetMap / Overpass",
            "url": "https://wiki.openstreetmap.org/wiki/Tag:telecom%3Ddata_center",
            "accessed_at": "2026-09-23",
            "note": "osm_id=57977045"
          }
        ]
      }
    },
    {
      "type": "Feature",
      "geometry": {
        "type": "Point",
        "coordinates": [
          -2.2475306,
          53.4644923
        ]
      },
      "properties": {
        "id": "dc_732",
        "name": "Lunar 1&2",
        "type": "data_center",
        "subtype": "colocation",
        "operator": "Lunar Digital",
        "description_it": "Record da OpenStreetMap (tag data_center). Da validare con almeno una seconda fonte.",
        "country": "GB",
        "city": "Manchester",
        "status": "unknown",
        "site_category": "infrastructure",
        "opened_year": null,
        "updated_at": "2026-09-23",
        "confidence": "low",
        "import_source": "osm_overpass",
        "external_id": "osm/way/59191365",
        "sources": [
          {
            "title": "OpenStreetMap / Overpass",
            "url": "https://wiki.openstreetmap.org/wiki/Tag:telecom%3Ddata_center",
            "accessed_at": "2026-09-23",
            "note": "osm_id=59191365"
          }
        ]
      }
    },
    {
      "type": "Feature",
      "geometry": {
        "type": "Point",
        "coordinates": [
          -2.2585178,
          53.3786359
        ]
      },
      "properties": {
        "id": "dc_733",
        "name": "Datum Datacentres (MCR2)",
        "type": "data_center",
        "subtype": "colocation",
        "operator": "Unknown",
        "description_it": "Record da OpenStreetMap (tag data_center). Da validare con almeno una seconda fonte.",
        "country": "GB",
        "city": "n/d",
        "status": "unknown",
        "site_category": "infrastructure",
        "opened_year": null,
        "updated_at": "2026-09-23",
        "confidence": "low",
        "import_source": "osm_overpass",
        "external_id": "osm/way/103482135",
        "sources": [
          {
            "title": "OpenStreetMap / Overpass",
            "url": "https://wiki.openstreetmap.org/wiki/Tag:telecom%3Ddata_center",
            "accessed_at": "2026-09-23",
            "note": "osm_id=103482135"
          }
        ]
      }
    },
    {
      "type": "Feature",
      "geometry": {
        "type": "Point",
        "coordinates": [
          -1.569003,
          53.9758144
        ]
      },
      "properties": {
        "id": "dc_734",
        "name": "VocaLink",
        "type": "data_center",
        "subtype": "colocation",
        "operator": "Unknown",
        "description_it": "Record da OpenStreetMap (tag data_center). Da validare con almeno una seconda fonte.",
        "country": "GB",
        "city": "Harrogate",
        "status": "unknown",
        "site_category": "infrastructure",
        "opened_year": null,
        "updated_at": "2026-09-23",
        "confidence": "low",
        "import_source": "osm_overpass",
        "external_id": "osm/way/129823651",
        "sources": [
          {
            "title": "OpenStreetMap / Overpass",
            "url": "https://wiki.openstreetmap.org/wiki/Tag:telecom%3Ddata_center",
            "accessed_at": "2026-09-23",
            "note": "osm_id=129823651"
          }
        ]
      }
    },
    {
      "type": "Feature",
      "geometry": {
        "type": "Point",
        "coordinates": [
          -1.8844483,
          53.7084325
        ]
      },
      "properties": {
        "id": "dc_735",
        "name": "Lloyds Banking Group Copley",
        "type": "data_center",
        "subtype": "colocation",
        "operator": "Unknown",
        "description_it": "Record da OpenStreetMap (tag data_center). Da validare con almeno una seconda fonte.",
        "country": "GB",
        "city": "n/d",
        "status": "unknown",
        "site_category": "infrastructure",
        "opened_year": null,
        "updated_at": "2026-09-23",
        "confidence": "low",
        "import_source": "osm_overpass",
        "external_id": "osm/way/147532741",
        "sources": [
          {
            "title": "OpenStreetMap / Overpass",
            "url": "https://wiki.openstreetmap.org/wiki/Tag:telecom%3Ddata_center",
            "accessed_at": "2026-09-23",
            "note": "osm_id=147532741"
          }
        ]
      }
    },
    {
      "type": "Feature",
      "geometry": {
        "type": "Point",
        "coordinates": [
          -2.2934202,
          53.4680158
        ]
      },
      "properties": {
        "id": "dc_736",
        "name": "Joule House",
        "type": "data_center",
        "subtype": "colocation",
        "operator": "Equinix",
        "description_it": "Record da OpenStreetMap (tag data_center). Da validare con almeno una seconda fonte.",
        "country": "GB",
        "city": "n/d",
        "status": "unknown",
        "site_category": "infrastructure",
        "opened_year": null,
        "updated_at": "2026-09-23",
        "confidence": "low",
        "import_source": "osm_overpass",
        "external_id": "osm/way/166407577",
        "sources": [
          {
            "title": "OpenStreetMap / Overpass",
            "url": "https://wiki.openstreetmap.org/wiki/Tag:telecom%3Ddata_center",
            "accessed_at": "2026-09-23",
            "note": "osm_id=166407577"
          }
        ]
      }
    },
    {
      "type": "Feature",
      "geometry": {
        "type": "Point",
        "coordinates": [
          -0.7920692,
          53.0789763
        ]
      },
      "properties": {
        "id": "dc_737",
        "name": "Digital Space DC - Newark",
        "type": "data_center",
        "subtype": "colocation",
        "operator": "Digital Space Group Limited",
        "description_it": "Record da OpenStreetMap (tag data_center). Da validare con almeno una seconda fonte.",
        "country": "GB",
        "city": "Newark",
        "status": "unknown",
        "site_category": "infrastructure",
        "opened_year": null,
        "updated_at": "2026-09-23",
        "confidence": "low",
        "import_source": "osm_overpass",
        "external_id": "osm/way/200649197",
        "sources": [
          {
            "title": "OpenStreetMap / Overpass",
            "url": "https://wiki.openstreetmap.org/wiki/Tag:telecom%3Ddata_center",
            "accessed_at": "2026-09-23",
            "note": "osm_id=200649197"
          }
        ]
      }
    },
    {
      "type": "Feature",
      "geometry": {
        "type": "Point",
        "coordinates": [
          -1.3100648,
          54.633291
        ]
      },
      "properties": {
        "id": "dc_738",
        "name": "DXC Wynyard Data Center",
        "type": "data_center",
        "subtype": "colocation",
        "operator": "HPE",
        "description_it": "Record da OpenStreetMap (tag data_center). Da validare con almeno una seconda fonte.",
        "country": "GB",
        "city": "n/d",
        "status": "unknown",
        "site_category": "infrastructure",
        "opened_year": null,
        "updated_at": "2026-09-23",
        "confidence": "low",
        "import_source": "osm_overpass",
        "external_id": "osm/way/201843176",
        "sources": [
          {
            "title": "OpenStreetMap / Overpass",
            "url": "https://wiki.openstreetmap.org/wiki/Tag:telecom%3Ddata_center",
            "accessed_at": "2026-09-23",
            "note": "osm_id=201843176"
          }
        ]
      }
    },
    {
      "type": "Feature",
      "geometry": {
        "type": "Point",
        "coordinates": [
          -1.8214237,
          53.6938856
        ]
      },
      "properties": {
        "id": "dc_739",
        "name": "Redcentric Elland Data Centre",
        "type": "data_center",
        "subtype": "colocation",
        "operator": "Redcentric",
        "description_it": "Record da OpenStreetMap (tag data_center). Da validare con almeno una seconda fonte.",
        "country": "GB",
        "city": "Elland",
        "status": "unknown",
        "site_category": "infrastructure",
        "opened_year": null,
        "updated_at": "2026-09-23",
        "confidence": "low",
        "import_source": "osm_overpass",
        "external_id": "osm/way/202085268",
        "sources": [
          {
            "title": "OpenStreetMap / Overpass",
            "url": "https://wiki.openstreetmap.org/wiki/Tag:telecom%3Ddata_center",
            "accessed_at": "2026-09-23",
            "note": "osm_id=202085268"
          }
        ]
      }
    },
    {
      "type": "Feature",
      "geometry": {
        "type": "Point",
        "coordinates": [
          -1.5734609,
          53.7830763
        ]
      },
      "properties": {
        "id": "dc_740",
        "name": "GridJet",
        "type": "data_center",
        "subtype": "colocation",
        "operator": "Unknown",
        "description_it": "Record da OpenStreetMap (tag data_center). Da validare con almeno una seconda fonte.",
        "country": "GB",
        "city": "Leeds",
        "status": "unknown",
        "site_category": "infrastructure",
        "opened_year": null,
        "updated_at": "2026-09-23",
        "confidence": "low",
        "import_source": "osm_overpass",
        "external_id": "osm/way/207831858",
        "sources": [
          {
            "title": "OpenStreetMap / Overpass",
            "url": "https://wiki.openstreetmap.org/wiki/Tag:telecom%3Ddata_center",
            "accessed_at": "2026-09-23",
            "note": "osm_id=207831858"
          }
        ]
      }
    },
    {
      "type": "Feature",
      "geometry": {
        "type": "Point",
        "coordinates": [
          -1.2145155,
          53.0064897
        ]
      },
      "properties": {
        "id": "dc_741",
        "name": "nLighten Nottingham",
        "type": "data_center",
        "subtype": "colocation",
        "operator": "nLighten",
        "description_it": "Record da OpenStreetMap (tag data_center). Da validare con almeno una seconda fonte.",
        "country": "GB",
        "city": "Nottingham",
        "status": "unknown",
        "site_category": "infrastructure",
        "opened_year": null,
        "updated_at": "2026-09-23",
        "confidence": "low",
        "import_source": "osm_overpass",
        "external_id": "osm/way/220442829",
        "sources": [
          {
            "title": "OpenStreetMap / Overpass",
            "url": "https://wiki.openstreetmap.org/wiki/Tag:telecom%3Ddata_center",
            "accessed_at": "2026-09-23",
            "note": "osm_id=220442829"
          }
        ]
      }
    },
    {
      "type": "Feature",
      "geometry": {
        "type": "Point",
        "coordinates": [
          -1.492008,
          53.4890823
        ]
      },
      "properties": {
        "id": "dc_742",
        "name": "HSBC Data Centre",
        "type": "data_center",
        "subtype": "colocation",
        "operator": "HSBC",
        "description_it": "Record da OpenStreetMap (tag data_center). Da validare con almeno una seconda fonte.",
        "country": "GB",
        "city": "n/d",
        "status": "unknown",
        "site_category": "infrastructure",
        "opened_year": null,
        "updated_at": "2026-09-23",
        "confidence": "low",
        "import_source": "osm_overpass",
        "external_id": "osm/way/231762788",
        "sources": [
          {
            "title": "OpenStreetMap / Overpass",
            "url": "https://wiki.openstreetmap.org/wiki/Tag:telecom%3Ddata_center",
            "accessed_at": "2026-09-23",
            "note": "osm_id=231762788"
          }
        ]
      }
    },
    {
      "type": "Feature",
      "geometry": {
        "type": "Point",
        "coordinates": [
          -2.9295354,
          53.2452627
        ]
      },
      "properties": {
        "id": "dc_743",
        "name": "nLighten Chester",
        "type": "data_center",
        "subtype": "colocation",
        "operator": "nLighten UK Ltd",
        "description_it": "Record da OpenStreetMap (tag data_center). Da validare con almeno una seconda fonte.",
        "country": "GB",
        "city": "Chester",
        "status": "unknown",
        "site_category": "infrastructure",
        "opened_year": null,
        "updated_at": "2026-09-23",
        "confidence": "low",
        "import_source": "osm_overpass",
        "external_id": "osm/way/256764286",
        "sources": [
          {
            "title": "OpenStreetMap / Overpass",
            "url": "https://wiki.openstreetmap.org/wiki/Tag:telecom%3Ddata_center",
            "accessed_at": "2026-09-23",
            "note": "osm_id=256764286"
          }
        ]
      }
    },
    {
      "type": "Feature",
      "geometry": {
        "type": "Point",
        "coordinates": [
          -1.1120203,
          53.5042725
        ]
      },
      "properties": {
        "id": "dc_744",
        "name": "Thales",
        "type": "data_center",
        "subtype": "colocation",
        "operator": "Thales",
        "description_it": "Record da OpenStreetMap (tag data_center). Da validare con almeno una seconda fonte.",
        "country": "GB",
        "city": "Doncaster",
        "status": "unknown",
        "site_category": "infrastructure",
        "opened_year": null,
        "updated_at": "2026-09-23",
        "confidence": "low",
        "import_source": "osm_overpass",
        "external_id": "osm/way/265076098",
        "sources": [
          {
            "title": "OpenStreetMap / Overpass",
            "url": "https://wiki.openstreetmap.org/wiki/Tag:telecom%3Ddata_center",
            "accessed_at": "2026-09-23",
            "note": "osm_id=265076098"
          }
        ]
      }
    },
    {
      "type": "Feature",
      "geometry": {
        "type": "Point",
        "coordinates": [
          -1.377013,
          53.7034936
        ]
      },
      "properties": {
        "id": "dc_745",
        "name": "HSBC Wakefield Data Centre",
        "type": "data_center",
        "subtype": "colocation",
        "operator": "Unknown",
        "description_it": "Record da OpenStreetMap (tag data_center). Da validare con almeno una seconda fonte.",
        "country": "GB",
        "city": "n/d",
        "status": "unknown",
        "site_category": "infrastructure",
        "opened_year": null,
        "updated_at": "2026-09-23",
        "confidence": "low",
        "import_source": "osm_overpass",
        "external_id": "osm/way/314914896",
        "sources": [
          {
            "title": "OpenStreetMap / Overpass",
            "url": "https://wiki.openstreetmap.org/wiki/Tag:telecom%3Ddata_center",
            "accessed_at": "2026-09-23",
            "note": "osm_id=314914896"
          }
        ]
      }
    },
    {
      "type": "Feature",
      "geometry": {
        "type": "Point",
        "coordinates": [
          -2.1790008,
          53.4082158
        ]
      },
      "properties": {
        "id": "dc_746",
        "name": "CDL Strata Campus Data Centre",
        "type": "data_center",
        "subtype": "colocation",
        "operator": "Unknown",
        "description_it": "Record da OpenStreetMap (tag data_center). Da validare con almeno una seconda fonte.",
        "country": "GB",
        "city": "n/d",
        "status": "unknown",
        "site_category": "infrastructure",
        "opened_year": null,
        "updated_at": "2026-09-23",
        "confidence": "low",
        "import_source": "osm_overpass",
        "external_id": "osm/way/620921953",
        "sources": [
          {
            "title": "OpenStreetMap / Overpass",
            "url": "https://wiki.openstreetmap.org/wiki/Tag:telecom%3Ddata_center",
            "accessed_at": "2026-09-23",
            "note": "osm_id=620921953"
          }
        ]
      }
    },
    {
      "type": "Feature",
      "geometry": {
        "type": "Point",
        "coordinates": [
          -1.5039339,
          55.0171282
        ]
      },
      "properties": {
        "id": "dc_747",
        "name": "Stellium Newcastle Campus",
        "type": "data_center",
        "subtype": "colocation",
        "operator": "Unknown",
        "description_it": "Record da OpenStreetMap (tag data_center). Da validare con almeno una seconda fonte.",
        "country": "GB",
        "city": "Wallsend",
        "status": "unknown",
        "site_category": "infrastructure",
        "opened_year": null,
        "updated_at": "2026-09-23",
        "confidence": "low",
        "import_source": "osm_overpass",
        "external_id": "osm/way/749964337",
        "sources": [
          {
            "title": "OpenStreetMap / Overpass",
            "url": "https://wiki.openstreetmap.org/wiki/Tag:telecom%3Ddata_center",
            "accessed_at": "2026-09-23",
            "note": "osm_id=749964337"
          }
        ]
      }
    },
    {
      "type": "Feature",
      "geometry": {
        "type": "Point",
        "coordinates": [
          -2.9733309,
          53.3433136
        ]
      },
      "properties": {
        "id": "dc_748",
        "name": "nLighten Edge Data Centre Liverpool",
        "type": "data_center",
        "subtype": "colocation",
        "operator": "Unknown",
        "description_it": "Record da OpenStreetMap (tag data_center). Da validare con almeno una seconda fonte.",
        "country": "GB",
        "city": "n/d",
        "status": "unknown",
        "site_category": "infrastructure",
        "opened_year": null,
        "updated_at": "2026-09-23",
        "confidence": "low",
        "import_source": "osm_overpass",
        "external_id": "osm/way/891871959",
        "sources": [
          {
            "title": "OpenStreetMap / Overpass",
            "url": "https://wiki.openstreetmap.org/wiki/Tag:telecom%3Ddata_center",
            "accessed_at": "2026-09-23",
            "note": "osm_id=891871959"
          }
        ]
      }
    },
    {
      "type": "Feature",
      "geometry": {
        "type": "Point",
        "coordinates": [
          -2.3049271,
          53.5077832
        ]
      },
      "properties": {
        "id": "dc_749",
        "name": "Evolution @ Agecroft Commerce Park",
        "type": "data_center",
        "subtype": "colocation",
        "operator": "Unknown",
        "description_it": "Record da OpenStreetMap (tag data_center). Da validare con almeno una seconda fonte.",
        "country": "GB",
        "city": "n/d",
        "status": "unknown",
        "site_category": "infrastructure",
        "opened_year": null,
        "updated_at": "2026-09-23",
        "confidence": "low",
        "import_source": "osm_overpass",
        "external_id": "osm/way/981640451",
        "sources": [
          {
            "title": "OpenStreetMap / Overpass",
            "url": "https://wiki.openstreetmap.org/wiki/Tag:telecom%3Ddata_center",
            "accessed_at": "2026-09-23",
            "note": "osm_id=981640451"
          }
        ]
      }
    },
    {
      "type": "Feature",
      "geometry": {
        "type": "Point",
        "coordinates": [
          -2.1601492,
          57.1525691
        ]
      },
      "properties": {
        "id": "dc_750",
        "name": "Brightsolid",
        "type": "data_center",
        "subtype": "colocation",
        "operator": "brightsolid",
        "description_it": "Record da OpenStreetMap (tag data_center). Da validare con almeno una seconda fonte.",
        "country": "GB",
        "city": "Aberdeen",
        "status": "unknown",
        "site_category": "infrastructure",
        "opened_year": null,
        "updated_at": "2026-09-23",
        "confidence": "low",
        "import_source": "osm_overpass",
        "external_id": "osm/node/9253910552",
        "sources": [
          {
            "title": "OpenStreetMap / Overpass",
            "url": "https://wiki.openstreetmap.org/wiki/Tag:telecom%3Ddata_center",
            "accessed_at": "2026-09-23",
            "note": "osm_id=9253910552"
          }
        ]
      }
    },
    {
      "type": "Feature",
      "geometry": {
        "type": "Point",
        "coordinates": [
          -4.2651336,
          55.8613892
        ]
      },
      "properties": {
        "id": "dc_751",
        "name": "DataVita DV2",
        "type": "data_center",
        "subtype": "colocation",
        "operator": "DataVita",
        "description_it": "Record da OpenStreetMap (tag data_center). Da validare con almeno una seconda fonte.",
        "country": "GB",
        "city": "Glasgow",
        "status": "unknown",
        "site_category": "infrastructure",
        "opened_year": null,
        "updated_at": "2026-09-23",
        "confidence": "low",
        "import_source": "osm_overpass",
        "external_id": "osm/node/12300408592",
        "sources": [
          {
            "title": "OpenStreetMap / Overpass",
            "url": "https://wiki.openstreetmap.org/wiki/Tag:telecom%3Ddata_center",
            "accessed_at": "2026-09-23",
            "note": "osm_id=12300408592"
          }
        ]
      }
    },
    {
      "type": "Feature",
      "geometry": {
        "type": "Point",
        "coordinates": [
          -3.2938083,
          55.9296911
        ]
      },
      "properties": {
        "id": "dc_752",
        "name": "Pulsant Edinburgh South Gyle SC-1",
        "type": "data_center",
        "subtype": "colocation",
        "operator": "Pulsant",
        "description_it": "Record da OpenStreetMap (tag data_center). Da validare con almeno una seconda fonte.",
        "country": "GB",
        "city": "Edinburgh",
        "status": "unknown",
        "site_category": "infrastructure",
        "opened_year": null,
        "updated_at": "2026-09-23",
        "confidence": "low",
        "import_source": "osm_overpass",
        "external_id": "osm/way/37943653",
        "sources": [
          {
            "title": "OpenStreetMap / Overpass",
            "url": "https://wiki.openstreetmap.org/wiki/Tag:telecom%3Ddata_center",
            "accessed_at": "2026-09-23",
            "note": "osm_id=37943653"
          }
        ]
      }
    },
    {
      "type": "Feature",
      "geometry": {
        "type": "Point",
        "coordinates": [
          -3.0866159,
          55.8942976
        ]
      },
      "properties": {
        "id": "dc_753",
        "name": "RBS Melville Gate Data Centre",
        "type": "data_center",
        "subtype": "colocation",
        "operator": "Natwest Group",
        "description_it": "Record da OpenStreetMap (tag data_center). Da validare con almeno una seconda fonte.",
        "country": "GB",
        "city": "n/d",
        "status": "unknown",
        "site_category": "infrastructure",
        "opened_year": null,
        "updated_at": "2026-09-23",
        "confidence": "low",
        "import_source": "osm_overpass",
        "external_id": "osm/way/103765318",
        "sources": [
          {
            "title": "OpenStreetMap / Overpass",
            "url": "https://wiki.openstreetmap.org/wiki/Tag:telecom%3Ddata_center",
            "accessed_at": "2026-09-23",
            "note": "osm_id=103765318"
          }
        ]
      }
    },
    {
      "type": "Feature",
      "geometry": {
        "type": "Point",
        "coordinates": [
          -4.2835487,
          55.8511347
        ]
      },
      "properties": {
        "id": "dc_754",
        "name": "iomart Glasgow Data Centre",
        "type": "data_center",
        "subtype": "colocation",
        "operator": "iomart",
        "description_it": "Record da OpenStreetMap (tag data_center). Da validare con almeno una seconda fonte.",
        "country": "GB",
        "city": "n/d",
        "status": "unknown",
        "site_category": "infrastructure",
        "opened_year": null,
        "updated_at": "2026-09-23",
        "confidence": "low",
        "import_source": "osm_overpass",
        "external_id": "osm/way/133868759",
        "sources": [
          {
            "title": "OpenStreetMap / Overpass",
            "url": "https://wiki.openstreetmap.org/wiki/Tag:telecom%3Ddata_center",
            "accessed_at": "2026-09-23",
            "note": "osm_id=133868759"
          }
        ]
      }
    },
    {
      "type": "Feature",
      "geometry": {
        "type": "Point",
        "coordinates": [
          -3.4812859,
          55.8762813
        ]
      },
      "properties": {
        "id": "dc_755",
        "name": "Sungard Availability Services",
        "type": "data_center",
        "subtype": "colocation",
        "operator": "Unknown",
        "description_it": "Record da OpenStreetMap (tag data_center). Da validare con almeno una seconda fonte.",
        "country": "GB",
        "city": "n/d",
        "status": "unknown",
        "site_category": "infrastructure",
        "opened_year": null,
        "updated_at": "2026-09-23",
        "confidence": "low",
        "import_source": "osm_overpass",
        "external_id": "osm/way/153267622",
        "sources": [
          {
            "title": "OpenStreetMap / Overpass",
            "url": "https://wiki.openstreetmap.org/wiki/Tag:telecom%3Ddata_center",
            "accessed_at": "2026-09-23",
            "note": "osm_id=153267622"
          }
        ]
      }
    },
    {
      "type": "Feature",
      "geometry": {
        "type": "Point",
        "coordinates": [
          -2.9011761,
          55.9451623
        ]
      },
      "properties": {
        "id": "dc_756",
        "name": "RBS Data Centre",
        "type": "data_center",
        "subtype": "colocation",
        "operator": "NatWest Group",
        "description_it": "Record da OpenStreetMap (tag data_center). Da validare con almeno una seconda fonte.",
        "country": "GB",
        "city": "n/d",
        "status": "unknown",
        "site_category": "infrastructure",
        "opened_year": null,
        "updated_at": "2026-09-23",
        "confidence": "low",
        "import_source": "osm_overpass",
        "external_id": "osm/way/191603111",
        "sources": [
          {
            "title": "OpenStreetMap / Overpass",
            "url": "https://wiki.openstreetmap.org/wiki/Tag:telecom%3Ddata_center",
            "accessed_at": "2026-09-23",
            "note": "osm_id=191603111"
          }
        ]
      }
    },
    {
      "type": "Feature",
      "geometry": {
        "type": "Point",
        "coordinates": [
          -3.4096908,
          55.9293897
        ]
      },
      "properties": {
        "id": "dc_757",
        "name": "Edinburgh SC-3",
        "type": "data_center",
        "subtype": "colocation",
        "operator": "Pulsant",
        "description_it": "Record da OpenStreetMap (tag data_center). Da validare con almeno una seconda fonte.",
        "country": "GB",
        "city": "Edinburgh",
        "status": "unknown",
        "site_category": "infrastructure",
        "opened_year": null,
        "updated_at": "2026-09-23",
        "confidence": "low",
        "import_source": "osm_overpass",
        "external_id": "osm/way/251948724",
        "sources": [
          {
            "title": "OpenStreetMap / Overpass",
            "url": "https://wiki.openstreetmap.org/wiki/Tag:telecom%3Ddata_center",
            "accessed_at": "2026-09-23",
            "note": "osm_id=251948724"
          }
        ]
      }
    },
    {
      "type": "Feature",
      "geometry": {
        "type": "Point",
        "coordinates": [
          -3.9525146,
          55.8344313
        ]
      },
      "properties": {
        "id": "dc_758",
        "name": "DataVita DV1",
        "type": "data_center",
        "subtype": "colocation",
        "operator": "DataVita",
        "description_it": "Record da OpenStreetMap (tag data_center). Da validare con almeno una seconda fonte.",
        "country": "GB",
        "city": "Airdrie",
        "status": "unknown",
        "site_category": "infrastructure",
        "opened_year": null,
        "updated_at": "2026-09-23",
        "confidence": "low",
        "import_source": "osm_overpass",
        "external_id": "osm/way/490844969",
        "sources": [
          {
            "title": "OpenStreetMap / Overpass",
            "url": "https://wiki.openstreetmap.org/wiki/Tag:telecom%3Ddata_center",
            "accessed_at": "2026-09-23",
            "note": "osm_id=490844969"
          }
        ]
      }
    },
    {
      "type": "Feature",
      "geometry": {
        "type": "Point",
        "coordinates": [
          -4.1004178,
          55.7804481
        ]
      },
      "properties": {
        "id": "dc_759",
        "name": "Asanti Hamilton",
        "type": "data_center",
        "subtype": "colocation",
        "operator": "Unknown",
        "description_it": "Record da OpenStreetMap (tag data_center). Da validare con almeno una seconda fonte.",
        "country": "GB",
        "city": "Glasgow",
        "status": "unknown",
        "site_category": "infrastructure",
        "opened_year": null,
        "updated_at": "2026-09-23",
        "confidence": "low",
        "import_source": "osm_overpass",
        "external_id": "osm/way/633645074",
        "sources": [
          {
            "title": "OpenStreetMap / Overpass",
            "url": "https://wiki.openstreetmap.org/wiki/Tag:telecom%3Ddata_center",
            "accessed_at": "2026-09-23",
            "note": "osm_id=633645074"
          }
        ]
      }
    },
    {
      "type": "Feature",
      "geometry": {
        "type": "Point",
        "coordinates": [
          -3.0376928,
          51.5556071
        ]
      },
      "properties": {
        "id": "dc_760",
        "name": "Centerprise International Newport",
        "type": "data_center",
        "subtype": "colocation",
        "operator": "Unknown",
        "description_it": "Record da OpenStreetMap (tag data_center). Da validare con almeno una seconda fonte.",
        "country": "GB",
        "city": "Newport",
        "status": "unknown",
        "site_category": "infrastructure",
        "opened_year": null,
        "updated_at": "2026-09-23",
        "confidence": "low",
        "import_source": "osm_overpass",
        "external_id": "osm/node/11161995738",
        "sources": [
          {
            "title": "OpenStreetMap / Overpass",
            "url": "https://wiki.openstreetmap.org/wiki/Tag:telecom%3Ddata_center",
            "accessed_at": "2026-09-23",
            "note": "osm_id=11161995738"
          }
        ]
      }
    },
    {
      "type": "Feature",
      "geometry": {
        "type": "Point",
        "coordinates": [
          -3.2290026,
          51.6293335
        ]
      },
      "properties": {
        "id": "dc_761",
        "name": "Centerprise International (Distribution)",
        "type": "data_center",
        "subtype": "colocation",
        "operator": "Centerprise International",
        "description_it": "Record da OpenStreetMap (tag data_center). Da validare con almeno una seconda fonte.",
        "country": "GB",
        "city": "Ystrad Mynach",
        "status": "unknown",
        "site_category": "infrastructure",
        "opened_year": null,
        "updated_at": "2026-09-23",
        "confidence": "low",
        "import_source": "osm_overpass",
        "external_id": "osm/node/11162004018",
        "sources": [
          {
            "title": "OpenStreetMap / Overpass",
            "url": "https://wiki.openstreetmap.org/wiki/Tag:telecom%3Ddata_center",
            "accessed_at": "2026-09-23",
            "note": "osm_id=11162004018"
          }
        ]
      }
    },
    {
      "type": "Feature",
      "geometry": {
        "type": "Point",
        "coordinates": [
          -0.0009807,
          51.5206017
        ]
      },
      "properties": {
        "id": "dc_762",
        "name": "Netwise London East",
        "type": "data_center",
        "subtype": "colocation",
        "operator": "Netwise",
        "description_it": "Record da OpenStreetMap (tag data_center). Da validare con almeno una seconda fonte.",
        "country": "GB",
        "city": "n/d",
        "status": "unknown",
        "site_category": "infrastructure",
        "opened_year": null,
        "updated_at": "2026-09-23",
        "confidence": "low",
        "import_source": "osm_overpass",
        "external_id": "osm/node/11640787539",
        "sources": [
          {
            "title": "OpenStreetMap / Overpass",
            "url": "https://wiki.openstreetmap.org/wiki/Tag:telecom%3Ddata_center",
            "accessed_at": "2026-09-23",
            "note": "osm_id=11640787539"
          }
        ]
      }
    },
    {
      "type": "Feature",
      "geometry": {
        "type": "Point",
        "coordinates": [
          -1.7641017,
          51.5240279
        ]
      },
      "properties": {
        "id": "dc_763",
        "name": "AWS Swindon Data Centre",
        "type": "data_center",
        "subtype": "hyperscale",
        "operator": "Amazon Web Services",
        "description_it": "Record da OpenStreetMap classificato come hyperscale (operatore cloud/campus). Da validare con una seconda fonte.",
        "country": "GB",
        "city": "n/d",
        "status": "unknown",
        "site_category": "infrastructure",
        "opened_year": null,
        "updated_at": "2026-09-23",
        "confidence": "low",
        "import_source": "osm_overpass",
        "external_id": "osm/node/11902392009",
        "sources": [
          {
            "title": "OpenStreetMap / Overpass",
            "url": "https://wiki.openstreetmap.org/wiki/Tag:telecom%3Ddata_center",
            "accessed_at": "2026-09-23",
            "note": "osm_id=11902392009"
          }
        ]
      }
    },
    {
      "type": "Feature",
      "geometry": {
        "type": "Point",
        "coordinates": [
          -1.2521857,
          51.759604
        ]
      },
      "properties": {
        "id": "dc_764",
        "name": "University Shared Data Centre",
        "type": "data_center",
        "subtype": "colocation",
        "operator": "University of Oxford",
        "description_it": "Record da OpenStreetMap (tag data_center). Da validare con almeno una seconda fonte.",
        "country": "GB",
        "city": "n/d",
        "status": "unknown",
        "site_category": "infrastructure",
        "opened_year": null,
        "updated_at": "2026-09-23",
        "confidence": "low",
        "import_source": "osm_overpass",
        "external_id": "osm/node/12512246491",
        "sources": [
          {
            "title": "OpenStreetMap / Overpass",
            "url": "https://wiki.openstreetmap.org/wiki/Tag:telecom%3Ddata_center",
            "accessed_at": "2026-09-23",
            "note": "osm_id=12512246491"
          }
        ]
      }
    },
    {
      "type": "Feature",
      "geometry": {
        "type": "Point",
        "coordinates": [
          -2.5817485,
          51.5406763
        ]
      },
      "properties": {
        "id": "dc_765",
        "name": "nLighten Bristol",
        "type": "data_center",
        "subtype": "colocation",
        "operator": "Unknown",
        "description_it": "Record da OpenStreetMap (tag data_center). Da validare con almeno una seconda fonte.",
        "country": "GB",
        "city": "n/d",
        "status": "unknown",
        "site_category": "infrastructure",
        "opened_year": null,
        "updated_at": "2026-09-23",
        "confidence": "low",
        "import_source": "osm_overpass",
        "external_id": "osm/way/17663535",
        "sources": [
          {
            "title": "OpenStreetMap / Overpass",
            "url": "https://wiki.openstreetmap.org/wiki/Tag:telecom%3Ddata_center",
            "accessed_at": "2026-09-23",
            "note": "osm_id=17663535"
          }
        ]
      }
    },
    {
      "type": "Feature",
      "geometry": {
        "type": "Point",
        "coordinates": [
          -0.2778211,
          51.528887
        ]
      },
      "properties": {
        "id": "dc_766",
        "name": "Equinix LD3",
        "type": "data_center",
        "subtype": "colocation",
        "operator": "Equinix",
        "description_it": "Record da OpenStreetMap (tag data_center). Da validare con almeno una seconda fonte.",
        "country": "GB",
        "city": "London",
        "status": "unknown",
        "site_category": "infrastructure",
        "opened_year": null,
        "updated_at": "2026-09-23",
        "confidence": "low",
        "import_source": "osm_overpass",
        "external_id": "osm/way/27618500",
        "sources": [
          {
            "title": "OpenStreetMap / Overpass",
            "url": "https://wiki.openstreetmap.org/wiki/Tag:telecom%3Ddata_center",
            "accessed_at": "2026-09-23",
            "note": "osm_id=27618500"
          }
        ]
      }
    },
    {
      "type": "Feature",
      "geometry": {
        "type": "Point",
        "coordinates": [
          -0.1008144,
          51.5235766
        ]
      },
      "properties": {
        "id": "dc_767",
        "name": "Verne Global London Data Centre",
        "type": "data_center",
        "subtype": "colocation",
        "operator": "Verne Global",
        "description_it": "Record da OpenStreetMap (tag data_center). Da validare con almeno una seconda fonte.",
        "country": "GB",
        "city": "London",
        "status": "unknown",
        "site_category": "infrastructure",
        "opened_year": null,
        "updated_at": "2026-09-23",
        "confidence": "low",
        "import_source": "osm_overpass",
        "external_id": "osm/way/33503496",
        "sources": [
          {
            "title": "OpenStreetMap / Overpass",
            "url": "https://wiki.openstreetmap.org/wiki/Tag:telecom%3Ddata_center",
            "accessed_at": "2026-09-23",
            "note": "osm_id=33503496"
          }
        ]
      }
    },
    {
      "type": "Feature",
      "geometry": {
        "type": "Point",
        "coordinates": [
          -0.0023135,
          51.5111949
        ]
      },
      "properties": {
        "id": "dc_768",
        "name": "Telehouse West",
        "type": "data_center",
        "subtype": "colocation",
        "operator": "Telehouse",
        "description_it": "Record da OpenStreetMap (tag data_center). Da validare con almeno una seconda fonte.",
        "country": "GB",
        "city": "London",
        "status": "unknown",
        "site_category": "infrastructure",
        "opened_year": null,
        "updated_at": "2026-09-23",
        "confidence": "low",
        "import_source": "osm_overpass",
        "external_id": "osm/way/34160179",
        "sources": [
          {
            "title": "OpenStreetMap / Overpass",
            "url": "https://wiki.openstreetmap.org/wiki/Tag:telecom%3Ddata_center",
            "accessed_at": "2026-09-23",
            "note": "osm_id=34160179"
          }
        ]
      }
    },
    {
      "type": "Feature",
      "geometry": {
        "type": "Point",
        "coordinates": [
          -0.4288873,
          51.5013691
        ]
      },
      "properties": {
        "id": "dc_769",
        "name": "Rackspace London 8",
        "type": "data_center",
        "subtype": "colocation",
        "operator": "Rackspace",
        "description_it": "Record da OpenStreetMap (tag data_center). Da validare con almeno una seconda fonte.",
        "country": "GB",
        "city": "Hayes",
        "status": "unknown",
        "site_category": "infrastructure",
        "opened_year": null,
        "updated_at": "2026-09-23",
        "confidence": "low",
        "import_source": "osm_overpass",
        "external_id": "osm/way/37868350",
        "sources": [
          {
            "title": "OpenStreetMap / Overpass",
            "url": "https://wiki.openstreetmap.org/wiki/Tag:telecom%3Ddata_center",
            "accessed_at": "2026-09-23",
            "note": "osm_id=37868350"
          }
        ]
      }
    },
    {
      "type": "Feature",
      "geometry": {
        "type": "Point",
        "coordinates": [
          -0.58812,
          51.5120622
        ]
      },
      "properties": {
        "id": "dc_770",
        "name": "Elasticity Slough",
        "type": "data_center",
        "subtype": "colocation",
        "operator": "Elasticity",
        "description_it": "Record da OpenStreetMap (tag data_center). Da validare con almeno una seconda fonte.",
        "country": "GB",
        "city": "Slough",
        "status": "unknown",
        "site_category": "infrastructure",
        "opened_year": null,
        "updated_at": "2026-09-23",
        "confidence": "low",
        "import_source": "osm_overpass",
        "external_id": "osm/way/37960145",
        "sources": [
          {
            "title": "OpenStreetMap / Overpass",
            "url": "https://wiki.openstreetmap.org/wiki/Tag:telecom%3Ddata_center",
            "accessed_at": "2026-09-23",
            "note": "osm_id=37960145"
          }
        ]
      }
    },
    {
      "type": "Feature",
      "geometry": {
        "type": "Point",
        "coordinates": [
          -0.2308517,
          51.568191
        ]
      },
      "properties": {
        "id": "dc_771",
        "name": "LDeX 1",
        "type": "data_center",
        "subtype": "colocation",
        "operator": "LDeX Group",
        "description_it": "Record da OpenStreetMap (tag data_center). Da validare con almeno una seconda fonte.",
        "country": "GB",
        "city": "n/d",
        "status": "unknown",
        "site_category": "infrastructure",
        "opened_year": null,
        "updated_at": "2026-09-23",
        "confidence": "low",
        "import_source": "osm_overpass",
        "external_id": "osm/way/38242832",
        "sources": [
          {
            "title": "OpenStreetMap / Overpass",
            "url": "https://wiki.openstreetmap.org/wiki/Tag:telecom%3Ddata_center",
            "accessed_at": "2026-09-23",
            "note": "osm_id=38242832"
          }
        ]
      }
    },
    {
      "type": "Feature",
      "geometry": {
        "type": "Point",
        "coordinates": [
          -0.2371879,
          51.5706229
        ]
      },
      "properties": {
        "id": "dc_772",
        "name": "Pure DC London Brent Cross",
        "type": "data_center",
        "subtype": "colocation",
        "operator": "Pure DC",
        "description_it": "Record da OpenStreetMap (tag data_center). Da validare con almeno una seconda fonte.",
        "country": "GB",
        "city": "n/d",
        "status": "unknown",
        "site_category": "infrastructure",
        "opened_year": null,
        "updated_at": "2026-09-23",
        "confidence": "low",
        "import_source": "osm_overpass",
        "external_id": "osm/way/38246899",
        "sources": [
          {
            "title": "OpenStreetMap / Overpass",
            "url": "https://wiki.openstreetmap.org/wiki/Tag:telecom%3Ddata_center",
            "accessed_at": "2026-09-23",
            "note": "osm_id=38246899"
          }
        ]
      }
    },
    {
      "type": "Feature",
      "geometry": {
        "type": "Point",
        "coordinates": [
          -0.1803439,
          51.5189837
        ]
      },
      "properties": {
        "id": "dc_773",
        "name": "Visa London",
        "type": "data_center",
        "subtype": "colocation",
        "operator": "Unknown",
        "description_it": "Record da OpenStreetMap (tag data_center). Da validare con almeno una seconda fonte.",
        "country": "GB",
        "city": "London",
        "status": "unknown",
        "site_category": "infrastructure",
        "opened_year": null,
        "updated_at": "2026-09-23",
        "confidence": "low",
        "import_source": "osm_overpass",
        "external_id": "osm/way/42031440",
        "sources": [
          {
            "title": "OpenStreetMap / Overpass",
            "url": "https://wiki.openstreetmap.org/wiki/Tag:telecom%3Ddata_center",
            "accessed_at": "2026-09-23",
            "note": "osm_id=42031440"
          }
        ]
      }
    },
    {
      "type": "Feature",
      "geometry": {
        "type": "Point",
        "coordinates": [
          -0.1503563,
          51.6514619
        ]
      },
      "properties": {
        "id": "dc_774",
        "name": "Soverign Data Centre - Metro Point",
        "type": "data_center",
        "subtype": "colocation",
        "operator": "Sovereign Business Integration Group",
        "description_it": "Record da OpenStreetMap (tag data_center). Da validare con almeno una seconda fonte.",
        "country": "GB",
        "city": "Barnet",
        "status": "unknown",
        "site_category": "infrastructure",
        "opened_year": null,
        "updated_at": "2026-09-23",
        "confidence": "low",
        "import_source": "osm_overpass",
        "external_id": "osm/way/43126267",
        "sources": [
          {
            "title": "OpenStreetMap / Overpass",
            "url": "https://wiki.openstreetmap.org/wiki/Tag:telecom%3Ddata_center",
            "accessed_at": "2026-09-23",
            "note": "osm_id=43126267"
          }
        ]
      }
    },
    {
      "type": "Feature",
      "geometry": {
        "type": "Point",
        "coordinates": [
          -0.1000954,
          51.5289786
        ]
      },
      "properties": {
        "id": "dc_775",
        "name": "Stellanor London North",
        "type": "data_center",
        "subtype": "colocation",
        "operator": "Stellanor Data Centers",
        "description_it": "Record da OpenStreetMap (tag data_center). Da validare con almeno una seconda fonte.",
        "country": "GB",
        "city": "London",
        "status": "unknown",
        "site_category": "infrastructure",
        "opened_year": null,
        "updated_at": "2026-09-23",
        "confidence": "low",
        "import_source": "osm_overpass",
        "external_id": "osm/way/44107140",
        "sources": [
          {
            "title": "OpenStreetMap / Overpass",
            "url": "https://wiki.openstreetmap.org/wiki/Tag:telecom%3Ddata_center",
            "accessed_at": "2026-09-23",
            "note": "osm_id=44107140"
          }
        ]
      }
    },
    {
      "type": "Feature",
      "geometry": {
        "type": "Point",
        "coordinates": [
          -0.2558878,
          51.5314309
        ]
      },
      "properties": {
        "id": "dc_776",
        "name": "Equinix LD9",
        "type": "data_center",
        "subtype": "colocation",
        "operator": "Equinix",
        "description_it": "Record da OpenStreetMap (tag data_center). Da validare con almeno una seconda fonte.",
        "country": "GB",
        "city": "n/d",
        "status": "unknown",
        "site_category": "infrastructure",
        "opened_year": null,
        "updated_at": "2026-09-23",
        "confidence": "low",
        "import_source": "osm_overpass",
        "external_id": "osm/way/45131691",
        "sources": [
          {
            "title": "OpenStreetMap / Overpass",
            "url": "https://wiki.openstreetmap.org/wiki/Tag:telecom%3Ddata_center",
            "accessed_at": "2026-09-23",
            "note": "osm_id=45131691"
          }
        ]
      }
    },
    {
      "type": "Feature",
      "geometry": {
        "type": "Point",
        "coordinates": [
          -0.7254074,
          51.5287467
        ]
      },
      "properties": {
        "id": "dc_777",
        "name": "Spectrum House",
        "type": "data_center",
        "subtype": "colocation",
        "operator": "Unknown",
        "description_it": "Record da OpenStreetMap (tag data_center). Da validare con almeno una seconda fonte.",
        "country": "GB",
        "city": "Maidenhead",
        "status": "unknown",
        "site_category": "infrastructure",
        "opened_year": null,
        "updated_at": "2026-09-23",
        "confidence": "low",
        "import_source": "osm_overpass",
        "external_id": "osm/way/49695385",
        "sources": [
          {
            "title": "OpenStreetMap / Overpass",
            "url": "https://wiki.openstreetmap.org/wiki/Tag:telecom%3Ddata_center",
            "accessed_at": "2026-09-23",
            "note": "osm_id=49695385"
          }
        ]
      }
    },
    {
      "type": "Feature",
      "geometry": {
        "type": "Point",
        "coordinates": [
          -0.4427836,
          51.7647283
        ]
      },
      "properties": {
        "id": "dc_778",
        "name": "NTT Hemel Hempstead 2",
        "type": "data_center",
        "subtype": "colocation",
        "operator": "NTT",
        "description_it": "Record da OpenStreetMap (tag data_center). Da validare con almeno una seconda fonte.",
        "country": "GB",
        "city": "Hemel Hempstead",
        "status": "unknown",
        "site_category": "infrastructure",
        "opened_year": null,
        "updated_at": "2026-09-23",
        "confidence": "low",
        "import_source": "osm_overpass",
        "external_id": "osm/way/61995368",
        "sources": [
          {
            "title": "OpenStreetMap / Overpass",
            "url": "https://wiki.openstreetmap.org/wiki/Tag:telecom%3Ddata_center",
            "accessed_at": "2026-09-23",
            "note": "osm_id=61995368"
          }
        ]
      }
    },
    {
      "type": "Feature",
      "geometry": {
        "type": "Point",
        "coordinates": [
          -0.6189727,
          51.5200864
        ]
      },
      "properties": {
        "id": "dc_779",
        "name": "Rackspace London Slough (LON3)",
        "type": "data_center",
        "subtype": "colocation",
        "operator": "Rackspace",
        "description_it": "Record da OpenStreetMap (tag data_center). Da validare con almeno una seconda fonte.",
        "country": "GB",
        "city": "n/d",
        "status": "unknown",
        "site_category": "infrastructure",
        "opened_year": null,
        "updated_at": "2026-09-23",
        "confidence": "low",
        "import_source": "osm_overpass",
        "external_id": "osm/way/81633700",
        "sources": [
          {
            "title": "OpenStreetMap / Overpass",
            "url": "https://wiki.openstreetmap.org/wiki/Tag:telecom%3Ddata_center",
            "accessed_at": "2026-09-23",
            "note": "osm_id=81633700"
          }
        ]
      }
    },
    {
      "type": "Feature",
      "geometry": {
        "type": "Point",
        "coordinates": [
          -0.6292251,
          51.5220008
        ]
      },
      "properties": {
        "id": "dc_780",
        "name": "Equinix LD5",
        "type": "data_center",
        "subtype": "colocation",
        "operator": "Equinix",
        "description_it": "Record da OpenStreetMap (tag data_center). Da validare con almeno una seconda fonte.",
        "country": "GB",
        "city": "Slough",
        "status": "unknown",
        "site_category": "infrastructure",
        "opened_year": null,
        "updated_at": "2026-09-23",
        "confidence": "low",
        "import_source": "osm_overpass",
        "external_id": "osm/way/86528807",
        "sources": [
          {
            "title": "OpenStreetMap / Overpass",
            "url": "https://wiki.openstreetmap.org/wiki/Tag:telecom%3Ddata_center",
            "accessed_at": "2026-09-23",
            "note": "osm_id=86528807"
          }
        ]
      }
    },
    {
      "type": "Feature",
      "geometry": {
        "type": "Point",
        "coordinates": [
          -0.1835561,
          51.799948
        ]
      },
      "properties": {
        "id": "dc_781",
        "name": "Colt London North Data Centre",
        "type": "data_center",
        "subtype": "colocation",
        "operator": "Colt",
        "description_it": "Record da OpenStreetMap (tag data_center). Da validare con almeno una seconda fonte.",
        "country": "GB",
        "city": "Welwyn Garden City",
        "status": "unknown",
        "site_category": "infrastructure",
        "opened_year": null,
        "updated_at": "2026-09-23",
        "confidence": "low",
        "import_source": "osm_overpass",
        "external_id": "osm/way/98134606",
        "sources": [
          {
            "title": "OpenStreetMap / Overpass",
            "url": "https://wiki.openstreetmap.org/wiki/Tag:telecom%3Ddata_center",
            "accessed_at": "2026-09-23",
            "note": "osm_id=98134606"
          }
        ]
      }
    },
    {
      "type": "Feature",
      "geometry": {
        "type": "Point",
        "coordinates": [
          -0.0724737,
          51.513946
        ]
      },
      "properties": {
        "id": "dc_782",
        "name": "Stellanor London East",
        "type": "data_center",
        "subtype": "colocation",
        "operator": "Stellanor Data Centers",
        "description_it": "Record da OpenStreetMap (tag data_center). Da validare con almeno una seconda fonte.",
        "country": "GB",
        "city": "London",
        "status": "unknown",
        "site_category": "infrastructure",
        "opened_year": null,
        "updated_at": "2026-09-23",
        "confidence": "low",
        "import_source": "osm_overpass",
        "external_id": "osm/way/100299967",
        "sources": [
          {
            "title": "OpenStreetMap / Overpass",
            "url": "https://wiki.openstreetmap.org/wiki/Tag:telecom%3Ddata_center",
            "accessed_at": "2026-09-23",
            "note": "osm_id=100299967"
          }
        ]
      }
    },
    {
      "type": "Feature",
      "geometry": {
        "type": "Point",
        "coordinates": [
          -0.0414604,
          51.6195253
        ]
      },
      "properties": {
        "id": "dc_783",
        "name": "Ark Data Centres Meridian Park",
        "type": "data_center",
        "subtype": "colocation",
        "operator": "Ark Data Centres",
        "description_it": "Record da OpenStreetMap (tag data_center). Da validare con almeno una seconda fonte.",
        "country": "GB",
        "city": "London",
        "status": "unknown",
        "site_category": "infrastructure",
        "opened_year": null,
        "updated_at": "2026-09-23",
        "confidence": "low",
        "import_source": "osm_overpass",
        "external_id": "osm/way/131474700",
        "sources": [
          {
            "title": "OpenStreetMap / Overpass",
            "url": "https://wiki.openstreetmap.org/wiki/Tag:telecom%3Ddata_center",
            "accessed_at": "2026-09-23",
            "note": "osm_id=131474700"
          }
        ]
      }
    },
    {
      "type": "Feature",
      "geometry": {
        "type": "Point",
        "coordinates": [
          -0.0828809,
          51.5229321
        ]
      },
      "properties": {
        "id": "dc_784",
        "name": "Redcentric London City",
        "type": "data_center",
        "subtype": "colocation",
        "operator": "Redcentric",
        "description_it": "Record da OpenStreetMap (tag data_center). Da validare con almeno una seconda fonte.",
        "country": "GB",
        "city": "London",
        "status": "unknown",
        "site_category": "infrastructure",
        "opened_year": null,
        "updated_at": "2026-09-23",
        "confidence": "low",
        "import_source": "osm_overpass",
        "external_id": "osm/way/164527297",
        "sources": [
          {
            "title": "OpenStreetMap / Overpass",
            "url": "https://wiki.openstreetmap.org/wiki/Tag:telecom%3Ddata_center",
            "accessed_at": "2026-09-23",
            "note": "osm_id=164527297"
          }
        ]
      }
    },
    {
      "type": "Feature",
      "geometry": {
        "type": "Point",
        "coordinates": [
          -1.8471367,
          51.5515096
        ]
      },
      "properties": {
        "id": "dc_785",
        "name": "Vodafone",
        "type": "data_center",
        "subtype": "colocation",
        "operator": "Unknown",
        "description_it": "Record da OpenStreetMap (tag data_center). Da validare con almeno una seconda fonte.",
        "country": "GB",
        "city": "Swindon",
        "status": "unknown",
        "site_category": "infrastructure",
        "opened_year": null,
        "updated_at": "2026-09-23",
        "confidence": "low",
        "import_source": "osm_overpass",
        "external_id": "osm/way/166184193",
        "sources": [
          {
            "title": "OpenStreetMap / Overpass",
            "url": "https://wiki.openstreetmap.org/wiki/Tag:telecom%3Ddata_center",
            "accessed_at": "2026-09-23",
            "note": "osm_id=166184193"
          }
        ]
      }
    },
    {
      "type": "Feature",
      "geometry": {
        "type": "Point",
        "coordinates": [
          -1.8367418,
          51.5722231
        ]
      },
      "properties": {
        "id": "dc_786",
        "name": "Nationwide Swindon Technology Centre",
        "type": "data_center",
        "subtype": "colocation",
        "operator": "Nationwide Building Society",
        "description_it": "Record da OpenStreetMap (tag data_center). Da validare con almeno una seconda fonte.",
        "country": "GB",
        "city": "Swindon",
        "status": "unknown",
        "site_category": "infrastructure",
        "opened_year": null,
        "updated_at": "2026-09-23",
        "confidence": "low",
        "import_source": "osm_overpass",
        "external_id": "osm/way/166184208",
        "sources": [
          {
            "title": "OpenStreetMap / Overpass",
            "url": "https://wiki.openstreetmap.org/wiki/Tag:telecom%3Ddata_center",
            "accessed_at": "2026-09-23",
            "note": "osm_id=166184208"
          }
        ]
      }
    },
    {
      "type": "Feature",
      "geometry": {
        "type": "Point",
        "coordinates": [
          -0.2068599,
          51.9812122
        ]
      },
      "properties": {
        "id": "dc_787",
        "name": "Starwood House",
        "type": "data_center",
        "subtype": "colocation",
        "operator": "Tesco",
        "description_it": "Record da OpenStreetMap (tag data_center). Da validare con almeno una seconda fonte.",
        "country": "GB",
        "city": "n/d",
        "status": "unknown",
        "site_category": "infrastructure",
        "opened_year": null,
        "updated_at": "2026-09-23",
        "confidence": "low",
        "import_source": "osm_overpass",
        "external_id": "osm/way/178312270",
        "sources": [
          {
            "title": "OpenStreetMap / Overpass",
            "url": "https://wiki.openstreetmap.org/wiki/Tag:telecom%3Ddata_center",
            "accessed_at": "2026-09-23",
            "note": "osm_id=178312270"
          }
        ]
      }
    },
    {
      "type": "Feature",
      "geometry": {
        "type": "Point",
        "coordinates": [
          -0.1864269,
          51.8078965
        ]
      },
      "properties": {
        "id": "dc_788",
        "name": "Hertfordshire Data Centre",
        "type": "data_center",
        "subtype": "colocation",
        "operator": "CapitaLand Ascendas REIT",
        "description_it": "Record da OpenStreetMap (tag data_center). Da validare con almeno una seconda fonte.",
        "country": "GB",
        "city": "Welwyn Garden City",
        "status": "unknown",
        "site_category": "infrastructure",
        "opened_year": null,
        "updated_at": "2026-09-23",
        "confidence": "low",
        "import_source": "osm_overpass",
        "external_id": "osm/way/179698364",
        "sources": [
          {
            "title": "OpenStreetMap / Overpass",
            "url": "https://wiki.openstreetmap.org/wiki/Tag:telecom%3Ddata_center",
            "accessed_at": "2026-09-23",
            "note": "osm_id=179698364"
          }
        ]
      }
    },
    {
      "type": "Feature",
      "geometry": {
        "type": "Point",
        "coordinates": [
          -1.3153016,
          51.5740371
        ]
      },
      "properties": {
        "id": "dc_789",
        "name": "R89",
        "type": "data_center",
        "subtype": "colocation",
        "operator": "Unknown",
        "description_it": "Record da OpenStreetMap (tag data_center). Da validare con almeno una seconda fonte.",
        "country": "GB",
        "city": "Didcot",
        "status": "unknown",
        "site_category": "infrastructure",
        "opened_year": null,
        "updated_at": "2026-09-23",
        "confidence": "low",
        "import_source": "osm_overpass",
        "external_id": "osm/way/200338749",
        "sources": [
          {
            "title": "OpenStreetMap / Overpass",
            "url": "https://wiki.openstreetmap.org/wiki/Tag:telecom%3Ddata_center",
            "accessed_at": "2026-09-23",
            "note": "osm_id=200338749"
          }
        ]
      }
    },
    {
      "type": "Feature",
      "geometry": {
        "type": "Point",
        "coordinates": [
          -0.3206157,
          51.770102
        ]
      },
      "properties": {
        "id": "dc_790",
        "name": "BT Computer Centre",
        "type": "data_center",
        "subtype": "colocation",
        "operator": "Unknown",
        "description_it": "Record da OpenStreetMap (tag data_center). Da validare con almeno una seconda fonte.",
        "country": "GB",
        "city": "St Albans",
        "status": "unknown",
        "site_category": "infrastructure",
        "opened_year": null,
        "updated_at": "2026-09-23",
        "confidence": "low",
        "import_source": "osm_overpass",
        "external_id": "osm/way/203500066",
        "sources": [
          {
            "title": "OpenStreetMap / Overpass",
            "url": "https://wiki.openstreetmap.org/wiki/Tag:telecom%3Ddata_center",
            "accessed_at": "2026-09-23",
            "note": "osm_id=203500066"
          }
        ]
      }
    },
    {
      "type": "Feature",
      "geometry": {
        "type": "Point",
        "coordinates": [
          -0.3366447,
          51.5425077
        ]
      },
      "properties": {
        "id": "dc_791",
        "name": "Kyndryl UK Ltd",
        "type": "data_center",
        "subtype": "colocation",
        "operator": "Unknown",
        "description_it": "Record da OpenStreetMap (tag data_center). Da validare con almeno una seconda fonte.",
        "country": "GB",
        "city": "n/d",
        "status": "unknown",
        "site_category": "infrastructure",
        "opened_year": null,
        "updated_at": "2026-09-23",
        "confidence": "low",
        "import_source": "osm_overpass",
        "external_id": "osm/way/218905097",
        "sources": [
          {
            "title": "OpenStreetMap / Overpass",
            "url": "https://wiki.openstreetmap.org/wiki/Tag:telecom%3Ddata_center",
            "accessed_at": "2026-09-23",
            "note": "osm_id=218905097"
          }
        ]
      }
    },
    {
      "type": "Feature",
      "geometry": {
        "type": "Point",
        "coordinates": [
          -0.4463277,
          51.5027785
        ]
      },
      "properties": {
        "id": "dc_792",
        "name": "CyrusOne LON2",
        "type": "data_center",
        "subtype": "hyperscale",
        "operator": "CyrusOne",
        "description_it": "Record da OpenStreetMap classificato come hyperscale (operatore cloud/campus). Da validare con una seconda fonte.",
        "country": "GB",
        "city": "West Drayton",
        "status": "unknown",
        "site_category": "infrastructure",
        "opened_year": null,
        "updated_at": "2026-09-23",
        "confidence": "low",
        "import_source": "osm_overpass",
        "external_id": "osm/way/221131413",
        "sources": [
          {
            "title": "OpenStreetMap / Overpass",
            "url": "https://wiki.openstreetmap.org/wiki/Tag:telecom%3Ddata_center",
            "accessed_at": "2026-09-23",
            "note": "osm_id=221131413"
          }
        ]
      }
    },
    {
      "type": "Feature",
      "geometry": {
        "type": "Point",
        "coordinates": [
          -0.3639385,
          51.5453478
        ]
      },
      "properties": {
        "id": "dc_793",
        "name": "Kao Data KLON-05",
        "type": "data_center",
        "subtype": "colocation",
        "operator": "Kao Data",
        "description_it": "Record da OpenStreetMap (tag data_center). Da validare con almeno una seconda fonte.",
        "country": "GB",
        "city": "n/d",
        "status": "unknown",
        "site_category": "infrastructure",
        "opened_year": null,
        "updated_at": "2026-09-23",
        "confidence": "low",
        "import_source": "osm_overpass",
        "external_id": "osm/way/222789497",
        "sources": [
          {
            "title": "OpenStreetMap / Overpass",
            "url": "https://wiki.openstreetmap.org/wiki/Tag:telecom%3Ddata_center",
            "accessed_at": "2026-09-23",
            "note": "osm_id=222789497"
          }
        ]
      }
    },
    {
      "type": "Feature",
      "geometry": {
        "type": "Point",
        "coordinates": [
          -0.6378088,
          51.5249468
        ]
      },
      "properties": {
        "id": "dc_794",
        "name": "Virgin Media O2 Slough",
        "type": "data_center",
        "subtype": "colocation",
        "operator": "Virgin Media",
        "description_it": "Record da OpenStreetMap (tag data_center). Da validare con almeno una seconda fonte.",
        "country": "GB",
        "city": "n/d",
        "status": "unknown",
        "site_category": "infrastructure",
        "opened_year": null,
        "updated_at": "2026-09-23",
        "confidence": "low",
        "import_source": "osm_overpass",
        "external_id": "osm/way/225909384",
        "sources": [
          {
            "title": "OpenStreetMap / Overpass",
            "url": "https://wiki.openstreetmap.org/wiki/Tag:telecom%3Ddata_center",
            "accessed_at": "2026-09-23",
            "note": "osm_id=225909384"
          }
        ]
      }
    },
    {
      "type": "Feature",
      "geometry": {
        "type": "Point",
        "coordinates": [
          -0.0553626,
          51.6519012
        ]
      },
      "properties": {
        "id": "dc_795",
        "name": "Virtus LONDON1",
        "type": "data_center",
        "subtype": "colocation",
        "operator": "Unknown",
        "description_it": "Record da OpenStreetMap (tag data_center). Da validare con almeno una seconda fonte.",
        "country": "GB",
        "city": "Enfield",
        "status": "unknown",
        "site_category": "infrastructure",
        "opened_year": null,
        "updated_at": "2026-09-23",
        "confidence": "low",
        "import_source": "osm_overpass",
        "external_id": "osm/way/240952254",
        "sources": [
          {
            "title": "OpenStreetMap / Overpass",
            "url": "https://wiki.openstreetmap.org/wiki/Tag:telecom%3Ddata_center",
            "accessed_at": "2026-09-23",
            "note": "osm_id=240952254"
          }
        ]
      }
    },
    {
      "type": "Feature",
      "geometry": {
        "type": "Point",
        "coordinates": [
          -0.0731386,
          51.5215881
        ]
      },
      "properties": {
        "id": "dc_796",
        "name": "Digital Realty London LON3",
        "type": "data_center",
        "subtype": "colocation",
        "operator": "Digital Realty",
        "description_it": "Record da OpenStreetMap (tag data_center). Da validare con almeno una seconda fonte.",
        "country": "GB",
        "city": "London",
        "status": "unknown",
        "site_category": "infrastructure",
        "opened_year": null,
        "updated_at": "2026-09-23",
        "confidence": "low",
        "import_source": "osm_overpass",
        "external_id": "osm/way/270426364",
        "sources": [
          {
            "title": "OpenStreetMap / Overpass",
            "url": "https://wiki.openstreetmap.org/wiki/Tag:telecom%3Ddata_center",
            "accessed_at": "2026-09-23",
            "note": "osm_id=270426364"
          }
        ]
      }
    },
    {
      "type": "Feature",
      "geometry": {
        "type": "Point",
        "coordinates": [
          -0.6162721,
          51.51557
        ]
      },
      "properties": {
        "id": "dc_797",
        "name": "Kao Data KLON-06",
        "type": "data_center",
        "subtype": "colocation",
        "operator": "Kao Data",
        "description_it": "Record da OpenStreetMap (tag data_center). Da validare con almeno una seconda fonte.",
        "country": "GB",
        "city": "Slough",
        "status": "unknown",
        "site_category": "infrastructure",
        "opened_year": null,
        "updated_at": "2026-09-23",
        "confidence": "low",
        "import_source": "osm_overpass",
        "external_id": "osm/way/447245009",
        "sources": [
          {
            "title": "OpenStreetMap / Overpass",
            "url": "https://wiki.openstreetmap.org/wiki/Tag:telecom%3Ddata_center",
            "accessed_at": "2026-09-23",
            "note": "osm_id=447245009"
          }
        ]
      }
    },
    {
      "type": "Feature",
      "geometry": {
        "type": "Point",
        "coordinates": [
          -0.4271464,
          51.5067717
        ]
      },
      "properties": {
        "id": "dc_798",
        "name": "UBS Data Centre",
        "type": "data_center",
        "subtype": "colocation",
        "operator": "UBS",
        "description_it": "Record da OpenStreetMap (tag data_center). Da validare con almeno una seconda fonte.",
        "country": "GB",
        "city": "Hayes",
        "status": "unknown",
        "site_category": "infrastructure",
        "opened_year": null,
        "updated_at": "2026-09-23",
        "confidence": "low",
        "import_source": "osm_overpass",
        "external_id": "osm/way/459589221",
        "sources": [
          {
            "title": "OpenStreetMap / Overpass",
            "url": "https://wiki.openstreetmap.org/wiki/Tag:telecom%3Ddata_center",
            "accessed_at": "2026-09-23",
            "note": "osm_id=459589221"
          }
        ]
      }
    },
    {
      "type": "Feature",
      "geometry": {
        "type": "Point",
        "coordinates": [
          -0.4276473,
          51.6428492
        ]
      },
      "properties": {
        "id": "dc_799",
        "name": "The Chess Building",
        "type": "data_center",
        "subtype": "colocation",
        "operator": "CapitaLand Ascendas REIT",
        "description_it": "Record da OpenStreetMap (tag data_center). Da validare con almeno una seconda fonte.",
        "country": "GB",
        "city": "Watford",
        "status": "unknown",
        "site_category": "infrastructure",
        "opened_year": null,
        "updated_at": "2026-09-23",
        "confidence": "low",
        "import_source": "osm_overpass",
        "external_id": "osm/way/460246772",
        "sources": [
          {
            "title": "OpenStreetMap / Overpass",
            "url": "https://wiki.openstreetmap.org/wiki/Tag:telecom%3Ddata_center",
            "accessed_at": "2026-09-23",
            "note": "osm_id=460246772"
          }
        ]
      }
    },
    {
      "type": "Feature",
      "geometry": {
        "type": "Point",
        "coordinates": [
          -2.4858019,
          51.8715292
        ]
      },
      "properties": {
        "id": "dc_800",
        "name": "DXC Technology",
        "type": "data_center",
        "subtype": "colocation",
        "operator": "Unknown",
        "description_it": "Record da OpenStreetMap (tag data_center). Da validare con almeno una seconda fonte.",
        "country": "GB",
        "city": "Mitcheldean",
        "status": "unknown",
        "site_category": "infrastructure",
        "opened_year": null,
        "updated_at": "2026-09-23",
        "confidence": "low",
        "import_source": "osm_overpass",
        "external_id": "osm/way/510493859",
        "sources": [
          {
            "title": "OpenStreetMap / Overpass",
            "url": "https://wiki.openstreetmap.org/wiki/Tag:telecom%3Ddata_center",
            "accessed_at": "2026-09-23",
            "note": "osm_id=510493859"
          }
        ]
      }
    },
    {
      "type": "Feature",
      "geometry": {
        "type": "Point",
        "coordinates": [
          -1.7301983,
          51.6020084
        ]
      },
      "properties": {
        "id": "dc_801",
        "name": "nLighten Swindon",
        "type": "data_center",
        "subtype": "colocation",
        "operator": "Unknown",
        "description_it": "Record da OpenStreetMap (tag data_center). Da validare con almeno una seconda fonte.",
        "country": "GB",
        "city": "n/d",
        "status": "unknown",
        "site_category": "infrastructure",
        "opened_year": null,
        "updated_at": "2026-09-23",
        "confidence": "low",
        "import_source": "osm_overpass",
        "external_id": "osm/way/558958575",
        "sources": [
          {
            "title": "OpenStreetMap / Overpass",
            "url": "https://wiki.openstreetmap.org/wiki/Tag:telecom%3Ddata_center",
            "accessed_at": "2026-09-23",
            "note": "osm_id=558958575"
          }
        ]
      }
    },
    {
      "type": "Feature",
      "geometry": {
        "type": "Point",
        "coordinates": [
          -0.4364535,
          51.7620214
        ]
      },
      "properties": {
        "id": "dc_802",
        "name": "NTT Hemel Hempstead 3",
        "type": "data_center",
        "subtype": "colocation",
        "operator": "Unknown",
        "description_it": "Record da OpenStreetMap (tag data_center). Da validare con almeno una seconda fonte.",
        "country": "GB",
        "city": "Hemel Hempstead",
        "status": "unknown",
        "site_category": "infrastructure",
        "opened_year": null,
        "updated_at": "2026-09-23",
        "confidence": "low",
        "import_source": "osm_overpass",
        "external_id": "osm/way/595216849",
        "sources": [
          {
            "title": "OpenStreetMap / Overpass",
            "url": "https://wiki.openstreetmap.org/wiki/Tag:telecom%3Ddata_center",
            "accessed_at": "2026-09-23",
            "note": "osm_id=595216849"
          }
        ]
      }
    },
    {
      "type": "Feature",
      "geometry": {
        "type": "Point",
        "coordinates": [
          -0.4538102,
          51.5105687
        ]
      },
      "properties": {
        "id": "dc_803",
        "name": "Virtus London6",
        "type": "data_center",
        "subtype": "colocation",
        "operator": "Virtus",
        "description_it": "Record da OpenStreetMap (tag data_center). Da validare con almeno una seconda fonte.",
        "country": "GB",
        "city": "n/d",
        "status": "unknown",
        "site_category": "infrastructure",
        "opened_year": null,
        "updated_at": "2026-09-23",
        "confidence": "low",
        "import_source": "osm_overpass",
        "external_id": "osm/way/705085805",
        "sources": [
          {
            "title": "OpenStreetMap / Overpass",
            "url": "https://wiki.openstreetmap.org/wiki/Tag:telecom%3Ddata_center",
            "accessed_at": "2026-09-23",
            "note": "osm_id=705085805"
          }
        ]
      }
    },
    {
      "type": "Feature",
      "geometry": {
        "type": "Point",
        "coordinates": [
          -0.2608292,
          51.5347469
        ]
      },
      "properties": {
        "id": "dc_804",
        "name": "Options Park Royal Data Centre",
        "type": "data_center",
        "subtype": "colocation",
        "operator": "Options Technology Ltd.",
        "description_it": "Record da OpenStreetMap (tag data_center). Da validare con almeno una seconda fonte.",
        "country": "GB",
        "city": "London",
        "status": "unknown",
        "site_category": "infrastructure",
        "opened_year": null,
        "updated_at": "2026-09-23",
        "confidence": "low",
        "import_source": "osm_overpass",
        "external_id": "osm/way/706624099",
        "sources": [
          {
            "title": "OpenStreetMap / Overpass",
            "url": "https://wiki.openstreetmap.org/wiki/Tag:telecom%3Ddata_center",
            "accessed_at": "2026-09-23",
            "note": "osm_id=706624099"
          }
        ]
      }
    },
    {
      "type": "Feature",
      "geometry": {
        "type": "Point",
        "coordinates": [
          -0.6289481,
          51.5165511
        ]
      },
      "properties": {
        "id": "dc_805",
        "name": "CryrusOne LON4",
        "type": "data_center",
        "subtype": "hyperscale",
        "operator": "CyrusOne",
        "description_it": "Record da OpenStreetMap classificato come hyperscale (operatore cloud/campus). Da validare con una seconda fonte.",
        "country": "GB",
        "city": "Slough",
        "status": "unknown",
        "site_category": "infrastructure",
        "opened_year": null,
        "updated_at": "2026-09-23",
        "confidence": "low",
        "import_source": "osm_overpass",
        "external_id": "osm/way/787209296",
        "sources": [
          {
            "title": "OpenStreetMap / Overpass",
            "url": "https://wiki.openstreetmap.org/wiki/Tag:telecom%3Ddata_center",
            "accessed_at": "2026-09-23",
            "note": "osm_id=787209296"
          }
        ]
      }
    },
    {
      "type": "Feature",
      "geometry": {
        "type": "Point",
        "coordinates": [
          -0.0488561,
          51.6961913
        ]
      },
      "properties": {
        "id": "dc_806",
        "name": "Google Datacentre Waltham Cross",
        "type": "data_center",
        "subtype": "hyperscale",
        "operator": "Google",
        "description_it": "Record da OpenStreetMap classificato come hyperscale (operatore cloud/campus). Da validare con una seconda fonte.",
        "country": "GB",
        "city": "n/d",
        "status": "unknown",
        "site_category": "infrastructure",
        "opened_year": null,
        "updated_at": "2026-09-23",
        "confidence": "low",
        "import_source": "osm_overpass",
        "external_id": "osm/way/795170874",
        "sources": [
          {
            "title": "OpenStreetMap / Overpass",
            "url": "https://wiki.openstreetmap.org/wiki/Tag:telecom%3Ddata_center",
            "accessed_at": "2026-09-23",
            "note": "osm_id=795170874"
          }
        ]
      }
    },
    {
      "type": "Feature",
      "geometry": {
        "type": "Point",
        "coordinates": [
          -0.4292808,
          51.7572082
        ]
      },
      "properties": {
        "id": "dc_807",
        "name": "NTT Hemel Hempstead 4",
        "type": "data_center",
        "subtype": "colocation",
        "operator": "NTT",
        "description_it": "Record da OpenStreetMap (tag data_center). Da validare con almeno una seconda fonte.",
        "country": "GB",
        "city": "Hemel Hempstead",
        "status": "unknown",
        "site_category": "infrastructure",
        "opened_year": null,
        "updated_at": "2026-09-23",
        "confidence": "low",
        "import_source": "osm_overpass",
        "external_id": "osm/way/989525011",
        "sources": [
          {
            "title": "OpenStreetMap / Overpass",
            "url": "https://wiki.openstreetmap.org/wiki/Tag:telecom%3Ddata_center",
            "accessed_at": "2026-09-23",
            "note": "osm_id=989525011"
          }
        ]
      }
    },
    {
      "type": "Feature",
      "geometry": {
        "type": "Point",
        "coordinates": [
          -3.0404591,
          51.5509775
        ]
      },
      "properties": {
        "id": "dc_808",
        "name": "Microsoft Newport data centre",
        "type": "data_center",
        "subtype": "hyperscale",
        "operator": "Microsoft",
        "description_it": "Record da OpenStreetMap classificato come hyperscale (operatore cloud/campus). Da validare con una seconda fonte.",
        "country": "GB",
        "city": "Newport",
        "status": "unknown",
        "site_category": "infrastructure",
        "opened_year": null,
        "updated_at": "2026-09-23",
        "confidence": "low",
        "import_source": "osm_overpass",
        "external_id": "osm/way/1213266502",
        "sources": [
          {
            "title": "OpenStreetMap / Overpass",
            "url": "https://wiki.openstreetmap.org/wiki/Tag:telecom%3Ddata_center",
            "accessed_at": "2026-09-23",
            "note": "osm_id=1213266502"
          }
        ]
      }
    },
    {
      "type": "Feature",
      "geometry": {
        "type": "Point",
        "coordinates": [
          -1.2615655,
          51.6173524
        ]
      },
      "properties": {
        "id": "dc_809",
        "name": "AWS Didcot Data Centre",
        "type": "data_center",
        "subtype": "hyperscale",
        "operator": "Amazon Web Services",
        "description_it": "Record da OpenStreetMap classificato come hyperscale (operatore cloud/campus). Da validare con una seconda fonte.",
        "country": "GB",
        "city": "n/d",
        "status": "unknown",
        "site_category": "infrastructure",
        "opened_year": null,
        "updated_at": "2026-09-23",
        "confidence": "low",
        "import_source": "osm_overpass",
        "external_id": "osm/way/1270223634",
        "sources": [
          {
            "title": "OpenStreetMap / Overpass",
            "url": "https://wiki.openstreetmap.org/wiki/Tag:telecom%3Ddata_center",
            "accessed_at": "2026-09-23",
            "note": "osm_id=1270223634"
          }
        ]
      }
    },
    {
      "type": "Feature",
      "geometry": {
        "type": "Point",
        "coordinates": [
          -0.394089,
          51.5095591
        ]
      },
      "properties": {
        "id": "dc_810",
        "name": "Colt London 4",
        "type": "data_center",
        "subtype": "colocation",
        "operator": "Colt Data Centre Services",
        "description_it": "Record da OpenStreetMap (tag data_center). Da validare con almeno una seconda fonte.",
        "country": "GB",
        "city": "n/d",
        "status": "unknown",
        "site_category": "infrastructure",
        "opened_year": null,
        "updated_at": "2026-09-23",
        "confidence": "low",
        "import_source": "osm_overpass",
        "external_id": "osm/way/1495920404",
        "sources": [
          {
            "title": "OpenStreetMap / Overpass",
            "url": "https://wiki.openstreetmap.org/wiki/Tag:telecom%3Ddata_center",
            "accessed_at": "2026-09-23",
            "note": "osm_id=1495920404"
          }
        ]
      }
    },
    {
      "type": "Feature",
      "geometry": {
        "type": "Point",
        "coordinates": [
          -0.3099253,
          51.5128133
        ]
      },
      "properties": {
        "id": "dc_811",
        "name": "Redwire",
        "type": "data_center",
        "subtype": "colocation",
        "operator": "Unknown",
        "description_it": "Record da OpenStreetMap (tag data_center). Da validare con almeno una seconda fonte.",
        "country": "GB",
        "city": "n/d",
        "status": "unknown",
        "site_category": "infrastructure",
        "opened_year": null,
        "updated_at": "2026-09-23",
        "confidence": "low",
        "import_source": "osm_overpass",
        "external_id": "osm/way/1543080891",
        "sources": [
          {
            "title": "OpenStreetMap / Overpass",
            "url": "https://wiki.openstreetmap.org/wiki/Tag:telecom%3Ddata_center",
            "accessed_at": "2026-09-23",
            "note": "osm_id=1543080891"
          }
        ]
      }
    },
    {
      "type": "Feature",
      "geometry": {
        "type": "Point",
        "coordinates": [
          -0.1321309,
          51.5377102
        ]
      },
      "properties": {
        "id": "dc_812",
        "name": "Verizon UK5",
        "type": "data_center",
        "subtype": "colocation",
        "operator": "Verizon",
        "description_it": "Record da OpenStreetMap (tag data_center). Da validare con almeno una seconda fonte.",
        "country": "GB",
        "city": "London",
        "status": "unknown",
        "site_category": "infrastructure",
        "opened_year": null,
        "updated_at": "2026-09-23",
        "confidence": "low",
        "import_source": "osm_overpass",
        "external_id": "osm/way/1545872018",
        "sources": [
          {
            "title": "OpenStreetMap / Overpass",
            "url": "https://wiki.openstreetmap.org/wiki/Tag:telecom%3Ddata_center",
            "accessed_at": "2026-09-23",
            "note": "osm_id=1545872018"
          }
        ]
      }
    },
    {
      "type": "Feature",
      "geometry": {
        "type": "Point",
        "coordinates": [
          0.0019607,
          51.515406
        ]
      },
      "properties": {
        "id": "dc_813",
        "name": "IP House London Datacentre",
        "type": "data_center",
        "subtype": "colocation",
        "operator": "IP House",
        "description_it": "Record da OpenStreetMap (tag data_center). Da validare con almeno una seconda fonte.",
        "country": "GB",
        "city": "London",
        "status": "unknown",
        "site_category": "infrastructure",
        "opened_year": null,
        "updated_at": "2026-09-23",
        "confidence": "low",
        "import_source": "osm_overpass",
        "external_id": "osm/way/270023895",
        "sources": [
          {
            "title": "OpenStreetMap / Overpass",
            "url": "https://wiki.openstreetmap.org/wiki/Tag:telecom%3Ddata_center",
            "accessed_at": "2026-09-23",
            "note": "osm_id=270023895"
          }
        ]
      }
    },
    {
      "type": "Feature",
      "geometry": {
        "type": "Point",
        "coordinates": [
          0.1292881,
          51.7691716
        ]
      },
      "properties": {
        "id": "dc_814",
        "name": "Kao Data KLON-01",
        "type": "data_center",
        "subtype": "colocation",
        "operator": "Kao Data",
        "description_it": "Record da OpenStreetMap (tag data_center). Da validare con almeno una seconda fonte.",
        "country": "GB",
        "city": "n/d",
        "status": "unknown",
        "site_category": "infrastructure",
        "opened_year": null,
        "updated_at": "2026-09-23",
        "confidence": "low",
        "import_source": "osm_overpass",
        "external_id": "osm/way/699790674",
        "sources": [
          {
            "title": "OpenStreetMap / Overpass",
            "url": "https://wiki.openstreetmap.org/wiki/Tag:telecom%3Ddata_center",
            "accessed_at": "2026-09-23",
            "note": "osm_id=699790674"
          }
        ]
      }
    },
    {
      "type": "Feature",
      "geometry": {
        "type": "Point",
        "coordinates": [
          0.1758028,
          51.547372
        ]
      },
      "properties": {
        "id": "dc_815",
        "name": "NTT London 1",
        "type": "data_center",
        "subtype": "colocation",
        "operator": "NTT",
        "description_it": "Record da OpenStreetMap (tag data_center). Da validare con almeno una seconda fonte.",
        "country": "GB",
        "city": "n/d",
        "status": "unknown",
        "site_category": "infrastructure",
        "opened_year": null,
        "updated_at": "2026-09-23",
        "confidence": "low",
        "import_source": "osm_overpass",
        "external_id": "osm/way/825504801",
        "sources": [
          {
            "title": "OpenStreetMap / Overpass",
            "url": "https://wiki.openstreetmap.org/wiki/Tag:telecom%3Ddata_center",
            "accessed_at": "2026-09-23",
            "note": "osm_id=825504801"
          }
        ]
      }
    },
    {
      "type": "Feature",
      "geometry": {
        "type": "Point",
        "coordinates": [
          0.0233541,
          51.5166504
        ]
      },
      "properties": {
        "id": "dc_816",
        "name": "Virtual Internet UK",
        "type": "data_center",
        "subtype": "colocation",
        "operator": "Unknown",
        "description_it": "Record da OpenStreetMap (tag data_center). Da validare con almeno una seconda fonte.",
        "country": "GB",
        "city": "London",
        "status": "unknown",
        "site_category": "infrastructure",
        "opened_year": null,
        "updated_at": "2026-09-23",
        "confidence": "low",
        "import_source": "osm_overpass",
        "external_id": "osm/way/1001246921",
        "sources": [
          {
            "title": "OpenStreetMap / Overpass",
            "url": "https://wiki.openstreetmap.org/wiki/Tag:telecom%3Ddata_center",
            "accessed_at": "2026-09-23",
            "note": "osm_id=1001246921"
          }
        ]
      }
    },
    {
      "type": "Feature",
      "geometry": {
        "type": "Point",
        "coordinates": [
          0.0025166,
          51.5424593
        ]
      },
      "properties": {
        "id": "dc_817",
        "name": "Tata Stratford",
        "type": "data_center",
        "subtype": "colocation",
        "operator": "Tata Communications",
        "description_it": "Record da OpenStreetMap (tag data_center). Da validare con almeno una seconda fonte.",
        "country": "GB",
        "city": "n/d",
        "status": "unknown",
        "site_category": "infrastructure",
        "opened_year": null,
        "updated_at": "2026-09-23",
        "confidence": "low",
        "import_source": "osm_overpass",
        "external_id": "osm/way/1322919061",
        "sources": [
          {
            "title": "OpenStreetMap / Overpass",
            "url": "https://wiki.openstreetmap.org/wiki/Tag:telecom%3Ddata_center",
            "accessed_at": "2026-09-23",
            "note": "osm_id=1322919061"
          }
        ]
      }
    }
  ]
}